timestamp,engine_id,model_id,mission_id,altitude,ambient_temp,rpm,throttle,cht,egt,oil_pressure,oil_temp,fuel_flow,vibration_rms,battery_voltage,alternator_current,injection_timing,mission_phase,fault_label,fault_active,fault_severity,data_quality,sensor_status,simulation_seed
2026-01-01T00:00:00Z,O320_CLASS-SIM-01,O320_CLASS,HIGH_ALTITUDE_ISR,0.457075619631647,9.844002384063925,1182.0036095664516,0.8518811294327824,47.226257773615394,701.7145512328442,54.15863616126691,46.07996592612513,17.662159942124784,0.3668682428970568,13.740781939245885,5.747127983857237,24.27290460463418,TAKEOFF,HEALTHY,False,0.0,1.0,OK,42
2026-01-01T00:00:01Z,O320_CLASS-SIM-01,O320_CLASS,HIGH_ALTITUDE_ISR,4.468639588229827,10.052070845782252,1512.1774045440866,0.8514319460126094,60.002580451187995,729.1092159835478,61.48458287093473,47.683232512533095,20.313202514008108,0.5506964616559674,13.789809522528937,7.683129985399917,25.454750811790856,TAKEOFF,HEALTHY,False,0.0,1.0,OK,42
2026-01-01T00:00:02Z,O320_CLASS-SIM-01,O320_CLASS,HIGH_ALTITUDE_ISR,6.354019333885578,10.0187054985435,1769.6825236114807,0.8522505308949047,72.10836632163898,741.7676642953274,66.63268594824363,48.754680736496375,22.320140811404038,0.6298622615234939,13.848737064238053,9.368252540861917,26.28180284303167,TAKEOFF,HEALTHY,False,0.0,1.0,OK,42
2026-01-01T00:00:03Z,O320_CLASS-SIM-01,O320_CLASS,HIGH_ALTITUDE_ISR,9.309222515070385,10.057321459013849,1949.134299171637,0.8507523139187559,75.89496729902973,754.569736430793,70.77198965329737,51.69325688583836,23.70775531454655,0.6770244803593094,13.895811487257212,11.03256749573333,27.148426987145132,TAKEOFF,HEALTHY,False,0.0,1.0,OK,42
2026-01-01T00:00:04Z,O320_CLASS-SIM-01,O320_CLASS,HIGH_ALTITUDE_ISR,8.92537738132761,9.879827095324181,2069.811632878715,0.851500022081291,79.70106606781366,766.355820015443,73.1151201705355,53.33647348513993,24.634203764085708,0.6863390571085127,13.92871666857953,12.153551817265855,27.62889907412288,TAKEOFF,HEALTHY,False,0.0,1.0,OK,42
2026-01-01T00:00:05Z,O320_CLASS-SIM-01,O320_CLASS,HIGH_ALTITUDE_ISR,15.078909741688777,9.857413461384956,2162.9328129893133,0.8551881739847365,83.01768500661342,765.4967967801091,75.01467957871532,53.34103659785823,25.48718421570547,0.7429732205691325,13.966261940332512,12.683141913044304,27.88501419248209,TAKEOFF,HEALTHY,False,0.0,1.0,OK,42
2026-01-01T00:00:06Z,O320_CLASS-SIM-01,O320_CLASS,HIGH_ALTITUDE_ISR,17.605052257617672,9.845264685708631,2237.618215096045,0.8528428147845333,85.16342883696232,772.1612200777995,76.4415131762942,55.91362969560686,25.982638358039456,0.7657627818608893,13.975680669512814,13.48299721881181,28.206828839164864,TAKEOFF,HEALTHY,False,0.0,1.0,OK,42
2026-01-01T00:00:07Z,O320_CLASS-SIM-01,O320_CLASS,HIGH_ALTITUDE_ISR,19.29671621768031,9.81011636430449,2282.1368401802697,0.851486442243195,85.5914916793544,773.0579400895043,77.57342827672781,57.21472374828868,26.360342964649497,0.7708894241490474,14.011624252302669,13.712507299346598,28.396298363027345,TAKEOFF,HEALTHY,False,0.0,1.0,OK,42
2026-01-01T00:00:08Z,O320_CLASS-SIM-01,O320_CLASS,HIGH_ALTITUDE_ISR,20.821795702207407,9.82473992187541,2310.6491951289245,0.8548774894037544,89.61633640988961,774.4448442127509,78.91102153185784,58.3748868676323,26.671446963780383,0.7435334498349859,13.983088738597331,13.98735902903337,28.450874530710088,TAKEOFF,HEALTHY,False,0.0,1.0,OK,42
2026-01-01T00:00:09Z,O320_CLASS-SIM-01,O320_CLASS,HIGH_ALTITUDE_ISR,25.032778218285163,10.077766833698139,2342.2074641844038,0.8542030050147562,89.77941536768004,781.0985770147819,79.83881232231145,60.060378889083324,26.939610557175257,0.8712883200048264,13.951298980517956,14.19560449782965,28.3724721690691,TAKEOFF,HEALTHY,False,0.0,1.0,OK,42
2026-01-01T00:00:10Z,O320_CLASS-SIM-01,O320_CLASS,HIGH_ALTITUDE_ISR,27.193063073044126,9.612941522310999,2368.163042389534,0.8564999990502469,88.52238901557082,779.3533330365998,79.82935760217892,61.18925916846696,27.188224133760045,0.937775547095313,14.003818044455116,14.283795238795655,28.26206477041539,TAKEOFF,HEALTHY,False,0.0,1.0,OK,42
2026-01-01T00:00:11Z,O320_CLASS-SIM-01,O320_CLASS,HIGH_ALTITUDE_ISR,30.95712274907131,9.67944772459234,2373.740764294598,0.8564146952907692,90.67338262038129,785.5826143449978,80.0682537844614,61.439723328304254,27.16431972254125,0.7605728819353231,13.980058941282207,14.649580286204491,28.8994192241499,TAKEOFF,HEALTHY,False,0.0,1.0,OK,42
2026-01-01T00:00:12Z,O320_CLASS-SIM-01,O320_CLASS,HIGH_ALTITUDE_ISR,33.52874511554266,9.930744259986792,2383.466992388011,0.8559634458004992,90.11803371693487,781.9006244516719,81.08102340708854,61.88223383334906,27.35770835907284,0.7962378288641385,14.025021507060702,14.859331738629857,28.650090245176447,TAKEOFF,HEALTHY,False,0.0,1.0,OK,42
2026-01-01T00:00:13Z,O320_CLASS-SIM-01,O320_CLASS,HIGH_ALTITUDE_ISR,36.04996732190796,9.667059623463368,2398.847070262721,0.8581178108170961,90.15201079839049,781.1496226249395,80.46722766487309,64.70412339013582,27.40326725655994,0.8312847382266613,14.007473099139943,15.166649512218207,28.736486705134144,TAKEOFF,HEALTHY,False,0.0,1.0,OK,42
2026-01-01T00:00:14Z,O320_CLASS-SIM-01,O320_CLASS,HIGH_ALTITUDE_ISR,38.27249804263829,9.913165528731206,2404.667566807368,0.8627937342062142,92.1263093827181,781.7950235865837,79.97942024395097,65.59611011642141,27.54638405365542,0.8317150088097355,13.988793133935845,15.265924735287992,28.56077367325661,TAKEOFF,HEALTHY,False,0.0,1.0,OK,42
2026-01-01T00:00:15Z,O320_CLASS-SIM-01,O320_CLASS,HIGH_ALTITUDE_ISR,40.32457613823293,9.825665685870023,2402.701774446723,0.8604064229332264,91.94870592886521,786.1261113110069,81.18931913972624,65.11965535218016,27.546849847116412,0.7591692299532713,13.999905458209003,14.738151550554981,28.56240472671915,TAKEOFF,HEALTHY,False,0.0,1.0,OK,42
2026-01-01T00:00:16Z,O320_CLASS-SIM-01,O320_CLASS,HIGH_ALTITUDE_ISR,43.12721589405132,9.660992595005988,2416.843550427237,0.858458325675632,92.3874054282562,784.4359753914248,80.5741266297861,66.56276294313089,27.588462865502233,0.896529952022054,13.997585306643126,14.814695236080784,28.726547998683106,TAKEOFF,HEALTHY,False,0.0,1.0,OK,42
2026-01-01T00:00:17Z,O320_CLASS-SIM-01,O320_CLASS,HIGH_ALTITUDE_ISR,47.585967409129054,9.719541559323613,2403.8052213993724,0.8619865351188113,92.80687468359793,792.2598468361282,81.51984487339689,65.7370035980335,27.58865792640295,0.7860495423532957,13.985190865642448,15.101048932657964,28.953387641917924,TAKEOFF,HEALTHY,False,0.0,1.0,OK,42
2026-01-01T00:00:18Z,O320_CLASS-SIM-01,O320_CLASS,HIGH_ALTITUDE_ISR,48.90637424338459,9.576878033989832,2397.7664509099186,0.8621746681589101,91.42358938513607,784.9303276962361,80.471502144108,66.95285017552277,27.55269985078143,0.7872389223286302,14.067364524762008,14.729250945373261,28.61856195103444,TAKEOFF,HEALTHY,False,0.0,1.0,OK,42
2026-01-01T00:00:19Z,O320_CLASS-SIM-01,O320_CLASS,HIGH_ALTITUDE_ISR,55.53314807025975,10.092704519830505,2407.676903833565,0.8624579465308683,93.26172287913336,790.840418473772,80.47288565101233,67.39406415813133,27.714199361895588,0.8644865835899664,13.992693519798069,15.043363021057038,28.586110543930435,TAKEOFF,HEALTHY,False,0.0,1.0,OK,42
2026-01-01T00:00:20Z,O320_CLASS-SIM-01,O320_CLASS,HIGH_ALTITUDE_ISR,55.19829493959356,9.598930765387546,2420.752358860163,0.8627782344512508,93.5623800932242,789.2986685737815,80.9695951630291,68.39060701549583,27.710714711332315,0.8481605098078577,13.982762092267116,15.179317698044933,28.78607747755832,TAKEOFF,HEALTHY,False,0.0,1.0,OK,42
2026-01-01T00:00:21Z,O320_CLASS-SIM-01,O320_CLASS,HIGH_ALTITUDE_ISR,61.47308579672923,9.85683656870462,2423.640694116193,0.8630572189139437,91.80009452403979,789.9810625814379,81.04829362662326,68.97242231598315,27.652100566388242,0.8862337899110952,14.018428525208769,14.844281343074165,28.737590921562507,TAKEOFF,HEALTHY,False,0.0,1.0,OK,42
2026-01-01T00:00:22Z,O320_CLASS-SIM-01,O320_CLASS,HIGH_ALTITUDE_ISR,61.506686917645894,9.610647797531215,2419.7410115981884,0.8650708012416458,92.96662623258716,787.6124210589415,81.56466188133433,66.97735556017177,27.75771967790089,0.8571168133706472,14.01403144194369,15.049398027270922,28.551973711583027,TAKEOFF,HEALTHY,False,0.0,1.0,OK,42
2026-01-01T00:00:23Z,O320_CLASS-SIM-01,O320_CLASS,HIGH_ALTITUDE_ISR,64.38088211446006,9.84382475434685,2411.235055118369,0.8676998782496185,93.0056188563325,787.2994197499766,80.58568756405629,69.1716237209009,27.864052309129033,0.8742401389592362,14.057454068979094,15.456351292443413,28.88815697019613,TAKEOFF,HEALTHY,False,0.0,1.0,OK,42
2026-01-01T00:00:24Z,O320_CLASS-SIM-01,O320_CLASS,HIGH_ALTITUDE_ISR,69.28256845591837,9.632515640477411,2431.487572238644,0.8660735247595973,93.60831818113677,785.9265392332259,81.4319563897362,68.87383906105951,27.867124484433784,0.8441550085987815,14.040938935063014,15.368717179025099,29.101950827005297,TAKEOFF,HEALTHY,False,0.0,1.0,OK,42
2026-01-01T00:00:25Z,O320_CLASS-SIM-01,O320_CLASS,HIGH_ALTITUDE_ISR,70.54060648115241,9.312805072763124,2425.6353926305997,0.8650170967259214,93.03357218849179,791.6624487527597,81.3193261002813,69.60587643232707,27.805900806640764,0.853917585183182,13.96960976638845,15.03177374233659,28.882033988315047,TAKEOFF,HEALTHY,False,0.0,1.0,OK,42
2026-01-01T00:00:26Z,O320_CLASS-SIM-01,O320_CLASS,HIGH_ALTITUDE_ISR,73.95519027638225,9.621869776389222,2409.111706265448,0.8686642890136161,93.86790441367391,789.1311998306846,81.73820247924237,68.83648764336063,27.855344886460408,0.8770521452684592,13.958955306561036,15.586790018752732,28.896734426557135,TAKEOFF,HEALTHY,False,0.0,1.0,OK,42
2026-01-01T00:00:27Z,O320_CLASS-SIM-01,O320_CLASS,HIGH_ALTITUDE_ISR,76.2698759787651,9.42685845077173,2435.1968854658526,0.8708869431119781,94.18613168592837,788.8930439233266,81.22669590205096,70.09407765493461,27.905650573061813,0.8481133977249291,14.018195396984702,15.485779938290896,28.68885530008127,TAKEOFF,HEALTHY,False,0.0,1.0,OK,42
2026-01-01T00:00:28Z,O320_CLASS-SIM-01,O320_CLASS,HIGH_ALTITUDE_ISR,77.59026423229842,9.716662776593289,2423.963842281286,0.8677999444098639,94.27416702881871,790.6275143706633,81.14955974088465,72.12315339700257,27.98386479854228,0.8886775486912227,14.023603089599138,15.835601832419453,28.82294908197476,TAKEOFF,HEALTHY,False,0.0,1.0,OK,42
2026-01-01T00:00:29Z,O320_CLASS-SIM-01,O320_CLASS,HIGH_ALTITUDE_ISR,77.55027211745578,9.717027043116461,2427.4629772792,0.8703546497775749,95.72726965041282,784.7196938122987,80.67046471378035,70.03353566850957,27.9292290145602,0.8733750207722978,14.022988035587316,15.340513189810107,28.64784795728566,TAKEOFF,HEALTHY,False,0.0,1.0,OK,42
2026-01-01T00:00:30Z,O320_CLASS-SIM-01,O320_CLASS,HIGH_ALTITUDE_ISR,79.86817817838437,9.466486371141892,2428.5524099538275,0.8717521048767666,95.12237995199735,789.279263708405,81.50109593958236,71.7334889435973,28.023292335584102,0.828383473810897,14.002154535170407,15.338320647186483,28.98884720621013,TAKEOFF,HEALTHY,False,0.0,1.0,OK,42
2026-01-01T00:00:31Z,O320_CLASS-SIM-01,O320_CLASS,HIGH_ALTITUDE_ISR,85.52049935277424,9.518452866137595,2431.3946875622023,0.8712926934431215,95.3995963954394,784.1590291520879,80.70421621093548,70.58243923964224,27.907925658730967,0.8302179176265044,14.030304676501256,15.235538328073451,28.90141700492106,TAKEOFF,HEALTHY,False,0.0,1.0,OK,42
2026-01-01T00:00:32Z,O320_CLASS-SIM-01,O320_CLASS,HIGH_ALTITUDE_ISR,90.52271513395507,9.621375142062377,2434.157761873759,0.874929394001361,94.63884217436005,787.2560340116314,81.01069289326371,70.78572931105573,28.00799676159013,0.8438040304396522,14.032206752496723,15.754553180467555,28.670384395154446,TAKEOFF,HEALTHY,False,0.0,1.0,OK,42
2026-01-01T00:00:33Z,O320_CLASS-SIM-01,O320_CLASS,HIGH_ALTITUDE_ISR,92.25590786905653,9.248085075793037,2439.694003912179,0.8726544933652912,92.45534722904137,791.8780426450488,81.03201642647296,71.73019925732497,28.02670364213954,0.8327283072721394,14.021212546235224,15.294632582756677,28.932961744514365,TAKEOFF,HEALTHY,False,0.0,1.0,OK,42
2026-01-01T00:00:34Z,O320_CLASS-SIM-01,O320_CLASS,HIGH_ALTITUDE_ISR,94.98732722533771,9.584210359440336,2434.3368070420333,0.8706573954774196,96.05730768738799,788.93633742219,81.7453549906989,72.63755662600043,28.101421080773875,0.8736248029621942,14.067182165928541,15.878762619182803,28.900011815029046,TAKEOFF,HEALTHY,False,0.0,1.0,OK,42
2026-01-01T00:00:35Z,O320_CLASS-SIM-01,O320_CLASS,HIGH_ALTITUDE_ISR,97.46250811219782,9.529491579175513,2431.4943134603236,0.8749716963007921,94.86989982433812,790.7576207151452,80.99162513976081,71.22020140974458,28.03212018032436,0.8157520447927861,13.995166981853728,15.303790991379081,29.186125553789367,TAKEOFF,HEALTHY,False,0.0,1.0,OK,42
2026-01-01T00:00:36Z,O320_CLASS-SIM-01,O320_CLASS,HIGH_ALTITUDE_ISR,101.65899005486095,9.205686332548755,2442.220136322322,0.8741858435272993,94.68409928310403,790.6440255651742,81.59806042819244,72.36991768142326,28.216762214156653,0.8155432695725806,14.009392481234833,16.044081139514116,28.93493502173807,TAKEOFF,HEALTHY,False,0.0,1.0,OK,42
2026-01-01T00:00:37Z,O320_CLASS-SIM-01,O320_CLASS,HIGH_ALTITUDE_ISR,104.92759953768703,9.345672471170426,2445.2622920349995,0.8755808780556591,94.94536685441088,788.4399603266005,81.5479046666433,72.09895600839964,28.224661095340508,0.9054055838048013,14.020473026447332,15.340680250394763,28.975497401510335,TAKEOFF,HEALTHY,False,0.0,1.0,OK,42
2026-01-01T00:00:38Z,O320_CLASS-SIM-01,O320_CLASS,HIGH_ALTITUDE_ISR,105.09254597223594,9.45422095770866,2427.141445003902,0.8757176741526516,92.88553059733154,786.8590805430683,81.94669984934929,73.6254372263948,28.1832341051598,0.8026673074651519,13.920815763389529,15.293956703962886,29.276392635841436,TAKEOFF,HEALTHY,False,0.0,1.0,OK,42
2026-01-01T00:00:39Z,O320_CLASS-SIM-01,O320_CLASS,HIGH_ALTITUDE_ISR,108.9856597405288,9.21189749042591,2446.6891616384833,0.8739614166273444,95.04250189229194,791.0536168549015,81.39206845096258,73.66206193442844,28.26428231761986,0.890273952988924,13.989374819524322,15.671882815955977,29.163597774942794,TAKEOFF,HEALTHY,False,0.0,1.0,OK,42
2026-01-01T00:00:40Z,O320_CLASS-SIM-01,O320_CLASS,HIGH_ALTITUDE_ISR,109.65588683163399,9.144623429420594,2454.8299699958625,0.8773950898043876,97.20880144666936,789.9069079469399,82.03386666052882,73.24647747229027,28.28782022401033,0.9269032871072309,13.999447081247911,15.229758368103443,28.85789899425177,TAKEOFF,HEALTHY,False,0.0,1.0,OK,42
2026-01-01T00:00:41Z,O320_CLASS-SIM-01,O320_CLASS,HIGH_ALTITUDE_ISR,114.5673898148536,9.024858361395145,2450.4180886024055,0.8773946795869867,97.02666137442941,785.2360606842461,81.16254999474037,71.89639224471783,28.261473638308964,0.8749950889920827,14.005197476225451,15.419316919110363,28.90723220182365,TAKEOFF,HEALTHY,False,0.0,1.0,OK,42
2026-01-01T00:00:42Z,O320_CLASS-SIM-01,O320_CLASS,HIGH_ALTITUDE_ISR,116.97174902759659,9.090386260375201,2452.1472685501317,0.8804919986074377,96.2365493237812,792.821654242789,81.62106111538058,74.97091878478355,28.32632492180163,0.853579276267895,13.988242415921299,15.242231237480148,28.750365652810675,TAKEOFF,HEALTHY,False,0.0,1.0,OK,42
2026-01-01T00:00:43Z,O320_CLASS-SIM-01,O320_CLASS,HIGH_ALTITUDE_ISR,118.11124847459807,9.213009053863301,2450.3405592127865,0.8799633952282154,94.98122823641343,793.8895396679602,81.82356746728023,73.30601087038556,28.325946955537862,0.8885741627006755,14.016761320534371,15.155914353074078,28.932766244620662,TAKEOFF,HEALTHY,False,0.0,1.0,OK,42
2026-01-01T00:00:44Z,O320_CLASS-SIM-01,O320_CLASS,HIGH_ALTITUDE_ISR,122.6152759403338,9.070601337582392,2450.3582868192484,0.8776459105850399,97.62881124183701,794.9678617716785,81.4520956405544,73.809454109626,28.26602871617751,0.8211578860113895,14.00258252498663,15.26757620272907,29.056050129688973,TAKEOFF,HEALTHY,False,0.0,1.0,OK,42
2026-01-01T00:00:45Z,O320_CLASS-SIM-01,O320_CLASS,HIGH_ALTITUDE_ISR,127.99594479612199,9.011007792085605,2443.3128160591864,0.8817208967366198,98.08439629188514,789.0011123079543,81.67800948240367,75.05525710698015,28.331888048472482,0.8169440885185615,13.998961390574276,15.423139932572884,29.076708836802986,TAKEOFF,HEALTHY,False,0.0,1.0,OK,42
2026-01-01T00:00:46Z,O320_CLASS-SIM-01,O320_CLASS,HIGH_ALTITUDE_ISR,128.14026735750903,8.903200135498125,2455.308452004095,0.8807893666697331,97.80621499583232,790.6972945557308,81.34903408859701,74.10565353547045,28.480592820200943,0.8868862222430388,13.961375286527328,15.705487700475652,28.805601106295466,TAKEOFF,HEALTHY,False,0.0,1.0,OK,42
2026-01-01T00:00:47Z,O320_CLASS-SIM-01,O320_CLASS,HIGH_ALTITUDE_ISR,130.90846972293798,8.93782872357903,2455.9280675707096,0.8810256910802741,94.86369120507594,794.2601840091485,81.72561619521294,73.25150151535776,28.54299534237226,0.8521118744814553,14.013179977976879,15.655914122620022,28.87372683031714,TAKEOFF,HEALTHY,False,0.0,1.0,OK,42
2026-01-01T00:00:48Z,O320_CLASS-SIM-01,O320_CLASS,HIGH_ALTITUDE_ISR,134.04003777343323,9.053315481258624,2450.236391826884,0.88605861861294,95.28027745971708,786.653208751003,82.29860460735425,75.84785404889683,28.47818233709385,0.7930405106109024,14.003175697008531,15.534851410709518,28.944118324125224,TAKEOFF,HEALTHY,False,0.0,1.0,OK,42
2026-01-01T00:00:49Z,O320_CLASS-SIM-01,O320_CLASS,HIGH_ALTITUDE_ISR,134.4410290482283,9.202211949149248,2458.897259257284,0.8810389665381392,97.4942985849733,798.0265540706351,81.74827876347315,73.6003542832445,28.519374596703145,0.895900704227138,13.960843465227615,15.665241003937227,28.919968288214864,TAKEOFF,HEALTHY,False,0.0,1.0,OK,42
2026-01-01T00:00:50Z,O320_CLASS-SIM-01,O320_CLASS,HIGH_ALTITUDE_ISR,141.66062640832294,9.071096312151477,2469.21570220769,0.8825147408266582,97.48640942552494,793.9031807921526,81.35713406678929,74.07038080784497,28.615149256384914,0.8591155093778912,13.962278060832611,15.637503650364698,28.84910621685089,TAKEOFF,HEALTHY,False,0.0,1.0,OK,42
2026-01-01T00:00:51Z,O320_CLASS-SIM-01,O320_CLASS,HIGH_ALTITUDE_ISR,141.15315525867084,9.0669285012139,2443.398487765947,0.8821853499880252,97.48676891605557,792.0078786434437,80.70410716298765,74.61130318782791,28.596209991010205,0.8442892728804404,13.973805291616868,15.868612251086857,29.042804909137757,TAKEOFF,HEALTHY,False,0.0,1.0,OK,42
2026-01-01T00:00:52Z,O320_CLASS-SIM-01,O320_CLASS,HIGH_ALTITUDE_ISR,148.01834786847053,9.124139400919852,2461.316140744472,0.8857772552508939,98.0151646097848,795.0875405569811,82.25594049636103,73.61831294852752,28.58890897280897,0.8544575727147136,14.037307438612057,16.05203473089583,28.92750972099544,TAKEOFF,HEALTHY,False,0.0,1.0,OK,42
2026-01-01T00:00:53Z,O320_CLASS-SIM-01,O320_CLASS,HIGH_ALTITUDE_ISR,146.58506163053255,9.090167139136026,2457.4189417462007,0.8887096628618353,94.45980041483831,791.6683741591953,81.4675232565701,72.2282526463982,28.59060493868097,0.8377932348241137,14.00782336823857,15.973478386753479,28.965511028516257,TAKEOFF,HEALTHY,False,0.0,1.0,OK,42
2026-01-01T00:00:54Z,O320_CLASS-SIM-01,O320_CLASS,HIGH_ALTITUDE_ISR,148.45377941959327,9.016456818817971,2468.9486503760036,0.8855480823677702,96.1962977876834,795.3419755472476,81.71710837774162,74.64913831113873,28.66623171924804,0.903244152018353,13.983077217573157,15.710026513628081,28.97660181274721,TAKEOFF,HEALTHY,False,0.0,1.0,OK,42
2026-01-01T00:00:55Z,O320_CLASS-SIM-01,O320_CLASS,HIGH_ALTITUDE_ISR,150.95394139162158,8.772422752264141,2467.2111919882223,0.8874925396800084,96.18946082326846,793.915779400269,82.28215716160088,72.3508264696865,28.620229014819525,0.8390406221397099,14.05823791259968,15.801520170567649,29.129238951172788,TAKEOFF,HEALTHY,False,0.0,1.0,OK,42
2026-01-01T00:00:56Z,O320_CLASS-SIM-01,O320_CLASS,HIGH_ALTITUDE_ISR,153.84531417686622,8.82095850759831,2466.477359215699,0.8890054375507598,98.20204841240731,793.8978301317381,81.96742768253569,74.34402095037592,28.76211590850825,0.9090152321231155,13.966079305047362,15.186897034422222,29.170340089418268,TAKEOFF,HEALTHY,False,0.0,1.0,OK,42
2026-01-01T00:00:57Z,O320_CLASS-SIM-01,O320_CLASS,HIGH_ALTITUDE_ISR,160.11492097322625,8.817739880406332,2449.1855281046837,0.8897814029753477,98.78808764597397,799.0719320929486,82.08790358622694,73.96027850194139,28.70675730202878,0.8779721209834621,14.005970374866754,15.512802957104121,29.333329408749087,TAKEOFF,HEALTHY,False,0.0,1.0,OK,42
2026-01-01T00:00:58Z,O320_CLASS-SIM-01,O320_CLASS,HIGH_ALTITUDE_ISR,163.78886371421927,9.123185080311092,2457.8664826254762,0.8919878164263723,98.56630880158491,795.8954053650012,82.40645883205141,74.80425272280323,28.81662054713945,0.9037698366299524,14.025444842261917,15.338537933807466,29.044497872437297,TAKEOFF,HEALTHY,False,0.0,1.0,OK,42
2026-01-01T00:00:59Z,O320_CLASS-SIM-01,O320_CLASS,HIGH_ALTITUDE_ISR,163.05460095061522,8.742746078576218,2479.856606158726,0.8944302129039936,99.5576526690922,795.6383277254857,82.47204475184918,74.34222776475241,28.817985412526582,0.8353345939797082,14.027403556215974,15.81742301302087,28.842496412648234,TAKEOFF,HEALTHY,False,0.0,1.0,OK,42
2026-01-01T00:01:00Z,O320_CLASS-SIM-01,O320_CLASS,HIGH_ALTITUDE_ISR,166.58987099894176,8.904707232088144,2481.951063172094,0.8934550933236934,98.06830892570837,795.8336727142153,81.97467544964375,74.20534478152487,28.781969615664167,0.8738115847046855,13.993383519529509,15.507648501676169,29.120517892348122,TAKEOFF,HEALTHY,False,0.0,1.0,OK,42
2026-01-01T00:01:01Z,O320_CLASS-SIM-01,O320_CLASS,HIGH_ALTITUDE_ISR,170.0313414343443,8.630604984405899,2467.7573108492284,0.8943525138829109,99.45378505393384,797.9878641933998,81.99774539791498,73.72531679842211,28.81017117641391,0.894418414475447,14.02741745155243,16.159976068925534,29.214772829155613,TAKEOFF,HEALTHY,False,0.0,1.0,OK,42
2026-01-01T00:01:02Z,O320_CLASS-SIM-01,O320_CLASS,HIGH_ALTITUDE_ISR,172.02387923742543,8.693924673726427,2467.3538629564914,0.8934900179451766,98.06851466517904,794.1902618625111,82.10851748397168,74.03056530615034,28.861237672816756,0.8938732375398584,14.004251789600392,15.91710034994541,29.09669861857112,TAKEOFF,HEALTHY,False,0.0,1.0,OK,42
2026-01-01T00:01:03Z,O320_CLASS-SIM-01,O320_CLASS,HIGH_ALTITUDE_ISR,173.29085649836267,8.790313831420189,2482.5765728772158,0.8914258409745314,95.89948314176675,791.1922667041823,82.04418480916004,74.48965091161979,28.915065011768057,0.9307639705402033,13.936398983723752,15.973003747705365,29.29587675160345,TAKEOFF,HEALTHY,False,0.0,1.0,OK,42
2026-01-01T00:01:04Z,O320_CLASS-SIM-01,O320_CLASS,HIGH_ALTITUDE_ISR,176.0861066304402,8.78747346767596,2466.21857763537,0.8926557523522893,98.17656402777887,799.627632665787,82.7926666061796,74.22625579059424,29.04452286226686,0.8844010369288232,14.069467130494779,15.868656715264754,29.08726357455433,TAKEOFF,HEALTHY,False,0.0,1.0,OK,42
2026-01-01T00:01:05Z,O320_CLASS-SIM-01,O320_CLASS,HIGH_ALTITUDE_ISR,181.1037672645198,9.30321694079402,2480.2190673104756,0.8937243598289859,99.85964196722612,795.3665354034974,81.88697680406091,75.25097238440341,28.97916814851546,0.8949029620586492,14.017548272622028,15.994103337413456,29.137294538121953,TAKEOFF,HEALTHY,False,0.0,1.0,OK,42
2026-01-01T00:01:06Z,O320_CLASS-SIM-01,O320_CLASS,HIGH_ALTITUDE_ISR,180.4278829342752,8.908319233624763,2466.7194113372598,0.8929487350622144,98.75567335826891,796.6934239693959,81.83063319105148,75.21707734162398,28.93886884987346,0.8682644702249462,13.999854741514385,15.916302002980322,29.121324922987853,TAKEOFF,HEALTHY,False,0.0,1.0,OK,42
2026-01-01T00:01:07Z,O320_CLASS-SIM-01,O320_CLASS,HIGH_ALTITUDE_ISR,184.59927168667576,8.898920179396212,2476.2460839871596,0.8927438852711539,96.60453579223083,796.6651853733624,82.04480135032085,74.4968285543953,29.03296194683173,0.8943472554260226,14.046102636804894,15.668178953997362,28.90964604241719,TAKEOFF,HEALTHY,False,0.0,1.0,OK,42
2026-01-01T00:01:08Z,O320_CLASS-SIM-01,O320_CLASS,HIGH_ALTITUDE_ISR,187.24890310205782,8.815559722297529,2486.867856883785,0.8963595433457431,96.08204082207851,792.6486710274407,81.82512005212169,74.15991628962351,29.042344823016244,0.887651095307446,14.00859287490807,16.226311541466387,28.989986561170745,TAKEOFF,HEALTHY,False,0.0,1.0,OK,42
2026-01-01T00:01:09Z,O320_CLASS-SIM-01,O320_CLASS,HIGH_ALTITUDE_ISR,190.37318972745334,8.825997997444736,2465.7890686840274,0.8986960500773066,99.336536117129,796.7528739749177,82.8187854934213,74.1341543174866,29.194202071700552,0.8778739277335131,13.979906821207695,15.999493101667701,28.93590062757197,TAKEOFF,HEALTHY,False,0.0,1.0,OK,42
2026-01-01T00:01:10Z,O320_CLASS-SIM-01,O320_CLASS,HIGH_ALTITUDE_ISR,193.3168106727242,8.795666106113435,2483.6845040183916,0.8973667757106025,100.52790678215388,800.2282340515436,82.78312991022975,75.08061701600057,29.187801232444727,0.8124429305677241,14.008952101246622,15.78331357492316,29.121170412618408,TAKEOFF,HEALTHY,False,0.0,1.0,OK,42
2026-01-01T00:01:11Z,O320_CLASS-SIM-01,O320_CLASS,HIGH_ALTITUDE_ISR,196.3650483934271,8.693131879263095,2495.4626031936596,0.8989661159627147,99.96927645263669,796.966933232913,82.26402252971081,74.68646509462691,29.170508359454534,0.9350711976591781,14.068183034230238,16.095536714051775,29.197668567715667,TAKEOFF,HEALTHY,False,0.0,1.0,OK,42
2026-01-01T00:01:12Z,O320_CLASS-SIM-01,O320_CLASS,HIGH_ALTITUDE_ISR,198.27370323622165,8.686818488637655,2489.092591589652,0.9017319372768342,99.85651927036717,799.976890805653,82.45516575705699,75.66591161712172,29.191042199734422,0.8750153386279533,14.029108302077791,15.303565033138554,29.172620272453926,TAKEOFF,HEALTHY,False,0.0,1.0,OK,42
2026-01-01T00:01:13Z,O320_CLASS-SIM-01,O320_CLASS,HIGH_ALTITUDE_ISR,197.30515853995558,8.423424933333632,2486.3492113699326,0.9016495031189781,98.33769193159286,796.1941076020695,82.83219118194748,74.34195272606502,29.317222070409322,0.8899511984960868,14.031545933237668,16.458529296168265,29.140793232725137,TAKEOFF,HEALTHY,False,0.0,1.0,OK,42
2026-01-01T00:01:14Z,O320_CLASS-SIM-01,O320_CLASS,HIGH_ALTITUDE_ISR,204.05203958451935,8.647429771134746,2483.614678434724,0.8986594055844856,99.55578391932538,796.3324967260241,82.67882745861648,74.77991419554695,29.219457808156154,0.8865657830251049,14.026270225561175,16.2266264587696,28.9771349606962,TAKEOFF,HEALTHY,False,0.0,1.0,OK,42
2026-01-01T00:01:15Z,O320_CLASS-SIM-01,O320_CLASS,HIGH_ALTITUDE_ISR,206.7709518844014,8.811535215643714,2481.765086274642,0.8992496491481397,100.52569075651913,799.5601731877211,81.72190168034957,74.95843447833072,29.298918019725903,0.9065739320951597,14.038807660138373,15.739482996428094,29.182701324631363,TAKEOFF,HEALTHY,False,0.0,1.0,OK,42
2026-01-01T00:01:16Z,O320_CLASS-SIM-01,O320_CLASS,HIGH_ALTITUDE_ISR,210.65718147190543,8.555359253969081,2493.1921583176245,0.9057363267991263,102.27684993702957,801.9026975235209,82.31539139844679,75.07926197978465,29.32904100759233,0.8972313518212407,14.024042725440541,16.314631072754747,29.130107287830967,TAKEOFF,HEALTHY,False,0.0,1.0,OK,42
2026-01-01T00:01:17Z,O320_CLASS-SIM-01,O320_CLASS,HIGH_ALTITUDE_ISR,212.7949584843284,8.547551262346843,2492.4626440115258,0.9034782088046222,100.66250557875098,800.5049625859767,82.23443963618041,75.42396638297404,29.33822272322062,0.8437778161359812,14.06366046129984,16.00166428633778,28.896690643859262,TAKEOFF,HEALTHY,False,0.0,1.0,OK,42
2026-01-01T00:01:18Z,O320_CLASS-SIM-01,O320_CLASS,HIGH_ALTITUDE_ISR,215.0991011022872,8.438509892564918,2488.972110538931,0.9036189656555742,99.98086045197076,800.5932634965776,82.54541138050433,75.09336370220605,29.368372475840815,0.9186021779319002,13.9574241686776,16.053913762278327,28.82387957379588,TAKEOFF,HEALTHY,False,0.0,1.0,OK,42
2026-01-01T00:01:19Z,O320_CLASS-SIM-01,O320_CLASS,HIGH_ALTITUDE_ISR,219.49853433464114,8.572916165277459,2498.0820607356836,0.9072363798965534,100.75935165224105,798.0075074615388,82.62860456223025,74.4394522686507,29.376431611945446,0.9341890412211893,14.004201013545702,16.364631015713588,29.258478304715716,TAKEOFF,HEALTHY,False,0.0,1.0,OK,42
2026-01-01T00:01:20Z,O320_CLASS-SIM-01,O320_CLASS,HIGH_ALTITUDE_ISR,220.790034496526,8.701639674788165,2496.469127490642,0.9057594073303009,99.73235390346858,797.3249541535769,82.24454783617918,75.31685197998813,29.357359910040497,0.9130312214455027,13.983952806703439,16.130397424753408,29.1792731566306,TAKEOFF,HEALTHY,False,0.0,1.0,OK,42
2026-01-01T00:01:21Z,O320_CLASS-SIM-01,O320_CLASS,HIGH_ALTITUDE_ISR,228.66769521758837,8.330902651671945,2503.8192231873372,0.9065496848279746,101.27182659410552,799.9835555043544,82.6625702145355,74.7805710024571,29.506503334458184,0.8780593742121459,14.05544376205164,16.038541197078096,29.159746988886422,TAKEOFF,HEALTHY,False,0.0,1.0,OK,42
2026-01-01T00:01:22Z,O320_CLASS-SIM-01,O320_CLASS,HIGH_ALTITUDE_ISR,226.16983394934243,8.587698002496571,2504.7663400707734,0.9067897320848027,100.67359357716435,797.1160173130174,82.4180229187853,73.6498007012175,29.41683631683711,0.9061774957239419,14.061318306829158,16.920169296917592,29.086756654136725,TAKEOFF,HEALTHY,False,0.0,1.0,OK,42
2026-01-01T00:01:23Z,O320_CLASS-SIM-01,O320_CLASS,HIGH_ALTITUDE_ISR,232.7085057905237,8.537951760949138,2493.1572929282343,0.9085040777923412,101.11575030606407,800.3935805165045,82.3714610826981,73.82585971531405,29.413998081378107,0.9240240284228888,14.013718027921275,16.08709316628447,29.18198079088414,TAKEOFF,HEALTHY,False,0.0,1.0,OK,42
2026-01-01T00:01:24Z,O320_CLASS-SIM-01,O320_CLASS,HIGH_ALTITUDE_ISR,234.52573171270677,8.510387924787294,2490.2804923174717,0.9107859192446313,103.06822532942171,801.5691718075942,82.94930799670367,75.95803945335821,29.576403167928785,0.9232467245975099,14.040240495501386,16.384294556128033,29.022065704878266,TAKEOFF,HEALTHY,False,0.0,1.0,OK,42
2026-01-01T00:01:25Z,O320_CLASS-SIM-01,O320_CLASS,HIGH_ALTITUDE_ISR,237.1621958464005,8.261905682108795,2490.3335099941546,0.911634907913394,102.31337731473113,804.2666223483817,82.47621496178311,74.06262597232477,29.53661493886176,0.9035528789290528,14.02493073280507,16.556078772969695,29.138438080979437,TAKEOFF,HEALTHY,False,0.0,1.0,OK,42
2026-01-01T00:01:26Z,O320_CLASS-SIM-01,O320_CLASS,HIGH_ALTITUDE_ISR,239.41694059659326,8.298928149807033,2501.4539338948025,0.9097284393225935,100.53740580403436,800.1740571647134,82.53625042053801,74.78809965424577,29.665962194166358,0.896323001474438,14.015515109017786,15.766590380151422,29.064460710366166,TAKEOFF,HEALTHY,False,0.0,1.0,OK,42
2026-01-01T00:01:27Z,O320_CLASS-SIM-01,O320_CLASS,HIGH_ALTITUDE_ISR,241.27205652998214,8.326288765240172,2510.06586275806,0.9100867911158742,103.1155419998858,801.1335535953982,82.64984174043163,74.95284473739353,29.606363015430823,0.9698022011128892,13.953514525333373,15.808876382386712,29.123080236979714,TAKEOFF,HEALTHY,False,0.0,1.0,OK,42
2026-01-01T00:01:28Z,O320_CLASS-SIM-01,O320_CLASS,HIGH_ALTITUDE_ISR,244.4662362673508,8.514626774825713,2503.9574223356562,0.91034261928535,102.92464692706243,803.7705994554457,82.73359750996146,75.81353867522756,29.648603275004835,0.8793809841365436,14.044308140945336,16.355241037633693,29.210721767446593,TAKEOFF,HEALTHY,False,0.0,1.0,OK,42
2026-01-01T00:01:29Z,O320_CLASS-SIM-01,O320_CLASS,HIGH_ALTITUDE_ISR,249.43165258050658,8.025424736274543,2489.9914906248687,0.9094314147028068,101.39842591985104,800.7745669606397,82.08206177684204,74.27470160257322,29.620746475804367,1.0009275177967691,14.077696616695846,16.242990587488553,29.161949106281188,TAKEOFF,HEALTHY,False,0.0,1.0,OK,42
2026-01-01T00:01:30Z,O320_CLASS-SIM-01,O320_CLASS,HIGH_ALTITUDE_ISR,248.27619400421756,8.08878043801621,2501.557878318373,0.9105042960335119,101.86522097160888,797.6267067031633,82.40521380007128,75.20104094258826,29.71093632715759,0.9201200259543728,13.984300345097537,16.577954812666803,29.102421535607373,TAKEOFF,HEALTHY,False,0.0,1.0,OK,42
2026-01-01T00:01:31Z,O320_CLASS-SIM-01,O320_CLASS,HIGH_ALTITUDE_ISR,253.72706464968874,8.355348642951716,2492.641492323754,0.912562049035282,102.53833982733654,803.375926223927,82.6786138628441,76.32677968974681,29.77185841372233,0.8939459209210032,14.04668925923793,16.866102449826734,29.522493551640306,TAKEOFF,HEALTHY,False,0.0,1.0,OK,42
2026-01-01T00:01:32Z,O320_CLASS-SIM-01,O320_CLASS,HIGH_ALTITUDE_ISR,253.71355573432183,8.199908922215316,2516.6913318946595,0.9117723267872135,100.64587462249533,800.8444764022353,82.92809903705684,75.03857202245091,29.71783146314989,0.8780348694580014,14.003086017107803,16.181162636803023,29.57663424597226,TAKEOFF,HEALTHY,False,0.0,1.0,OK,42
2026-01-01T00:01:33Z,O320_CLASS-SIM-01,O320_CLASS,HIGH_ALTITUDE_ISR,258.7795999401117,8.453847191494043,2502.058468012337,0.9142114199789612,101.50983887251958,795.6472973602218,82.23379786902738,73.69105142621936,29.666766966087664,0.8579806355791643,14.064475257524816,16.408332241385402,29.433943213297777,TAKEOFF,HEALTHY,False,0.0,1.0,OK,42
2026-01-01T00:01:34Z,O320_CLASS-SIM-01,O320_CLASS,HIGH_ALTITUDE_ISR,261.7275849764625,8.420161601635051,2499.9227349178336,0.9163256796861631,103.37389952477314,801.0517139507856,83.03380485160228,75.61148571016177,29.780694777286644,0.8616762280549898,13.989473129248445,16.459484188902263,29.295380345825404,TAKEOFF,HEALTHY,False,0.0,1.0,OK,42
2026-01-01T00:01:35Z,O320_CLASS-SIM-01,O320_CLASS,HIGH_ALTITUDE_ISR,262.700100143202,8.288710023421139,2512.8527473532167,0.9172086036515528,104.49519661168316,805.9027057640443,82.43445315296722,76.52433309502047,29.81055957974059,0.949174192705986,14.027306904029823,16.35325226654241,28.98114543536466,TAKEOFF,HEALTHY,False,0.0,1.0,OK,42
2026-01-01T00:01:36Z,O320_CLASS-SIM-01,O320_CLASS,HIGH_ALTITUDE_ISR,266.40931990134214,8.032759181370825,2517.1851022899014,0.9197002519809451,101.81030463795926,803.6822595633707,82.56978804113994,74.69355121148871,29.904788880778263,0.9066304085599792,14.077727006552,16.354178593694368,29.408172395570226,TAKEOFF,HEALTHY,False,0.0,1.0,OK,42
2026-01-01T00:01:37Z,O320_CLASS-SIM-01,O320_CLASS,HIGH_ALTITUDE_ISR,269.59056456388106,8.367977812572747,2507.0274217331194,0.9172619934360079,102.7618159655203,801.0544264678376,83.1497460908425,75.73536552527133,29.92471736566191,0.9704435678770316,14.069288103401833,16.399462944450963,29.320202657654303,TAKEOFF,HEALTHY,False,0.0,1.0,OK,42
2026-01-01T00:01:38Z,O320_CLASS-SIM-01,O320_CLASS,HIGH_ALTITUDE_ISR,271.28682118833484,8.234058852972739,2506.964379331274,0.9212956961738276,103.47082873875995,802.8168905099371,83.38732363804614,73.49745949103999,29.82332973194323,0.9415918343732926,14.02789194092584,16.574288403698944,29.071259141681132,TAKEOFF,HEALTHY,False,0.0,1.0,OK,42
2026-01-01T00:01:39Z,O320_CLASS-SIM-01,O320_CLASS,HIGH_ALTITUDE_ISR,274.96514943372443,8.513026411560201,2519.513381253223,0.9190894130902856,102.64166225018211,802.5930828061455,82.08315369317782,75.4588130851273,29.995323994041467,0.847527205176367,14.006505442899593,16.240803697317627,29.13139050862454,TAKEOFF,HEALTHY,False,0.0,1.0,OK,42
2026-01-01T00:01:40Z,O320_CLASS-SIM-01,O320_CLASS,HIGH_ALTITUDE_ISR,277.8580002180106,7.881784121196174,2518.991074704789,0.9209521545843118,103.0014995711615,797.5954527998595,82.56121594730445,76.2577394945379,29.843184848395186,0.8974450754256899,13.991217922592165,16.749820779377156,29.180901609345998,TAKEOFF,HEALTHY,False,0.0,1.0,OK,42
2026-01-01T00:01:41Z,O320_CLASS-SIM-01,O320_CLASS,HIGH_ALTITUDE_ISR,281.16148658665895,8.261207951764252,2529.923562445556,0.9197330050015381,103.88853150970043,800.3024520523893,83.46089328319637,74.68170078789069,29.983101325646764,0.9112504772183714,13.980001345976271,16.62439438851858,29.43326504136012,TAKEOFF,HEALTHY,False,0.0,1.0,OK,42
2026-01-01T00:01:42Z,O320_CLASS-SIM-01,O320_CLASS,HIGH_ALTITUDE_ISR,283.77273406857927,7.919998698706524,2515.3998436238107,0.9223173911392922,101.31830729556638,801.5461999304381,83.3602836730429,75.5248509478325,30.060811832703834,0.987314901762059,14.041214324216824,16.750212896734865,29.70073421196755,TAKEOFF,HEALTHY,False,0.0,1.0,OK,42
2026-01-01T00:01:43Z,O320_CLASS-SIM-01,O320_CLASS,HIGH_ALTITUDE_ISR,285.7904042739754,8.020595363235003,2520.9689692303314,0.9224057598365555,103.0746109566255,801.8703041732574,83.9585362891674,75.58889669317317,30.03269295332162,0.9503673852362686,14.024153184996843,16.54107488775321,29.384441480622336,TAKEOFF,HEALTHY,False,0.0,1.0,OK,42
2026-01-01T00:01:44Z,O320_CLASS-SIM-01,O320_CLASS,HIGH_ALTITUDE_ISR,286.9510654865413,8.175116302809798,2534.0062344814937,0.9231545775466168,103.39015068282175,803.401872823622,82.89538873733544,75.14288313892482,30.079530614316585,0.9511780376165763,13.975700999308314,16.83836496633544,29.249126622778345,TAKEOFF,HEALTHY,False,0.0,1.0,OK,42
2026-01-01T00:01:45Z,O320_CLASS-SIM-01,O320_CLASS,HIGH_ALTITUDE_ISR,292.23208834520966,7.935118480136539,2530.4873605332873,0.9254079365870104,105.12820989139423,801.1012459361388,83.4160932808939,75.68855595266989,30.047290847649425,0.9143494344892873,14.038902974137313,16.780468832605997,29.33864874334804,TAKEOFF,HEALTHY,False,0.0,1.0,OK,42
2026-01-01T00:01:46Z,O320_CLASS-SIM-01,O320_CLASS,HIGH_ALTITUDE_ISR,294.8812915697155,8.307152819949076,2530.8220173543637,0.9178770012035455,103.73103142518211,804.6951597090688,82.40851947065309,75.45862710054514,30.21914551888672,0.8726547082585913,14.038328568911545,16.431094568083097,29.21725355682832,TAKEOFF,HEALTHY,False,0.0,1.0,OK,42
2026-01-01T00:01:47Z,O320_CLASS-SIM-01,O320_CLASS,HIGH_ALTITUDE_ISR,299.4383126734773,7.986671882538783,2525.8665982556345,0.9205631193234335,106.48215567720855,806.8322303503693,83.06126693347268,75.86231950238121,30.115389631006916,0.964215087947623,14.01878653301527,16.627648851559115,29.250273725805684,TAKEOFF,HEALTHY,False,0.0,1.0,OK,42
2026-01-01T00:01:48Z,O320_CLASS-SIM-01,O320_CLASS,HIGH_ALTITUDE_ISR,299.12902289588163,8.154200591744262,2525.3710236988704,0.9263034962828061,104.3723984755106,806.8275682763287,82.9916292692939,77.20426475987617,30.136676806467836,0.968148129586269,14.069812769597837,16.484257698215366,29.664395703176837,TAKEOFF,HEALTHY,False,0.0,1.0,OK,42
2026-01-01T00:01:49Z,O320_CLASS-SIM-01,O320_CLASS,HIGH_ALTITUDE_ISR,304.2710132021958,8.177615295467882,2524.7025353288595,0.925259992128007,104.26739970143647,806.7400223138136,83.74453910078013,75.5841252896404,30.198713624333013,0.9514848401341223,14.056679472552796,16.879608834486987,29.4478129772648,TAKEOFF,HEALTHY,False,0.0,1.0,OK,42
2026-01-01T00:01:50Z,O320_CLASS-SIM-01,O320_CLASS,HIGH_ALTITUDE_ISR,305.1491633603188,7.874540513819302,2518.687117796365,0.9231179623919731,104.9389276152467,805.7743585026602,83.03295926245777,73.09317322226323,30.211152164289285,0.9641388472164598,14.009375508554456,16.824753814548178,29.13336969290897,TAKEOFF,HEALTHY,False,0.0,1.0,OK,42
2026-01-01T00:01:51Z,O320_CLASS-SIM-01,O320_CLASS,HIGH_ALTITUDE_ISR,310.4913915568722,7.974229184325132,2529.1070143904963,0.9317348929170967,106.61037729107193,805.4360086115372,82.9965499554535,75.21582831012559,30.328264937283212,0.9158940617365268,14.017726236934239,17.120078547465415,29.330826276461224,TAKEOFF,HEALTHY,False,0.0,1.0,OK,42
2026-01-01T00:01:52Z,O320_CLASS-SIM-01,O320_CLASS,HIGH_ALTITUDE_ISR,314.56049475066715,7.991389162340604,2542.222983011917,0.9284924166231989,106.08242275371511,804.6104948092876,82.91721195915572,75.86262857092606,30.381469429586588,0.9225114354554937,13.991260968314382,16.43191138656657,29.139873439702832,TAKEOFF,HEALTHY,False,0.0,1.0,OK,42
2026-01-01T00:01:53Z,O320_CLASS-SIM-01,O320_CLASS,HIGH_ALTITUDE_ISR,311.2374557194798,7.976145026139285,2538.09425062767,0.9284453906483725,102.35075436401614,806.1648786328514,83.21846760401147,77.19026738109746,30.28847637065669,0.9060725617612596,14.081297490242271,16.903178717320884,29.444427888118057,TAKEOFF,HEALTHY,False,0.0,1.0,OK,42
2026-01-01T00:01:54Z,O320_CLASS-SIM-01,O320_CLASS,HIGH_ALTITUDE_ISR,316.8385433222025,7.991158197465256,2536.4679577425345,0.9275476940288812,106.25346559121236,803.4291871623365,83.43979988398296,75.6750723175246,30.359829867684216,0.9215910874610314,14.011714781103437,16.54148237140347,29.312876630442,TAKEOFF,HEALTHY,False,0.0,1.0,OK,42
2026-01-01T00:01:55Z,O320_CLASS-SIM-01,O320_CLASS,HIGH_ALTITUDE_ISR,317.7884614913869,7.972030730725098,2522.199298737803,0.9312850651570931,103.91872496060861,805.6660299146929,83.08347076348907,76.61081607305356,30.43649003283361,0.9148283209985126,14.045621579193329,16.3013486115019,29.36543760564159,TAKEOFF,HEALTHY,False,0.0,1.0,OK,42
2026-01-01T00:01:56Z,O320_CLASS-SIM-01,O320_CLASS,HIGH_ALTITUDE_ISR,325.2184934889293,7.9254075315159564,2533.0959082734903,0.9316518123148398,106.54809210686965,802.308330551723,82.68523490774899,75.7375601172592,30.413582479300253,0.9765782001311277,14.021473708984807,16.363268440490348,29.187695247051582,TAKEOFF,HEALTHY,False,0.0,1.0,OK,42
2026-01-01T00:01:57Z,O320_CLASS-SIM-01,O320_CLASS,HIGH_ALTITUDE_ISR,320.8754859705541,7.852381169407563,2532.197869263497,0.9304010745804361,106.90504816699875,810.5186845397202,83.31485744860481,73.88021096858137,30.509560917360638,0.9471114571390241,14.040479566970417,17.11104092548374,29.209163698962744,TAKEOFF,HEALTHY,False,0.0,1.0,OK,42
2026-01-01T00:01:58Z,O320_CLASS-SIM-01,O320_CLASS,HIGH_ALTITUDE_ISR,330.79091085705556,7.725530281473163,2540.850784287004,0.9285697490556177,104.63126483860803,811.5338518168713,83.30349415204603,76.27855430714926,30.51993489852616,0.9214989218279122,14.072382143284175,16.825291590167165,29.122768664790776,TAKEOFF,HEALTHY,False,0.0,1.0,OK,42
2026-01-01T00:01:59Z,O320_CLASS-SIM-01,O320_CLASS,HIGH_ALTITUDE_ISR,329.350695417628,7.9340676481941435,2539.1728516283188,0.9295047723884179,105.0157223265709,806.509329668799,83.28650145474239,74.52454816723814,30.50607862496596,0.8973533703383301,14.054881379507586,17.105537383464767,29.37400016862142,TAKEOFF,HEALTHY,False,0.0,1.0,OK,42
2026-01-01T00:02:00Z,O320_CLASS-SIM-01,O320_CLASS,HIGH_ALTITUDE_ISR,332.7452736395272,7.854321980139201,2530.6276752399403,0.9310396691689984,104.8941806345636,806.597460566705,82.99212893348037,75.77360290795039,30.60341277658431,0.8638147409078797,14.032757925759718,16.867089324276353,29.45309128576706,TAKEOFF,HEALTHY,False,0.0,1.0,OK,42
2026-01-01T00:02:01Z,O320_CLASS-SIM-01,O320_CLASS,HIGH_ALTITUDE_ISR,336.09170295895575,7.597237885788034,2528.212378538928,0.9340866249289477,107.3946578788578,802.8700430799018,83.62063219821911,76.61434333489355,30.588725273562932,0.9501079973811082,14.011180609256682,16.911063405409855,29.164722090260696,TAKEOFF,HEALTHY,False,0.0,1.0,OK,42
2026-01-01T00:02:02Z,O320_CLASS-SIM-01,O320_CLASS,HIGH_ALTITUDE_ISR,335.3723739262606,7.9386370924060135,2531.582469940098,0.9338111665322154,104.63422682125676,805.1017628796841,83.43762355307797,75.09768946539148,30.64474445441905,0.9470030002075407,14.042166722907512,17.0194023066262,29.650519373561846,TAKEOFF,HEALTHY,False,0.0,1.0,OK,42
2026-01-01T00:02:03Z,O320_CLASS-SIM-01,O320_CLASS,HIGH_ALTITUDE_ISR,340.0652760130993,7.770926436736229,2549.6746040539174,0.9379457462853427,104.72984006183292,808.0671317651071,84.07521809421988,76.10653572584711,30.66509815661995,0.9209959828263499,14.021295692176379,17.050669506625752,29.381993938910426,TAKEOFF,HEALTHY,False,0.0,1.0,OK,42
2026-01-01T00:02:04Z,O320_CLASS-SIM-01,O320_CLASS,HIGH_ALTITUDE_ISR,344.3805765128777,7.772900917028367,2536.3388891792742,0.937175369858874,110.07121120664078,804.6270446077109,83.68637964626922,75.11065797674232,30.713713998541323,0.9323679177183944,14.055933784216291,17.291369501995437,29.454710030456297,TAKEOFF,HEALTHY,False,0.0,1.0,OK,42
2026-01-01T00:02:05Z,O320_CLASS-SIM-01,O320_CLASS,HIGH_ALTITUDE_ISR,348.9203006548435,7.3914108714872535,2555.6371755914233,0.9375556798593402,108.0058532204103,806.2414702885842,83.24926562465741,75.8543152755569,30.713520604622428,0.9426309515325674,14.065881951509787,16.575081387872252,29.57791741925458,TAKEOFF,HEALTHY,False,0.0,1.0,OK,42
2026-01-01T00:02:06Z,O320_CLASS-SIM-01,O320_CLASS,HIGH_ALTITUDE_ISR,350.0124228649369,7.694432720831317,2532.294451111097,0.9385060973367537,103.95399782064247,811.1339507342827,83.00952414582522,75.79910310315225,30.73796245216272,0.978892664035416,14.02825513195969,16.861760933811315,29.361852740656094,TAKEOFF,HEALTHY,False,0.0,1.0,OK,42
2026-01-01T00:02:07Z,O320_CLASS-SIM-01,O320_CLASS,HIGH_ALTITUDE_ISR,354.68710193090976,7.787388989821578,2542.1278689830597,0.9377215516045154,105.10896337090703,810.7061148776008,82.92722706368178,76.37656412803479,30.779920134820298,1.0283924810620644,14.000878945449829,17.02855466405951,29.713585777869767,TAKEOFF,HEALTHY,False,0.0,1.0,OK,42
2026-01-01T00:02:08Z,O320_CLASS-SIM-01,O320_CLASS,HIGH_ALTITUDE_ISR,357.3426400159927,7.584457081151904,2548.153904276049,0.9388928876017191,107.46673425361969,808.2103495715343,83.6202060184776,74.51549375548203,30.80983315589307,0.9517188476548141,14.027328589418797,16.66939758896644,29.598122771239126,TAKEOFF,HEALTHY,False,0.0,1.0,OK,42
2026-01-01T00:02:09Z,O320_CLASS-SIM-01,O320_CLASS,HIGH_ALTITUDE_ISR,358.8801208903226,7.561931068678187,2545.266337546664,0.9365819945277697,106.0368691940632,808.8348012013137,84.17207730534157,75.30116059241662,30.864695362017407,0.9129893248452147,14.04185769308721,17.05676707968629,29.586802742581728,TAKEOFF,HEALTHY,False,0.0,1.0,OK,42
2026-01-01T00:02:10Z,O320_CLASS-SIM-01,O320_CLASS,HIGH_ALTITUDE_ISR,360.30889410378325,7.416898540277413,2537.60424549498,0.9392140227898923,105.9076264249161,811.4272961347474,83.51917048545249,77.73129554023265,30.775426413402457,0.9434715928523136,14.000848704768872,16.987736789295173,29.483059326277317,TAKEOFF,HEALTHY,False,0.0,1.0,OK,42
2026-01-01T00:02:11Z,O320_CLASS-SIM-01,O320_CLASS,HIGH_ALTITUDE_ISR,360.4008318265774,7.670246139740427,2565.0315145145228,0.940065345625485,107.8575678741477,813.1866644822795,83.6646590944663,75.38570885498493,30.778172556147865,0.9617705276261583,14.031560207165278,16.87690286301049,29.486838956753946,TAKEOFF,HEALTHY,False,0.0,1.0,OK,42
2026-01-01T00:02:12Z,O320_CLASS-SIM-01,O320_CLASS,HIGH_ALTITUDE_ISR,365.79114613145737,7.537402746999338,2555.806721675244,0.938989901844019,108.94203996573876,807.3528966241049,83.48991664835158,77.40772071284216,30.97799411736579,0.9408400319985805,14.007007251767785,17.01675798968316,29.48484468483941,TAKEOFF,HEALTHY,False,0.0,1.0,OK,42
2026-01-01T00:02:13Z,O320_CLASS-SIM-01,O320_CLASS,HIGH_ALTITUDE_ISR,369.50072929295385,7.584980471667217,2551.8575905570196,0.9419323608917008,106.09451354273381,809.7787445903912,84.14559752666,74.79360342632265,30.9418353771399,0.9049510287981548,14.038831504704872,17.07093555735855,29.70146726761573,TAKEOFF,HEALTHY,False,0.0,1.0,OK,42
2026-01-01T00:02:14Z,O320_CLASS-SIM-01,O320_CLASS,HIGH_ALTITUDE_ISR,372.98209695350755,7.383785080688974,2558.6216537328446,0.9415062518430314,107.27228211591206,812.0776360443484,83.60779360871904,76.62148326330549,30.94229419426584,0.9137889775973244,14.016067633442875,17.04571750429947,29.650742674473843,TAKEOFF,HEALTHY,False,0.0,1.0,OK,42
2026-01-01T00:02:15Z,O320_CLASS-SIM-01,O320_CLASS,HIGH_ALTITUDE_ISR,375.9431944404155,7.818991593101811,2572.540283061925,0.9416885659361353,108.18913388992712,808.5758123880904,83.51818885725082,75.42208124842166,30.957888270158254,0.8972773425388226,14.03169793217823,16.90199648477657,29.618189601614006,TAKEOFF,HEALTHY,False,0.0,1.0,OK,42
2026-01-01T00:02:16Z,O320_CLASS-SIM-01,O320_CLASS,HIGH_ALTITUDE_ISR,376.4011474716515,7.965879789958903,2551.935074527979,0.9445884797282785,106.69033823740934,816.0049249009011,84.30176413462205,76.18264974056785,30.973151975555957,0.9485858422194249,14.00265117031781,17.590829369171253,29.619257277727904,TAKEOFF,HEALTHY,False,0.0,1.0,OK,42
2026-01-01T00:02:17Z,O320_CLASS-SIM-01,O320_CLASS,HIGH_ALTITUDE_ISR,380.6987141132872,7.160932539401791,2548.825564019146,0.9465144111520886,109.84048846315972,814.7361600033915,83.24188527958493,76.20535003899828,31.12103372626167,0.8746324179449271,14.036324539303434,17.312781189474187,29.458771784309622,TAKEOFF,HEALTHY,False,0.0,1.0,OK,42
2026-01-01T00:02:18Z,O320_CLASS-SIM-01,O320_CLASS,HIGH_ALTITUDE_ISR,380.5550905502315,7.459478616822275,2555.220911220438,0.9455371885242378,107.84930645628334,811.0794027067635,83.88752857197089,76.33708459285458,31.08482226375639,0.9253868965936487,14.039599803902211,16.78318722439822,29.581451039362655,TAKEOFF,HEALTHY,False,0.0,1.0,OK,42
2026-01-01T00:02:19Z,O320_CLASS-SIM-01,O320_CLASS,HIGH_ALTITUDE_ISR,386.11026646542666,7.496231806767413,2566.671413132188,0.9426221467176813,106.29747952279627,813.095297967436,83.92527893555133,76.13829693178964,31.106742659327267,0.9691543534608569,14.065075790979733,17.403522981428758,29.476781694190535,TAKEOFF,HEALTHY,False,0.0,1.0,OK,42
2026-01-01T00:02:20Z,O320_CLASS-SIM-01,O320_CLASS,HIGH_ALTITUDE_ISR,385.72735480746724,7.587607653427792,2569.9052732985588,0.9485113390461901,107.75128122657095,814.3192872545362,84.29704614376222,77.26826476914496,31.115868703491557,0.9343297153755723,14.059782165127027,17.31600672067309,29.35431791002164,TAKEOFF,HEALTHY,False,0.0,1.0,OK,42
2026-01-01T00:02:21Z,O320_CLASS-SIM-01,O320_CLASS,HIGH_ALTITUDE_ISR,392.28859109420677,7.540965911738942,2561.980773818804,0.9483558365210265,108.63734111000946,816.5546691808003,83.61725996236578,75.57043363818217,31.190068438131814,0.9793540915351716,13.992710121381736,16.99322240975535,29.222269756527822,TAKEOFF,HEALTHY,False,0.0,1.0,OK,42
2026-01-01T00:02:22Z,O320_CLASS-SIM-01,O320_CLASS,HIGH_ALTITUDE_ISR,394.4934872823243,7.26836523853013,2559.3460179228045,0.9499338674908945,108.31903716649829,813.6615051273373,83.88249824233789,76.59708240760337,31.243140305415334,0.9173269535542864,14.032839011785342,17.600890447223904,29.59294844084039,TAKEOFF,HEALTHY,False,0.0,1.0,OK,42
2026-01-01T00:02:23Z,O320_CLASS-SIM-01,O320_CLASS,HIGH_ALTITUDE_ISR,395.1267791355955,7.516398264731263,2554.8906035471873,0.9521305816954775,110.45907157245179,814.0324996499887,84.08981710873093,75.91128822164676,31.28319461675463,0.9309818848019609,14.04523284344209,17.577111802934834,29.45568470191814,TAKEOFF,HEALTHY,False,0.0,1.0,OK,42
2026-01-01T00:02:24Z,O320_CLASS-SIM-01,O320_CLASS,HIGH_ALTITUDE_ISR,399.07571089001397,7.220845177891332,2556.1964979437985,0.9463432093771169,110.24737644554531,818.0547158687762,84.62174011300806,74.79679199375275,31.31541544814707,1.003506314862381,14.024728565890827,17.403679302089774,29.24478639477627,TAKEOFF,HEALTHY,False,0.0,1.0,OK,42
2026-01-01T00:02:25Z,O320_CLASS-SIM-01,O320_CLASS,HIGH_ALTITUDE_ISR,416.1408449927058,7.1381512257699775,2539.2438327739083,0.8968158657605606,103.73786502535465,804.4476969326578,83.15473615891158,75.05396959583119,29.759712322397718,0.9071458263900534,14.014669757585363,16.26497052373265,29.406785033854344,CLIMB,HEALTHY,False,0.0,1.0,OK,42
2026-01-01T00:02:26Z,O320_CLASS-SIM-01,O320_CLASS,HIGH_ALTITUDE_ISR,430.8065259086843,7.034009976573587,2513.357001877827,0.9020191522877358,103.16066976797224,800.2058896246472,83.28756610034955,74.88749468386858,29.716829723511605,0.9146255701251418,14.013390073673724,16.572565335940396,29.149863496327633,CLIMB,HEALTHY,False,0.0,1.0,OK,42
2026-01-01T00:02:27Z,O320_CLASS-SIM-01,O320_CLASS,HIGH_ALTITUDE_ISR,447.9869532838863,7.175834371285251,2479.79645954096,0.9021954262218351,98.32482088499826,797.9913617343924,83.13396045197528,75.40745605458528,29.53315606981268,0.8583645829090387,14.054871711393144,15.845548885318005,29.38347208240538,CLIMB,HEALTHY,False,0.0,1.0,OK,42
2026-01-01T00:02:28Z,O320_CLASS-SIM-01,O320_CLASS,HIGH_ALTITUDE_ISR,462.88030981439954,6.811881441174376,2487.5486047518298,0.8977186377375499,102.70643320632884,800.6195617369699,81.80068968638312,75.1796182970243,29.485942402135535,0.9489861783083441,13.981013515699932,16.625849942390634,29.170078094419264,CLIMB,HEALTHY,False,0.0,1.0,OK,42
2026-01-01T00:02:29Z,O320_CLASS-SIM-01,O320_CLASS,HIGH_ALTITUDE_ISR,476.96080209413367,6.786834798324534,2477.573326457803,0.8971421212206604,101.56694158688656,795.160494439178,81.43880761828365,75.038708113293,29.38420572592803,0.8635438197677068,13.992323711351487,15.932108453810677,29.44607103268416,CLIMB,HEALTHY,False,0.0,1.0,OK,42
2026-01-01T00:02:30Z,O320_CLASS-SIM-01,O320_CLASS,HIGH_ALTITUDE_ISR,494.5290617951986,6.822916762460413,2463.4872091820826,0.8983217033623558,101.57080232598265,795.243881035225,82.53859679151488,74.22075484637358,29.421567589926724,0.8674708188018025,14.023059245410447,15.933744843500907,29.08328081150863,CLIMB,HEALTHY,False,0.0,1.0,OK,42
2026-01-01T00:02:31Z,O320_CLASS-SIM-01,O320_CLASS,HIGH_ALTITUDE_ISR,509.8309900475181,6.573638132687602,2476.6880400044897,0.9000446779842427,101.11822081726484,796.3998909958699,82.38852478248904,74.83636484446022,29.39382528311986,0.893027858989281,14.067885967935647,15.716261434038085,29.2225200823264,CLIMB,HEALTHY,False,0.0,1.0,OK,42
2026-01-01T00:02:32Z,O320_CLASS-SIM-01,O320_CLASS,HIGH_ALTITUDE_ISR,523.0861691840688,6.6140724552157755,2481.5229541301883,0.9004835098884408,101.37962580183854,795.8148476026602,81.9985557908651,74.66788574592377,29.351591543936742,0.8756358933589304,14.022033302837634,15.826753944131788,28.972927344433966,CLIMB,HEALTHY,False,0.0,1.0,OK,42
2026-01-01T00:02:33Z,O320_CLASS-SIM-01,O320_CLASS,HIGH_ALTITUDE_ISR,539.6263015102785,6.53777542058,2470.1247089616345,0.8999077653329175,102.31104325740112,797.225358088481,82.07480014924224,74.9599214422492,29.374135657004196,0.8647218699420618,14.081769073809133,15.879773110902246,28.983482615398316,CLIMB,HEALTHY,False,0.0,1.0,OK,42
2026-01-01T00:02:34Z,O320_CLASS-SIM-01,O320_CLASS,HIGH_ALTITUDE_ISR,558.0584221425825,6.414630014146104,2451.8859287213218,0.9016280725585102,101.03779735915472,794.0539444658398,82.33663052575781,75.06774007961143,29.307696680603225,0.9560056383060189,14.034492915308167,15.969448628488161,29.313313188867266,CLIMB,HEALTHY,False,0.0,1.0,OK,42
2026-01-01T00:02:35Z,O320_CLASS-SIM-01,O320_CLASS,HIGH_ALTITUDE_ISR,573.3870948238925,6.270324575771433,2455.58048904157,0.9004846885329352,101.73528111081566,796.7193939034114,81.49636152342559,74.52460281840811,29.362806622917027,0.8307155853531429,13.970046970453213,16.096147582132204,28.67729808619378,CLIMB,HEALTHY,False,0.0,1.0,OK,42
2026-01-01T00:02:36Z,O320_CLASS-SIM-01,O320_CLASS,HIGH_ALTITUDE_ISR,589.1970046793308,6.100509763559149,2469.338994233698,0.8982723228409516,101.97783539432821,795.5604440441757,81.81494878487177,74.86668116771109,29.3408190287738,0.9231774037467556,13.983926102008493,16.01398026921647,29.19977674541074,CLIMB,HEALTHY,False,0.0,1.0,OK,42
2026-01-01T00:02:37Z,O320_CLASS-SIM-01,O320_CLASS,HIGH_ALTITUDE_ISR,605.6196858673153,6.357374138917717,2450.9715489750315,0.8964392323615004,100.02405879704982,798.0872789412896,81.92993648071794,74.21858319151463,29.30708962141251,0.9133402820109442,13.976577304823635,16.217424388922765,29.484516261516696,CLIMB,HEALTHY,False,0.0,1.0,OK,42
2026-01-01T00:02:38Z,O320_CLASS-SIM-01,O320_CLASS,HIGH_ALTITUDE_ISR,620.9200470902275,6.055058812941255,2451.483711725551,0.8955153758269622,100.53045047918233,793.5970370673515,81.11633401365067,75.37712373010403,29.377352658061486,0.8972682580103893,14.003662200015347,15.873181612384817,29.19562271662556,CLIMB,HEALTHY,False,0.0,1.0,OK,42
2026-01-01T00:02:39Z,O320_CLASS-SIM-01,O320_CLASS,HIGH_ALTITUDE_ISR,636.0626054330683,5.944881868481488,2452.3083786169486,0.8983897682926101,99.60602692663893,791.2849621517837,81.55708539487965,73.90963821404637,29.30072576976116,0.8801637576189514,14.014183739922979,15.367089627965065,28.909086663853397,CLIMB,HEALTHY,False,0.0,1.0,OK,42
2026-01-01T00:02:40Z,O320_CLASS-SIM-01,O320_CLASS,HIGH_ALTITUDE_ISR,652.4627476924552,5.821021772372324,2443.170918183899,0.8993292417800118,102.56490621475784,798.0770872852235,81.59176753161371,73.35785464252362,29.335500183676004,0.8997514579096133,14.018079859947807,16.05384293980305,29.061823424717907,CLIMB,HEALTHY,False,0.0,1.0,OK,42
2026-01-01T00:02:41Z,O320_CLASS-SIM-01,O320_CLASS,HIGH_ALTITUDE_ISR,668.8207385181136,5.674837028091805,2457.255497697589,0.900692262824684,100.41858786468272,791.5227228589135,82.21661000797737,73.80778500506865,29.283618960814618,0.8520064229876886,14.03505109263042,15.817485445174675,28.96111705937814,CLIMB,HEALTHY,False,0.0,1.0,OK,42
2026-01-01T00:02:42Z,O320_CLASS-SIM-01,O320_CLASS,HIGH_ALTITUDE_ISR,685.4346561238027,5.401240261375763,2443.2095699812608,0.8993116618389855,101.90031785235293,797.1952162425528,81.93388302476122,73.63380891101878,29.396505310912488,0.8697293008759063,14.013453068360539,15.905572461220002,29.06621796915506,CLIMB,HEALTHY,False,0.0,1.0,OK,42
2026-01-01T00:02:43Z,O320_CLASS-SIM-01,O320_CLASS,HIGH_ALTITUDE_ISR,700.2328837854483,5.539290370810243,2448.593947961185,0.8972089085239451,101.5620763723178,795.7974594877353,81.61745220183805,75.11476199465352,29.348768216565215,0.8965408172967151,14.043309911469523,15.894743794587257,29.380761255799733,CLIMB,HEALTHY,False,0.0,1.0,OK,42
2026-01-01T00:02:44Z,O320_CLASS-SIM-01,O320_CLASS,HIGH_ALTITUDE_ISR,714.2477558772176,5.402317087051711,2440.516203719289,0.8980623826284789,101.82974669531048,797.89775451835,81.63906256730066,74.2333852952427,29.37329299721978,0.8659237514333784,14.09206443814335,15.960554248759854,28.918369821140956,CLIMB,HEALTHY,False,0.0,1.0,OK,42
2026-01-01T00:02:45Z,O320_CLASS-SIM-01,O320_CLASS,HIGH_ALTITUDE_ISR,729.5141599121832,5.10998690170919,2453.081204349196,0.8979749491179172,101.73486283341839,795.5386803202799,81.77560221807062,72.42706138269335,29.327464451823342,0.8877507766484344,14.028666130091542,15.937023982136285,28.90113776660342,CLIMB,HEALTHY,False,0.0,1.0,OK,42
2026-01-01T00:02:46Z,O320_CLASS-SIM-01,O320_CLASS,HIGH_ALTITUDE_ISR,747.3125235594333,5.03749493500973,2440.109970257869,0.896754068259198,103.19511549455054,797.1971584699684,81.69683400018248,73.9822644180068,29.52516138989207,0.8099835912114641,13.988181234437457,15.691849891882375,28.89123837523115,CLIMB,HEALTHY,False,0.0,1.0,OK,42
2026-01-01T00:02:47Z,O320_CLASS-SIM-01,O320_CLASS,HIGH_ALTITUDE_ISR,760.4206621656314,5.001811299650956,2433.251878273753,0.8992503316486551,101.74804809228681,796.7328276922991,81.62994914682052,73.34848703782983,29.36920437894441,0.9627761883577257,14.017062698693547,15.372354666390414,28.86484173503639,CLIMB,HEALTHY,False,0.0,1.0,OK,42
2026-01-01T00:02:48Z,O320_CLASS-SIM-01,O320_CLASS,HIGH_ALTITUDE_ISR,775.1670232942361,4.9470446388171405,2440.7194544362515,0.8975816671227196,104.15191482201094,796.819722091814,81.68946398200941,72.00423741866484,29.341306208488447,0.8789836236118331,14.014918789976258,15.366039957279078,28.98451259281833,CLIMB,HEALTHY,False,0.0,1.0,OK,42
2026-01-01T00:02:49Z,O320_CLASS-SIM-01,O320_CLASS,HIGH_ALTITUDE_ISR,793.5396266428285,4.809857254763963,2433.901252337565,0.8973777197596146,101.57981830460676,795.5915294670501,81.61322223267878,73.49811321352783,29.37996495186286,0.8588485709279864,14.022558291187842,15.975016739077383,28.94280748915857,CLIMB,HEALTHY,False,0.0,1.0,OK,42
2026-01-01T00:02:50Z,O320_CLASS-SIM-01,O320_CLASS,HIGH_ALTITUDE_ISR,810.4448494747083,4.886752615988211,2449.460580252623,0.9019517035418347,100.80600787250773,795.3167216787184,81.34818892501852,72.4405157966277,29.36565934838787,0.8172577342846123,14.011910037370587,15.622439741084099,29.01722994400748,CLIMB,HEALTHY,False,0.0,1.0,OK,42
2026-01-01T00:02:51Z,O320_CLASS-SIM-01,O320_CLASS,HIGH_ALTITUDE_ISR,823.8089346874517,4.472551248123349,2439.7236598591553,0.8986351763869463,102.59488658867274,800.6642116891538,81.42704076103236,72.79370538832404,29.34769938008733,0.8247909447523457,14.056316380430964,15.575910008524163,28.844144330104758,CLIMB,HEALTHY,False,0.0,1.0,OK,42
2026-01-01T00:02:52Z,O320_CLASS-SIM-01,O320_CLASS,HIGH_ALTITUDE_ISR,840.6820923589161,4.5216563231785765,2429.354327957398,0.8976616585008454,103.42940244041614,793.1022356356445,80.73116607519637,73.04741083787287,29.429657373685128,0.8510349068143558,13.961069011518276,15.612898280407194,28.988944921676648,CLIMB,HEALTHY,False,0.0,1.0,OK,42
2026-01-01T00:02:53Z,O320_CLASS-SIM-01,O320_CLASS,HIGH_ALTITUDE_ISR,858.2299896163071,4.277383074139923,2434.6258549254594,0.8995601658629997,99.15138174922613,797.6194162683964,80.78821944750837,72.44757738875384,29.4208485335205,0.9188287168163204,14.024764868021569,15.197024724393929,28.875856515448497,CLIMB,HEALTHY,False,0.0,1.0,OK,42
2026-01-01T00:02:54Z,O320_CLASS-SIM-01,O320_CLASS,HIGH_ALTITUDE_ISR,872.4295299162521,4.301308572637588,2437.852775466417,0.8997268812594875,102.79413279226374,794.4170386962601,80.49527781566339,71.70711485589021,29.43280897391669,0.8314180501252625,14.026879016150264,16.01075521762722,29.009033381723878,CLIMB,HEALTHY,False,0.0,1.0,OK,42
2026-01-01T00:02:55Z,O320_CLASS-SIM-01,O320_CLASS,HIGH_ALTITUDE_ISR,883.3672931634944,4.03652748633397,2447.8533144605763,0.8969933441670297,99.73843681989322,797.958649472173,81.21181169982272,72.8457754820845,29.429317286019977,0.8929699598468498,14.018535164376267,15.950352857249984,29.328054194346407,CLIMB,HEALTHY,False,0.0,1.0,OK,42
2026-01-01T00:02:56Z,O320_CLASS-SIM-01,O320_CLASS,HIGH_ALTITUDE_ISR,905.1602132076426,3.8888750282490956,2435.070892250781,0.9003076528942312,103.61839235741996,793.7218429485999,81.6451447808471,72.59508061510755,29.547575345412916,0.8442200858636457,13.992127422737981,15.691787816022964,28.909348408000945,CLIMB,HEALTHY,False,0.0,1.0,OK,42
2026-01-01T00:02:57Z,O320_CLASS-SIM-01,O320_CLASS,HIGH_ALTITUDE_ISR,918.1094133197988,3.6092097852600515,2426.7555833126235,0.8987016790823628,101.6393491113805,799.5446448049444,81.15725324948201,72.77745493471006,29.43550104259176,0.9068698657942786,14.015431655075236,16.102862417658994,28.98772015273934,CLIMB,HEALTHY,False,0.0,1.0,OK,42
2026-01-01T00:02:58Z,O320_CLASS-SIM-01,O320_CLASS,HIGH_ALTITUDE_ISR,935.9293662473183,3.9762462363438034,2426.6641767813403,0.8987111992057506,104.9688616710106,793.948042610606,81.29246151051592,72.6432269105338,29.48292300608323,0.8738764693087127,13.93525811301543,15.882201784070613,28.642860761451992,CLIMB,HEALTHY,False,0.0,1.0,OK,42
2026-01-01T00:02:59Z,O320_CLASS-SIM-01,O320_CLASS,HIGH_ALTITUDE_ISR,953.1308317723378,3.8444025621604703,2435.7067800131294,0.8960352838964774,100.48128949162376,795.1937668589889,81.08404229962272,71.1367201840321,29.433623024786403,0.9837002822791681,14.031501290253708,16.00777115002371,29.098830007166068,CLIMB,HEALTHY,False,0.0,1.0,OK,42
2026-01-01T00:03:00Z,O320_CLASS-SIM-01,O320_CLASS,HIGH_ALTITUDE_ISR,968.8858598824451,3.688155915731555,2410.0118299383585,0.8974006055117658,103.37539815969926,792.0352258622466,80.9997800284241,70.8700171206893,29.507969999004526,0.9025769366957306,14.025717866712595,15.89317745479678,28.963114431494418,CLIMB,HEALTHY,False,0.0,1.0,OK,42
2026-01-01T00:03:01Z,O320_CLASS-SIM-01,O320_CLASS,HIGH_ALTITUDE_ISR,982.7037418311985,3.4365741647720056,2407.7004924011235,0.8980162116434062,102.84743659665071,797.4007322191968,81.67173743516663,72.57340034710319,29.386444642326968,0.858104625378228,14.020288168797036,16.363143848773777,29.187183709093127,CLIMB,HEALTHY,False,0.0,1.0,OK,42
2026-01-01T00:03:02Z,O320_CLASS-SIM-01,O320_CLASS,HIGH_ALTITUDE_ISR,999.8272438911457,3.4538688437046443,2416.8700924204513,0.8992321367544208,101.19550377357906,793.6993204001589,80.97020212458948,72.486149420991,29.42208677350227,0.7742225625084305,14.020718333639469,15.547812486607278,28.968035074458893,CLIMB,HEALTHY,False,0.0,1.0,OK,42
2026-01-01T00:03:03Z,O320_CLASS-SIM-01,O320_CLASS,HIGH_ALTITUDE_ISR,1013.7588318376257,3.368666622849557,2429.0036126323075,0.8945268628358872,101.95384535885961,795.9233420069186,80.74342273688853,69.81960620103982,29.47672362384585,0.9163143971004726,14.003942350965582,15.224766386699471,29.06401199922707,CLIMB,HEALTHY,False,0.0,1.0,OK,42
2026-01-01T00:03:04Z,O320_CLASS-SIM-01,O320_CLASS,HIGH_ALTITUDE_ISR,1027.1397978075001,3.353727298934632,2414.327901154622,0.895211185625997,102.10225196578139,793.6728339711566,80.70434957825996,71.47282658333988,29.424464912859776,0.9101970469982994,14.013434971044902,15.533007774978216,28.824706151580695,CLIMB,HEALTHY,False,0.0,1.0,OK,42
2026-01-01T00:03:05Z,O320_CLASS-SIM-01,O320_CLASS,HIGH_ALTITUDE_ISR,1042.899125921799,3.2487025692726177,2417.339151388281,0.8927247447463421,102.04828451891629,791.7963175514311,81.56531284057894,69.5352036197462,29.37817160515767,0.9149877297380636,14.045410593469388,15.513580002797056,28.856269305492635,CLIMB,HEALTHY,False,0.0,1.0,OK,42
2026-01-01T00:03:06Z,O320_CLASS-SIM-01,O320_CLASS,HIGH_ALTITUDE_ISR,1062.035464205941,2.7537128082359814,2404.0360516595656,0.896845940605706,104.60992673862255,792.877395873328,80.94845799118063,71.70034264275645,29.559052332999386,0.8471152647973419,14.003910871886305,16.14777751151901,28.719241755452867,CLIMB,HEALTHY,False,0.0,1.0,OK,42
2026-01-01T00:03:07Z,O320_CLASS-SIM-01,O320_CLASS,HIGH_ALTITUDE_ISR,1078.3932234576826,2.8477156331087756,2418.4966334571727,0.8968604409175452,101.65967769867385,791.4267781412008,80.99172292129649,71.485923815629,29.450688387999605,0.8725947145058667,14.02125982137681,15.441806241671145,29.05501939480311,CLIMB,HEALTHY,False,0.0,1.0,OK,42
2026-01-01T00:03:08Z,O320_CLASS-SIM-01,O320_CLASS,HIGH_ALTITUDE_ISR,1093.8216072381822,3.2886920929607104,2413.4207741673717,0.8963677870139477,103.79160269341062,795.8500984150472,80.64022855450479,70.26341605627063,29.487696964863268,0.8362885250880622,13.991517555487647,15.699565578434738,29.089954582103026,CLIMB,HEALTHY,False,0.0,1.0,OK,42
2026-01-01T00:03:09Z,O320_CLASS-SIM-01,O320_CLASS,HIGH_ALTITUDE_ISR,1107.426435409064,2.5194756640287337,2399.851077481822,0.89470339608881,101.35291351596773,793.3336091188908,80.35184985990963,69.92044698784954,29.425399455671403,0.8513740067414652,14.043218029964153,15.835119929148558,28.93948582953138,CLIMB,HEALTHY,False,0.0,1.0,OK,42
2026-01-01T00:03:10Z,O320_CLASS-SIM-01,O320_CLASS,HIGH_ALTITUDE_ISR,1123.3825346532026,2.6285336200250664,2416.5615720187684,0.8983288319738651,101.89976466260158,793.7291287821997,79.98792480312277,70.54895759346796,29.505672625312734,0.8573947204882122,14.057748383278005,15.441798234817718,28.966189484539463,CLIMB,HEALTHY,False,0.0,1.0,OK,42
2026-01-01T00:03:11Z,O320_CLASS-SIM-01,O320_CLASS,HIGH_ALTITUDE_ISR,1139.7610776948159,2.576159053587193,2411.7822570231842,0.8973129754921177,104.06696749414847,797.0000511104897,80.77287539324156,70.92898742964789,29.435936303235327,0.8988395442142002,13.980102848970875,15.927256795430626,29.261680917656232,CLIMB,HEALTHY,False,0.0,1.0,OK,42
2026-01-01T00:03:12Z,O320_CLASS-SIM-01,O320_CLASS,HIGH_ALTITUDE_ISR,1155.3724297235985,2.1600073652677776,2407.0709739433278,0.8995007873056157,103.77394161049155,794.0957708068389,81.15047779901965,70.56164074271013,29.535368461572745,0.9045828482275389,14.048323976977608,15.736783930004234,29.062389411634403,CLIMB,HEALTHY,False,0.0,1.0,OK,42
2026-01-01T00:03:13Z,O320_CLASS-SIM-01,O320_CLASS,HIGH_ALTITUDE_ISR,1170.8356056866673,2.2963549523402254,2423.86990858752,0.8974077179946206,104.13726044376996,793.7006057301005,80.48567122557814,70.08038751426534,29.549737511181906,0.8896207921649757,13.951039484283056,15.58577601050827,29.190464630795557,CLIMB,HEALTHY,False,0.0,1.0,OK,42
2026-01-01T00:03:14Z,O320_CLASS-SIM-01,O320_CLASS,HIGH_ALTITUDE_ISR,1186.716341744262,2.014187455499133,2424.121853849611,0.8982783652665391,103.14886517818192,792.3804727720654,81.12651731281353,69.53570310338398,29.53880428950695,0.8887050001636836,14.00943519907674,15.668477146232073,28.89339975610931,CLIMB,HEALTHY,False,0.0,1.0,OK,42
2026-01-01T00:03:15Z,O320_CLASS-SIM-01,O320_CLASS,HIGH_ALTITUDE_ISR,1204.3462379580917,2.0521430196291695,2394.765240647404,0.8980807320976368,104.05216670894524,794.427373894533,80.82999893368508,69.6106983330198,29.524217305790152,0.8648015733000005,13.987192742896688,15.546646029396843,29.219269649950796,CLIMB,HEALTHY,False,0.0,1.0,OK,42
2026-01-01T00:03:16Z,O320_CLASS-SIM-01,O320_CLASS,HIGH_ALTITUDE_ISR,1215.9160543954501,2.1545978452740013,2393.0724191582135,0.8965736567801441,102.83645182434356,787.9319466094354,80.79588562303756,69.46108101852028,29.383332595128977,0.8998140403554185,14.044568089274817,15.989679436388533,28.96655022338439,CLIMB,HEALTHY,False,0.0,1.0,OK,42
2026-01-01T00:03:17Z,O320_CLASS-SIM-01,O320_CLASS,HIGH_ALTITUDE_ISR,1234.328346467125,2.176538307949186,2418.73051268657,0.8989955324674797,102.28940848637346,793.5656182170954,80.78947196904956,68.2155275507583,29.51520872190796,0.9567591154891962,14.020428088574919,15.9780401843569,28.936681352650872,CLIMB,HEALTHY,False,0.0,1.0,OK,42
2026-01-01T00:03:18Z,O320_CLASS-SIM-01,O320_CLASS,HIGH_ALTITUDE_ISR,1249.8901725140242,1.9321907085121464,2397.5124512806365,0.8947391162921979,105.0015933215059,796.4108430302227,80.1906498012811,70.33584835184224,29.49083849774088,0.8790406171999425,14.014749007558105,15.850822153481914,28.918193578162672,CLIMB,HEALTHY,False,0.0,1.0,OK,42
2026-01-01T00:03:19Z,O320_CLASS-SIM-01,O320_CLASS,HIGH_ALTITUDE_ISR,1267.8559837336938,1.8190971111491743,2407.801636700217,0.8949384130885304,106.13551908411763,794.0722728892468,80.84574997448547,68.17323788938118,29.457495230079456,0.9145731582411715,14.00926197147022,15.116346274208745,29.05807535621592,CLIMB,HEALTHY,False,0.0,1.0,OK,42
2026-01-01T00:03:20Z,O320_CLASS-SIM-01,O320_CLASS,HIGH_ALTITUDE_ISR,1280.6658072749522,1.8820679182518796,2400.876051324493,0.8969526232485843,105.0233010944199,790.5716938460401,80.13690278810994,69.20102536082096,29.543430829418767,0.8114329605586575,13.950327333912437,15.79328715010504,28.808435448610453,CLIMB,HEALTHY,False,0.0,1.0,OK,42
2026-01-01T00:03:21Z,O320_CLASS-SIM-01,O320_CLASS,HIGH_ALTITUDE_ISR,1296.6338832028418,1.2895339952645315,2394.9189512462276,0.8964663468882192,104.78876400704526,790.8050587989369,81.17051426606548,68.70910914305657,29.471357477557177,0.9257732948225307,14.006425654581827,15.441925475589992,28.872166859555424,CLIMB,HEALTHY,False,0.0,1.0,OK,42
2026-01-01T00:03:22Z,O320_CLASS-SIM-01,O320_CLASS,HIGH_ALTITUDE_ISR,1314.9925733292762,1.6856711636845925,2392.589962719382,0.8963348854662615,103.84458213867343,790.185234095371,80.4588438735008,69.15962704161548,29.56596043636963,0.9121876368242147,13.989919389951723,15.519027130668524,28.991639608898875,CLIMB,HEALTHY,False,0.0,1.0,OK,42
2026-01-01T00:03:23Z,O320_CLASS-SIM-01,O320_CLASS,HIGH_ALTITUDE_ISR,1327.8259210303133,1.451721948686536,2397.196050650637,0.8944192275358808,102.65260239044697,796.1861734515875,80.39213511956821,70.36634495393047,29.486704057417885,0.8751511862666685,14.071290138952117,15.30076149885562,28.603886819127485,CLIMB,HEALTHY,False,0.0,1.0,OK,42
2026-01-01T00:03:24Z,O320_CLASS-SIM-01,O320_CLASS,HIGH_ALTITUDE_ISR,1346.3743296413752,1.1370897453021518,2396.5101166616914,0.8951244598753932,104.18734416154875,790.1098706833852,80.35634520317272,69.31267875222579,29.465404344116227,0.8351126578771401,13.988802860759435,15.200506094816019,28.821742368944747,CLIMB,HEALTHY,False,0.0,1.0,OK,42
2026-01-01T00:03:25Z,O320_CLASS-SIM-01,O320_CLASS,HIGH_ALTITUDE_ISR,1360.3633799950396,1.0988639550580324,2393.2826899152697,0.8961947645594214,103.14372967335082,794.1315442233876,80.97636169624943,68.4801531272865,29.543511624656787,0.8531450707304378,14.009903817451523,15.941765594900666,28.95799725738325,CLIMB,HEALTHY,False,0.0,1.0,OK,42
2026-01-01T00:03:26Z,O320_CLASS-SIM-01,O320_CLASS,HIGH_ALTITUDE_ISR,1373.2658041177115,1.1245808261985242,2404.0960139827384,0.8957296471661766,105.19078797418415,790.596267648453,79.78143564197308,68.86348445477493,29.434857805126406,0.8527533500949578,14.03725965882116,15.065499725214178,28.686349899020062,CLIMB,HEALTHY,False,0.0,1.0,OK,42
2026-01-01T00:03:27Z,O320_CLASS-SIM-01,O320_CLASS,HIGH_ALTITUDE_ISR,1390.1186182989245,0.9446686877100218,2390.08823845909,0.8989093838745033,105.20698070638214,793.4773996121805,80.40761591303564,68.96408084195131,29.48301045167066,0.8962477329316302,13.965008599342884,15.74441341097508,29.052776164718953,CLIMB,HEALTHY,False,0.0,1.0,OK,42
2026-01-01T00:03:28Z,O320_CLASS-SIM-01,O320_CLASS,HIGH_ALTITUDE_ISR,1407.7237043105392,0.8254198930075584,2394.998785888625,0.890326345975848,104.49054195768244,791.8734850190417,80.30285661631726,69.11372231557193,29.52579704859393,0.8159668659582585,13.993843724753738,15.54509570616153,28.888679521264088,CLIMB,HEALTHY,False,0.0,1.0,OK,42
2026-01-01T00:03:29Z,O320_CLASS-SIM-01,O320_CLASS,HIGH_ALTITUDE_ISR,1423.3910271990756,0.9054423937748215,2381.89182788702,0.8963390552333174,105.74215075258995,787.7379860268173,80.36874217152427,67.97924017280144,29.514423894422787,0.8249993535299602,13.992715502868288,15.981167363694702,28.678363795228556,CLIMB,HEALTHY,False,0.0,1.0,OK,42
2026-01-01T00:03:30Z,O320_CLASS-SIM-01,O320_CLASS,HIGH_ALTITUDE_ISR,1437.1344738851706,0.45193203669769644,2403.184710747689,0.8950012465148833,104.23020565259316,790.9851941287484,79.89292151969245,68.15851271958441,29.65929350342217,0.9164916946764358,13.971930450505653,15.675402553630395,28.739893113761305,CLIMB,HEALTHY,False,0.0,1.0,OK,42
2026-01-01T00:03:31Z,O320_CLASS-SIM-01,O320_CLASS,HIGH_ALTITUDE_ISR,1451.9650781713603,0.697834045057102,2397.4328284697544,0.8979563020329601,103.76420678798573,791.4928407836456,80.54443556929631,68.55896043455733,29.520119346349325,0.7956638787040459,14.000651742486802,15.775925938818315,28.681580727569827,CLIMB,HEALTHY,False,0.0,1.0,OK,42
2026-01-01T00:03:32Z,O320_CLASS-SIM-01,O320_CLASS,HIGH_ALTITUDE_ISR,1471.328509442884,0.49232384686264874,2392.9414527885383,0.8975464201352406,103.56209527128358,787.7850021480956,80.00499169007212,68.85623272232569,29.516118905579628,0.8322836004680377,13.942312218634886,15.937008842705534,28.98167771504317,CLIMB,HEALTHY,False,0.0,1.0,OK,42
2026-01-01T00:03:33Z,O320_CLASS-SIM-01,O320_CLASS,HIGH_ALTITUDE_ISR,1487.2659550830233,0.4854365857946996,2390.3435729518915,0.8952520830303816,104.26668178689563,790.6761021275248,81.24619740117492,68.48886169959908,29.52344494036265,0.87828447329686,13.966344243878204,15.867655973243473,28.755266254639697,CLIMB,HEALTHY,False,0.0,1.0,OK,42
2026-01-01T00:03:34Z,O320_CLASS-SIM-01,O320_CLASS,HIGH_ALTITUDE_ISR,1502.6034800007856,0.39785960742443244,2387.599150828513,0.8958679523293183,104.54424380478882,791.5215145158189,79.93555472029344,67.5837777622259,29.62402832038526,0.8549430916790992,13.97281434582932,15.355146138942642,29.016092419212733,CLIMB,HEALTHY,False,0.0,1.0,OK,42
2026-01-01T00:03:35Z,O320_CLASS-SIM-01,O320_CLASS,HIGH_ALTITUDE_ISR,1518.6060025423396,0.21969752488298627,2381.253384986013,0.8967640088909632,103.8274287521521,790.9311781951036,80.52812031552952,68.54204780540762,29.50436512303692,0.8246841380311002,13.999367560652436,15.90845377199173,28.56031648409274,CLIMB,HEALTHY,False,0.0,1.0,OK,42
2026-01-01T00:03:36Z,O320_CLASS-SIM-01,O320_CLASS,HIGH_ALTITUDE_ISR,1533.750832742689,-0.17307316640263723,2377.0329130681275,0.8948266987194271,104.16385186623025,790.1633112039858,80.1170771085652,67.31370878903998,29.483747530838922,0.8897213030721942,14.018411262584943,15.680423282178795,28.61315976517992,CLIMB,HEALTHY,False,0.0,1.0,OK,42
2026-01-01T00:03:37Z,O320_CLASS-SIM-01,O320_CLASS,HIGH_ALTITUDE_ISR,1549.5224513029505,0.0324153468895572,2372.65340389489,0.8955121736568581,104.59804142847393,796.0207572112542,80.8580197930944,66.30974001429156,29.684974502981632,0.8215394941721876,14.02496423693305,15.704972103004888,28.691539321297434,CLIMB,HEALTHY,False,0.0,1.0,OK,42
2026-01-01T00:03:38Z,O320_CLASS-SIM-01,O320_CLASS,HIGH_ALTITUDE_ISR,1565.5547165055734,-0.18742635793620543,2384.1345715438383,0.8958934433701933,106.24260883109945,791.5214506341978,79.9951301453444,68.41741076016606,29.592703668163868,0.8870437440237057,13.975325717183823,15.193758682913245,28.752361680036106,CLIMB,HEALTHY,False,0.0,1.0,OK,42
2026-01-01T00:03:39Z,O320_CLASS-SIM-01,O320_CLASS,HIGH_ALTITUDE_ISR,1579.6243234770347,-0.15568122081317498,2386.3061652639044,0.8950601097913056,106.59388561344814,794.6716881397718,80.13372900638741,66.7824007664205,29.64585638097071,0.8549538789921203,13.998767890893957,15.362908750290522,28.700682824926417,CLIMB,HEALTHY,False,0.0,1.0,OK,42
2026-01-01T00:03:40Z,O320_CLASS-SIM-01,O320_CLASS,HIGH_ALTITUDE_ISR,1594.0933371508233,-0.28099567739233167,2371.0308947284793,0.9014277044333023,103.64361790739817,788.0246129821511,80.21454583562539,68.5627386919201,29.573718668011047,0.8799083129392966,13.939396468213491,15.271176597257387,28.669744608646646,CLIMB,HEALTHY,False,0.0,1.0,OK,42
2026-01-01T00:03:41Z,O320_CLASS-SIM-01,O320_CLASS,HIGH_ALTITUDE_ISR,1609.1944682621152,-0.4606937056371564,2358.1567400819417,0.892602521648072,104.37273992193956,789.0074006968457,80.1432058736275,67.48314318403519,29.61857871394163,0.8867386856233438,14.028647567926969,15.432828199834637,28.872946814740047,CLIMB,HEALTHY,False,0.0,1.0,OK,42
2026-01-01T00:03:42Z,O320_CLASS-SIM-01,O320_CLASS,HIGH_ALTITUDE_ISR,1628.5450483306565,-0.5593070509469018,2371.724510722288,0.8945203001165056,104.10711229861661,792.0571950491066,79.92121971127597,66.60754715097424,29.54417407869904,0.8078527832413464,14.023509055450829,15.44572436316038,28.694650801392513,CLIMB,HEALTHY,False,0.0,1.0,OK,42
2026-01-01T00:03:43Z,O320_CLASS-SIM-01,O320_CLASS,HIGH_ALTITUDE_ISR,1644.7313401429217,-0.7669376918395262,2362.4542092393144,0.8971659013685618,104.51482030772443,789.8984344744869,79.949512253022,67.9515793637457,29.581683675486214,0.8079301179717503,14.010181093449628,15.297593481058032,29.103907633538306,CLIMB,HEALTHY,False,0.0,1.0,OK,42
2026-01-01T00:03:44Z,O320_CLASS-SIM-01,O320_CLASS,HIGH_ALTITUDE_ISR,1659.2575796762624,-1.120440509869983,2375.370726649596,0.8989509239795822,107.12194056190327,795.4155886531858,79.49938176153246,67.66666526566188,29.547975520203007,0.864493123060487,13.955397515408023,15.250506748281774,28.71593447111489,CLIMB,HEALTHY,False,0.0,1.0,OK,42
2026-01-01T00:03:45Z,O320_CLASS-SIM-01,O320_CLASS,HIGH_ALTITUDE_ISR,1676.347832920214,-0.767392131749551,2373.5333995440496,0.8922991571638893,104.92871440435339,788.8904239283344,80.22943282703679,67.77893903434267,29.640285904414128,0.824940186550972,13.911121736063508,14.96266879401529,29.027272160435206,CLIMB,HEALTHY,False,0.0,1.0,OK,42
2026-01-01T00:03:46Z,O320_CLASS-SIM-01,O320_CLASS,HIGH_ALTITUDE_ISR,1690.1388583317612,-1.1024235075545825,2383.268599771821,0.897468591495915,105.40421247901668,789.9397110530041,79.80302979683688,66.91758063104248,29.6708583054779,0.8716757474967896,14.014810578390184,15.689524167166343,28.635237547330302,CLIMB,HEALTHY,False,0.0,1.0,OK,42
2026-01-01T00:03:47Z,O320_CLASS-SIM-01,O320_CLASS,HIGH_ALTITUDE_ISR,1707.6137743201925,-1.136314942828872,2348.8084711095107,0.8906202041259049,104.22567273590015,791.9187719051212,79.87572890570574,66.78281351229855,29.69179036691735,0.8036422228685399,13.99192902033215,15.466121674904084,28.696913005188655,CLIMB,HEALTHY,False,0.0,1.0,OK,42
2026-01-01T00:03:48Z,O320_CLASS-SIM-01,O320_CLASS,HIGH_ALTITUDE_ISR,1722.2647123398467,-1.4344368445570963,2379.0278358610426,0.893451585709754,107.95798228711331,790.4270144522136,80.21580031443345,66.49215726989196,29.59609118430237,0.8306740595878102,13.996048387976318,15.462327395707856,28.686384408610653,CLIMB,HEALTHY,False,0.0,1.0,OK,42
2026-01-01T00:03:49Z,O320_CLASS-SIM-01,O320_CLASS,HIGH_ALTITUDE_ISR,1737.7753963391729,-1.3882740891678227,2384.958688982847,0.8945736248799299,107.4478180490252,789.9366222060988,79.88269473579804,65.37719660841883,29.578657857899614,0.8620867125042462,14.039777769428179,15.431147108685954,29.008254634169184,CLIMB,HEALTHY,False,0.0,1.0,OK,42
2026-01-01T00:03:50Z,O320_CLASS-SIM-01,O320_CLASS,HIGH_ALTITUDE_ISR,1754.6647973690078,-1.154963873154369,2364.9032645074535,0.899471803445995,105.0846513564181,788.4269925287919,79.26939028355146,68.1986040656788,29.645364902825055,0.8399312551817352,14.029391654763579,15.540406907630498,29.092293274175343,CLIMB,HEALTHY,False,0.0,1.0,OK,42
2026-01-01T00:03:51Z,O320_CLASS-SIM-01,O320_CLASS,HIGH_ALTITUDE_ISR,1767.1226951953345,-1.5411929051360265,2360.4910911729326,0.8906822642768124,107.01345753331553,789.5846160832793,80.02372657414112,68.12110583769771,29.590109298100252,0.8360813889312283,13.995204552948763,15.608136892271371,28.709048947262403,CLIMB,HEALTHY,False,0.0,1.0,OK,42
2026-01-01T00:03:52Z,O320_CLASS-SIM-01,O320_CLASS,HIGH_ALTITUDE_ISR,1784.238742789487,-1.445125313167498,2366.0374696749072,0.8904784447085583,104.34488437211171,793.9311487354304,79.86313896973463,65.52304239592988,29.602627876790855,0.8530890625364036,14.01344061699472,15.014609134250113,28.66459944763609,CLIMB,HEALTHY,False,0.0,1.0,OK,42
2026-01-01T00:03:53Z,O320_CLASS-SIM-01,O320_CLASS,HIGH_ALTITUDE_ISR,1801.335359558221,-1.7209937055928348,2366.4017528894924,0.892047158044787,106.31855094668921,792.8244609391556,79.87161950653454,66.14360570979514,29.60972897161041,0.81879829935846,13.9889329807601,15.66196010206941,28.76957762529083,CLIMB,HEALTHY,False,0.0,1.0,OK,42
2026-01-01T00:03:54Z,O320_CLASS-SIM-01,O320_CLASS,HIGH_ALTITUDE_ISR,1815.3319606826442,-1.8821703966481416,2362.2536363193854,0.8936974164500828,106.54735564396712,791.3200452863745,80.00704062901849,67.0706868821893,29.667688791824737,0.8144561940003957,13.963711561188985,15.320958143250309,28.716449841686234,CLIMB,HEALTHY,False,0.0,1.0,OK,42
2026-01-01T00:03:55Z,O320_CLASS-SIM-01,O320_CLASS,HIGH_ALTITUDE_ISR,1830.699917316966,-1.9769019172740971,2355.672113818496,0.8930390205698603,105.66139346320158,792.876488150156,79.70572865176031,67.80881488417164,29.629791877206422,0.8398571967536171,13.990666570513383,15.396900088815661,28.846112639668835,CLIMB,HEALTHY,False,0.0,1.0,OK,42
2026-01-01T00:03:56Z,O320_CLASS-SIM-01,O320_CLASS,HIGH_ALTITUDE_ISR,1851.2632151369369,-2.1397610327095977,2365.163396598332,0.8947364888495493,104.23072748078991,791.774524232616,80.10769971843743,65.04515971286125,29.624188291887258,0.7820803872211172,13.952503712773817,15.587669269470114,28.707564623527443,CLIMB,HEALTHY,False,0.0,1.0,OK,42
2026-01-01T00:03:57Z,O320_CLASS-SIM-01,O320_CLASS,HIGH_ALTITUDE_ISR,1862.2256844264816,-2.080858723109011,2352.935965692605,0.8933176159437083,107.07929552288257,786.8608512132779,79.2131518195959,65.75370253145284,29.67647189391247,0.9002563573965214,13.970041710256098,15.552899587382058,28.65661245694433,CLIMB,HEALTHY,False,0.0,1.0,OK,42
2026-01-01T00:03:58Z,O320_CLASS-SIM-01,O320_CLASS,HIGH_ALTITUDE_ISR,1882.3689436499894,-2.3876582464055494,2366.5687574744934,0.89288455865056,108.68441596696002,791.1608848132142,79.14356962641891,65.11218957280335,29.6704247820805,0.8924717661238262,13.987598081878836,15.32262206691433,28.884697601287403,CLIMB,HEALTHY,False,0.0,1.0,OK,42
2026-01-01T00:03:59Z,O320_CLASS-SIM-01,O320_CLASS,HIGH_ALTITUDE_ISR,1895.5680680108865,-2.5139331363081627,2348.2642201361823,0.8946060423554392,107.80387227520868,793.6399284461746,79.83649703424544,65.6593585577012,29.672168628542593,0.8233326547434968,13.98484894073669,15.098335638510397,28.580348239790684,CLIMB,HEALTHY,False,0.0,1.0,OK,42
2026-01-01T00:04:00Z,O320_CLASS-SIM-01,O320_CLASS,HIGH_ALTITUDE_ISR,1911.6114346285653,-2.394395226234509,2359.097739724422,0.895166297735859,106.71359769852857,790.9088944258143,79.48235172073905,65.65938811506791,29.60178081813667,0.8644282791656359,14.009225051856529,15.129867445870866,28.772153566524555,CLIMB,HEALTHY,False,0.0,1.0,OK,42
2026-01-01T00:04:01Z,O320_CLASS-SIM-01,O320_CLASS,HIGH_ALTITUDE_ISR,1925.9164480874076,-2.6035130415144523,2343.427013362136,0.8965438955293454,107.77873684383141,790.7783087211147,80.2630736701537,65.07723065790381,29.793034151275485,0.8401768717769365,13.996555305133368,15.190771461046563,28.816950836930776,CLIMB,HEALTHY,False,0.0,1.0,OK,42
2026-01-01T00:04:02Z,O320_CLASS-SIM-01,O320_CLASS,HIGH_ALTITUDE_ISR,1943.846014984422,-2.643939310809814,2365.471554844501,0.8944289158532176,106.90234684493083,787.0795920881382,79.61639585752691,65.02096055252771,29.614389921136237,0.8178577299893004,14.068779720475131,15.217283406961663,28.53928156771454,CLIMB,HEALTHY,False,0.0,1.0,OK,42
2026-01-01T00:04:03Z,O320_CLASS-SIM-01,O320_CLASS,HIGH_ALTITUDE_ISR,1957.2860011437347,-2.7369018425880998,2354.463898374337,0.8949984819323396,107.46791210200648,787.6572886784953,79.5600039229709,64.32689252215229,29.617173516977136,0.8118476557425651,13.95270279885518,15.54215050576674,28.857852636251017,CLIMB,HEALTHY,False,0.0,1.0,OK,42
2026-01-01T00:04:04Z,O320_CLASS-SIM-01,O320_CLASS,HIGH_ALTITUDE_ISR,1975.5390721290419,-2.8255845215778397,2355.1392066034364,0.8903045816845421,107.77025125743265,789.6295829893618,79.64953365439203,65.23131891901741,29.6021545449694,0.7882743814109519,13.96672081551743,15.410281492732038,28.85481021171598,CLIMB,HEALTHY,False,0.0,1.0,OK,42
2026-01-01T00:04:05Z,O320_CLASS-SIM-01,O320_CLASS,HIGH_ALTITUDE_ISR,1987.7629013987419,-3.0809612014165255,2341.97445795018,0.8930508219782318,105.17901900121777,785.5489887836229,79.04484828681252,64.89586574676835,29.595827096917485,0.8432044378434357,14.019567331286385,14.93656989248836,28.71706936777917,CLIMB,HEALTHY,False,0.0,1.0,OK,42
2026-01-01T00:04:06Z,O320_CLASS-SIM-01,O320_CLASS,HIGH_ALTITUDE_ISR,2007.0926906561815,-3.098851369665681,2342.0079985357165,0.8960306953323166,106.5253342635831,791.7826813287089,79.52009164655036,64.45215137109618,29.682188722875978,0.860295811540476,14.018165867711344,15.1178997031262,28.750960983129236,CLIMB,HEALTHY,False,0.0,1.0,OK,42
2026-01-01T00:04:07Z,O320_CLASS-SIM-01,O320_CLASS,HIGH_ALTITUDE_ISR,2021.2040227768891,-3.0328037046799565,2337.234348005989,0.8956759294051176,107.5320318759545,785.6464473971313,79.80676417011296,66.41326781232303,29.71164114508287,0.9041991201674617,13.989829490479105,14.832589715493619,28.464909952184833,CLIMB,HEALTHY,False,0.0,1.0,OK,42
2026-01-01T00:04:08Z,O320_CLASS-SIM-01,O320_CLASS,HIGH_ALTITUDE_ISR,2037.4196601028386,-3.329537561900236,2336.9590083831463,0.893454753545643,107.79116495209283,785.2241732452885,79.11889197816089,65.73345782190756,29.611128142253044,0.8815527200249339,13.972455721495809,15.377402831079722,28.90287919357365,CLIMB,HEALTHY,False,0.0,1.0,OK,42
2026-01-01T00:04:09Z,O320_CLASS-SIM-01,O320_CLASS,HIGH_ALTITUDE_ISR,2053.8897004282553,-3.2066816152234736,2333.904117615962,0.8957458379320011,106.10962163030459,789.4222192391941,79.37675589540594,64.81322877127344,29.685081370701152,0.8126530598480644,13.946231246337213,15.452038585423834,28.76291139835018,CLIMB,HEALTHY,False,0.0,1.0,OK,42
2026-01-01T00:04:10Z,O320_CLASS-SIM-01,O320_CLASS,HIGH_ALTITUDE_ISR,2070.242583779955,-3.452080310498548,2330.71820717327,0.895389049485465,106.76916574114802,789.5456618305765,78.98951842299859,65.64014292146025,29.627744128869036,0.8325520974908226,13.989680682894612,14.953911427384785,28.781374377548037,CLIMB,HEALTHY,False,0.0,1.0,OK,42
2026-01-01T00:04:11Z,O320_CLASS-SIM-01,O320_CLASS,HIGH_ALTITUDE_ISR,2086.6771249754606,-3.6212545092892423,2343.9647283659488,0.887896190956318,107.2480197226597,787.8253264492156,78.89617827814364,65.08943400846697,29.658596873288634,0.8385946578790456,13.974871717112855,14.740767195131019,28.558762806808915,CLIMB,HEALTHY,False,0.0,1.0,OK,42
2026-01-01T00:04:12Z,O320_CLASS-SIM-01,O320_CLASS,HIGH_ALTITUDE_ISR,2101.441640229181,-3.9664925970319977,2333.5185330296663,0.8925338932207538,109.4685733242676,790.4467111365552,78.97581455543964,65.16745780032366,29.641217804308393,0.885702859089864,13.945151795648515,15.481308325919457,28.664409134299962,CLIMB,HEALTHY,False,0.0,1.0,OK,42
2026-01-01T00:04:13Z,O320_CLASS-SIM-01,O320_CLASS,HIGH_ALTITUDE_ISR,2114.1979843793283,-3.7848863567762585,2340.7146842142643,0.8922821080772202,108.12283248711537,786.9849771207065,79.42196746494088,64.37719872160599,29.67852982778897,0.8273293227237517,13.990195274387474,15.343588550411917,29.031371541788683,CLIMB,HEALTHY,False,0.0,1.0,OK,42
2026-01-01T00:04:14Z,O320_CLASS-SIM-01,O320_CLASS,HIGH_ALTITUDE_ISR,2132.8906121141786,-3.7082311371572514,2362.0523069022242,0.8942417934967456,108.12189141458333,790.1197501374526,78.74539812293048,63.567874909158924,29.659597746158205,0.8705355601172872,13.98015507864681,15.233620750288013,28.88199642483832,CLIMB,HEALTHY,False,0.0,1.0,OK,42
2026-01-01T00:04:15Z,O320_CLASS-SIM-01,O320_CLASS,HIGH_ALTITUDE_ISR,2148.516948330278,-3.9812025949006276,2330.8339294327857,0.8954186976114545,108.5515901146454,784.2613115088471,78.99891918204261,63.95498455640917,29.727175764640005,0.8806820830023757,13.99362908775042,15.338425079418721,28.725279386011263,CLIMB,HEALTHY,False,0.0,1.0,OK,42
2026-01-01T00:04:16Z,O320_CLASS-SIM-01,O320_CLASS,HIGH_ALTITUDE_ISR,2161.9521854306918,-4.098448917915444,2335.196901544521,0.8930170612530492,105.44320613721293,787.2004767677474,79.121889471094,63.497052896272194,29.679218995162305,0.8634453354152242,13.952475111200533,14.778159459959243,28.66021809749352,CLIMB,HEALTHY,False,0.0,1.0,OK,42
2026-01-01T00:04:17Z,O320_CLASS-SIM-01,O320_CLASS,HIGH_ALTITUDE_ISR,2179.8498753119566,-3.908441118151079,2340.1544794691426,0.890088163838287,107.51039814394927,788.7529930221685,79.14570028907897,64.05316988849899,29.649031477166666,0.8461716955029862,13.997185757389774,15.38465307367015,28.588374603944203,CLIMB,HEALTHY,False,0.0,1.0,OK,42
2026-01-01T00:04:18Z,O320_CLASS-SIM-01,O320_CLASS,HIGH_ALTITUDE_ISR,2193.9267091435804,-4.669461540899892,2327.779637665207,0.8919141331770208,106.64945577117224,788.4426497896748,79.02757245374508,61.713933078635485,29.708980892434592,0.8060899310665237,13.998879313237074,14.850846341164923,28.71052613061412,CLIMB,HEALTHY,False,0.0,1.0,OK,42
2026-01-01T00:04:19Z,O320_CLASS-SIM-01,O320_CLASS,HIGH_ALTITUDE_ISR,2209.760440191856,-4.320738420961156,2332.6041885047935,0.8923909062178583,106.11352275469822,784.2528021965974,78.79171275860286,63.414258716698875,29.671112492542438,0.8678809295390235,13.975664914823152,14.923138276343089,28.661107580596553,CLIMB,HEALTHY,False,0.0,1.0,OK,42
2026-01-01T00:04:20Z,O320_CLASS-SIM-01,O320_CLASS,HIGH_ALTITUDE_ISR,2226.2647156804005,-4.419785810694829,2345.490315930227,0.8915016874928327,107.95334235096443,788.928324976245,78.99124535329638,62.919966994262275,29.627379249991325,0.8220892565353984,13.951563693622465,14.725830569224104,28.580271122548982,CLIMB,HEALTHY,False,0.0,1.0,OK,42
2026-01-01T00:04:21Z,O320_CLASS-SIM-01,O320_CLASS,HIGH_ALTITUDE_ISR,2240.0960290855164,-4.483265351539387,2334.1300845626647,0.8909700191986161,107.81408532845292,783.13459173688,78.7782556263554,63.53922630304423,29.749404041683885,0.8136515716205976,14.01506396078394,14.771658509463986,28.509283748462085,CLIMB,HEALTHY,False,0.0,1.0,OK,42
2026-01-01T00:04:22Z,O320_CLASS-SIM-01,O320_CLASS,HIGH_ALTITUDE_ISR,2258.4719002058637,-4.4224799638636565,2332.128265842467,0.8926353646096481,105.57735872294232,782.6412542802319,79.00316252902483,62.83317024693051,29.656178242489023,0.8444462023682408,13.986696130010534,15.379793166534812,28.713727271335582,CLIMB,HEALTHY,False,0.0,1.0,OK,42
2026-01-01T00:04:23Z,O320_CLASS-SIM-01,O320_CLASS,HIGH_ALTITUDE_ISR,2274.9907397006496,-4.774263858530638,2326.118981823759,0.8947829453601487,107.12304715846165,794.6506542930638,79.07693882344576,63.32386366205595,29.74103546719297,0.9165624295000048,14.00675161009936,14.735541364281923,28.900570533903494,CLIMB,HEALTHY,False,0.0,1.0,OK,42
2026-01-01T00:04:24Z,O320_CLASS-SIM-01,O320_CLASS,HIGH_ALTITUDE_ISR,2288.3775440197214,-4.86170451685188,2315.669872309389,0.8936449966288404,107.60150239526556,787.7821136719506,78.7886633297271,64.45879060752627,29.81720215940414,0.8429901946026466,13.98463024229465,15.036569218015966,28.85276799971386,CLIMB,HEALTHY,False,0.0,1.0,OK,42
2026-01-01T00:04:25Z,O320_CLASS-SIM-01,O320_CLASS,HIGH_ALTITUDE_ISR,2304.1362498241297,-5.043293183789446,2332.5962784486046,0.8914542660068976,108.42420003720797,783.4955566838685,79.15947612311508,64.37105420839953,29.757456694439938,0.8992549566114394,13.95706269420718,15.182144062485479,28.542214175371246,CLIMB,HEALTHY,False,0.0,1.0,OK,42
2026-01-01T00:04:26Z,O320_CLASS-SIM-01,O320_CLASS,HIGH_ALTITUDE_ISR,2320.0287220519986,-4.966575685804531,2324.447119733876,0.8896438537572666,106.97820576902328,783.9130579792775,79.04990799947723,64.36905671955441,29.79282242139452,0.7645975277217668,14.024813207602204,15.350304551284987,28.448718304218467,CLIMB,HEALTHY,False,0.0,1.0,OK,42
2026-01-01T00:04:27Z,O320_CLASS-SIM-01,O320_CLASS,HIGH_ALTITUDE_ISR,2335.6563086860456,-5.020393860497852,2326.9024287337,0.8897892173026315,109.37624685952188,781.9393405638779,78.73975496863126,63.52788704491247,29.728921101845234,0.820134001986008,14.008596811763956,15.3530422694127,28.87384840172866,CLIMB,HEALTHY,False,0.0,1.0,OK,42
2026-01-01T00:04:28Z,O320_CLASS-SIM-01,O320_CLASS,HIGH_ALTITUDE_ISR,2353.163365494521,-5.124830817946461,2327.2300201412227,0.8928767363105787,108.83826448910982,786.6070570441331,78.31952326591325,61.752853029026596,29.717200343801014,0.8494047800423559,14.024876619999196,15.092063281723567,28.824697058659623,CLIMB,HEALTHY,False,0.0,1.0,OK,42
2026-01-01T00:04:29Z,O320_CLASS-SIM-01,O320_CLASS,HIGH_ALTITUDE_ISR,2369.21156607724,-5.424068871505168,2324.9934483182183,0.8917968945338343,110.40529690150478,788.7069189830352,78.30389366602488,62.54590259916017,29.81700414425563,0.8321532621869788,13.994819833782545,15.232148966510964,28.515519358612007,CLIMB,HEALTHY,False,0.0,1.0,OK,42
2026-01-01T00:04:30Z,O320_CLASS-SIM-01,O320_CLASS,HIGH_ALTITUDE_ISR,2384.0993952571534,-5.7007419394718575,2314.1014913241047,0.8943736681572106,109.33510512336477,786.2732103871384,78.93431797352832,62.268189723797626,29.73852271745613,0.865331673646808,13.959303814087798,15.09893841307742,28.621013749736655,CLIMB,HEALTHY,False,0.0,1.0,OK,42
2026-01-01T00:04:31Z,O320_CLASS-SIM-01,O320_CLASS,HIGH_ALTITUDE_ISR,2396.6956690121733,-5.732049844918875,2330.524074595684,0.892929940456331,107.40733985396184,783.1006031755712,78.68654418630669,63.46479336689339,29.73184892614703,0.8909959616854695,13.991419555162368,15.199850357893947,28.46434109071005,CLIMB,HEALTHY,False,0.0,1.0,OK,42
2026-01-01T00:04:32Z,O320_CLASS-SIM-01,O320_CLASS,HIGH_ALTITUDE_ISR,2416.2210991974393,-5.7465361018873375,2323.756481481774,0.8904704254681265,109.29713865699561,787.7485706141593,78.64550235707252,62.439060859401025,29.731157800513433,0.8124112532265254,14.028763241249493,15.337467759805872,28.547418642020634,CLIMB,HEALTHY,False,0.0,1.0,OK,42
2026-01-01T00:04:33Z,O320_CLASS-SIM-01,O320_CLASS,HIGH_ALTITUDE_ISR,2431.4082220139476,-5.9100129393162835,2306.248962221999,0.894104655919835,107.12917978900084,789.1027669986668,78.58176242391438,61.84576790743865,29.768253813934983,0.8612798753216121,13.955545873881768,15.247861104139352,28.67540711540676,CLIMB,HEALTHY,False,0.0,1.0,OK,42
2026-01-01T00:04:34Z,O320_CLASS-SIM-01,O320_CLASS,HIGH_ALTITUDE_ISR,2444.4122141069943,-5.926407098462888,2325.652746394503,0.8953284982384667,110.12472455826124,783.7268223168235,78.85485947492991,62.59527429409446,29.787338024548685,0.8690889884468795,13.990971812373767,15.043535125853621,28.56400358125647,CLIMB,HEALTHY,False,0.0,1.0,OK,42
2026-01-01T00:04:35Z,O320_CLASS-SIM-01,O320_CLASS,HIGH_ALTITUDE_ISR,2459.1901337592853,-5.952294475733741,2314.968387994715,0.8930287319325633,107.74904911254642,788.2322663859513,79.45622978845437,61.8769259300621,29.75125350204811,0.8497104186350445,14.040782102631926,14.798943119544424,28.682600902367234,CLIMB,HEALTHY,False,0.0,1.0,OK,42
2026-01-01T00:04:36Z,O320_CLASS-SIM-01,O320_CLASS,HIGH_ALTITUDE_ISR,2476.578291644331,-6.1876062636823,2311.962068531831,0.894546498335079,111.60587436551721,787.6571134183114,78.45959854161784,63.70793702504454,29.736240953208426,0.814165007616906,13.926302093228111,15.397103133418897,28.79422183947195,CLIMB,HEALTHY,False,0.0,1.0,OK,42
2026-01-01T00:04:37Z,O320_CLASS-SIM-01,O320_CLASS,HIGH_ALTITUDE_ISR,2497.145226822693,-6.416298873203088,2322.9043566760056,0.8919303944935224,110.50297987104524,782.3343383324576,79.17332345560233,62.24253927071683,29.758952847882288,0.862475682679352,13.95632423868584,14.896453723518052,28.576337424139652,CLIMB,HEALTHY,False,0.0,1.0,OK,42
2026-01-01T00:04:38Z,O320_CLASS-SIM-01,O320_CLASS,HIGH_ALTITUDE_ISR,2506.4801674667237,-6.180921411054678,2319.653310521574,0.8903257067622007,110.04486796576177,785.7069428272158,78.69328419450736,61.01084382711747,29.720004523679073,0.8784155116537183,13.977112013488158,15.540082800043173,28.649673699548007,CLIMB,HEALTHY,False,0.0,1.0,OK,42
2026-01-01T00:04:39Z,O320_CLASS-SIM-01,O320_CLASS,HIGH_ALTITUDE_ISR,2523.6108829394743,-6.228458868534607,2314.049905183416,0.8931204123940596,111.14750157248601,784.6558057735131,78.48698672860809,61.275325299782196,29.702913642445093,0.825450860182674,14.018858867972696,15.08714021025407,28.43769506314693,CLIMB,HEALTHY,False,0.0,1.0,OK,42
2026-01-01T00:04:40Z,O320_CLASS-SIM-01,O320_CLASS,HIGH_ALTITUDE_ISR,2538.4069816232436,-6.265098406002576,2307.165263620856,0.8903101178602016,109.48213963496853,782.511519248085,79.08306908589837,60.997622137131756,29.839093985856664,0.8377230925594348,14.021393116234394,15.085237726556407,28.76447018387137,CLIMB,HEALTHY,False,0.0,1.0,OK,42
2026-01-01T00:04:41Z,O320_CLASS-SIM-01,O320_CLASS,HIGH_ALTITUDE_ISR,2557.5601210506143,-6.523635969691835,2309.5569716246264,0.8910775084443121,112.20199387222003,783.8544278939163,78.49152656027925,61.22355227070767,29.794116636108708,0.8181412826363346,13.98768953818936,14.972120159459713,28.396077389340423,CLIMB,HEALTHY,False,0.0,1.0,OK,42
2026-01-01T00:04:42Z,O320_CLASS-SIM-01,O320_CLASS,HIGH_ALTITUDE_ISR,2572.236550651608,-6.884529244398967,2291.785456785345,0.8917552281228603,110.58186914983366,787.3554867473076,78.6926737387643,59.565151182823215,29.70921218622785,0.913924816016798,13.946571197204173,15.160316044950626,28.527218562396357,CLIMB,HEALTHY,False,0.0,1.0,OK,42
2026-01-01T00:04:43Z,O320_CLASS-SIM-01,O320_CLASS,HIGH_ALTITUDE_ISR,2588.0824720718647,-6.916747389600302,2309.041284875835,0.8916933013210532,109.55179363121479,783.3302721564042,78.54894653496031,60.0406259203934,29.80190326053346,0.9397077294447539,14.018233191186932,15.180476008709395,28.614311001629513,CLIMB,HEALTHY,False,0.0,1.0,OK,42
2026-01-01T00:04:44Z,O320_CLASS-SIM-01,O320_CLASS,HIGH_ALTITUDE_ISR,2600.795574763198,-7.122417033459098,2313.7010756212594,0.8897785125311085,109.34436730299291,785.4585265736541,77.99307917186707,59.928964249064734,29.781269418623214,0.7986521327894318,13.955238480253534,14.798882789659915,28.702402966745993,CLIMB,HEALTHY,False,0.0,1.0,OK,42
2026-01-01T00:04:45Z,O320_CLASS-SIM-01,O320_CLASS,HIGH_ALTITUDE_ISR,2619.096255908701,-7.0531746840729665,2307.105440168316,0.8910122170798305,109.94369092121332,786.9657184182464,78.66126702376656,60.692298417843155,29.791085159312672,0.8027072819229338,13.951389812402695,15.179767181274457,28.68769102595171,CLIMB,HEALTHY,False,0.0,1.0,OK,42
2026-01-01T00:04:46Z,O320_CLASS-SIM-01,O320_CLASS,HIGH_ALTITUDE_ISR,2635.86813284281,-7.0865755513948745,2301.5920012026286,0.8926273916828801,111.49424966330645,787.9845917334252,78.3297962944752,61.81912907300407,29.80173718372158,0.8589401200844682,13.985414524224138,15.04253998360483,28.507491639236157,CLIMB,HEALTHY,False,0.0,1.0,OK,42
2026-01-01T00:04:47Z,O320_CLASS-SIM-01,O320_CLASS,HIGH_ALTITUDE_ISR,2651.9779521834434,-6.8042243592823715,2297.1178768987,0.8913148289370227,109.93159554893573,784.4033905477863,78.96403616227698,60.070735425154794,29.76986723229907,0.7698121407282501,13.953965437013037,14.547004566806907,28.709533798951146,CLIMB,HEALTHY,False,0.0,1.0,OK,42
2026-01-01T00:04:48Z,O320_CLASS-SIM-01,O320_CLASS,HIGH_ALTITUDE_ISR,2670.866212499423,-7.388335152380914,2285.6773957352293,0.8929111104399705,109.69005456852065,788.7887155648492,78.20962296986572,60.00323670520246,29.78792820813247,0.863290304330976,13.969613388223799,14.84324782102001,28.581850940799676,CLIMB,HEALTHY,False,0.0,1.0,OK,42
2026-01-01T00:04:49Z,O320_CLASS-SIM-01,O320_CLASS,HIGH_ALTITUDE_ISR,2680.4996246306564,-7.376093407804053,2283.6142260590923,0.8901611398073184,111.56935029003492,786.2148662034919,78.53477031603197,60.356229390987096,29.858565944927904,0.8696351797967484,13.989562772516395,15.192648112088865,28.72115572825725,CLIMB,HEALTHY,False,0.0,1.0,OK,42
2026-01-01T00:04:50Z,O320_CLASS-SIM-01,O320_CLASS,HIGH_ALTITUDE_ISR,2697.4889528781277,-7.739547799716661,2300.1688720439934,0.8920798327826506,112.06277974868674,783.0333288525238,77.91230641302988,60.67576245956657,29.79977055278367,0.7568853222497607,13.987174639087984,14.490996815437082,28.463724148632604,CLIMB,HEALTHY,False,0.0,1.0,OK,42
2026-01-01T00:04:51Z,O320_CLASS-SIM-01,O320_CLASS,HIGH_ALTITUDE_ISR,2715.9164109481785,-7.3665459251067045,2285.9800156424894,0.8902671428511005,110.90188844160876,789.7440751546839,78.05399723172282,59.825910979600344,29.884013159264075,0.8169933909243374,13.997330613473387,14.57816587573061,28.57675207437901,CLIMB,HEALTHY,False,0.0,1.0,OK,42
2026-01-01T00:04:52Z,O320_CLASS-SIM-01,O320_CLASS,HIGH_ALTITUDE_ISR,2727.1402343721397,-7.900907659735946,2301.3195230197985,0.8907643867486907,110.56474625205982,783.3359987882944,78.13917755205412,60.34788430719597,29.858968379919443,0.7266488545448324,13.950455210947117,14.98058293780549,28.584535787237837,CLIMB,HEALTHY,False,0.0,1.0,OK,42
2026-01-01T00:04:53Z,O320_CLASS-SIM-01,O320_CLASS,HIGH_ALTITUDE_ISR,2745.9754347341604,-7.804776364488426,2291.06896760872,0.8897487627438282,110.75040769204955,787.9965829175246,77.91096114726709,59.95632358462549,29.822233074062193,0.8937391173976238,13.9661425980392,15.173875979966017,28.781094343621106,CLIMB,HEALTHY,False,0.0,1.0,OK,42
2026-01-01T00:04:54Z,O320_CLASS-SIM-01,O320_CLASS,HIGH_ALTITUDE_ISR,2761.015479713625,-7.978830069083737,2289.77883092739,0.8902290944722555,112.1678392061059,785.6190953282852,78.2742336839681,59.00596494904936,29.76793255513549,0.9167339038108655,13.969561188978886,14.733854925265438,28.8078983921306,CLIMB,HEALTHY,False,0.0,1.0,OK,42
2026-01-01T00:04:55Z,O320_CLASS-SIM-01,O320_CLASS,HIGH_ALTITUDE_ISR,2777.274564674877,-7.962813799507356,2290.2115836616804,0.8900416661645254,111.03739611974012,781.5015574142636,78.12132942942308,60.042544608509445,29.91206901457591,0.8341075352669918,13.90461507946194,14.897433334694359,29.001099122884867,CLIMB,HEALTHY,False,0.0,1.0,OK,42
2026-01-01T00:04:56Z,O320_CLASS-SIM-01,O320_CLASS,HIGH_ALTITUDE_ISR,2793.8921419450703,-8.27348519342314,2294.950861221389,0.8891332571008379,109.71488658371815,784.0043009646752,78.16952264704247,58.207567720732236,29.765324376831057,0.8307531271793466,13.962139940178385,15.013022430989091,28.40491713672026,CLIMB,HEALTHY,False,0.0,1.0,OK,42
2026-01-01T00:04:57Z,O320_CLASS-SIM-01,O320_CLASS,HIGH_ALTITUDE_ISR,2809.4045039561634,-8.431730531225696,2302.271279958898,0.8871240389867989,110.12735472024977,785.8354619561509,78.77504610762855,59.85690010485839,29.854159416789415,0.8307139017526892,13.943338241003335,14.78518308908999,28.402278703796778,CLIMB,HEALTHY,False,0.0,1.0,OK,42
2026-01-01T00:04:58Z,O320_CLASS-SIM-01,O320_CLASS,HIGH_ALTITUDE_ISR,2822.156009122409,-8.296219143583519,2279.052724433949,0.8911329351739405,109.9756061291804,785.4497920828845,77.89034954493202,60.629731225067694,29.84543433227877,0.8791170503996182,13.951206166441729,14.915159707852816,28.43385375294352,CLIMB,HEALTHY,False,0.0,1.0,OK,42
2026-01-01T00:04:59Z,O320_CLASS-SIM-01,O320_CLASS,HIGH_ALTITUDE_ISR,2839.194406950698,-8.49811192970799,2281.141370297356,0.8880010930477408,109.94135653522788,778.7762528006787,77.63978275470389,59.9060065981677,29.75255301126105,0.7746347166978547,14.02734821221832,14.735414181731588,28.62612927760435,CLIMB,HEALTHY,False,0.0,1.0,OK,42
2026-01-01T00:05:00Z,O320_CLASS-SIM-01,O320_CLASS,HIGH_ALTITUDE_ISR,2856.519031275306,-8.461732191643915,2273.6811537310523,0.8899082510105714,109.79589975414673,790.6581952330084,77.40089897649946,58.46531154070291,29.78367512546504,0.7691676931366797,14.01394507306041,15.493572606697427,28.503569438417255,CLIMB,HEALTHY,False,0.0,1.0,OK,42
2026-01-01T00:05:01Z,O320_CLASS-SIM-01,O320_CLASS,HIGH_ALTITUDE_ISR,2869.3156615760295,-8.998964750734828,2282.819571798364,0.8896759111289858,111.05682450219186,785.0126051199624,78.1734750279735,59.46162210135088,29.82312383127478,0.7846443053868777,13.993088562628394,14.884519615422763,28.70514874145597,CLIMB,HEALTHY,False,0.0,1.0,OK,42
2026-01-01T00:05:02Z,O320_CLASS-SIM-01,O320_CLASS,HIGH_ALTITUDE_ISR,2888.2221503612454,-8.979005051097806,2272.212779032538,0.8887358321427659,110.67188192508232,786.2640516928016,78.1325152490707,59.98207400556187,29.861976995063706,0.8367308118345939,14.008852089971837,14.992261652632592,28.57907743581347,CLIMB,HEALTHY,False,0.0,1.0,OK,42
2026-01-01T00:05:03Z,O320_CLASS-SIM-01,O320_CLASS,HIGH_ALTITUDE_ISR,2904.998457328674,-8.850778423082636,2280.167286891799,0.8885095386676299,112.88446567725661,787.3852927088798,77.94837091737936,60.04863015365787,29.746872150897694,0.8258429261033654,13.971404288707465,14.686527955807593,28.923412493532908,CLIMB,HEALTHY,False,0.0,1.0,OK,42
2026-01-01T00:05:04Z,O320_CLASS-SIM-01,O320_CLASS,HIGH_ALTITUDE_ISR,2918.4192295694857,-9.031529986111037,2281.726502289867,0.8861178293130718,111.23084344529991,786.6674991778696,77.69367109908487,58.23876788942426,29.914067097933625,0.8813480511383796,13.987864102087393,14.747952026783837,28.52688758839922,CLIMB,HEALTHY,False,0.0,1.0,OK,42
2026-01-01T00:05:05Z,O320_CLASS-SIM-01,O320_CLASS,HIGH_ALTITUDE_ISR,2933.053034316897,-9.221901153039482,2272.0816044593066,0.8888256195814913,111.00328568449463,780.2168581214235,78.00968250828856,58.989114362819,29.936846029270942,0.8006817347634694,13.980984969507379,14.933372387769891,28.5217113839466,CLIMB,HEALTHY,False,0.0,1.0,OK,42
2026-01-01T00:05:06Z,O320_CLASS-SIM-01,O320_CLASS,HIGH_ALTITUDE_ISR,2951.116500383125,-9.058715621972393,2281.9756921634294,0.8894887205899045,111.91859772187496,780.6234465628054,77.5762553369053,58.203401263418044,29.798821036417305,0.8446902018810983,14.00774866353004,14.621649579906153,28.599285858870193,CLIMB,HEALTHY,False,0.0,1.0,OK,42
2026-01-01T00:05:07Z,O320_CLASS-SIM-01,O320_CLASS,HIGH_ALTITUDE_ISR,2964.1895740314458,-9.323053140455686,2272.7545685785585,0.8911420629021513,111.63618905909475,786.4886814294968,77.77706392791845,58.080893197978185,29.795565248872176,0.8368999755875078,13.998454566616248,14.910474500651226,28.88958087013668,CLIMB,HEALTHY,False,0.0,1.0,OK,42
2026-01-01T00:05:08Z,O320_CLASS-SIM-01,O320_CLASS,HIGH_ALTITUDE_ISR,2983.6261626601863,-9.42575879433718,2274.6551210478465,0.8908159366488473,111.5486318816166,786.7919389053087,77.99675098866334,58.70531166890923,29.89578673340003,0.895364119648038,13.976475173353228,14.807371136936617,28.777054387442593,CLIMB,HEALTHY,False,0.0,1.0,OK,42
2026-01-01T00:05:09Z,O320_CLASS-SIM-01,O320_CLASS,HIGH_ALTITUDE_ISR,2998.6735478462083,-9.530091420501998,2276.1642996329974,0.8902055766466924,113.0923704576529,780.4013948785688,77.2119042053222,57.689800381499325,29.816408312760576,0.8003776689984715,13.990136641139568,14.786894019442988,28.577199801401882,CLIMB,HEALTHY,False,0.0,1.0,OK,42
2026-01-01T00:05:10Z,O320_CLASS-SIM-01,O320_CLASS,HIGH_ALTITUDE_ISR,3011.1265078478996,-9.653505589697401,2279.7456678058916,0.8909429913361068,111.89306733521158,784.1137154268491,78.6852531568065,58.285201391818795,29.83318971568373,0.8188604142662509,13.973609754745256,14.784837319082692,28.54003541102636,CLIMB,HEALTHY,False,0.0,1.0,OK,42
2026-01-01T00:05:11Z,O320_CLASS-SIM-01,O320_CLASS,HIGH_ALTITUDE_ISR,3026.5385335082988,-9.830968645336966,2272.7790527508137,0.8893608220846465,112.18791176897922,783.183679003566,77.80696459549993,58.910377306810226,29.866089943788015,0.8414558923097765,13.954345862374705,14.959164468882536,28.598100000855435,CLIMB,HEALTHY,False,0.0,1.0,OK,42
2026-01-01T00:05:12Z,O320_CLASS-SIM-01,O320_CLASS,HIGH_ALTITUDE_ISR,3045.7431699492145,-9.681869819522218,2277.6110761583695,0.8894327948123141,113.26647189448457,786.201627315422,77.49860210695672,57.595686588311594,29.883321203779065,0.8417843788755055,13.945620416296322,14.790969029994404,28.524646310612304,CLIMB,HEALTHY,False,0.0,1.0,OK,42
2026-01-01T00:05:13Z,O320_CLASS-SIM-01,O320_CLASS,HIGH_ALTITUDE_ISR,3056.8622650117804,-9.92414280209252,2270.5714321589594,0.8892473153489219,114.77727181940831,780.4199897560188,77.40648480361207,55.90822189872764,29.853400535970163,0.8090294481147215,13.954794345501712,15.080106138867325,28.6648482519186,CLIMB,HEALTHY,False,0.0,1.0,OK,42
2026-01-01T00:05:14Z,O320_CLASS-SIM-01,O320_CLASS,HIGH_ALTITUDE_ISR,3076.0427110123273,-10.0491104765495,2278.969601658306,0.8894666571198344,112.2023054496251,779.0854827637994,77.53673852045053,58.501258606848694,29.99446766750611,0.8270021739296592,13.946883354219528,14.500480626510232,28.615562176966893,CLIMB,HEALTHY,False,0.0,1.0,OK,42
2026-01-01T00:05:15Z,O320_CLASS-SIM-01,O320_CLASS,HIGH_ALTITUDE_ISR,3089.0197425880897,-10.013281568122595,2276.233211228096,0.8903170033509102,113.02711623145566,784.7050634585565,77.7585987134768,57.174609258190145,29.976353337534594,0.8101537244287408,13.99286725663503,14.185611465086716,28.721256711868012,CLIMB,HEALTHY,False,0.0,1.0,OK,42
2026-01-01T00:05:16Z,O320_CLASS-SIM-01,O320_CLASS,HIGH_ALTITUDE_ISR,3109.610553024389,-10.193673080079147,2273.094444021608,0.8904997464125978,112.62627762988707,784.5771133321397,77.34375875777465,57.20966684744289,29.943369487880585,0.8628909154440363,13.948154399276724,14.60042203082323,28.42996753983621,CLIMB,HEALTHY,False,0.0,1.0,OK,42
2026-01-01T00:05:17Z,O320_CLASS-SIM-01,O320_CLASS,HIGH_ALTITUDE_ISR,3124.2471074978466,-10.450460680084523,2270.4120562519875,0.8908146812755896,113.3990589848432,785.6510508959216,77.52250296490384,57.42515138967024,29.841347245661602,0.8642759775402132,13.946101336123231,14.86481811699342,28.513134380563557,CLIMB,HEALTHY,False,0.0,1.0,OK,42
2026-01-01T00:05:18Z,O320_CLASS-SIM-01,O320_CLASS,HIGH_ALTITUDE_ISR,3137.3097142942215,-10.494143249351277,2277.5567332081823,0.8896625743445282,112.40173766788091,783.8057847633846,77.56282598592908,60.259035899143484,29.907650589250927,0.8080487321350613,14.011449380435977,14.310683122711557,28.5350083800423,CLIMB,HEALTHY,False,0.0,1.0,OK,42
2026-01-01T00:05:19Z,O320_CLASS-SIM-01,O320_CLASS,HIGH_ALTITUDE_ISR,3157.6212723716517,-10.522522485246556,2251.5640665856463,0.8884056949353764,115.46633422679345,783.8991986977527,77.26280217214976,56.847166854649586,29.868591833329123,0.8374070492732401,14.008746328141486,15.027622866990065,28.58629455123289,CLIMB,HEALTHY,False,0.0,1.0,OK,42
2026-01-01T00:05:20Z,O320_CLASS-SIM-01,O320_CLASS,HIGH_ALTITUDE_ISR,3168.3729032302845,-10.806597284506427,2268.6345289817637,0.8864448602732701,113.55885761017844,783.6359497196647,77.12040845936484,56.47551296552917,29.895050849364463,0.8427911177662748,14.000198216101891,14.909863360211041,28.52597737773113,CLIMB,HEALTHY,False,0.0,1.0,OK,42
2026-01-01T00:05:21Z,O320_CLASS-SIM-01,O320_CLASS,HIGH_ALTITUDE_ISR,3184.9918189807763,-10.870358271598903,2259.2208509290936,0.8898939452440353,114.34254391153154,777.5423557370505,77.23830508458836,58.158090009949134,29.90689531295553,0.7656512855077984,14.038779804562948,14.744455385833522,28.569618940037248,CLIMB,HEALTHY,False,0.0,1.0,OK,42
2026-01-01T00:05:22Z,O320_CLASS-SIM-01,O320_CLASS,HIGH_ALTITUDE_ISR,3202.451138985919,-10.86717635696106,2256.4279486922546,0.8932556956491442,115.25193292085129,784.7634789657982,77.76024978047822,56.29139058851935,29.969986326650385,0.7882934338436186,13.976356596178778,14.335442080804398,28.20288376515307,CLIMB,HEALTHY,False,0.0,1.0,OK,42
2026-01-01T00:05:23Z,O320_CLASS-SIM-01,O320_CLASS,HIGH_ALTITUDE_ISR,3218.070029396572,-11.035716741931084,2245.277182508721,0.8900318362898448,116.70210721994755,786.0990500002015,77.40399349978681,57.000680668303396,29.953667981182125,0.8665915204101013,13.957305050487017,14.747440636429198,28.551152345188825,CLIMB,HEALTHY,False,0.0,1.0,OK,42
2026-01-01T00:05:24Z,O320_CLASS-SIM-01,O320_CLASS,HIGH_ALTITUDE_ISR,3234.1641478137517,-11.036628132968355,2259.173139206518,0.8916485535483978,115.71979457939862,783.7351772716693,78.17177914692405,56.58400711881253,29.99360178308797,0.8430952370877509,14.065495341938753,14.434390279409579,28.399709648443515,CLIMB,HEALTHY,False,0.0,1.0,OK,42
2026-01-01T00:05:25Z,O320_CLASS-SIM-01,O320_CLASS,HIGH_ALTITUDE_ISR,3249.7022708163754,-11.059396373534636,2274.679543019426,0.887490411127228,115.46506744857818,785.3642978922356,77.74323780447445,56.02392533775078,29.98600908051595,0.8702563955638195,13.985105836194451,14.777220131010475,28.534082726428924,CLIMB,HEALTHY,False,0.0,1.0,OK,42
2026-01-01T00:05:26Z,O320_CLASS-SIM-01,O320_CLASS,HIGH_ALTITUDE_ISR,3264.696711126456,-11.125178526158402,2258.2734305755985,0.8870683821480602,113.2320878161663,780.4945273114753,77.52750298167311,56.67071579544369,29.929553943043384,0.8408052608130924,13.948052720964634,15.086178585115572,28.45706876192371,CLIMB,HEALTHY,False,0.0,1.0,OK,42
2026-01-01T00:05:27Z,O320_CLASS-SIM-01,O320_CLASS,HIGH_ALTITUDE_ISR,3279.905415078384,-11.251253175511245,2242.2795001029426,0.8871226348042578,115.77935581532849,777.9475286751299,77.86297940965265,57.80074713515872,29.903477179384907,0.8321351404851126,14.000199314947317,14.596704456785176,28.624454343401084,CLIMB,HEALTHY,False,0.0,1.0,OK,42
2026-01-01T00:05:28Z,O320_CLASS-SIM-01,O320_CLASS,HIGH_ALTITUDE_ISR,3295.2895731036006,-11.497566269925905,2249.5254280787485,0.8893272697070316,116.10374112179113,781.7472546712345,76.88477791907911,55.62522919948748,29.94484068625239,0.8939177367606781,13.978193111264545,14.610323695079547,28.60628200384621,CLIMB,HEALTHY,False,0.0,1.0,OK,42
2026-01-01T00:05:29Z,O320_CLASS-SIM-01,O320_CLASS,HIGH_ALTITUDE_ISR,3311.6777890836574,-11.584983523345374,2247.2022918590733,0.891397144602073,111.77967872892633,784.1186264219707,77.18513563882466,56.06267819876885,30.01288481414407,0.7912788420587261,13.945734250476894,14.668103211377733,28.550501670216743,CLIMB,HEALTHY,False,0.0,1.0,OK,42
2026-01-01T00:05:30Z,O320_CLASS-SIM-01,O320_CLASS,HIGH_ALTITUDE_ISR,3327.114994104338,-11.866634395135936,2246.895529747902,0.8910811862314475,115.02945155478359,783.1681259306998,77.24344931352204,55.76290809858663,30.015303438465452,0.8120079710380849,13.952590497159676,14.968399151725926,28.37714441794741,CLIMB,HEALTHY,False,0.0,1.0,OK,42
2026-01-01T00:05:31Z,O320_CLASS-SIM-01,O320_CLASS,HIGH_ALTITUDE_ISR,3342.6264275028575,-11.731333367767837,2252.775730836939,0.8889760128192632,117.5631557397696,782.7974454823118,76.37420851811595,56.451100220473,29.936472440038333,0.8209657588874363,13.973025585616206,14.680863619163157,28.47468431903692,CLIMB,HEALTHY,False,0.0,1.0,OK,42
2026-01-01T00:05:32Z,O320_CLASS-SIM-01,O320_CLASS,HIGH_ALTITUDE_ISR,3360.1788255739157,-11.916497304764361,2244.145837188048,0.8944426246336399,114.30800061428353,782.1235871017755,76.70460640691489,56.182789940214555,29.891068198056484,0.8012215047824097,13.996754983143537,14.799713047293302,28.56491897056512,CLIMB,HEALTHY,False,0.0,1.0,OK,42
2026-01-01T00:05:33Z,O320_CLASS-SIM-01,O320_CLASS,HIGH_ALTITUDE_ISR,3372.343192742412,-11.661965724525649,2241.1473370556687,0.891390454961921,116.5072032356577,783.2329544028469,76.93834506903697,56.110440552362874,29.91733199749381,0.8197752209010281,13.957663055987513,14.165743317107426,28.645010316959155,CLIMB,HEALTHY,False,0.0,1.0,OK,42
2026-01-01T00:05:34Z,O320_CLASS-SIM-01,O320_CLASS,HIGH_ALTITUDE_ISR,3390.6190800059167,-12.11253487474015,2245.1561298939578,0.8889885240910052,114.32360942401141,776.068064117868,77.4206874197849,56.30400386274809,29.934042622605247,0.7723912885122459,13.96758377403655,14.302955955927178,28.31974699667485,CLIMB,HEALTHY,False,0.0,1.0,OK,42
2026-01-01T00:05:35Z,O320_CLASS-SIM-01,O320_CLASS,HIGH_ALTITUDE_ISR,3405.3554345767257,-12.015538768995896,2245.695519652847,0.887314143719657,117.85696091708294,782.5035274249246,77.3709578356548,55.49251296929345,29.91734932586519,0.7305454603077165,13.993734710984185,14.774867385677284,28.444049314383644,CLIMB,HEALTHY,False,0.0,1.0,OK,42
2026-01-01T00:05:36Z,O320_CLASS-SIM-01,O320_CLASS,HIGH_ALTITUDE_ISR,3422.016382169468,-12.134022805105289,2235.1176842015802,0.8869683854850405,114.263426821026,785.9675002226069,77.56317476594414,53.925670860500176,29.874621069131514,0.8124027532487408,13.950256378754611,14.325403116709216,28.7597349074113,CLIMB,HEALTHY,False,0.0,1.0,OK,42
2026-01-01T00:05:37Z,O320_CLASS-SIM-01,O320_CLASS,HIGH_ALTITUDE_ISR,3438.4317728339374,-12.275536810829799,2240.979499496912,0.8895309680474425,115.2865798474906,780.7467125473823,77.43489382057481,54.284177629852174,30.03329932669183,0.8246875579109185,14.002615304051258,14.381360228607482,28.326645888659353,CLIMB,HEALTHY,False,0.0,1.0,OK,42
2026-01-01T00:05:38Z,O320_CLASS-SIM-01,O320_CLASS,HIGH_ALTITUDE_ISR,3451.9608533713035,-12.411529423174347,2246.0050353306547,0.8870958677195624,114.6427746394712,778.2049108676781,77.14870789454807,55.11445626094468,29.922303905544094,0.8789715237502873,13.961474902401124,14.961450181112834,28.38223663835633,CLIMB,HEALTHY,False,0.0,1.0,OK,42
2026-01-01T00:05:39Z,O320_CLASS-SIM-01,O320_CLASS,HIGH_ALTITUDE_ISR,3469.811608870142,-12.559710291327338,2230.859034529775,0.8908196395754908,115.81448252153591,783.153765710785,76.84492629145551,55.25459946997422,29.91637549306018,0.866224383424249,13.973044950124901,14.72943488130288,28.66305961521054,CLIMB,HEALTHY,False,0.0,1.0,OK,42
2026-01-01T00:05:40Z,O320_CLASS-SIM-01,O320_CLASS,HIGH_ALTITUDE_ISR,3486.9196971305337,-12.538902323283258,2232.0303313331565,0.8865098763288679,114.8894620001277,783.0228605390414,77.19166276343515,54.173613600551825,29.953412286933425,0.7567169943024199,13.961866273716781,14.217568189073315,28.535767359327185,CLIMB,HEALTHY,False,0.0,1.0,OK,42
2026-01-01T00:05:41Z,O320_CLASS-SIM-01,O320_CLASS,HIGH_ALTITUDE_ISR,3501.4928698649774,-12.469826244516488,2249.152565289517,0.8869936776611944,117.19372559138475,777.6261602336799,76.71610500514448,55.45208542062277,29.858065927806262,0.8146926427448151,13.932611669663606,14.650485649040835,28.291897734475587,CLIMB,HEALTHY,False,0.0,1.0,OK,42
2026-01-01T00:05:42Z,O320_CLASS-SIM-01,O320_CLASS,HIGH_ALTITUDE_ISR,3517.30303887285,-12.855434219783225,2252.539225681608,0.887791246845981,115.40803770366759,780.4193863795302,76.54111937429094,55.41002831521727,29.99859735964694,0.9146450438008356,13.944323389896065,14.551965558075954,28.36431306897058,CLIMB,HEALTHY,False,0.0,1.0,OK,42
2026-01-01T00:05:43Z,O320_CLASS-SIM-01,O320_CLASS,HIGH_ALTITUDE_ISR,3532.7255779591046,-12.903394567976207,2239.8773082222433,0.8898887012164621,115.7088562035292,783.4183046380516,77.27196076066247,54.97504095470657,29.956481970901567,0.9126425816413283,13.93822741210586,14.687160549359561,28.335266349048165,CLIMB,HEALTHY,False,0.0,1.0,OK,42
2026-01-01T00:05:44Z,O320_CLASS-SIM-01,O320_CLASS,HIGH_ALTITUDE_ISR,3550.826579271081,-12.929939013643086,2233.846804586078,0.8886795109745167,116.87774503732417,779.5775634929486,77.33760276487867,55.195654839066,29.986135209652748,0.8135982915590052,13.975428808955245,14.663794952820208,28.45378926988715,CLIMB,HEALTHY,False,0.0,1.0,OK,42
2026-01-01T00:05:45Z,O320_CLASS-SIM-01,O320_CLASS,HIGH_ALTITUDE_ISR,3562.927365014908,-12.911212841663405,2229.8408274678713,0.8884478650303521,116.30395695013702,785.1842367955506,76.65074726761407,54.19554480241852,29.929978353412352,0.8279134295123265,13.921065457183028,14.480594416126472,28.119200151163245,CLIMB,HEALTHY,False,0.0,1.0,OK,42
2026-01-01T00:05:46Z,O320_CLASS-SIM-01,O320_CLASS,HIGH_ALTITUDE_ISR,3579.9902616608215,-13.342624821406032,2225.3116019712375,0.8897020830034791,115.23923942021595,782.6939583796517,76.70955487623792,55.96455664358061,30.01906327392107,0.7743531978468543,13.934504603148985,14.745394054868047,28.399831749862372,CLIMB,HEALTHY,False,0.0,1.0,OK,42
2026-01-01T00:05:47Z,O320_CLASS-SIM-01,O320_CLASS,HIGH_ALTITUDE_ISR,3595.1163566098385,-13.179071578141592,2230.1996981061748,0.88765172334682,118.07464618216339,782.6406106809247,76.90398475406244,54.35171820352011,29.89775896821194,0.7721261349191852,13.971328258918973,14.55333612279354,28.447564662263446,CLIMB,HEALTHY,False,0.0,1.0,OK,42
2026-01-01T00:05:48Z,O320_CLASS-SIM-01,O320_CLASS,HIGH_ALTITUDE_ISR,3612.669991525562,-13.650320688581562,2233.274202861123,0.8877848293342299,116.20521439910506,784.1127147869825,77.30915082197335,54.7144921680204,30.07752282481036,0.7541214811180049,13.961306395465257,14.673192522800473,28.296283156515855,CLIMB,HEALTHY,False,0.0,1.0,OK,42
2026-01-01T00:05:49Z,O320_CLASS-SIM-01,O320_CLASS,HIGH_ALTITUDE_ISR,3627.302923664579,-13.740524411105222,2239.6638217801997,0.8894613485486036,117.49858135460632,775.8182197076103,76.53691261126683,54.83369533198621,29.991980158844264,0.7060190800017623,13.99858409627065,14.609581703094427,28.30774970495501,CLIMB,HEALTHY,False,0.0,1.0,OK,42
2026-01-01T00:05:50Z,O320_CLASS-SIM-01,O320_CLASS,HIGH_ALTITUDE_ISR,3644.085025988943,-13.778482853787889,2227.6087447718965,0.888000655919312,119.43106492273274,784.4253615982852,77.0454561489924,54.65137689819224,30.033601656589756,0.7632022638315825,13.980384934514197,14.385716182246494,28.475530779477186,CLIMB,HEALTHY,False,0.0,1.0,OK,42
2026-01-01T00:05:51Z,O320_CLASS-SIM-01,O320_CLASS,HIGH_ALTITUDE_ISR,3657.9921318919223,-13.703985417599533,2233.039467190509,0.8810761616805797,117.6309899710613,781.8879425712041,77.05791200291712,54.098939868183116,30.07923876656172,0.8256394948789845,13.973952281548899,14.824182163700847,28.47929985411858,CLIMB,HEALTHY,False,0.0,1.0,OK,42
2026-01-01T00:05:52Z,O320_CLASS-SIM-01,O320_CLASS,HIGH_ALTITUDE_ISR,3672.727047443953,-14.247232093548426,2227.2572280471068,0.8886823848789228,117.11557021229495,782.2016597513204,76.91702860573196,55.11100094145169,29.985471303419693,0.831592653378089,13.97576053083082,14.932291958779091,28.166070808647273,CLIMB,HEALTHY,False,0.0,1.0,OK,42
2026-01-01T00:05:53Z,O320_CLASS-SIM-01,O320_CLASS,HIGH_ALTITUDE_ISR,3689.1272024029854,-13.856518880488021,2242.422199686173,0.887578908457383,117.31147255688732,782.0076504295401,77.18304260806394,53.692357402166756,30.01984644219136,0.8598131721508676,14.017059942962755,14.736382681769076,28.425846401182874,CLIMB,HEALTHY,False,0.0,1.0,OK,42
2026-01-01T00:05:54Z,O320_CLASS-SIM-01,O320_CLASS,HIGH_ALTITUDE_ISR,3705.474442791499,-14.00250162753207,2228.111753242295,0.8874163180350818,116.51716473876705,783.2736252074025,76.3575393537552,53.533935190076555,30.011307154590824,0.8919361079325347,13.947428175516926,14.3780750820994,28.33376584874838,CLIMB,HEALTHY,False,0.0,1.0,OK,42
2026-01-01T00:05:55Z,O320_CLASS-SIM-01,O320_CLASS,HIGH_ALTITUDE_ISR,3723.7846420477135,-14.61027797495183,2219.9986143269866,0.8924378860602944,118.62004151381936,777.1821345362204,76.77492523565137,53.833125291824516,30.051827642128487,0.8855817926835374,13.97152800473735,14.403487187146009,28.531617525838026,CLIMB,HEALTHY,False,0.0,1.0,OK,42
2026-01-01T00:05:56Z,O320_CLASS-SIM-01,O320_CLASS,HIGH_ALTITUDE_ISR,3735.9896579917427,-14.445741365139092,2212.925902957555,0.8837833234579128,116.96008478772995,776.9187241327587,76.89509367388465,52.71917639974838,29.855429422493817,0.7699508491808004,13.945478751152772,14.380934743317512,28.63865368403572,CLIMB,HEALTHY,False,0.0,1.0,OK,42
2026-01-01T00:05:57Z,O320_CLASS-SIM-01,O320_CLASS,HIGH_ALTITUDE_ISR,3751.857463938844,-14.260917036075677,2225.8392404716715,0.8867672424005066,117.15866887356582,779.632330478512,76.44189467035639,53.71425270786793,30.003889079357744,0.7736283372012092,13.989154753820477,14.632877704155431,28.34068934000918,CLIMB,HEALTHY,False,0.0,1.0,OK,42
2026-01-01T00:05:58Z,O320_CLASS-SIM-01,O320_CLASS,HIGH_ALTITUDE_ISR,3768.736758089072,-14.507943748595665,2218.0375716944636,0.8869311159148324,117.54168877383267,777.3330279508245,76.07698764423317,53.19088193802235,30.04713637914663,0.783333740541211,14.034782863909673,14.741467074313736,28.600725679331937,CLIMB,HEALTHY,False,0.0,1.0,OK,42
2026-01-01T00:05:59Z,O320_CLASS-SIM-01,O320_CLASS,HIGH_ALTITUDE_ISR,3785.45212377737,-14.319755438944398,2217.670750597205,0.8816069202904112,117.87780234500792,781.0069712520459,76.76489019060043,53.59767963606153,30.0879170894143,0.8261096025991964,13.982892966669558,14.279040651487145,28.237948152602183,CLIMB,HEALTHY,False,0.0,1.0,OK,42
2026-01-01T00:06:00Z,O320_CLASS-SIM-01,O320_CLASS,HIGH_ALTITUDE_ISR,3802.4211708845373,-14.684864769727943,2217.9706683809836,0.8854238776795724,117.76092918525293,777.7550763386757,76.16924045006796,52.07649810770246,30.015202567594017,0.7868179735644831,13.991904628994627,14.581093767035329,28.43923953773773,CLIMB,HEALTHY,False,0.0,1.0,OK,42
2026-01-01T00:06:01Z,O320_CLASS-SIM-01,O320_CLASS,HIGH_ALTITUDE_ISR,3814.626060129409,-14.820469077181807,2224.835512935278,0.8880373297510302,118.55440538414555,782.1413191864315,76.66393878085368,53.810644155954165,30.003538823471114,0.737739705300448,13.966505187265343,14.683056468416986,28.482932294370823,CLIMB,HEALTHY,False,0.0,1.0,OK,42
2026-01-01T00:06:02Z,O320_CLASS-SIM-01,O320_CLASS,HIGH_ALTITUDE_ISR,3832.1147614736374,-14.956917674522876,2214.4858019901594,0.8876466664146307,119.30648703958643,777.9572845904526,77.082783509464,52.369605224344284,30.001931358755684,0.8754090018906541,13.984276738265754,14.406131548643542,28.436929234996725,CLIMB,HEALTHY,False,0.0,1.0,OK,42
2026-01-01T00:06:03Z,O320_CLASS-SIM-01,O320_CLASS,HIGH_ALTITUDE_ISR,3847.454410589008,-15.41878652419105,2212.6815127037403,0.8863797882472629,118.49496798583806,779.8932980055692,77.06910479913772,52.718199319993865,29.981298324195187,0.8226553340393128,13.948185737662856,14.450533987407598,28.347251625651364,CLIMB,HEALTHY,False,0.0,1.0,OK,42
2026-01-01T00:06:04Z,O320_CLASS-SIM-01,O320_CLASS,HIGH_ALTITUDE_ISR,3866.3257196629797,-15.445364898408949,2215.82142853982,0.8864123750351229,118.11416057494458,781.4411021101025,76.9209402226681,52.83675369526369,30.02371835118992,0.8048927885213502,13.954606290335706,14.463880149531574,28.360016990243512,CLIMB,HEALTHY,False,0.0,1.0,OK,42
2026-01-01T00:06:05Z,O320_CLASS-SIM-01,O320_CLASS,HIGH_ALTITUDE_ISR,3879.0823776755924,-15.098592264349895,2208.0820759830067,0.8842566968928918,117.08241906882247,781.2735135911761,76.67411895612052,53.17869996945109,29.968845536780336,0.8804792999107788,13.93925010942719,14.519455950192091,28.51357733944316,CLIMB,HEALTHY,False,0.0,1.0,OK,42
2026-01-01T00:06:06Z,O320_CLASS-SIM-01,O320_CLASS,HIGH_ALTITUDE_ISR,3892.9639748107506,-15.39583754266579,2218.3548494598494,0.8920112424472257,119.67158000792399,783.0393921154123,77.03463856843614,52.96842167057303,29.993926500777683,0.8511823504713986,13.912338367311934,14.871561910540079,28.412626830321415,CLIMB,HEALTHY,False,0.0,1.0,OK,42
2026-01-01T00:06:07Z,O320_CLASS-SIM-01,O320_CLASS,HIGH_ALTITUDE_ISR,3906.2098498642385,-15.46727961795848,2221.151635397542,0.885760520155155,120.29830852212419,776.8143845199914,76.00838319003525,52.51638411534277,30.048027840435154,0.794568180003912,13.993866746726301,14.25273744785758,28.4268108737681,CLIMB,HEALTHY,False,0.0,1.0,OK,42
2026-01-01T00:06:08Z,O320_CLASS-SIM-01,O320_CLASS,HIGH_ALTITUDE_ISR,3926.0278808826715,-15.752025911338931,2204.3676471640947,0.8861966615386702,121.948295549395,780.3035616851566,75.81895616860075,49.984675887527715,30.086162927612293,0.8043668787297251,13.991052619766448,14.239063495766574,28.429581506716456,CLIMB,HEALTHY,False,0.0,1.0,OK,42
2026-01-01T00:06:09Z,O320_CLASS-SIM-01,O320_CLASS,HIGH_ALTITUDE_ISR,3942.9359268612084,-15.687952879064301,2210.5122968801084,0.8861616367733078,120.3531050911019,778.7354808397736,76.877269697446,52.00304318919813,29.986148597887293,0.8870068117941815,13.938442550240183,14.311093653068959,28.364396329995852,CLIMB,HEALTHY,False,0.0,1.0,OK,42
2026-01-01T00:06:10Z,O320_CLASS-SIM-01,O320_CLASS,HIGH_ALTITUDE_ISR,3957.5081790718878,-15.781150694521386,2212.7838588499326,0.8859698582531931,120.04319966989007,772.7935123425292,77.21850982647851,52.15428478362551,30.084655014763,0.7525166364846555,13.942218769168479,14.279093910701238,28.591946181663406,CLIMB,HEALTHY,False,0.0,1.0,OK,42
2026-01-01T00:06:11Z,O320_CLASS-SIM-01,O320_CLASS,HIGH_ALTITUDE_ISR,3972.269427737895,-15.711750964921952,2206.7235695333475,0.8850824164416798,119.67076551834833,781.8127453530983,75.68873343253688,51.11910777063373,29.96131156269092,0.7638540115182538,13.931768282867008,14.037528763753599,28.25858983250084,CLIMB,HEALTHY,False,0.0,1.0,OK,42
2026-01-01T00:06:12Z,O320_CLASS-SIM-01,O320_CLASS,HIGH_ALTITUDE_ISR,3985.866817167488,-16.080476086342927,2220.5351528002125,0.8867331020664881,120.32288356128477,776.0120740622096,75.80878272965218,51.15983601508983,30.05956667449054,0.8417950857811406,13.982955106754275,14.592785856092494,28.255306427030433,CLIMB,HEALTHY,False,0.0,1.0,OK,42
2026-01-01T00:06:13Z,O320_CLASS-SIM-01,O320_CLASS,HIGH_ALTITUDE_ISR,4004.6664543782363,-16.078293972098184,2208.3283800282707,0.8899384533247838,118.11650727257748,777.8482026645996,76.88648549144088,50.79796901412266,30.032587543225656,0.7856209041292904,13.948953484570168,14.03013464346068,28.45246440844895,CLIMB,HEALTHY,False,0.0,1.0,OK,42
2026-01-01T00:06:14Z,O320_CLASS-SIM-01,O320_CLASS,HIGH_ALTITUDE_ISR,4021.3698012941395,-16.05615110865471,2201.9822681391706,0.8859754907173771,119.28505420445373,777.5192636023392,77.24176928643443,51.94675891453063,30.00844373425342,0.8137107972924843,13.914866682309249,14.123369974319454,28.2042381483441,CLIMB,HEALTHY,False,0.0,1.0,OK,42
2026-01-01T00:06:15Z,O320_CLASS-SIM-01,O320_CLASS,HIGH_ALTITUDE_ISR,4035.444646932818,-16.094176872883843,2212.581052150511,0.8867867313972354,119.17963885246377,776.9133161776456,76.46780569059075,51.26706608782186,30.056944285626173,0.8238671802340721,13.944726055096115,14.473643571511168,28.59655457903078,CLIMB,HEALTHY,False,0.0,1.0,OK,42
2026-01-01T00:06:16Z,O320_CLASS-SIM-01,O320_CLASS,HIGH_ALTITUDE_ISR,4051.5940636533714,-16.160136365579156,2211.438684547714,0.8827445283587055,119.31024181440745,776.0984453963599,75.99572133217643,51.59700879800307,30.10463474677087,0.8561351263415804,13.964203454930578,14.299722341223172,28.0425513845029,CLIMB,HEALTHY,False,0.0,1.0,OK,42
2026-01-01T00:06:17Z,O320_CLASS-SIM-01,O320_CLASS,HIGH_ALTITUDE_ISR,4067.6984769557175,-16.435486322797598,2207.438258665602,0.889829764546024,122.25647328047175,780.0609066270113,75.93150139046293,51.15836236306546,30.0721976389935,0.7746289691691725,13.96974139576492,14.494390444272234,28.18888722701386,CLIMB,HEALTHY,False,0.0,1.0,OK,42
2026-01-01T00:06:18Z,O320_CLASS-SIM-01,O320_CLASS,HIGH_ALTITUDE_ISR,4085.128558396978,-16.52632011659534,2191.1546100524633,0.8854528698388656,121.24065078610333,780.4460406155875,76.16004549081862,52.13062538639403,30.08933167800773,0.7527600405836099,13.912042005281684,14.679831638491956,28.528780408138356,CLIMB,HEALTHY,False,0.0,1.0,OK,42
2026-01-01T00:06:19Z,O320_CLASS-SIM-01,O320_CLASS,HIGH_ALTITUDE_ISR,4099.55843791968,-16.419625473304468,2212.453653345597,0.8868610846194533,119.94557048941982,782.2584230871506,76.48828727418808,51.05911939893943,30.049593168196044,0.8153510524257243,13.904135074850608,14.568145857562891,28.20360010105174,CLIMB,HEALTHY,False,0.0,1.0,OK,42
2026-01-01T00:06:20Z,O320_CLASS-SIM-01,O320_CLASS,HIGH_ALTITUDE_ISR,4115.3707269780525,-16.824539346900025,2200.90026369352,0.8839182790199019,120.98210700609091,782.5690776528331,76.806548014656,51.55088825869585,30.084771421542687,0.8385657294642137,13.987936088282133,14.179816231261618,28.332276387435048,CLIMB,HEALTHY,False,0.0,1.0,OK,42
2026-01-01T00:06:21Z,O320_CLASS-SIM-01,O320_CLASS,HIGH_ALTITUDE_ISR,4127.822618211203,-16.68014579457197,2218.5518885923666,0.8855305356196166,118.76250622294522,779.2836187017818,75.86967274685986,50.6361392410155,30.12039179334056,0.814698331027889,13.939164132130351,14.218920118611527,28.36002766862204,CLIMB,HEALTHY,False,0.0,1.0,OK,42
2026-01-01T00:06:22Z,O320_CLASS-SIM-01,O320_CLASS,HIGH_ALTITUDE_ISR,4145.6820979675285,-17.117311495966383,2198.388511286722,0.885987827221819,121.23622945795516,774.1433705452685,76.60574527197515,48.87528236171467,30.06976892390119,0.7794272145454779,13.958023470241804,14.515795082067305,28.507430568760018,CLIMB,HEALTHY,False,0.0,1.0,OK,42
2026-01-01T00:06:23Z,O320_CLASS-SIM-01,O320_CLASS,HIGH_ALTITUDE_ISR,4160.968429727009,-16.965253390140713,2201.6341259014534,0.8818238348298805,123.86853756351016,773.9959398250004,76.35675607676443,51.277811194521654,30.108890593441448,0.7841715657621524,13.97816668125384,13.979353259944181,28.325808656814726,CLIMB,HEALTHY,False,0.0,1.0,OK,42
2026-01-01T00:06:24Z,O320_CLASS-SIM-01,O320_CLASS,HIGH_ALTITUDE_ISR,4176.93196576295,-17.257150246865617,2202.5173617904256,0.8873401422706245,121.31441957601443,779.4603019054434,76.18771788644816,50.15116820433554,30.085230083303628,0.7916951943915501,13.932220591172689,14.470638745424113,28.368150567271737,CLIMB,HEALTHY,False,0.0,1.0,OK,42
2026-01-01T00:06:25Z,O320_CLASS-SIM-01,O320_CLASS,HIGH_ALTITUDE_ISR,4191.132543971115,-17.505599269656276,2201.5058932226166,0.8834928839325344,122.227715908082,779.3766355623911,75.63833161947245,49.63563389899172,30.184865562790183,0.8174579500243456,13.940314744405761,14.12411316300965,28.253661708179862,CLIMB,HEALTHY,False,0.0,1.0,OK,42
2026-01-01T00:06:26Z,O320_CLASS-SIM-01,O320_CLASS,HIGH_ALTITUDE_ISR,4207.473400755089,-17.227673359071595,2190.916682670068,0.8872487975714942,121.52395585593605,774.7316244571623,75.95510990886491,48.56503900363774,30.09811919369956,0.7963113385072556,13.977406110506186,13.880109676737092,28.50178551444176,CLIMB,HEALTHY,False,0.0,1.0,OK,42
2026-01-01T00:06:27Z,O320_CLASS-SIM-01,O320_CLASS,HIGH_ALTITUDE_ISR,4226.230898942496,-17.2746934654452,2195.732430171363,0.8870277936682055,120.37916697218543,779.0382979545312,75.79610985809073,49.24275866844084,30.050961589738343,0.8030588369657029,13.927707004028663,14.439799285444854,28.053551176253077,CLIMB,HEALTHY,False,0.0,1.0,OK,42
2026-01-01T00:06:28Z,O320_CLASS-SIM-01,O320_CLASS,HIGH_ALTITUDE_ISR,4237.550094425317,-17.358956699693277,2202.409345257127,0.8828396779331107,122.28151592712548,779.7201116071856,76.2512262281013,50.58196529951445,30.164934658166658,0.7733310745610061,13.953143773778386,14.33542108954339,28.281157271940646,CLIMB,HEALTHY,False,0.0,1.0,OK,42
2026-01-01T00:06:29Z,O320_CLASS-SIM-01,O320_CLASS,HIGH_ALTITUDE_ISR,4255.896773214351,-17.656199393955358,2194.4801797786336,0.8827796879248074,123.38823392461613,774.6460316058905,75.97525020560042,50.12666810572176,30.131087814618674,0.7175178940498554,13.978708442403725,14.164745353203811,28.50235435929486,CLIMB,HEALTHY,False,0.0,1.0,OK,42
2026-01-01T00:06:30Z,O320_CLASS-SIM-01,O320_CLASS,HIGH_ALTITUDE_ISR,4271.504974835448,-17.77677098230454,2208.5424150514746,0.8842601383972275,124.05417089679375,777.1002437249092,76.20773526475301,50.318363983591624,30.158578232703118,0.7745837602369294,13.922232707213308,14.168465919490705,28.331608219918667,CLIMB,HEALTHY,False,0.0,1.0,OK,42
2026-01-01T00:06:31Z,O320_CLASS-SIM-01,O320_CLASS,HIGH_ALTITUDE_ISR,4287.631734784638,-17.765218027788585,2202.6984173668093,0.8828014097452831,121.82879478083875,773.327654531574,76.83276760255625,50.40563630005171,30.14317611839669,0.7481201565088756,13.951492365209049,14.44954631775283,28.276033316693983,CLIMB,HEALTHY,False,0.0,1.0,OK,42
2026-01-01T00:06:32Z,O320_CLASS-SIM-01,O320_CLASS,HIGH_ALTITUDE_ISR,4305.317262140944,-17.627299405227653,2183.713727092474,0.882647183532738,121.79871966837658,780.8493586880144,76.41663770491705,49.95298098942999,30.124011666308107,0.7687907071529468,13.978001868331114,14.221390539378055,28.2722343005821,CLIMB,HEALTHY,False,0.0,1.0,OK,42
2026-01-01T00:06:33Z,O320_CLASS-SIM-01,O320_CLASS,HIGH_ALTITUDE_ISR,4320.357629101737,-18.104588129601364,2188.441395393212,0.8846507800406878,123.94945961133016,780.8656867951439,76.21299371494295,50.60355611338535,30.11518598644774,0.7728649901629782,13.970694515746665,14.353315186112326,28.09515379584817,CLIMB,HEALTHY,False,0.0,1.0,OK,42
2026-01-01T00:06:34Z,O320_CLASS-SIM-01,O320_CLASS,HIGH_ALTITUDE_ISR,4334.693080750048,-18.19113825722594,2185.2695805159783,0.8875313724236521,123.7143599126398,780.0979702910399,76.06329941659905,49.92551543604841,30.081341126989173,0.8013790297728046,13.951240707909111,13.962872795928098,28.224924780803594,CLIMB,HEALTHY,False,0.0,1.0,OK,42
2026-01-01T00:06:35Z,O320_CLASS-SIM-01,O320_CLASS,HIGH_ALTITUDE_ISR,4350.44100202815,-18.21899658691015,2192.077389726963,0.8833435358755758,123.8452315684782,776.1254000978264,74.7892378117281,49.37214290906146,30.185110096125722,0.7333550522709513,13.954004273406385,14.69512015149685,28.189071258890703,CLIMB,HEALTHY,False,0.0,1.0,OK,42
2026-01-01T00:06:36Z,O320_CLASS-SIM-01,O320_CLASS,HIGH_ALTITUDE_ISR,4366.6698902873095,-18.57893577191753,2200.439007400691,0.8842777791904513,123.48309149843851,779.8818985084031,76.18086008299863,48.95889984532176,30.10178372817366,0.8201504582151127,13.9316746386105,13.763654886601367,28.2924898711027,CLIMB,HEALTHY,False,0.0,1.0,OK,42
2026-01-01T00:06:37Z,O320_CLASS-SIM-01,O320_CLASS,HIGH_ALTITUDE_ISR,4380.18708841572,-18.243205885113586,2187.871251653559,0.8825723659358955,122.73384914025411,771.6881887605176,75.45569324155352,50.37195861272008,30.248721201999622,0.8291354785398729,13.947412012303374,14.179144014699585,28.154317892422327,CLIMB,HEALTHY,False,0.0,1.0,OK,42
2026-01-01T00:06:38Z,O320_CLASS-SIM-01,O320_CLASS,HIGH_ALTITUDE_ISR,4401.2377969971585,-18.61627526824262,2202.4190031148787,0.8871080266735412,121.62883982805667,774.662322552045,75.60709555930926,49.39451909513266,30.137097758579536,0.9196560813592926,13.917631755476444,14.338551755450611,28.387588179916065,CLIMB,HEALTHY,False,0.0,1.0,OK,42
2026-01-01T00:06:39Z,O320_CLASS-SIM-01,O320_CLASS,HIGH_ALTITUDE_ISR,4413.886530882185,-18.673750691110573,2176.1737276735485,0.8844722316484647,124.47758185736423,777.0617112025889,76.0820558987936,50.48797755270645,30.189940677078766,0.8023856882440401,13.914571429170033,14.125490626363137,28.259490576397464,CLIMB,HEALTHY,False,0.0,1.0,OK,42
2026-01-01T00:06:40Z,O320_CLASS-SIM-01,O320_CLASS,HIGH_ALTITUDE_ISR,4430.008148376641,-18.864342506817493,2176.085786811447,0.8818211334859568,122.02911853068787,775.5708245357134,75.24539757815299,48.45696463439108,30.126373433399277,0.745825083195686,13.960892617882775,14.454737636684573,28.207347899437387,CLIMB,HEALTHY,False,0.0,1.0,OK,42
2026-01-01T00:06:41Z,O320_CLASS-SIM-01,O320_CLASS,HIGH_ALTITUDE_ISR,4444.714829408956,-18.814292941886542,2176.90036322062,0.8825703346459413,125.59348131661906,778.2841475114811,76.05319823715516,49.89739372577968,30.050178062213934,0.8531435540952881,13.961038072430494,14.516574386419299,28.34516639109881,CLIMB,HEALTHY,False,0.0,1.0,OK,42
2026-01-01T00:06:42Z,O320_CLASS-SIM-01,O320_CLASS,HIGH_ALTITUDE_ISR,4461.184498348131,-19.038518604076526,2184.5913674179274,0.883450578256265,125.34680954756041,772.0229987027129,75.57528861021848,50.69222836550934,30.120708737197358,0.7891716238183512,13.922575221560159,14.342044863828976,28.17398602717851,CLIMB,HEALTHY,False,0.0,1.0,OK,42
2026-01-01T00:06:43Z,O320_CLASS-SIM-01,O320_CLASS,HIGH_ALTITUDE_ISR,4476.573435449642,-18.972207056631778,2175.107209062293,0.8855895679175427,125.44023353958086,778.541977943661,75.82750228311845,51.54886765117739,30.20770749361886,0.8114434011811713,13.922551641407203,14.22803029655181,28.495711904378158,CLIMB,HEALTHY,False,0.0,1.0,OK,42
2026-01-01T00:06:44Z,O320_CLASS-SIM-01,O320_CLASS,HIGH_ALTITUDE_ISR,4495.156894516032,-18.980102486785814,2186.023173277877,0.8814392968713595,125.18687899326042,772.7165143614003,75.15569052354107,49.046676838617955,30.184106112161206,0.8343131856378826,13.963520468670525,14.379410425766068,28.13140552394866,CLIMB,HEALTHY,False,0.0,1.0,OK,42
2026-01-01T00:06:45Z,O320_CLASS-SIM-01,O320_CLASS,HIGH_ALTITUDE_ISR,4508.175868306307,-19.530234184511844,2162.760213397699,0.8853701743085751,123.84778958012394,777.9166843319825,76.17343730736143,48.259384404797835,30.190424304188497,0.7714621191621477,13.89300730592887,14.271567342328057,28.205816336344,CLIMB,HEALTHY,False,0.0,1.0,OK,42
2026-01-01T00:06:46Z,O320_CLASS-SIM-01,O320_CLASS,HIGH_ALTITUDE_ISR,4523.413940558194,-19.110180013804648,2165.627054174664,0.8845929027645701,123.70755307457635,777.9214945038252,75.82891617963259,48.957800983248795,30.116624152966434,0.7670156385835238,13.975978760895565,14.677672685799035,28.345841046278977,CLIMB,HEALTHY,False,0.0,1.0,OK,42
2026-01-01T00:06:47Z,O320_CLASS-SIM-01,O320_CLASS,HIGH_ALTITUDE_ISR,4538.4686837336585,-19.45795551792699,2196.3016407875016,0.8839702777202033,126.80584384193888,773.7154055675458,75.6721807811777,49.04946376776788,30.186692204432955,0.7667148540068042,13.923653577987068,14.476284814246563,28.449878395819848,CLIMB,HEALTHY,False,0.0,1.0,OK,42
2026-01-01T00:06:48Z,O320_CLASS-SIM-01,O320_CLASS,HIGH_ALTITUDE_ISR,4557.823770892738,-19.34052153862318,2177.0079839109485,0.8830813052152404,126.82366841666855,777.2642752492214,75.27553069684714,47.626388022658176,30.194376721111873,0.7900111392249016,13.94692434132253,14.491594698403443,28.38235568677515,CLIMB,HEALTHY,False,0.0,1.0,OK,42
2026-01-01T00:06:49Z,O320_CLASS-SIM-01,O320_CLASS,HIGH_ALTITUDE_ISR,4573.291106168923,-20.003156341881926,2177.00858413639,0.8850313523534363,123.52195345599783,773.7597210282389,75.31184238978867,48.37013889105726,30.25412459441649,0.8777379038111494,13.923067033594146,14.349355490958509,28.349677570879194,CLIMB,HEALTHY,False,0.0,1.0,OK,42
2026-01-01T00:06:50Z,O320_CLASS-SIM-01,O320_CLASS,HIGH_ALTITUDE_ISR,4587.618475694309,-19.755893795529857,2176.4629203873183,0.8869553871551932,126.82872749961217,772.6619184624155,75.94587457153091,48.96616169357211,30.191429204252053,0.8418239809441713,13.952916583114769,14.26209509877641,28.28140518576478,CLIMB,HEALTHY,False,0.0,1.0,OK,42
2026-01-01T00:06:51Z,O320_CLASS-SIM-01,O320_CLASS,HIGH_ALTITUDE_ISR,4599.750411649078,-19.930115314641434,2167.739761332896,0.8811456225621334,127.37903612048251,776.4881500291216,75.59522939545616,47.699901787139694,30.193435518073983,0.8359576040088962,13.922244370076916,14.205040226387993,28.39079371892294,CLIMB,HEALTHY,False,0.0,1.0,OK,42
2026-01-01T00:06:52Z,O320_CLASS-SIM-01,O320_CLASS,HIGH_ALTITUDE_ISR,4615.614516824893,-20.029005834731183,2168.7054253183696,0.8831891304079468,125.20924300286022,775.487005687154,76.35621438301587,47.79208679093003,30.196156039340266,0.8758236459121947,13.93033214244813,14.654192460137123,28.258750260202024,CLIMB,HEALTHY,False,0.0,1.0,OK,42
2026-01-01T00:06:53Z,O320_CLASS-SIM-01,O320_CLASS,HIGH_ALTITUDE_ISR,4636.9321035980565,-20.010155016443235,2173.651817133429,0.8832638003646219,125.21586853046267,775.2477208688694,75.92533569800209,47.94021474900693,30.16868004582896,0.7857365905521982,13.976386453461805,14.501097434351664,28.155250718392256,CLIMB,HEALTHY,False,0.0,1.0,OK,42
2026-01-01T00:06:54Z,O320_CLASS-SIM-01,O320_CLASS,HIGH_ALTITUDE_ISR,4648.99711821383,-20.168096162049938,2182.4716030998115,0.8856253139499585,124.61655579204037,774.3133347307686,75.17380323879325,47.636171815371284,30.26766962629146,0.7385984416531197,13.897826022070669,13.981959115846143,28.29579478928875,CLIMB,HEALTHY,False,0.0,1.0,OK,42
2026-01-01T00:06:55Z,O320_CLASS-SIM-01,O320_CLASS,HIGH_ALTITUDE_ISR,4666.671872971702,-20.261697549585588,2178.7144273594636,0.8797454337498037,127.6993829896063,774.1085538228814,75.81832183180302,46.690918239647836,30.19063214101569,0.8046883461540539,13.980844618089462,13.787081709874201,28.254689397883375,CLIMB,HEALTHY,False,0.0,1.0,OK,42
2026-01-01T00:06:56Z,O320_CLASS-SIM-01,O320_CLASS,HIGH_ALTITUDE_ISR,4679.853628544768,-20.353805222998382,2174.585473984673,0.8857842170282261,125.78648631559712,777.1221105734179,76.04979006524667,46.33453655607262,30.223933967169533,0.8333134843494027,13.938190681470083,13.875006801903742,28.38890160503923,CLIMB,HEALTHY,False,0.0,1.0,OK,42
2026-01-01T00:06:57Z,O320_CLASS-SIM-01,O320_CLASS,HIGH_ALTITUDE_ISR,4695.422958980886,-20.55869715962108,2167.106745602972,0.8845792242515561,125.83224944215691,773.0078221057643,75.5247267935404,48.35372086138327,30.31061886757558,0.734409775318592,13.955193399415524,13.90037838167192,28.397665059507407,CLIMB,HEALTHY,False,0.0,1.0,OK,42
2026-01-01T00:06:58Z,O320_CLASS-SIM-01,O320_CLASS,HIGH_ALTITUDE_ISR,4711.555146141999,-20.735456491986604,2161.7747651843983,0.8829340218756468,127.12827453722227,775.8437564764203,75.46261057900401,46.38416879878582,30.235562548869982,0.7923271352222492,13.980366127847054,13.989396488247685,28.00189069677871,CLIMB,HEALTHY,False,0.0,1.0,OK,42
2026-01-01T00:06:59Z,O320_CLASS-SIM-01,O320_CLASS,HIGH_ALTITUDE_ISR,4728.65266469968,-20.542181170831437,2166.8388595674123,0.882625351759679,125.85279688451266,778.9441254830803,75.03285935290215,46.76723813189553,30.230599048457005,0.7199415810849059,13.983533028538819,14.31670560126178,28.374508497028938,CLIMB,HEALTHY,False,0.0,1.0,OK,42
2026-01-01T00:07:00Z,O320_CLASS-SIM-01,O320_CLASS,HIGH_ALTITUDE_ISR,4745.2816199623685,-20.863057416507345,2156.109718444551,0.882682812080513,125.8842527199573,775.6802885384486,75.74722088868168,48.42847114171454,30.22360703751836,0.8309028174149198,13.936162469779113,14.035421264264452,28.308069943848484,CLIMB,HEALTHY,False,0.0,1.0,OK,42
2026-01-01T00:07:01Z,O320_CLASS-SIM-01,O320_CLASS,HIGH_ALTITUDE_ISR,4759.605475876111,-20.900825835379557,2155.1901503045856,0.8811379792029487,127.97489887734675,776.596800985038,75.0100808010163,47.6829851551063,30.181300404268576,0.7943178713369843,13.987366926298215,14.351202661573067,28.35379867206486,CLIMB,HEALTHY,False,0.0,1.0,OK,42
2026-01-01T00:07:02Z,O320_CLASS-SIM-01,O320_CLASS,HIGH_ALTITUDE_ISR,4778.789111463611,-21.14910041967599,2154.8586605641453,0.8813952616323822,127.06542764157054,768.408859343929,75.30123200692188,46.61030535600743,30.25004092036296,0.8074927663638015,13.926619755251872,14.29116843872892,28.34030943221385,CLIMB,HEALTHY,False,0.0,1.0,OK,42
2026-01-01T00:07:03Z,O320_CLASS-SIM-01,O320_CLASS,HIGH_ALTITUDE_ISR,4790.513847981979,-21.21978697164069,2144.00991907339,0.8805964578290392,126.63883772763776,774.3957959176654,74.98593595805045,46.53466734527333,30.15249934968058,0.7999793389465352,13.957194430237253,14.238624000618113,28.231079624226588,CLIMB,HEALTHY,False,0.0,1.0,OK,42
2026-01-01T00:07:04Z,O320_CLASS-SIM-01,O320_CLASS,HIGH_ALTITUDE_ISR,4805.095797912656,-21.341141197732078,2157.6227258696654,0.8819094587568749,127.77930340239229,777.6893629804108,75.66883891261342,46.05488045668044,30.250596183035256,0.8184861335135862,13.920023584302701,14.344610633890943,28.202577818152086,CLIMB,HEALTHY,False,0.0,1.0,OK,42
2026-01-01T00:07:05Z,O320_CLASS-SIM-01,O320_CLASS,HIGH_ALTITUDE_ISR,4821.0332179131265,-21.282182554267386,2161.6864177985512,0.8821989657292826,127.80446077061443,772.2429093659212,75.5679896707266,46.70959866454749,30.22790583677219,0.806899434699343,13.909350933649458,13.903191932870097,27.892554877690152,CLIMB,HEALTHY,False,0.0,1.0,OK,42
2026-01-01T00:07:06Z,O320_CLASS-SIM-01,O320_CLASS,HIGH_ALTITUDE_ISR,4839.736002276625,-21.634609281339795,2160.082012945786,0.8833345690424717,128.73286155090372,770.9456786960235,75.27783548193024,47.98004674001991,30.308203679721004,0.8318468626272651,13.953896467060108,13.869861663428829,28.329255393600885,CLIMB,HEALTHY,False,0.0,1.0,OK,42
2026-01-01T00:07:07Z,O320_CLASS-SIM-01,O320_CLASS,HIGH_ALTITUDE_ISR,4854.392597786509,-21.471013351301664,2153.0306265932836,0.882184997971851,128.368205140297,774.4864984941182,75.48137746766375,46.07992838033661,30.158225466154448,0.8570859829515913,14.018232745724857,14.227376039738601,28.02028230490084,CLIMB,HEALTHY,False,0.0,1.0,OK,42
2026-01-01T00:07:08Z,O320_CLASS-SIM-01,O320_CLASS,HIGH_ALTITUDE_ISR,4869.210577695107,-21.581039772049767,2167.8954038132065,0.8800433545333854,128.18377693575903,774.2757000420497,75.6097335822216,46.167864184027245,30.15009788517116,0.8166835866866198,13.977082724036414,14.08926261861084,28.277089464372754,CLIMB,HEALTHY,False,0.0,1.0,OK,42
2026-01-01T00:07:09Z,O320_CLASS-SIM-01,O320_CLASS,HIGH_ALTITUDE_ISR,4885.399374266971,-21.88658814143111,2164.4521735883964,0.8831823991030363,129.0837258612907,777.4562086607579,74.82200462937797,45.900583457328246,30.239081402142947,0.769004717333961,13.966616941958444,14.05745731356036,28.064849219459,CLIMB,HEALTHY,False,0.0,1.0,OK,42
2026-01-01T00:07:10Z,O320_CLASS-SIM-01,O320_CLASS,HIGH_ALTITUDE_ISR,4901.950509364634,-21.83648622141602,2162.7936972232396,0.8831319608186405,129.2115270053928,774.416685168386,75.14871743200969,45.66868730648583,30.248519947281878,0.7779942774489146,13.99360180144791,14.434256331673598,28.306084054777784,CLIMB,HEALTHY,False,0.0,1.0,OK,42
2026-01-01T00:07:11Z,O320_CLASS-SIM-01,O320_CLASS,HIGH_ALTITUDE_ISR,4918.160293001532,-21.97754570949903,2144.303905613059,0.88185160617064,128.94326110980217,774.1046165333335,75.3919113552453,46.878183591701145,30.202360797192362,0.7637387228620591,13.986217376000523,14.285866790757622,28.149974938477758,CLIMB,HEALTHY,False,0.0,1.0,OK,42
2026-01-01T00:07:12Z,O320_CLASS-SIM-01,O320_CLASS,HIGH_ALTITUDE_ISR,4933.172516579904,-22.082073758667896,2153.723324170251,0.8831675884066995,132.02756541070275,773.9203703237329,75.4492519014976,44.691393605071056,30.215611144342876,0.8399572832753457,13.954545965685499,12.990260370843469,28.307129801647985,CLIMB,HEALTHY,False,0.0,1.0,OK,42
2026-01-01T00:07:13Z,O320_CLASS-SIM-01,O320_CLASS,HIGH_ALTITUDE_ISR,4951.951320666018,-22.46836761939946,2164.704848127152,0.8766165825659087,130.27573058217774,773.3393450776465,74.224365427595,46.29693946393481,30.300282942816843,0.8051035554111237,13.959806436680251,13.97904459253853,27.924256942251375,CLIMB,HEALTHY,False,0.0,1.0,OK,42
2026-01-01T00:07:14Z,O320_CLASS-SIM-01,O320_CLASS,HIGH_ALTITUDE_ISR,4965.85261084832,-22.008833208379347,2160.666587705796,0.878123013772896,127.49738235846101,771.1610191217791,74.50733041953991,45.874834059099605,30.26529372121392,0.7330817912220995,13.965360839981726,14.226671182002963,28.118683959876474,CLIMB,HEALTHY,False,0.0,1.0,OK,42
2026-01-01T00:07:15Z,O320_CLASS-SIM-01,O320_CLASS,HIGH_ALTITUDE_ISR,4980.296772576579,-22.666081287459065,2148.0532152105934,0.8820518069852977,129.68344400973044,774.1380866651632,75.22240937223016,45.52745876984313,30.26281181394183,0.8301175039077464,13.938967697374917,14.150232457745169,28.170427927212053,CLIMB,HEALTHY,False,0.0,1.0,OK,42
2026-01-01T00:07:16Z,O320_CLASS-SIM-01,O320_CLASS,HIGH_ALTITUDE_ISR,4995.326157921577,-22.39749397588829,2145.3520527550404,0.8827476024439597,129.68111342590487,772.345997641401,74.97367298004124,45.23188721451101,30.169088300377503,0.8050967830648271,13.948564972163641,14.277696792712634,28.116084140322318,CLIMB,HEALTHY,False,0.0,1.0,OK,42
2026-01-01T00:07:17Z,O320_CLASS-SIM-01,O320_CLASS,HIGH_ALTITUDE_ISR,5014.880112475253,-22.635201132918183,2141.8767060973764,0.8799262104072283,127.73333040799017,776.8523280135274,75.6335998448107,46.018429089825,30.209447363114432,0.8619768941941137,13.930853194575834,13.992475213746234,28.408843953948587,CLIMB,HEALTHY,False,0.0,1.0,OK,42
2026-01-01T00:07:18Z,O320_CLASS-SIM-01,O320_CLASS,HIGH_ALTITUDE_ISR,5028.7661436544995,-22.35039008474237,2149.9522581442066,0.8810577902526945,129.24727336537146,768.3181757551753,74.95400266720694,46.35295524563804,30.287064105055354,0.7900841665902198,13.911343212033229,14.110909307268543,28.34263288714791,CLIMB,HEALTHY,False,0.0,1.0,OK,42
2026-01-01T00:07:19Z,O320_CLASS-SIM-01,O320_CLASS,HIGH_ALTITUDE_ISR,5044.1645974032235,-22.757860094925363,2140.6728883842306,0.8835244870850141,126.39112839723624,773.8076723151987,76.07386314335382,44.1300281374554,30.24792166104931,0.7887015169752434,13.927100510487415,14.307750925754375,28.259037542392605,CLIMB,HEALTHY,False,0.0,1.0,OK,42
2026-01-01T00:07:20Z,O320_CLASS-SIM-01,O320_CLASS,HIGH_ALTITUDE_ISR,5059.4877098180805,-22.765594301009795,2146.269796376649,0.8880881240393754,130.49957987746603,773.2536390269379,74.34186576722729,44.801411509610055,30.320223895723007,0.7353462428097568,13.876038302601893,14.051209468280135,28.391243940733496,CLIMB,HEALTHY,False,0.0,1.0,OK,42
2026-01-01T00:07:21Z,O320_CLASS-SIM-01,O320_CLASS,HIGH_ALTITUDE_ISR,5075.063571843044,-23.037918690393948,2130.356298663922,0.882571174912071,131.28061889476496,768.2259621269523,75.46020983868003,45.74817176138793,30.32233282314001,0.8118525298694181,13.960162795103036,14.167790975434944,28.313368798831828,CLIMB,HEALTHY,False,0.0,1.0,OK,42
2026-01-01T00:07:22Z,O320_CLASS-SIM-01,O320_CLASS,HIGH_ALTITUDE_ISR,5088.012604087055,-23.314973729858043,2138.425719618445,0.8813452979282598,131.12255551927214,773.4068409216067,75.43360826663785,45.95385378755283,30.224956917552657,0.7978020282359761,13.914904936226336,13.985036048249162,28.2288356497013,CLIMB,HEALTHY,False,0.0,1.0,OK,42
2026-01-01T00:07:23Z,O320_CLASS-SIM-01,O320_CLASS,HIGH_ALTITUDE_ISR,5101.368413366774,-22.83044302368368,2147.935800910498,0.8803518033257164,133.1399160194046,771.641386059516,75.02016796461275,44.54480574088195,30.354032040413365,0.7838075006248634,13.944612247036826,14.327537301873646,28.26581016056731,CLIMB,HEALTHY,False,0.0,1.0,OK,42
2026-01-01T00:07:24Z,O320_CLASS-SIM-01,O320_CLASS,HIGH_ALTITUDE_ISR,5122.140700124522,-23.127885798590825,2162.804312840991,0.8821163023790803,131.13804559346994,772.8513426388768,75.47175143889015,44.354579667887805,30.260369970792617,0.7262575225011713,13.904399801755433,13.891642609329914,28.167124290436032,CLIMB,HEALTHY,False,0.0,1.0,OK,42
2026-01-01T00:07:25Z,O320_CLASS-SIM-01,O320_CLASS,HIGH_ALTITUDE_ISR,5140.616587951618,-23.31636033852048,2134.2929001075895,0.8799637921156915,132.81907457829618,775.1560954559382,74.9392841656673,44.379354770106225,30.333383011507607,0.7477709526745102,13.95146513518585,14.58376508663374,28.20379708560091,CLIMB,HEALTHY,False,0.0,1.0,OK,42
2026-01-01T00:07:26Z,O320_CLASS-SIM-01,O320_CLASS,HIGH_ALTITUDE_ISR,5152.540289484812,-23.43751876867335,2136.92370411696,0.8785697930038512,132.1826449830043,775.0489339142576,74.78413120522306,44.33102410350007,30.23190573786171,0.7812558558336999,13.922621829081756,13.757356770576767,28.45430124379301,CLIMB,HEALTHY,False,0.0,1.0,OK,42
2026-01-01T00:07:27Z,O320_CLASS-SIM-01,O320_CLASS,HIGH_ALTITUDE_ISR,5170.1441836695685,-23.515529622684483,2146.8463794248414,0.8828383687298158,131.0182797521416,772.85049143636,74.78137643700303,44.88301885016358,30.29991330220648,0.7716965555032979,13.899402847649467,14.041195676195388,28.137320970416543,CLIMB,HEALTHY,False,0.0,1.0,OK,42
2026-01-01T00:07:28Z,O320_CLASS-SIM-01,O320_CLASS,HIGH_ALTITUDE_ISR,5182.349626813622,-23.627554438370396,2146.5984909285817,0.8862912808516524,131.2177704231464,770.7370757046907,74.42574003410996,44.59859538413229,30.295786526266838,0.7543012417547241,13.9338231128137,13.50449832322123,28.30440666463706,CLIMB,HEALTHY,False,0.0,1.0,OK,42
2026-01-01T00:07:29Z,O320_CLASS-SIM-01,O320_CLASS,HIGH_ALTITUDE_ISR,5199.769907036418,-23.81121697123047,2126.5599387998545,0.8800081323072497,131.5254809999753,771.970357460437,75.04194630175473,45.48237442907846,30.325145128591654,0.8249902483509325,13.982243603404683,14.136126888536605,28.157436112651023,CLIMB,HEALTHY,False,0.0,1.0,OK,42
2026-01-01T00:07:30Z,O320_CLASS-SIM-01,O320_CLASS,HIGH_ALTITUDE_ISR,5218.18033452605,-23.747381940439084,2142.2609048260265,0.8782018559170388,131.02560982557642,771.2261619777472,75.1424715615564,44.21346831883856,30.348189078268387,0.8388641446733849,13.974625335622186,14.289627079651627,28.00488842262398,CLIMB,HEALTHY,False,0.0,1.0,OK,42
2026-01-01T00:07:31Z,O320_CLASS-SIM-01,O320_CLASS,HIGH_ALTITUDE_ISR,5233.13136065659,-24.101777504291448,2122.9798980668215,0.8804744404519377,133.80000810783378,772.9798484148843,75.61834174286766,44.27175924428736,30.41656894639126,0.7931069820129375,13.939114642252074,13.662943271036335,28.324520508634794,CLIMB,HEALTHY,False,0.0,1.0,OK,42
2026-01-01T00:07:32Z,O320_CLASS-SIM-01,O320_CLASS,HIGH_ALTITUDE_ISR,5247.394960454737,-24.210020108874268,2145.523481298143,0.8833040996585796,133.74433869497673,770.8371951615734,74.77144744712007,43.981519859781315,30.33613497287896,0.8479006129226275,13.949274911906494,14.471069244902777,28.290017118647455,CLIMB,HEALTHY,False,0.0,1.0,OK,42
2026-01-01T00:07:33Z,O320_CLASS-SIM-01,O320_CLASS,HIGH_ALTITUDE_ISR,5263.536689797717,-24.090971066858426,2148.0235233953704,0.8849225038926085,133.98629299339058,771.7215221569213,74.68580522351303,44.389685800255755,30.383535132805722,0.8028611231372322,13.951657023094727,13.984758435708867,28.1037594201296,CLIMB,HEALTHY,False,0.0,1.0,OK,42
2026-01-01T00:07:34Z,O320_CLASS-SIM-01,O320_CLASS,HIGH_ALTITUDE_ISR,5279.386427869664,-24.29727869480576,2147.22432065369,0.8803847699738026,132.80189867578304,769.4085382803595,75.03980459133308,44.92159892317106,30.38388572964536,0.7933977093320823,13.955042516657922,13.928090700136304,28.229654266439344,CLIMB,HEALTHY,False,0.0,1.0,OK,42
2026-01-01T00:07:35Z,O320_CLASS-SIM-01,O320_CLASS,HIGH_ALTITUDE_ISR,5295.841318099119,-24.411167749319684,2133.6862237143228,0.8817063137025898,132.56311801005248,770.8803702059122,75.41679149239091,45.896116935103514,30.245264000380384,0.7346374874506024,13.908888393806848,13.935232287420895,28.282330183631977,CLIMB,HEALTHY,False,0.0,1.0,OK,42
2026-01-01T00:07:36Z,O320_CLASS-SIM-01,O320_CLASS,HIGH_ALTITUDE_ISR,5311.9979905241835,-24.49641755170515,2135.9215048529577,0.879356568427484,132.80108776253144,771.3509888796369,74.08087953099292,42.69805384683893,30.252222632403026,0.8153343081975404,13.94475498656854,14.108402595628474,27.86952975468111,CLIMB,HEALTHY,False,0.0,1.0,OK,42
2026-01-01T00:07:37Z,O320_CLASS-SIM-01,O320_CLASS,HIGH_ALTITUDE_ISR,5324.626501822774,-24.525054720998554,2108.567641289345,0.8831282710608787,131.08458755414566,773.4241838182088,74.33987642858611,44.365646017827444,30.471524642069223,0.693596953171778,13.958047280734442,13.498186307549767,28.207011487498896,CLIMB,HEALTHY,False,0.0,1.0,OK,42
2026-01-01T00:07:38Z,O320_CLASS-SIM-01,O320_CLASS,HIGH_ALTITUDE_ISR,5342.282434347263,-24.707384503482565,2122.611636637696,0.8821783661696103,131.71367211506586,774.3344943204344,74.51237917502286,42.30379007704685,30.39367616774038,0.781584866052686,13.994206942044537,14.25016248651033,28.02079568546093,CLIMB,HEALTHY,False,0.0,1.0,OK,42
2026-01-01T00:07:39Z,O320_CLASS-SIM-01,O320_CLASS,HIGH_ALTITUDE_ISR,5358.205848631928,-24.811010975717128,2141.2248301909535,0.8814305909822898,133.84298789644902,770.6452649708331,74.63665028465292,44.369034392722064,30.31692438965385,0.7682336289250236,13.919834812769503,13.800985403844946,27.927727775943378,CLIMB,HEALTHY,False,0.0,1.0,OK,42
2026-01-01T00:07:40Z,O320_CLASS-SIM-01,O320_CLASS,HIGH_ALTITUDE_ISR,5372.948511111585,-24.70671844013393,2126.4720364039194,0.8819026504976061,130.83726748032103,772.4802881506216,74.57315057565975,42.839625336734535,30.32859397691401,0.7639558902226793,13.872846212850655,14.164598677605564,28.172022682043927,CLIMB,HEALTHY,False,0.0,1.0,OK,42
2026-01-01T00:07:41Z,O320_CLASS-SIM-01,O320_CLASS,HIGH_ALTITUDE_ISR,5389.343901132693,-25.17872410210716,2115.477543249965,0.8808798841795683,135.92884781303422,771.4819551375697,74.06543030541872,43.30428588693074,30.319682745296102,0.8181064581668565,13.954557156110743,13.182197812684505,28.214887485483942,CLIMB,HEALTHY,False,0.0,1.0,OK,42
2026-01-01T00:07:42Z,O320_CLASS-SIM-01,O320_CLASS,HIGH_ALTITUDE_ISR,5404.050336441299,-25.34937042232841,2124.8413348182135,0.8811923125884303,132.20538678802177,772.649992147407,74.90473848431981,43.061187125708,30.281769679747747,0.7441258370211286,13.966926092437685,13.545471274388234,28.290306061573947,CLIMB,HEALTHY,False,0.0,1.0,OK,42
2026-01-01T00:07:43Z,O320_CLASS-SIM-01,O320_CLASS,HIGH_ALTITUDE_ISR,5421.048497557601,-25.252801100872354,2111.7982838520843,0.8800152087150515,135.09272839640448,767.462021099378,74.77974997164509,42.99422814182668,30.29576109795254,0.8172445551961809,13.869873660212901,14.00457737091498,28.371088330616548,CLIMB,HEALTHY,False,0.0,1.0,OK,42
2026-01-01T00:07:44Z,O320_CLASS-SIM-01,O320_CLASS,HIGH_ALTITUDE_ISR,5439.196951745687,-25.282269732659955,2122.164546192878,0.8789753084671517,134.17568157938155,772.0770426719176,74.23831543898274,43.42836806411861,30.437401967513534,0.7803394065305643,13.895403020795282,13.576357964804995,28.242198677111848,CLIMB,HEALTHY,False,0.0,1.0,OK,42
2026-01-01T00:07:45Z,O320_CLASS-SIM-01,O320_CLASS,HIGH_ALTITUDE_ISR,5452.688158509338,-25.311530921145952,2119.425067668806,0.8818464322802648,134.53261108195153,768.8007256294796,74.38175553806767,41.76419469044912,30.433004024146232,0.7787169964134,13.954864055714951,13.772970557787051,27.965468677677062,CLIMB,HEALTHY,False,0.0,1.0,OK,42
2026-01-01T00:07:46Z,O320_CLASS-SIM-01,O320_CLASS,HIGH_ALTITUDE_ISR,5468.167697752141,-25.380191490363483,2118.6455777866922,0.8783823928446647,135.0931170538707,771.7939864314923,75.18026077258301,42.90424621064627,30.368524822433063,0.8111012394445781,13.900732206036192,13.661005227006797,27.958220629498086,CLIMB,HEALTHY,False,0.0,1.0,OK,42
2026-01-01T00:07:47Z,O320_CLASS-SIM-01,O320_CLASS,HIGH_ALTITUDE_ISR,5482.261040625721,-25.528366203954615,2124.2502633453882,0.8802207205212446,131.97990383885409,775.5995491480952,74.1464038609115,44.16210216764949,30.26664929050055,0.7495925718018284,13.869031486467527,13.987026598267063,27.953166983307053,CLIMB,HEALTHY,False,0.0,1.0,OK,42
2026-01-01T00:07:48Z,O320_CLASS-SIM-01,O320_CLASS,HIGH_ALTITUDE_ISR,5498.390499768852,-25.95587713257616,2127.2682724900833,0.8814229273031351,137.4508233674756,768.6610003943697,74.57265612566387,41.388588415456496,30.325142619212595,0.7610936201271675,13.948845032855438,14.145414613625686,28.26456915124941,CLIMB,HEALTHY,False,0.0,1.0,OK,42
2026-01-01T00:07:49Z,O320_CLASS-SIM-01,O320_CLASS,HIGH_ALTITUDE_ISR,5499.7278450837375,-25.606678227004963,2047.8046249500235,0.7193111236685233,100.6257163027945,731.99138344274,73.61031745011447,42.119203074699655,25.764942802135828,0.6894873610440522,13.99128272975408,12.357159991234308,27.390042010249523,CRUISE,HEALTHY,False,0.0,1.0,OK,42
2026-01-01T00:07:50Z,O320_CLASS-SIM-01,O320_CLASS,HIGH_ALTITUDE_ISR,5501.573704402071,-25.79503350690246,1996.8128158205882,0.718518182935372,98.74495081089779,733.4449535208714,71.25566218127601,40.42339399412274,25.289354763503837,0.6618920632266533,13.965604672241053,11.842785420418528,27.44757725391196,CRUISE,HEALTHY,False,0.0,1.0,OK,42
2026-01-01T00:07:51Z,O320_CLASS-SIM-01,O320_CLASS,HIGH_ALTITUDE_ISR,5502.57964193592,-25.812292249113263,1946.1948079217736,0.7214444328370481,96.46122364929163,730.450258934812,70.8809128443453,40.676824062646475,25.002958498909578,0.7004230321580676,13.852715503291185,11.464593212820374,27.16430435578056,CRUISE,HEALTHY,False,0.0,1.0,OK,42
2026-01-01T00:07:52Z,O320_CLASS-SIM-01,O320_CLASS,HIGH_ALTITUDE_ISR,5502.380298066324,-26.08848451369176,1929.4446105933619,0.722736695807818,96.19124997507527,726.26208101696,71.16199339675528,40.23980164121283,24.81208646317323,0.6362847534349735,13.875020528222098,10.888661707275238,26.758428977585112,CRUISE,HEALTHY,False,0.0,1.0,OK,42
2026-01-01T00:07:53Z,O320_CLASS-SIM-01,O320_CLASS,HIGH_ALTITUDE_ISR,5506.890955850237,-25.878486929362758,1904.459884506285,0.717441643938362,92.71848877281292,728.4375834013097,70.79067598950363,38.45371519586271,24.580758399055803,0.605514044930617,13.915520124343352,10.970342953762074,26.900001925991162,CRUISE,HEALTHY,False,0.0,1.0,OK,42
2026-01-01T00:07:54Z,O320_CLASS-SIM-01,O320_CLASS,HIGH_ALTITUDE_ISR,5506.061240573267,-25.86030326940163,1909.5974328124792,0.7208558237919368,92.88977335904116,716.3888869788627,69.62052172220788,40.98419682171165,24.54499401298239,0.5676650830192844,13.873156699966238,10.483923225793355,27.200183038545557,CRUISE,HEALTHY,False,0.0,1.0,OK,42
2026-01-01T00:07:55Z,O320_CLASS-SIM-01,O320_CLASS,HIGH_ALTITUDE_ISR,5507.310861867858,-25.910308222848602,1886.712292985561,0.7145074911640852,90.15124330680972,722.4425365823226,69.7646117196217,37.32789143328453,24.373062029301458,0.678096773765287,13.83662550713749,10.759288985135452,26.915881467365796,CRUISE,HEALTHY,False,0.0,1.0,OK,42
2026-01-01T00:07:56Z,O320_CLASS-SIM-01,O320_CLASS,HIGH_ALTITUDE_ISR,5510.508078417043,-25.836107730554044,1877.6611093671395,0.7213924591888691,89.40516708150417,721.2873636756206,69.08437876961243,38.36134249959202,24.371894304086133,0.6571084837838683,13.855980777380106,10.67680932525914,27.102413630869723,CRUISE,HEALTHY,False,0.0,1.0,OK,42
2026-01-01T00:07:57Z,O320_CLASS-SIM-01,O320_CLASS,HIGH_ALTITUDE_ISR,5507.681522880375,-25.78626069722616,1872.1278255472753,0.7195168471111836,88.71058757892659,724.9935071704488,68.84133569477976,38.91252022683142,24.25298286409307,0.6079220681626475,13.913584090071945,10.848194917205822,26.890493465101386,CRUISE,HEALTHY,False,0.0,1.0,OK,42
2026-01-01T00:07:58Z,O320_CLASS-SIM-01,O320_CLASS,HIGH_ALTITUDE_ISR,5511.062360745344,-25.857767044022587,1869.717273624511,0.718279925818247,91.51429586221052,719.4600896730662,69.66128466628517,37.48486150705148,24.252055574511836,0.6618420093556733,13.876998916053148,10.494138554018322,26.84042478734536,CRUISE,HEALTHY,False,0.0,1.0,OK,42
2026-01-01T00:07:59Z,O320_CLASS-SIM-01,O320_CLASS,HIGH_ALTITUDE_ISR,5512.253425943035,-25.920360373003042,1865.9451973900084,0.719584065518167,91.29481112827361,720.7430273838877,69.72953884027417,37.28358899197328,24.215052805931343,0.6235973679773479,13.836123612278172,10.286802884018638,26.75494272982483,CRUISE,HEALTHY,False,0.0,1.0,OK,42
2026-01-01T00:08:00Z,O320_CLASS-SIM-01,O320_CLASS,HIGH_ALTITUDE_ISR,5513.608506678037,-25.832349861285252,1861.0118589868546,0.7219768790150226,91.99402844184347,723.9819501779622,68.62043333321868,36.70793882082439,24.29995897250313,0.6393138934538914,13.867111957637333,10.70903321684334,26.978045486474326,CRUISE,HEALTHY,False,0.0,1.0,OK,42
2026-01-01T00:08:01Z,O320_CLASS-SIM-01,O320_CLASS,HIGH_ALTITUDE_ISR,5512.039651040433,-25.80091337128637,1870.784803263891,0.7171635526922073,90.05687996508735,717.9456939469283,68.53553350966698,36.37153814226595,24.220091660276655,0.6162211376925282,13.855334331549985,10.53017755623361,26.649325330065455,CRUISE,HEALTHY,False,0.0,1.0,OK,42
2026-01-01T00:08:02Z,O320_CLASS-SIM-01,O320_CLASS,HIGH_ALTITUDE_ISR,5514.532093715639,-25.670569763484025,1861.617564385143,0.7190391464578441,90.42422817623098,715.5755391564323,69.11951841176422,39.04249464704075,24.180397736851905,0.6239175541615888,13.896833489236034,10.919616170692267,26.963482129896835,CRUISE,HEALTHY,False,0.0,1.0,OK,42
2026-01-01T00:08:03Z,O320_CLASS-SIM-01,O320_CLASS,HIGH_ALTITUDE_ISR,5511.647542063077,-25.762216364826777,1881.990319979108,0.7206496439982808,88.54231441397752,721.2856778992709,68.37448342395889,37.30583446141778,24.131432540742964,0.6313384056861651,13.848596738330919,10.364932533241879,27.037069399547786,CRUISE,HEALTHY,False,0.0,1.0,OK,42
2026-01-01T00:08:04Z,O320_CLASS-SIM-01,O320_CLASS,HIGH_ALTITUDE_ISR,5516.028201620356,-25.937054974233458,1851.621801154632,0.7156216763922805,88.39078392159016,720.8093223652955,69.26524041986377,35.64815342173523,24.252176414704795,0.5994307293431952,13.867042494128672,10.226543667054274,26.960421613877543,CRUISE,HEALTHY,False,0.0,1.0,OK,42
2026-01-01T00:08:05Z,O320_CLASS-SIM-01,O320_CLASS,HIGH_ALTITUDE_ISR,5520.011345286146,-26.12389556001344,1857.5307227248315,0.7218549565194968,88.12964869102848,721.904483414004,69.35130804567669,35.952762418201516,24.196828695929437,0.6983836104562599,13.93252280112028,10.47701378360914,26.73015173736241,CRUISE,HEALTHY,False,0.0,1.0,OK,42
2026-01-01T00:08:06Z,O320_CLASS-SIM-01,O320_CLASS,HIGH_ALTITUDE_ISR,5516.477172690533,-25.719526806007124,1848.9485180691781,0.7187805662097319,89.96948290046132,719.1958375276708,68.96651181059325,37.751172883872144,24.15979740618331,0.6103874181517047,13.904441923322139,10.549314616499286,27.02449901426606,CRUISE,HEALTHY,False,0.0,1.0,OK,42
2026-01-01T00:08:07Z,O320_CLASS-SIM-01,O320_CLASS,HIGH_ALTITUDE_ISR,5519.0962377789365,-25.909783322465497,1845.3521712631546,0.7160065623584083,87.62844766970493,721.3724608116177,68.30319894411109,36.5278578370542,24.16459620155861,0.6179206273873596,13.848596140829715,10.642505075373908,26.686794419857225,CRUISE,HEALTHY,False,0.0,1.0,OK,42
2026-01-01T00:08:08Z,O320_CLASS-SIM-01,O320_CLASS,HIGH_ALTITUDE_ISR,5518.363202835165,-25.70071576587745,1862.2133017539613,0.7187364903498527,90.5894634350386,720.4209548805584,68.99600742901676,34.70709205064884,24.2642745549233,0.6044081629541673,13.920534967384311,10.437682975458213,26.927605862129333,CRUISE,HEALTHY,False,0.0,1.0,OK,42
2026-01-01T00:08:09Z,O320_CLASS-SIM-01,O320_CLASS,HIGH_ALTITUDE_ISR,5521.934668581872,-25.713388903394158,1852.4453893464736,0.7213179374692243,92.02639697021657,719.7291001766571,68.852243724126,34.791294011888255,24.14143779659154,0.6959694155224935,13.843679385983645,10.247645708215453,27.047393909396217,CRUISE,HEALTHY,False,0.0,1.0,OK,42
2026-01-01T00:08:10Z,O320_CLASS-SIM-01,O320_CLASS,HIGH_ALTITUDE_ISR,5522.762219464229,-25.573809542008696,1855.3894913975394,0.7193795464014592,89.01055890216557,720.7132334874815,68.12489789437068,35.61884173773417,24.17317894762157,0.6251404315298987,13.862054103712044,10.257989249906725,26.914237782570332,CRUISE,HEALTHY,False,0.0,1.0,OK,42
2026-01-01T00:08:11Z,O320_CLASS-SIM-01,O320_CLASS,HIGH_ALTITUDE_ISR,5521.0608253389055,-25.8215291052561,1875.4318092925005,0.7220583445645902,87.9911991944465,718.9936805604356,68.99973581848704,34.885934613377685,24.0854538619125,0.6427929831234389,13.873427939377784,10.95892495926958,26.766493937977657,CRUISE,HEALTHY,False,0.0,1.0,OK,42
2026-01-01T00:08:12Z,O320_CLASS-SIM-01,O320_CLASS,HIGH_ALTITUDE_ISR,5525.561528887513,-26.094825165231402,1850.4701383696176,0.720490942967238,91.09273241039485,717.923595070111,68.83772492507559,33.71781008370878,24.14490681866908,0.6608004652115217,13.8606465613349,10.416868546528873,26.634460569120535,CRUISE,HEALTHY,False,0.0,1.0,OK,42
2026-01-01T00:08:13Z,O320_CLASS-SIM-01,O320_CLASS,HIGH_ALTITUDE_ISR,5523.82904968115,-25.647493680028166,1859.1462969000731,0.7170033209746353,89.41009524930645,716.3057833936572,68.41959860623054,35.801128089885715,24.14547718038482,0.7028999171773804,13.870804240990596,10.469000968096466,26.899554696417567,CRUISE,HEALTHY,False,0.0,1.0,OK,42
2026-01-01T00:08:14Z,O320_CLASS-SIM-01,O320_CLASS,HIGH_ALTITUDE_ISR,5521.784769420322,-25.886917831610692,1858.0473757250938,0.7219403317552843,90.94148064844632,717.4479204033032,69.31945215571388,34.400953991146125,24.106076813401454,0.635104839721126,13.867552748443654,10.861541469411234,26.85403269968164,CRUISE,HEALTHY,False,0.0,1.0,OK,42
2026-01-01T00:08:15Z,O320_CLASS-SIM-01,O320_CLASS,HIGH_ALTITUDE_ISR,5527.094202667044,-25.78901008042883,1867.0641456946003,0.720495781617166,91.48360928626595,721.7870284319673,68.88711087330951,35.507610305450655,24.145499416079357,0.6285026179825969,13.92525558116054,10.881379671561456,26.8012521070951,CRUISE,HEALTHY,False,0.0,1.0,OK,42
2026-01-01T00:08:16Z,O320_CLASS-SIM-01,O320_CLASS,HIGH_ALTITUDE_ISR,5527.0974504118185,-25.711079530524277,1864.6104122835607,0.7195200513972836,89.3906412850799,721.0780071247285,68.80890646416881,33.89718878857982,24.155274626861203,0.6377432424433345,13.862319796590448,10.700860263714349,26.995357013969524,CRUISE,HEALTHY,False,0.0,1.0,OK,42
2026-01-01T00:08:17Z,O320_CLASS-SIM-01,O320_CLASS,HIGH_ALTITUDE_ISR,5530.224687810324,-25.97844122603606,1864.1424033250335,0.7190051291441264,88.29080712711867,721.9142272159628,68.87364401860631,36.4222528630487,24.220488493964393,0.6555268736976708,13.881030809006667,10.514862457622671,26.651042936550333,CRUISE,HEALTHY,False,0.0,1.0,OK,42
2026-01-01T00:08:18Z,O320_CLASS-SIM-01,O320_CLASS,HIGH_ALTITUDE_ISR,5527.153423921105,-26.074336247314616,1857.604931886729,0.7145984452531058,89.1174583389186,719.5971496020132,68.7266669080478,33.74265141090188,24.12936909569107,0.6959919741430767,13.89339458098554,10.332901228419134,26.79091594872633,CRUISE,HEALTHY,False,0.0,1.0,OK,42
2026-01-01T00:08:19Z,O320_CLASS-SIM-01,O320_CLASS,HIGH_ALTITUDE_ISR,5530.71149825049,-26.065094108711815,1851.7259562210054,0.7207908893104946,89.26393790236581,717.4633207234808,68.79325975594845,34.29644700406991,24.046641940531426,0.625362273472989,13.899544497555139,10.58484018538876,27.13521461737579,CRUISE,HEALTHY,False,0.0,1.0,OK,42
2026-01-01T00:08:20Z,O320_CLASS-SIM-01,O320_CLASS,HIGH_ALTITUDE_ISR,5533.6226959695005,-25.739009102636572,1880.173092642359,0.7202464712537079,89.96046466424706,722.6183647753401,68.58452291279764,34.22315970109906,24.11173216152386,0.6428678162229553,13.853922955228915,10.299365714134668,26.8623475178434,CRUISE,HEALTHY,False,0.0,1.0,OK,42
2026-01-01T00:08:21Z,O320_CLASS-SIM-01,O320_CLASS,HIGH_ALTITUDE_ISR,5532.531528076925,-26.25192578940513,1846.0221347687198,0.7163959432075533,88.70236334228106,721.20407722342,68.8935113887055,34.92877176104051,24.18060653116632,0.6697811469373345,13.891707423442924,10.522588871531479,26.964813303423707,CRUISE,HEALTHY,False,0.0,1.0,OK,42
2026-01-01T00:08:22Z,O320_CLASS-SIM-01,O320_CLASS,HIGH_ALTITUDE_ISR,5535.109277917769,-25.912831726612932,1867.729912264364,0.7139592171657868,89.41055757049551,719.3875854582946,69.26473948646961,35.27740322503183,24.069310056300875,0.683308519336846,13.838287623121959,10.183940930536613,26.764353760064015,CRUISE,HEALTHY,False,0.0,1.0,OK,42
2026-01-01T00:08:23Z,O320_CLASS-SIM-01,O320_CLASS,HIGH_ALTITUDE_ISR,5534.244912514024,-26.209457036401975,1862.6555151726247,0.7199699159605643,91.0211719159744,719.0524933430029,68.78557250949328,33.94355003326277,24.22507476266289,0.5134489962592854,13.844698184186752,10.46970890981633,26.63624864034918,CRUISE,HEALTHY,False,0.0,1.0,OK,42
2026-01-01T00:08:24Z,O320_CLASS-SIM-01,O320_CLASS,HIGH_ALTITUDE_ISR,5535.326805178379,-26.001054187598342,1852.090451753758,0.7187003664236339,90.50732766778945,719.5295553318203,68.61787332611961,33.786440940416185,24.139161578662588,0.5571630703328445,13.887228737017795,10.354654720759491,26.98790307465559,CRUISE,HEALTHY,False,0.0,1.0,OK,42
2026-01-01T00:08:25Z,O320_CLASS-SIM-01,O320_CLASS,HIGH_ALTITUDE_ISR,5537.592929419812,-25.813081309208318,1849.1595741865565,0.7177889727493711,88.25983778566317,718.341347465969,69.29774364261687,35.06347866558431,24.080986898520816,0.6084018920302262,13.871071904231078,10.612889500261296,26.534290694825458,CRUISE,HEALTHY,False,0.0,1.0,OK,42
2026-01-01T00:08:26Z,O320_CLASS-SIM-01,O320_CLASS,HIGH_ALTITUDE_ISR,5535.2939125761195,-25.921595760958816,1841.5511166244646,0.7175984686797858,89.94254687131405,721.1276047892502,68.73796786713582,33.538324728294526,24.179483547390433,0.6380984406481737,13.85392296721581,10.475003148198967,26.85532757963958,CRUISE,HEALTHY,False,0.0,1.0,OK,42
2026-01-01T00:08:27Z,O320_CLASS-SIM-01,O320_CLASS,HIGH_ALTITUDE_ISR,5541.267832052653,-25.88353954499436,1866.7558156694233,0.7172311661597817,89.11627264031783,719.4841117578014,68.73498215906461,32.98472385543784,24.199414049411573,0.6619815175257758,13.864138848352706,10.625085361735303,26.83087751082001,CRUISE,HEALTHY,False,0.0,1.0,OK,42
2026-01-01T00:08:28Z,O320_CLASS-SIM-01,O320_CLASS,HIGH_ALTITUDE_ISR,5540.762281653937,-26.20958257646535,1855.77009284939,0.7182966213568868,90.49092289978685,718.4855950719088,67.79019687255857,32.888546065832905,24.131928002051342,0.6291601019447265,13.923797366013575,10.609430287807013,26.809262896666862,CRUISE,HEALTHY,False,0.0,1.0,OK,42
2026-01-01T00:08:29Z,O320_CLASS-SIM-01,O320_CLASS,HIGH_ALTITUDE_ISR,5540.626016259431,-25.848757413309464,1852.1105817696084,0.7180924482975346,88.43270636713066,723.588085522707,68.94492804720498,33.15299370731561,24.12812117151929,0.646948068854661,13.86573910787527,10.329212531347896,26.69848324941107,CRUISE,HEALTHY,False,0.0,1.0,OK,42
2026-01-01T00:08:30Z,O320_CLASS-SIM-01,O320_CLASS,HIGH_ALTITUDE_ISR,5542.175109515529,-26.07454147521494,1853.0975352266767,0.7156612098232225,89.83025104282623,719.5718960638399,68.65702947311499,33.84529235395084,24.170107912185234,0.6545819813424654,13.889818294351443,10.401749533577608,26.711165671554838,CRUISE,HEALTHY,False,0.0,1.0,OK,42
2026-01-01T00:08:31Z,O320_CLASS-SIM-01,O320_CLASS,HIGH_ALTITUDE_ISR,5541.092856696747,-26.11625522213246,1856.7809661372373,0.7167210785503458,89.84961896783983,717.5954493983763,68.11905318532031,34.311048610486466,24.10785120819648,0.5929953550666467,13.840396797682176,10.566763331682639,27.002042829371533,CRUISE,HEALTHY,False,0.0,1.0,OK,42
2026-01-01T00:08:32Z,O320_CLASS-SIM-01,O320_CLASS,HIGH_ALTITUDE_ISR,5543.046182859284,-26.066064664929545,1865.0930168468296,0.7146330768452517,92.09186212957171,726.1034799056972,67.69867667161087,33.54859473243358,24.094488919215728,0.6158431806985768,13.860636439074655,10.663031601589218,26.77851253882821,CRUISE,HEALTHY,False,0.0,1.0,OK,42
2026-01-01T00:08:33Z,O320_CLASS-SIM-01,O320_CLASS,HIGH_ALTITUDE_ISR,5543.276496321557,-26.06600634562284,1860.5344554422481,0.7158468430587551,87.75340963360509,724.9592254384617,68.52200324271408,33.48946818756795,24.10941097834964,0.6483149194971575,13.926347473386924,10.604162984426182,26.567234685203786,CRUISE,HEALTHY,False,0.0,1.0,OK,42
2026-01-01T00:08:34Z,O320_CLASS-SIM-01,O320_CLASS,HIGH_ALTITUDE_ISR,5543.558735494407,-26.106471700426017,1854.166553850845,0.7147307006355099,90.70937015119867,717.2457072738076,69.37405716917863,35.03015521572348,24.115752659591887,0.6439076846626708,13.836181147875132,10.614186477463441,26.71985209120003,CRUISE,HEALTHY,False,0.0,1.0,OK,42
2026-01-01T00:08:35Z,O320_CLASS-SIM-01,O320_CLASS,HIGH_ALTITUDE_ISR,5544.996131144601,-26.09647564506334,1852.4826887483725,0.717484601828913,90.86304841352187,717.9823806601432,69.46850870749624,32.48932167775293,24.207801521846445,0.5856457286807927,13.87308496001421,10.33480639022208,26.74261320525272,CRUISE,HEALTHY,False,0.0,1.0,OK,42
2026-01-01T00:08:36Z,O320_CLASS-SIM-01,O320_CLASS,HIGH_ALTITUDE_ISR,5548.821083473581,-25.834549789939487,1865.6291371215718,0.7172855254305545,89.94181064147766,717.9745965245843,68.37564263254916,32.60935686388631,24.10401608091846,0.636247759305685,13.815736697753238,10.444855149362823,27.02116787187881,CRUISE,HEALTHY,False,0.0,1.0,OK,42
2026-01-01T00:08:37Z,O320_CLASS-SIM-01,O320_CLASS,HIGH_ALTITUDE_ISR,5550.293977714722,-26.15374983370122,1844.8262346090778,0.7189752161684853,86.93706258270069,722.6893185532465,68.68459127745622,34.9696693778343,24.0384112630347,0.6629467690006764,13.870051685735021,10.372769219817364,26.587879220852727,CRUISE,HEALTHY,False,0.0,1.0,OK,42
2026-01-01T00:08:38Z,O320_CLASS-SIM-01,O320_CLASS,HIGH_ALTITUDE_ISR,5550.496796463242,-25.971000027204106,1870.178529310228,0.7200319735415942,89.00257439032978,717.3884192706956,68.2203934190037,34.66254719873918,24.08471565764341,0.6853875056816946,13.888794912834578,10.537095963086342,26.74691716729515,CRUISE,HEALTHY,False,0.0,1.0,OK,42
2026-01-01T00:08:39Z,O320_CLASS-SIM-01,O320_CLASS,HIGH_ALTITUDE_ISR,5551.586247464741,-26.081189662044565,1852.8400993731952,0.7193682000494869,89.5397546993925,717.8863816055396,69.00548464569714,33.41313630620214,24.146934743670602,0.607981312222669,13.836744915524058,10.887477229207676,27.024530832478774,CRUISE,HEALTHY,False,0.0,1.0,OK,42
2026-01-01T00:08:40Z,O320_CLASS-SIM-01,O320_CLASS,HIGH_ALTITUDE_ISR,5552.9129790291945,-26.143489063123596,1853.2875699456454,0.7207011628283008,89.28519773762693,718.284971601038,69.51221194757784,33.407476825524306,24.20977541250813,0.5701574302508304,13.888539906354087,10.970567985526559,26.79659347025233,CRUISE,HEALTHY,False,0.0,1.0,OK,42
2026-01-01T00:08:41Z,O320_CLASS-SIM-01,O320_CLASS,HIGH_ALTITUDE_ISR,5552.183358340963,-26.26692866065563,1864.2451749874472,0.716356569231544,89.59329614434725,716.7642494203243,69.38384024881572,34.35168343287967,24.118639839863036,0.5798845537085471,13.91904737860607,10.360403099014873,26.62594189958568,CRUISE,HEALTHY,False,0.0,1.0,OK,42
2026-01-01T00:08:42Z,O320_CLASS-SIM-01,O320_CLASS,HIGH_ALTITUDE_ISR,5550.928251552719,-26.19510905549835,1843.8456508848317,0.7166115011840972,90.59762959073211,718.8961484056333,68.90112427618608,32.83205678167967,24.12234248758146,0.7028439526888818,13.862491394027709,10.54708218073851,26.55648533709995,CRUISE,HEALTHY,False,0.0,1.0,OK,42
2026-01-01T00:08:43Z,O320_CLASS-SIM-01,O320_CLASS,HIGH_ALTITUDE_ISR,5556.843651247117,-26.176243692754426,1863.7833586511597,0.7175710997259425,90.43550709116187,721.4963238324623,68.57563548050167,34.26792864935995,24.079999771870753,0.6570827014188705,13.861215628713781,10.537453192814557,26.72160729393737,CRUISE,HEALTHY,False,0.0,1.0,OK,42
2026-01-01T00:08:44Z,O320_CLASS-SIM-01,O320_CLASS,HIGH_ALTITUDE_ISR,5555.6305195176155,-26.272315166364873,1857.2558870325702,0.7178661534476969,89.050700369443,719.6653670397875,68.80797827474814,32.88566814641433,24.11037608964098,0.5857006718748077,13.943269591771678,10.713932347544402,26.831462210188246,CRUISE,HEALTHY,False,0.0,1.0,OK,42
2026-01-01T00:08:45Z,O320_CLASS-SIM-01,O320_CLASS,HIGH_ALTITUDE_ISR,5558.3057884388345,-26.41444739531209,1834.7103429583087,0.7169395131145954,88.04188047447518,719.1955675707816,68.83440418105285,34.10005327267264,24.058765844172278,0.641865397888154,13.873305106328795,10.535119078419296,26.71212417835108,CRUISE,HEALTHY,False,0.0,1.0,OK,42
2026-01-01T00:08:46Z,O320_CLASS-SIM-01,O320_CLASS,HIGH_ALTITUDE_ISR,5559.614385249476,-26.139534233772395,1869.2615962757404,0.7161176353910482,90.58482309338031,719.622054835941,68.61880976947455,33.85511002385552,24.099585415304233,0.5193589818943863,13.780963188618568,10.765436450404192,26.974220642534778,CRUISE,HEALTHY,False,0.0,1.0,OK,42
2026-01-01T00:08:47Z,O320_CLASS-SIM-01,O320_CLASS,HIGH_ALTITUDE_ISR,5561.36275745113,-26.133085586448676,1844.623425560046,0.7168195624734282,89.70441256498258,717.2377753574036,69.40710200617268,35.12691887328167,24.137323190606015,0.6253604744373324,13.833976041573505,10.833028634248908,26.800719824420735,CRUISE,HEALTHY,False,0.0,1.0,OK,42
2026-01-01T00:08:48Z,O320_CLASS-SIM-01,O320_CLASS,HIGH_ALTITUDE_ISR,5559.090062926193,-26.06472864860358,1850.1751850511787,0.7179127979652913,87.95701580646161,722.4572339945009,68.70367324996239,34.2488970009764,24.10221743305822,0.6203044688480535,13.836431348517296,10.635448743476713,26.65748976452599,CRUISE,HEALTHY,False,0.0,1.0,OK,42
2026-01-01T00:08:49Z,O320_CLASS-SIM-01,O320_CLASS,HIGH_ALTITUDE_ISR,5559.786239456074,-26.14319609669079,1855.7270518473586,0.7141671711989295,89.40828188769824,721.711736891657,68.5918681699627,33.12905310626941,24.119259650694367,0.6206714767495302,13.841861228549869,10.435512399202848,26.937568713748767,CRUISE,HEALTHY,False,0.0,1.0,OK,42
2026-01-01T00:08:50Z,O320_CLASS-SIM-01,O320_CLASS,HIGH_ALTITUDE_ISR,5559.931172587036,-26.205973870724453,1843.6005966462362,0.7194224464406632,89.57169199336315,717.5823078036568,68.77787550862054,32.33334759623972,24.058329697419868,0.5672619936585901,13.840749140562078,10.783022845718914,26.67808199487417,CRUISE,HEALTHY,False,0.0,1.0,OK,42
2026-01-01T00:08:51Z,O320_CLASS-SIM-01,O320_CLASS,HIGH_ALTITUDE_ISR,5563.199337683977,-26.281695212993387,1860.6263138123609,0.7154478359981374,89.72686828562335,719.82408092285,69.66985745500551,33.788331756898806,24.07922441862486,0.6530267381428525,13.936873577678682,10.03536903626465,26.66126947014045,CRUISE,HEALTHY,False,0.0,1.0,OK,42
2026-01-01T00:08:52Z,O320_CLASS-SIM-01,O320_CLASS,HIGH_ALTITUDE_ISR,5563.136717153394,-26.225261646769702,1851.7843946047647,0.714851852929131,91.36181498201896,716.1195771296095,68.65641641527813,34.10876430153261,24.10622554124632,0.586406461603102,13.832243901553442,10.384367958513197,26.67367939920428,CRUISE,HEALTHY,False,0.0,1.0,OK,42
2026-01-01T00:08:53Z,O320_CLASS-SIM-01,O320_CLASS,HIGH_ALTITUDE_ISR,5564.791973621682,-26.37936449755545,1860.8471461593763,0.7176517339669638,89.90214435059143,723.2629367655918,68.55914972509969,32.6798717571263,24.079211786795177,0.6178386181153342,13.86995105388459,10.233283111397197,26.483363129247845,CRUISE,HEALTHY,False,0.0,1.0,OK,42
2026-01-01T00:08:54Z,O320_CLASS-SIM-01,O320_CLASS,HIGH_ALTITUDE_ISR,5564.634796974872,-26.121621388152207,1855.3293465082916,0.719780061320604,92.01819750348726,721.542725659001,69.2850427332196,33.86266145942113,24.190960134416365,0.6995312828169415,13.901190787136962,10.616642459517868,26.75563320007433,CRUISE,HEALTHY,False,0.0,1.0,OK,42
2026-01-01T00:08:55Z,O320_CLASS-SIM-01,O320_CLASS,HIGH_ALTITUDE_ISR,5566.406248046807,-26.232719250496185,1859.105720455566,0.715900573766551,89.43955918580559,713.7406131436605,69.41903715235274,33.06184757329577,24.12710941615867,0.6837660657126575,13.88164046822253,10.8002233150923,26.59974948822788,CRUISE,HEALTHY,False,0.0,1.0,OK,42
2026-01-01T00:08:56Z,O320_CLASS-SIM-01,O320_CLASS,HIGH_ALTITUDE_ISR,5571.056382344714,-26.025425533718742,1855.705762730813,0.7201517459668382,88.26379777438294,718.8911475016191,69.30526823749017,31.73381114875261,24.13121852495174,0.646699108725149,13.93168427448921,10.042488590554658,27.027046978301154,CRUISE,HEALTHY,False,0.0,1.0,OK,42
2026-01-01T00:08:57Z,O320_CLASS-SIM-01,O320_CLASS,HIGH_ALTITUDE_ISR,5567.613174837657,-26.261991895177253,1844.152550627199,0.7150862006869709,90.14765946758392,716.8160019690655,69.0214488631107,32.6865456064939,24.041409207046335,0.6042571648109802,13.88268455242136,10.367979275150477,26.790326022692103,CRUISE,HEALTHY,False,0.0,1.0,OK,42
2026-01-01T00:08:58Z,O320_CLASS-SIM-01,O320_CLASS,HIGH_ALTITUDE_ISR,5570.488755637199,-26.039025671146344,1851.3442738932456,0.7151337781910699,89.7520190513162,720.7576029941907,68.138812224166,32.49409988921673,24.064966832886665,0.6170141153763734,13.849728158042321,10.613168006264745,26.544016735411166,CRUISE,HEALTHY,False,0.0,1.0,OK,42
2026-01-01T00:08:59Z,O320_CLASS-SIM-01,O320_CLASS,HIGH_ALTITUDE_ISR,5568.066929890716,-26.257920623314018,1852.316272273178,0.7142732519368235,88.92988010419154,718.5625169736558,68.56355055079565,33.31795201716052,24.066712533012545,0.6843979311101612,13.887181154623475,10.233719768377794,26.798555675808412,CRUISE,HEALTHY,False,0.0,1.0,OK,42
2026-01-01T00:09:00Z,O320_CLASS-SIM-01,O320_CLASS,HIGH_ALTITUDE_ISR,5571.61459440648,-26.03207749311105,1848.814901322996,0.7186775345382982,89.7054771377645,723.2781905119074,69.23499385982093,33.344067424559064,24.085542664929154,0.645506195605648,13.86709735669553,10.8546653377542,26.79574172518359,CRUISE,HEALTHY,False,0.0,1.0,OK,42
2026-01-01T00:09:01Z,O320_CLASS-SIM-01,O320_CLASS,HIGH_ALTITUDE_ISR,5571.812170971866,-26.289676389895217,1843.810149823134,0.7182162928593612,88.66851138773494,722.2787927701089,68.19923097240748,33.278476992709216,24.155033321844783,0.5391095606654137,13.933034667698202,10.327357763840848,26.804727807911153,CRUISE,HEALTHY,False,0.0,1.0,OK,42
2026-01-01T00:09:02Z,O320_CLASS-SIM-01,O320_CLASS,HIGH_ALTITUDE_ISR,5574.269872250973,-26.118263181265206,1855.6019874624005,0.7190582612309048,90.27268276303796,723.9197731238206,68.92310389245004,34.73874179156097,24.141441433063225,0.5529269261740812,13.95079562740811,10.289183627047775,27.00748741546918,CRUISE,HEALTHY,False,0.0,1.0,OK,42
2026-01-01T00:09:03Z,O320_CLASS-SIM-01,O320_CLASS,HIGH_ALTITUDE_ISR,5574.444952069441,-26.07446741374056,1847.7995738211544,0.7182752986099887,89.34324234218059,723.4492264020433,68.88740818960979,33.90627474851101,23.987049023799372,0.6216915158896394,13.884754943576967,10.487764060937295,26.92692173331764,CRUISE,HEALTHY,False,0.0,1.0,OK,42
2026-01-01T00:09:04Z,O320_CLASS-SIM-01,O320_CLASS,HIGH_ALTITUDE_ISR,5574.847969029119,-26.232761299324167,1862.6537160743571,0.7124267489772362,90.35156470017992,718.6511551226298,68.34478188617028,33.41736997835301,24.155490827724876,0.6666376721382336,13.868360852863242,10.64988634454978,26.912550699563823,CRUISE,HEALTHY,False,0.0,1.0,OK,42
2026-01-01T00:09:05Z,O320_CLASS-SIM-01,O320_CLASS,HIGH_ALTITUDE_ISR,5576.257831983149,-26.350489860576,1848.0185342593159,0.7186201511421807,89.5910410357061,716.8545604180415,68.03353238113145,33.80433029479818,24.065644756472402,0.6382449288235079,13.909581302064009,10.102810842789028,26.775162296720165,CRUISE,HEALTHY,False,0.0,1.0,OK,42
2026-01-01T00:09:06Z,O320_CLASS-SIM-01,O320_CLASS,HIGH_ALTITUDE_ISR,5577.124911161624,-26.196014759131995,1862.9101987423626,0.714245858275437,90.3226478768949,722.0329743998105,68.63069523507194,33.01974532143449,24.112771579926157,0.6387796053514111,13.889836525930512,10.56945304109539,26.63422947241542,CRUISE,HEALTHY,False,0.0,1.0,OK,42
2026-01-01T00:09:07Z,O320_CLASS-SIM-01,O320_CLASS,HIGH_ALTITUDE_ISR,5579.858415619573,-26.084407128846067,1854.3821018478523,0.71387676875198,89.49846862982771,719.9243288648375,68.245174676818,32.83252891944993,24.02024609518105,0.6492361187934166,13.877320461810006,10.016778154873444,26.833837487413764,CRUISE,HEALTHY,False,0.0,1.0,OK,42
2026-01-01T00:09:08Z,O320_CLASS-SIM-01,O320_CLASS,HIGH_ALTITUDE_ISR,5579.280315943994,-26.18841087345985,1849.6577068674444,0.7152224380239107,88.70842307610693,718.0770380564753,68.7083136877845,33.23003337876433,24.08004404294226,0.6079691593112737,13.861775560771916,11.054246268114476,26.66510145082603,CRUISE,HEALTHY,False,0.0,1.0,OK,42
2026-01-01T00:09:09Z,O320_CLASS-SIM-01,O320_CLASS,HIGH_ALTITUDE_ISR,5579.520184844324,-25.77824331231621,1856.0546080913755,0.7140257529539069,90.64193443566246,717.1315160154043,69.06217729541787,32.93400754143777,24.066455735824462,0.6892260554199049,13.889285557636505,10.669653645829317,26.84554066630628,CRUISE,HEALTHY,False,0.0,1.0,OK,42
2026-01-01T00:09:10Z,O320_CLASS-SIM-01,O320_CLASS,HIGH_ALTITUDE_ISR,5580.682539563517,-26.187066678231112,1862.2567678416453,0.7170155078330668,91.78995409130113,721.5169811021742,68.78111492125605,33.2951541922339,24.09417289540727,0.5747674245566191,13.869567211222448,10.480794211589926,26.71748246246676,CRUISE,HEALTHY,False,0.0,1.0,OK,42
2026-01-01T00:09:11Z,O320_CLASS-SIM-01,O320_CLASS,HIGH_ALTITUDE_ISR,5582.847785369327,-26.282022130414987,1858.669130550952,0.7180325739684806,89.82584009850255,715.9568809368798,69.41038037176283,32.97171047087583,24.082132246128907,0.6110736652634728,13.85759288924987,10.810603495090609,26.987394420441717,CRUISE,HEALTHY,False,0.0,1.0,OK,42
2026-01-01T00:09:12Z,O320_CLASS-SIM-01,O320_CLASS,HIGH_ALTITUDE_ISR,5583.9999234387,-26.307791689831273,1857.3290977170232,0.7168142606302054,89.39426185080632,720.2043282550709,68.51539771833026,33.278358030460396,24.095253164145557,0.648849467209672,13.853646993837678,10.601214553183622,26.643133615614662,CRUISE,HEALTHY,False,0.0,1.0,OK,42
2026-01-01T00:09:13Z,O320_CLASS-SIM-01,O320_CLASS,HIGH_ALTITUDE_ISR,5583.466546847965,-26.37745383823694,1843.6963057646828,0.7186583086937555,88.45693959279565,717.5959231091656,69.19179360798009,32.61146365410466,24.074500551855653,0.5842083973869436,13.897185504215535,10.634456096914388,26.88951481779329,CRUISE,HEALTHY,False,0.0,1.0,OK,42
2026-01-01T00:09:14Z,O320_CLASS-SIM-01,O320_CLASS,HIGH_ALTITUDE_ISR,5586.123755059752,-26.293525125410564,1847.9742804061877,0.7149573629739695,91.16496241976148,721.2393753485856,68.41007870542505,33.09123348892677,24.067767518909932,0.5795186641754362,13.877502376505035,10.31799052972708,26.635385050289837,CRUISE,HEALTHY,False,0.0,1.0,OK,42
2026-01-01T00:09:15Z,O320_CLASS-SIM-01,O320_CLASS,HIGH_ALTITUDE_ISR,5584.0908249783115,-26.545582429792756,1849.0944662086695,0.7163774291067692,88.56398805083002,720.9383641702111,68.65895181793859,33.5123652423942,24.072493340696244,0.5931199258907224,13.875572231354544,10.10528681671069,26.858773971828747,CRUISE,HEALTHY,False,0.0,1.0,OK,42
2026-01-01T00:09:16Z,O320_CLASS-SIM-01,O320_CLASS,HIGH_ALTITUDE_ISR,5585.895863491818,-26.1797254384803,1849.2548184385978,0.7186330035405563,88.26447444400806,717.6012424962596,68.83531461754842,33.978790199535524,24.16383495146896,0.6262168206563306,13.92725694395226,10.347631145185465,26.942266006024173,CRUISE,HEALTHY,False,0.0,1.0,OK,42
2026-01-01T00:09:17Z,O320_CLASS-SIM-01,O320_CLASS,HIGH_ALTITUDE_ISR,5586.880379298212,-26.26087865412924,1833.125516949018,0.7142250719449478,90.1689076871711,715.998720979812,68.85149085307661,33.75913743809965,24.054304141467334,0.5857616026064355,13.857874849155394,10.177686129760534,26.761861523339018,CRUISE,HEALTHY,False,0.0,1.0,OK,42
2026-01-01T00:09:18Z,O320_CLASS-SIM-01,O320_CLASS,HIGH_ALTITUDE_ISR,5589.438850223047,-26.376258661321668,1865.150539752989,0.7149897637891974,91.27588861557022,716.6608715969849,68.70759257246822,33.97207314322839,24.1348036729697,0.6076669555633901,13.888728413629487,10.523525996365644,26.69564540005717,CRUISE,HEALTHY,False,0.0,1.0,OK,42
2026-01-01T00:09:19Z,O320_CLASS-SIM-01,O320_CLASS,HIGH_ALTITUDE_ISR,5591.201702683499,-26.057431729747695,1855.4258833951683,0.7175216016470302,90.41002805708278,715.5956799620524,68.86034211526751,32.203835336450865,24.047607151781015,0.7109124972700949,13.864454349927659,10.232279804237335,26.94911640891673,CRUISE,HEALTHY,False,0.0,1.0,OK,42
2026-01-01T00:09:20Z,O320_CLASS-SIM-01,O320_CLASS,HIGH_ALTITUDE_ISR,5589.848325765577,-26.410366839882414,1861.5413153485372,0.7164347414798222,87.72679892361556,720.5922475241482,68.5154367604066,34.24081176943964,24.045657854099492,0.6664414234353765,13.925299017172057,10.203679718177664,26.7468398396318,CRUISE,HEALTHY,False,0.0,1.0,OK,42
2026-01-01T00:09:21Z,O320_CLASS-SIM-01,O320_CLASS,HIGH_ALTITUDE_ISR,5592.844842673121,-26.478304243835506,1853.6078851943587,0.7158596832345118,89.30390759808697,719.3387716932425,68.70030003242768,33.131753514384776,24.044891606081404,0.6021430778882347,13.868446328313416,10.404318396589687,26.709587187843898,CRUISE,HEALTHY,False,0.0,1.0,OK,42
2026-01-01T00:09:22Z,O320_CLASS-SIM-01,O320_CLASS,HIGH_ALTITUDE_ISR,5593.739877717097,-26.62836505595207,1845.4984308508015,0.7157099856174356,88.56792377745896,723.2735731868572,68.67711008357217,33.13381124019637,24.049537129038082,0.6236763563347636,13.835522233619402,10.372145919581431,26.634456146061037,CRUISE,HEALTHY,False,0.0,1.0,OK,42
2026-01-01T00:09:23Z,O320_CLASS-SIM-01,O320_CLASS,HIGH_ALTITUDE_ISR,5593.829926368898,-26.746586691294578,1842.2147782404913,0.7191580115391873,90.58901263034551,722.4823291432211,69.22242521713547,33.522558056025055,24.049920990459942,0.5827750454975573,13.906358059075364,10.429834632837162,27.148703679744138,CRUISE,HEALTHY,False,0.0,1.0,OK,42
2026-01-01T00:09:24Z,O320_CLASS-SIM-01,O320_CLASS,HIGH_ALTITUDE_ISR,5594.690448274079,-26.073113240830548,1849.88112025229,0.7188625733849936,91.62583875719888,716.6115088518172,68.47110900801866,32.14958129752123,24.00993297982027,0.6509053314781943,13.866032754960695,10.425876769591577,26.857628999889027,CRUISE,HEALTHY,False,0.0,1.0,OK,42
2026-01-01T00:09:25Z,O320_CLASS-SIM-01,O320_CLASS,HIGH_ALTITUDE_ISR,5593.444078479587,-26.182481131152475,1848.2393596240647,0.7172155962632694,90.33193743223947,722.5800281582558,68.62093697995681,31.26887330252581,24.073152383623242,0.6322085098026603,13.84087966724298,10.448750490864695,26.7196332622078,CRUISE,HEALTHY,False,0.0,1.0,OK,42
2026-01-01T00:09:26Z,O320_CLASS-SIM-01,O320_CLASS,HIGH_ALTITUDE_ISR,5595.208091298299,-26.28122171019305,1846.418977758902,0.7152983526816369,89.02926077256659,722.2258865493276,68.64428533174681,33.02290198911636,24.047130013163038,0.6426524902948495,13.912362923212273,10.57293575898926,26.876408994805995,CRUISE,HEALTHY,False,0.0,1.0,OK,42
2026-01-01T00:09:27Z,O320_CLASS-SIM-01,O320_CLASS,HIGH_ALTITUDE_ISR,5599.123631023112,-26.59542925363953,1843.8165020294252,0.7156614537842303,88.71059191392443,716.4600010083456,67.90955352712935,31.87425627800158,24.05520138016279,0.6213183485692838,13.848067659008786,10.429794674038446,26.70789685307165,CRUISE,HEALTHY,False,0.0,1.0,OK,42
2026-01-01T00:09:28Z,O320_CLASS-SIM-01,O320_CLASS,HIGH_ALTITUDE_ISR,5600.842209587409,-26.41908513444499,1856.292781132061,0.7164381735563354,87.89641690484706,718.8788518607112,68.1619463763868,32.856857657810714,24.02963697353305,0.6393315143272181,13.831564534494879,10.41283173231641,26.858427210605434,CRUISE,HEALTHY,False,0.0,1.0,OK,42
2026-01-01T00:09:29Z,O320_CLASS-SIM-01,O320_CLASS,HIGH_ALTITUDE_ISR,5601.559806052376,-26.51591484622231,1850.7608309364903,0.7163603574378866,91.43272708579188,715.3863260932502,68.2895273563339,35.178814796740184,24.052104525779885,0.5483708342453539,13.854334554436615,9.716030964628354,26.80829597951113,CRUISE,HEALTHY,False,0.0,1.0,OK,42
2026-01-01T00:09:30Z,O320_CLASS-SIM-01,O320_CLASS,HIGH_ALTITUDE_ISR,5602.405153330894,-26.544487451663407,1846.7497285382242,0.7177996892631188,87.47319040226198,715.7698773749543,68.56049482550758,32.325281940862475,24.049931939906887,0.5734181714262273,13.878216359224767,10.370034081556401,26.85412947160591,CRUISE,HEALTHY,False,0.0,1.0,OK,42
2026-01-01T00:09:31Z,O320_CLASS-SIM-01,O320_CLASS,HIGH_ALTITUDE_ISR,5602.48313893326,-26.383182997062104,1838.841765516078,0.7168978815159881,89.17368269894348,718.6414640119157,69.06881933815319,32.34351974866429,24.13105041522752,0.681704797645232,13.894346385469804,10.161280321865634,26.443399960859455,CRUISE,HEALTHY,False,0.0,1.0,OK,42
2026-01-01T00:09:32Z,O320_CLASS-SIM-01,O320_CLASS,HIGH_ALTITUDE_ISR,5604.792855545993,-26.403927161435256,1844.3473566997714,0.7182201405605271,88.53412515634045,717.9817262263113,68.85724258828232,32.02011661977353,24.056883086570668,0.667448878400951,13.878072074150781,10.717385369308717,26.940977377039022,CRUISE,HEALTHY,False,0.0,1.0,OK,42
2026-01-01T00:09:33Z,O320_CLASS-SIM-01,O320_CLASS,HIGH_ALTITUDE_ISR,5604.178274168299,-26.777594539786943,1841.3594778958472,0.7173600015581023,87.70496755254898,718.209537706535,68.78045170852945,34.07859745972536,24.032472099698545,0.5981014919609604,13.8701412801319,10.492350376929926,26.747393100263224,CRUISE,HEALTHY,False,0.0,1.0,OK,42
2026-01-01T00:09:34Z,O320_CLASS-SIM-01,O320_CLASS,HIGH_ALTITUDE_ISR,5606.732632682059,-26.553403320986018,1851.063671192293,0.7166840762141448,89.08226333967295,721.1096990407844,68.70241606557286,33.5259699157717,24.069794261619084,0.6388547963688767,13.85271880349708,10.246022646373577,26.953782722794145,CRUISE,HEALTHY,False,0.0,1.0,OK,42
2026-01-01T00:09:35Z,O320_CLASS-SIM-01,O320_CLASS,HIGH_ALTITUDE_ISR,5607.104059317574,-26.593424933663517,1851.4460262659165,0.7110064161468973,88.87108798091923,721.3971486275875,68.5905477651214,32.98118551664168,23.90813598481248,0.6080660858737488,13.881814627784173,10.519131568524411,26.91406975933265,CRUISE,HEALTHY,False,0.0,1.0,OK,42
2026-01-01T00:09:36Z,O320_CLASS-SIM-01,O320_CLASS,HIGH_ALTITUDE_ISR,5606.827470515197,-26.47127694332219,1839.2389222518043,0.7153052426359392,88.04319957936853,714.3590595884515,68.2043077695835,34.085774172223076,24.044292997212487,0.6325089461141146,13.856237480191044,9.954264960614847,26.90972654859289,CRUISE,HEALTHY,False,0.0,1.0,OK,42
2026-01-01T00:09:37Z,O320_CLASS-SIM-01,O320_CLASS,HIGH_ALTITUDE_ISR,5604.876623425137,-26.53609588564573,1849.3556931329376,0.7161355824614629,88.68259961674615,714.3679868475323,68.31571588319142,32.2717988473831,24.018032411909214,0.6624738200991195,13.835210192831099,10.476241238679984,26.79264733804813,CRUISE,HEALTHY,False,0.0,1.0,OK,42
2026-01-01T00:09:38Z,O320_CLASS-SIM-01,O320_CLASS,HIGH_ALTITUDE_ISR,5610.567666743192,-26.479295177585932,1856.0184180834854,0.7152904803587324,90.07290767302356,715.1896937195362,67.57861581756713,33.16482919151282,24.07711229157823,0.642649198617649,13.855846210971404,10.77252077649538,26.699514338105757,CRUISE,HEALTHY,False,0.0,1.0,OK,42
2026-01-01T00:09:39Z,O320_CLASS-SIM-01,O320_CLASS,HIGH_ALTITUDE_ISR,5610.750366148556,-26.3765783757732,1863.3360574628382,0.7149611788556584,88.76507866355287,715.1858390743839,69.25264786415072,33.19191379015673,24.077072258412112,0.7482549076478842,13.881321440678718,10.073603744309924,26.738703727604893,CRUISE,HEALTHY,False,0.0,1.0,OK,42
2026-01-01T00:09:40Z,O320_CLASS-SIM-01,O320_CLASS,HIGH_ALTITUDE_ISR,5609.648937497838,-26.53160248140964,1846.2621928737844,0.7143815067734214,87.87424466543112,722.8966129326574,68.7490144580915,32.6664071298864,24.091167181667483,0.6423870655943251,13.879816734244619,10.56952758467868,26.787772754189625,CRUISE,HEALTHY,False,0.0,1.0,OK,42
2026-01-01T00:09:41Z,O320_CLASS-SIM-01,O320_CLASS,HIGH_ALTITUDE_ISR,5613.108506788662,-26.365703789788967,1850.6814407583574,0.7150750840288808,91.37993456531437,717.7047615273865,68.78377502472986,33.16991701302437,24.021673503887317,0.5911891196948532,13.860906367245459,10.274317912845095,26.54855626253424,CRUISE,HEALTHY,False,0.0,1.0,OK,42
2026-01-01T00:09:42Z,O320_CLASS-SIM-01,O320_CLASS,HIGH_ALTITUDE_ISR,5612.117995471459,-26.44518559992386,1859.4040284041175,0.7165849731465378,86.42128934807864,720.4869314073491,68.40176337983986,33.193265241303536,24.050310759084617,0.6157521544718173,13.868430773431685,10.390860197463653,26.968529922127896,CRUISE,HEALTHY,False,0.0,1.0,OK,42
2026-01-01T00:09:43Z,O320_CLASS-SIM-01,O320_CLASS,HIGH_ALTITUDE_ISR,5614.057811306674,-26.328737040340275,1856.6925231803493,0.7167705990316753,87.3940617153204,721.6594107197909,68.43963825156366,33.39539884760878,24.001257025164968,0.5760143460916246,13.930765426564104,10.156314744943835,26.93837852708426,CRUISE,HEALTHY,False,0.0,1.0,OK,42
2026-01-01T00:09:44Z,O320_CLASS-SIM-01,O320_CLASS,HIGH_ALTITUDE_ISR,5615.25699556152,-26.56103388176989,1848.7114493706822,0.7127946364037627,89.51877260805644,716.1451354688764,68.4623960918767,33.55507706703805,24.06145936467524,0.5640881400769588,13.896994329244658,10.3928798970186,26.68472812125288,CRUISE,HEALTHY,False,0.0,1.0,OK,42
2026-01-01T00:09:45Z,O320_CLASS-SIM-01,O320_CLASS,HIGH_ALTITUDE_ISR,5617.191443027292,-26.529545311260836,1839.6416015861641,0.719052762280042,89.51180650694698,718.6326806319414,68.45630654664316,33.750834591674554,24.021372088700478,0.5615334217875737,13.851065278347715,10.725442902162463,26.890469141394075,CRUISE,HEALTHY,False,0.0,1.0,OK,42
2026-01-01T00:09:46Z,O320_CLASS-SIM-01,O320_CLASS,HIGH_ALTITUDE_ISR,5616.680968584502,-26.304924427166625,1854.8472496636796,0.714784281590191,89.33073319779939,719.6435955778458,68.28336900653579,32.8024944959724,24.061907884839687,0.5558116266024613,13.86572192308402,10.317079708960675,26.919452951202025,CRUISE,HEALTHY,False,0.0,1.0,OK,42
2026-01-01T00:09:47Z,O320_CLASS-SIM-01,O320_CLASS,HIGH_ALTITUDE_ISR,5615.288810064839,-26.574587014066665,1844.9065018487538,0.717197919705621,89.47484273682173,723.2946956822557,68.87878447554668,32.46274404551146,24.057331373180954,0.6090851876771693,13.897159341821169,10.05888891892322,26.641281808123782,CRUISE,HEALTHY,False,0.0,1.0,OK,42
2026-01-01T00:09:48Z,O320_CLASS-SIM-01,O320_CLASS,HIGH_ALTITUDE_ISR,5619.7311539254515,-26.33994605650098,1831.0416251192562,0.7179870376700761,89.35621007267808,714.078929698735,67.41098348771223,31.559448858417134,24.043229436548607,0.620569686342591,13.890349400281899,10.253661233480255,26.598223604410904,CRUISE,HEALTHY,False,0.0,1.0,OK,42
2026-01-01T00:09:49Z,O320_CLASS-SIM-01,O320_CLASS,HIGH_ALTITUDE_ISR,5619.420052958191,-26.5252163934712,1850.400398774107,0.7136200832998678,90.60338188447786,717.2192834250344,68.26156334650693,32.34108278812824,24.0968229483591,0.6178514214376454,13.850493912071281,10.621654734777891,27.08543547450312,CRUISE,HEALTHY,False,0.0,1.0,OK,42
2026-01-01T00:09:50Z,O320_CLASS-SIM-01,O320_CLASS,HIGH_ALTITUDE_ISR,5621.346269983209,-26.351629980076535,1856.739690209817,0.7139474506554134,89.55088048844092,715.5505722461675,68.52524921713037,32.26608476169281,24.02180292119485,0.5931251538971842,13.862692344628684,10.522280826688089,26.74569293944022,CRUISE,HEALTHY,False,0.0,1.0,OK,42
2026-01-01T00:09:51Z,O320_CLASS-SIM-01,O320_CLASS,HIGH_ALTITUDE_ISR,5619.227249727176,-26.65507284663953,1836.192729639427,0.7156071680710111,90.12017394699753,719.3824630564653,68.29004036384669,32.956563819476145,24.017307804992754,0.5775496166557879,13.893539079965242,10.592824540159851,26.90554460602439,CRUISE,HEALTHY,False,0.0,1.0,OK,42
2026-01-01T00:09:52Z,O320_CLASS-SIM-01,O320_CLASS,HIGH_ALTITUDE_ISR,5622.1033501158245,-26.37269882769921,1844.2961319671263,0.7163863677224421,88.90037156470305,718.1652959891908,67.63430714093957,32.50959608043964,24.04423433409727,0.6066343333403926,13.92394275970403,10.096796115645684,26.678266681509943,CRUISE,HEALTHY,False,0.0,1.0,OK,42
2026-01-01T00:09:53Z,O320_CLASS-SIM-01,O320_CLASS,HIGH_ALTITUDE_ISR,5622.650627592958,-26.640618134150902,1856.3929676615803,0.7179957461283365,88.669789284797,716.9018916537981,68.13770315240798,33.78820310845276,24.09459639333123,0.6187547333197648,13.829350078847671,10.059842119492183,26.787991893202722,CRUISE,HEALTHY,False,0.0,1.0,OK,42
2026-01-01T00:09:54Z,O320_CLASS-SIM-01,O320_CLASS,HIGH_ALTITUDE_ISR,5625.8240068776695,-26.872421720753174,1845.4680647157643,0.7182365917791147,89.24700303936477,722.4176650649621,68.85794955658372,31.867801266946177,24.022778964797148,0.617803926956594,13.84263364655721,10.143135967654006,26.98800639838595,CRUISE,HEALTHY,False,0.0,1.0,OK,42
2026-01-01T00:09:55Z,O320_CLASS-SIM-01,O320_CLASS,HIGH_ALTITUDE_ISR,5624.526022562524,-26.407183001237108,1844.4435566761315,0.714909038800551,90.17950106893196,717.1813326984351,68.82326948874484,31.09013318074461,24.058264274618068,0.5241681865887523,13.864379532449759,10.598259020798219,26.854929064751477,CRUISE,HEALTHY,False,0.0,1.0,OK,42
2026-01-01T00:09:56Z,O320_CLASS-SIM-01,O320_CLASS,HIGH_ALTITUDE_ISR,5625.036511265685,-26.75084648481085,1842.322952343689,0.7152930666453511,87.06424162897969,718.6288301991212,68.71845633638648,32.49290088866345,24.0614113485872,0.6318160568715455,13.854911248906829,9.899746324117045,26.78119041570213,CRUISE,HEALTHY,False,0.0,1.0,OK,42
2026-01-01T00:09:57Z,O320_CLASS-SIM-01,O320_CLASS,HIGH_ALTITUDE_ISR,5626.546577428346,-26.66859663182447,1851.5622262326904,0.7177156191478211,89.45416300910847,720.0312112032411,68.0138698390826,32.907804758692265,24.03101641754384,0.671993896623542,13.854923066633233,10.322479738196217,26.91959433350723,CRUISE,HEALTHY,False,0.0,1.0,OK,42
2026-01-01T00:09:58Z,O320_CLASS-SIM-01,O320_CLASS,HIGH_ALTITUDE_ISR,5628.830203279662,-26.754619857986736,1868.0392101567822,0.7126840843145964,89.419468769765,719.4969296909151,68.69648573297552,32.55164763674905,24.023640129401823,0.6133852254995664,13.8376347511687,10.919539512979066,26.727367261095942,CRUISE,HEALTHY,False,0.0,1.0,OK,42
2026-01-01T00:09:59Z,O320_CLASS-SIM-01,O320_CLASS,HIGH_ALTITUDE_ISR,5630.8557139495515,-26.644939992144298,1844.6849537311157,0.713890699976248,87.6345676425603,718.2128168546176,68.42441298658073,33.63272024660765,23.97190959480798,0.599654323693547,13.844135500723034,10.741712963334704,26.62954839268301,CRUISE,HEALTHY,False,0.0,1.0,OK,42
2026-01-01T00:10:00Z,O320_CLASS-SIM-01,O320_CLASS,HIGH_ALTITUDE_ISR,5631.79583071947,-26.455666255179576,1846.2510066154207,0.7120082827600238,87.85467168824977,720.747940486325,68.08075592484423,33.00118119736878,24.036328528197274,0.6377832247043795,13.88521220854695,10.146758412747545,26.613224218557683,CRUISE,HEALTHY,False,0.0,1.0,OK,42
2026-01-01T00:10:01Z,O320_CLASS-SIM-01,O320_CLASS,HIGH_ALTITUDE_ISR,5633.016835145595,-26.702040580473547,1825.315736424036,0.7160197328179899,88.24541651375694,719.7505308538632,69.13989992124095,32.693030278517796,24.079265855569773,0.6288075509805996,13.918663495528254,10.113745164235029,26.75791500968433,CRUISE,HEALTHY,False,0.0,1.0,OK,42
2026-01-01T00:10:02Z,O320_CLASS-SIM-01,O320_CLASS,HIGH_ALTITUDE_ISR,5633.94625034407,-26.642649065138805,1856.4316184424436,0.7138184606035182,91.96944919208029,723.872345969899,68.69337779423353,33.11376270867894,24.08792764631084,0.5751254701181603,13.831656568405485,10.692472591003131,26.79983936435069,CRUISE,HEALTHY,False,0.0,1.0,OK,42
2026-01-01T00:10:03Z,O320_CLASS-SIM-01,O320_CLASS,HIGH_ALTITUDE_ISR,5633.5888135596015,-26.61886721885354,1828.0224844545298,0.7142617325139431,88.57982148375109,720.8461925587305,68.9763392863872,33.125088370453135,24.04698353677655,0.5626772223357119,13.88871181618771,10.534813358566225,26.94511385349181,CRUISE,HEALTHY,False,0.0,1.0,OK,42
2026-01-01T00:10:04Z,O320_CLASS-SIM-01,O320_CLASS,HIGH_ALTITUDE_ISR,5638.09794963928,-26.880868228019867,1843.899959047055,0.7131186413288593,89.68775996743233,718.5686796010715,68.4824722901392,33.47789098409295,23.971006442849887,0.5808839636859261,13.840241722385858,10.286478073497898,26.57364031037811,CRUISE,HEALTHY,False,0.0,1.0,OK,42
2026-01-01T00:10:05Z,O320_CLASS-SIM-01,O320_CLASS,HIGH_ALTITUDE_ISR,5635.8398411795,-26.65825606887717,1840.6126178121679,0.7163110245716044,89.40662448790161,721.1759550618017,68.49586348825794,32.628515721200266,23.996804601513844,0.6222046947462326,13.892311378219599,10.272822598968308,26.835284549812904,CRUISE,HEALTHY,False,0.0,1.0,OK,42
2026-01-01T00:10:06Z,O320_CLASS-SIM-01,O320_CLASS,HIGH_ALTITUDE_ISR,5635.685641463193,-26.526023367552618,1842.1624648306895,0.7162271692702675,89.54847076308822,722.3058828967606,68.11003481262136,31.458995112307626,23.992999447056174,0.5670598563206907,13.829438352505294,10.530140122334936,26.75648987441585,CRUISE,HEALTHY,False,0.0,1.0,OK,42
2026-01-01T00:10:07Z,O320_CLASS-SIM-01,O320_CLASS,HIGH_ALTITUDE_ISR,5637.177303931769,-26.704373754675174,1841.9207905117266,0.717784865319765,88.58996586312348,715.1823259450039,68.88786078949992,32.459397636187475,24.12461560067223,0.6013538104525731,13.896275886818849,10.64439812854659,26.678510281917525,CRUISE,HEALTHY,False,0.0,1.0,OK,42
2026-01-01T00:10:08Z,O320_CLASS-SIM-01,O320_CLASS,HIGH_ALTITUDE_ISR,5637.7745077370255,-26.541572798138137,1851.1948151981926,0.7116232242430226,88.11572375862025,712.1307480201427,68.80537408846239,32.41460663599066,24.013436021329646,0.5547020177458793,13.837929254706792,10.253455519914501,26.655455805368554,CRUISE,HEALTHY,False,0.0,1.0,OK,42
2026-01-01T00:10:09Z,O320_CLASS-SIM-01,O320_CLASS,HIGH_ALTITUDE_ISR,5640.057706494229,-26.571705971481418,1864.6495760883613,0.7143647278447001,90.80560353751493,716.3810536477382,67.89501979021344,32.33429393171857,23.940524101903815,0.6229044578771467,13.847434667222691,9.883473942000329,27.016302431233292,CRUISE,HEALTHY,False,0.0,1.0,OK,42
2026-01-01T00:10:10Z,O320_CLASS-SIM-01,O320_CLASS,HIGH_ALTITUDE_ISR,5640.066673303358,-26.91131749861623,1853.5750531872548,0.7129078506400007,90.77259341152052,716.6066625265449,68.34641837438254,32.884068033340206,24.048937821525236,0.6530146341067253,13.86813202423953,10.503292598173276,26.867336989674744,CRUISE,HEALTHY,False,0.0,1.0,OK,42
2026-01-01T00:10:11Z,O320_CLASS-SIM-01,O320_CLASS,HIGH_ALTITUDE_ISR,5642.16593307293,-26.693521732862656,1834.7243302556458,0.7155237451389568,89.51227644899286,717.390271720796,69.07166329514389,31.458003692904406,24.10034535222549,0.6213421107762069,13.880325772984769,10.271474106700921,26.50502582635594,CRUISE,HEALTHY,False,0.0,1.0,OK,42
2026-01-01T00:10:12Z,O320_CLASS-SIM-01,O320_CLASS,HIGH_ALTITUDE_ISR,5642.647728009444,-26.62835969253751,1851.5935120394593,0.7138896478888365,86.82789404910703,714.5543211940327,69.3791440633517,31.718310224520884,24.088362712612494,0.5848273336186063,13.865302521350754,10.525634006225644,26.63165168615955,CRUISE,HEALTHY,False,0.0,1.0,OK,42
2026-01-01T00:10:13Z,O320_CLASS-SIM-01,O320_CLASS,HIGH_ALTITUDE_ISR,5646.237529052845,-26.67366058755958,1849.7675415130884,0.7137108177299935,90.24668006105722,722.3396198243171,68.50360146783999,33.96817810032909,23.985297171802266,0.6527124097678189,13.885425601527253,10.101283317580707,26.786346424066362,CRUISE,HEALTHY,False,0.0,1.0,OK,42
2026-01-01T00:10:14Z,O320_CLASS-SIM-01,O320_CLASS,HIGH_ALTITUDE_ISR,5644.852318748045,-26.81944708040978,1848.8417881376693,0.7144989282985662,89.3663852474662,718.2053579366385,68.51789153325055,32.28231743866705,24.02173540877141,0.5963497686618314,13.950432430765726,10.015192507234175,26.666158697319318,CRUISE,HEALTHY,False,0.0,1.0,OK,42
2026-01-01T00:10:15Z,O320_CLASS-SIM-01,O320_CLASS,HIGH_ALTITUDE_ISR,5645.074720176468,-26.391842654517983,1835.3137330319576,0.7150185112626388,89.74883633936099,719.1949712209572,69.04621286066707,33.54121027356665,23.991062623774184,0.6298248079824414,13.814781061422849,10.391396141993901,26.63436486057087,CRUISE,HEALTHY,False,0.0,1.0,OK,42
2026-01-01T00:10:16Z,O320_CLASS-SIM-01,O320_CLASS,HIGH_ALTITUDE_ISR,5646.545823186456,-26.95717085908758,1849.010837738691,0.7107338467358328,89.62597887595584,715.2788655420957,68.20959930522713,33.48440247287338,24.04187314275683,0.6679900122389455,13.91747191451219,10.172510372745222,26.977903215258202,CRUISE,HEALTHY,False,0.0,1.0,OK,42
2026-01-01T00:10:17Z,O320_CLASS-SIM-01,O320_CLASS,HIGH_ALTITUDE_ISR,5645.619201833192,-26.59889844188175,1841.7222145860635,0.7122267013020229,90.18267508446083,720.6916726183554,68.91334336243911,32.72457503695418,24.017941910171338,0.6430543307721808,13.879769002736184,10.500156257487363,26.78325160150814,CRUISE,HEALTHY,False,0.0,1.0,OK,42
2026-01-01T00:10:18Z,O320_CLASS-SIM-01,O320_CLASS,HIGH_ALTITUDE_ISR,5650.073699546283,-26.96134307574447,1844.5157930041246,0.7112799260599278,89.77462757005799,722.4182837412488,68.35538254832504,32.6465593919819,24.048035199778802,0.539228534567679,13.854968747723465,10.455043548853885,26.317696715243258,CRUISE,HEALTHY,False,0.0,1.0,OK,42
2026-01-01T00:10:19Z,O320_CLASS-SIM-01,O320_CLASS,HIGH_ALTITUDE_ISR,5648.336374561975,-26.558581621453122,1853.487028153665,0.7147565729626767,90.49849623140602,718.8353835992554,68.76495504221258,32.28430572829614,24.014868336392123,0.5966004247574331,13.908512546013815,10.74340191123025,26.958827111245384,CRUISE,HEALTHY,False,0.0,1.0,OK,42
2026-01-01T00:10:20Z,O320_CLASS-SIM-01,O320_CLASS,HIGH_ALTITUDE_ISR,5650.181487651134,-26.87322483606349,1855.57592202386,0.7150560683734367,89.8314341971084,716.6977077278344,68.71084338721478,31.660677441491156,24.03964767755007,0.6770085004550871,13.919515397289407,10.539240585565544,26.544131251043083,CRUISE,HEALTHY,False,0.0,1.0,OK,42
2026-01-01T00:10:21Z,O320_CLASS-SIM-01,O320_CLASS,HIGH_ALTITUDE_ISR,5652.081709482133,-26.415654881248482,1838.3083274439389,0.7138102082827509,91.13063614246884,719.8087878877876,69.53042133965526,31.934675824785565,23.957323647247318,0.6707758460415411,13.834683659190931,10.312015176371592,26.741181819397003,CRUISE,HEALTHY,False,0.0,1.0,OK,42
2026-01-01T00:10:22Z,O320_CLASS-SIM-01,O320_CLASS,HIGH_ALTITUDE_ISR,5654.331761987856,-26.650915360351764,1848.8108345515939,0.7130840271330856,90.88968568541391,728.3146785472427,68.8126527618924,32.59278077135189,23.94078518406247,0.5962693706527423,13.864124699870489,10.226654803391707,26.748211468878672,CRUISE,HEALTHY,False,0.0,1.0,OK,42
2026-01-01T00:10:23Z,O320_CLASS-SIM-01,O320_CLASS,HIGH_ALTITUDE_ISR,5656.4368653850515,-26.562428930648576,1843.7807562174821,0.7114326464598746,91.03379598534492,718.1116483300092,67.84332102928929,33.07505899067541,24.0558295821923,0.5246900963248116,13.8457753582575,10.331789138848844,26.86039414897561,CRUISE,HEALTHY,False,0.0,1.0,OK,42
2026-01-01T00:10:24Z,O320_CLASS-SIM-01,O320_CLASS,HIGH_ALTITUDE_ISR,5653.988284884968,-26.88077366624847,1850.7658822973312,0.7128728790628954,90.07669435496364,715.4396606648846,67.99076943377179,33.10140231516091,24.016038178157206,0.6585824696273682,13.854510199908997,10.159724182598024,26.95391973891976,CRUISE,HEALTHY,False,0.0,1.0,OK,42
2026-01-01T00:10:25Z,O320_CLASS-SIM-01,O320_CLASS,HIGH_ALTITUDE_ISR,5653.469530107976,-26.574681687273696,1855.4096839492845,0.7154900202983734,88.59813372339069,716.1613062145897,68.44546193891645,31.453227530673654,23.954194436657883,0.6474314236124312,13.889944457560924,10.095204756441454,26.850824614878405,CRUISE,HEALTHY,False,0.0,1.0,OK,42
2026-01-01T00:10:26Z,O320_CLASS-SIM-01,O320_CLASS,HIGH_ALTITUDE_ISR,5657.4274867046415,-26.542366268162638,1849.2958634520423,0.7158473208376274,89.99326983143075,720.6366048001546,68.01241915683539,32.383936167475966,23.99919697143326,0.6118498696067126,13.88375657902349,10.515291419861551,26.807839330222127,CRUISE,HEALTHY,False,0.0,1.0,OK,42
2026-01-01T00:10:27Z,O320_CLASS-SIM-01,O320_CLASS,HIGH_ALTITUDE_ISR,5657.472679416263,-26.885657131024388,1853.4173937754329,0.7143899418237039,88.19571407971792,717.6867296067257,67.82772808440788,32.501700852786925,23.990094105259985,0.5985790088793462,13.91795398356995,10.06675610780983,26.854554180772944,CRUISE,HEALTHY,False,0.0,1.0,OK,42
2026-01-01T00:10:28Z,O320_CLASS-SIM-01,O320_CLASS,HIGH_ALTITUDE_ISR,5662.010220971557,-26.620155846188528,1844.2847358271504,0.711382656371947,87.78085009430811,717.1262358738269,68.24802976261923,31.88983961940155,23.982564441459157,0.6174256264644262,13.884948335848943,10.045443802572967,26.645853163238666,CRUISE,HEALTHY,False,0.0,1.0,OK,42
2026-01-01T00:10:29Z,O320_CLASS-SIM-01,O320_CLASS,HIGH_ALTITUDE_ISR,5659.482714097989,-26.817517223457934,1859.125584280922,0.7140756042965588,87.47629093715808,719.1847353809942,68.73887781062615,32.357447657142814,23.937077311653944,0.6917955251550211,13.838271461337605,10.519184217061385,26.77779183193294,CRUISE,HEALTHY,False,0.0,1.0,OK,42
2026-01-01T00:10:30Z,O320_CLASS-SIM-01,O320_CLASS,HIGH_ALTITUDE_ISR,5661.61550153783,-26.538614168517753,1848.8244617716227,0.7124541001173414,90.73706345580888,716.5457004331626,68.58381795606438,31.41515626594086,23.944950134449474,0.6234866351983706,13.881386583109474,9.927491906069228,26.821971902962677,CRUISE,HEALTHY,False,0.0,1.0,OK,42
2026-01-01T00:10:31Z,O320_CLASS-SIM-01,O320_CLASS,HIGH_ALTITUDE_ISR,5660.477205741451,-26.60913806749059,1841.4127991712398,0.711284501492646,89.49811221815641,715.8170288522635,69.02375540267533,32.44212052264938,23.987897434405117,0.6450610440518926,13.84017156356442,10.029899632450343,26.80822610514035,CRUISE,HEALTHY,False,0.0,1.0,OK,42
2026-01-01T00:10:32Z,O320_CLASS-SIM-01,O320_CLASS,HIGH_ALTITUDE_ISR,5661.048906636399,-26.972541205602095,1850.819734292671,0.7145421917120314,87.89982532937415,716.5439437597397,68.15246748292157,33.85482512381264,24.039648875984696,0.6045130482429364,13.887581834090316,10.012240072586302,26.645671041277318,CRUISE,HEALTHY,False,0.0,1.0,OK,42
2026-01-01T00:10:33Z,O320_CLASS-SIM-01,O320_CLASS,HIGH_ALTITUDE_ISR,5663.847771089389,-26.74615348286621,1843.243192112855,0.7139484079738094,89.49569857269407,717.6670080896179,68.39328479220814,32.08483123388968,24.004812338388227,0.6377373083138637,13.876222776880189,10.05573601759148,26.59632340728382,CRUISE,HEALTHY,False,0.0,1.0,OK,42
2026-01-01T00:10:34Z,O320_CLASS-SIM-01,O320_CLASS,HIGH_ALTITUDE_ISR,5665.280862391462,-26.599685512835876,1845.1393755157467,0.7125893615877444,89.66817741639281,715.218065981422,69.03310338005399,32.567192006118525,23.958609729952496,0.6145907126386284,13.854436925130189,10.677401523545036,26.71542121780351,CRUISE,HEALTHY,False,0.0,1.0,OK,42
2026-01-01T00:10:35Z,O320_CLASS-SIM-01,O320_CLASS,HIGH_ALTITUDE_ISR,5665.9076517937765,-26.740825952137225,1837.8911133309946,0.7137604348052862,89.72556561088238,714.1590906436402,68.60838796585999,32.37338070328549,23.99744805218198,0.6226455702316215,13.877999120292762,10.682918673225442,26.568425790936605,CRUISE,HEALTHY,False,0.0,1.0,OK,42
2026-01-01T00:10:36Z,O320_CLASS-SIM-01,O320_CLASS,HIGH_ALTITUDE_ISR,5666.1534381634165,-26.73334053898891,1847.5618550715533,0.7142521444400174,92.69780965276001,719.5637948804273,68.9574679062993,32.156406473999255,23.94017128515276,0.6086055388049838,13.891558843037238,10.449388756185927,26.805434305129335,CRUISE,HEALTHY,False,0.0,1.0,OK,42
2026-01-01T00:10:37Z,O320_CLASS-SIM-01,O320_CLASS,HIGH_ALTITUDE_ISR,5667.337213578534,-26.895852138853687,1842.1727997740525,0.7147426016939813,90.39966398265197,715.4970205353617,68.80781339354118,31.873560998707223,24.01213017202074,0.6134574644303121,13.917149709947127,10.242262149102377,26.771333097722987,CRUISE,HEALTHY,False,0.0,1.0,OK,42
2026-01-01T00:10:38Z,O320_CLASS-SIM-01,O320_CLASS,HIGH_ALTITUDE_ISR,5669.5606833871325,-26.97732398624858,1842.9260185129665,0.712720798484722,88.77148897216674,716.8974859606993,68.94546595550169,31.907371349778753,24.015871688454297,0.6336777562361696,13.828242667349901,10.475672268010257,26.53210908743133,CRUISE,HEALTHY,False,0.0,1.0,OK,42
2026-01-01T00:10:39Z,O320_CLASS-SIM-01,O320_CLASS,HIGH_ALTITUDE_ISR,5670.584994885105,-26.928757317898196,1843.473037838996,0.710625725815033,89.53219803245511,720.2983385296683,68.17565785600756,31.892552310992272,24.009149569703425,0.640236554998021,13.797102711004099,10.848830689582433,26.823013863988194,CRUISE,HEALTHY,False,0.0,1.0,OK,42
2026-01-01T00:10:40Z,O320_CLASS-SIM-01,O320_CLASS,HIGH_ALTITUDE_ISR,5671.6802986286,-26.880658051126282,1828.4605042289331,0.7145240472971036,88.7043877105548,719.3249609560044,68.40870767455654,32.560791609888284,23.94653594297258,0.6555852495271054,13.83445273968565,10.905470733371898,27.079017934517516,CRUISE,HEALTHY,False,0.0,1.0,OK,42
2026-01-01T00:10:41Z,O320_CLASS-SIM-01,O320_CLASS,HIGH_ALTITUDE_ISR,5674.076033505184,-26.674253548959214,1842.5241855429979,0.715468014046415,89.2644756551882,714.06550731621,69.09529290817846,33.26549388460392,23.98258606949326,0.5719601951645698,13.852494113264699,9.887891347373007,26.884682590226046,CRUISE,HEALTHY,False,0.0,1.0,OK,42
2026-01-01T00:10:42Z,O320_CLASS-SIM-01,O320_CLASS,HIGH_ALTITUDE_ISR,5670.2140841687515,-26.82899917900181,1836.3482733645192,0.7102418312052392,89.66318768208475,717.0989723752961,68.82707238908459,31.340424384823216,23.94515457475167,0.5254197546255883,13.804525757564406,10.791825300794876,27.055055047260353,CRUISE,HEALTHY,False,0.0,1.0,OK,42
2026-01-01T00:10:43Z,O320_CLASS-SIM-01,O320_CLASS,HIGH_ALTITUDE_ISR,5673.750200418947,-27.0020465371082,1840.6074841063648,0.7148027039605283,88.75716887169602,718.5117253884125,68.48447889549803,31.891532824285196,23.955577971192763,0.6326161592090713,13.84072554019411,10.45430907754923,26.671373340256057,CRUISE,HEALTHY,False,0.0,1.0,OK,42
2026-01-01T00:10:44Z,O320_CLASS-SIM-01,O320_CLASS,HIGH_ALTITUDE_ISR,5674.794225560147,-26.67732624999535,1841.5468021369031,0.714855481696257,87.22127040201323,716.7259032844212,68.49844149730905,33.8773219366316,23.882757325115403,0.6169928151108635,13.913708877843856,10.144221270797637,26.709779261441394,CRUISE,HEALTHY,False,0.0,1.0,OK,42
2026-01-01T00:10:45Z,O320_CLASS-SIM-01,O320_CLASS,HIGH_ALTITUDE_ISR,5676.092846572822,-26.863692764560636,1855.3157729149566,0.7138731380963369,90.96231144549948,716.9859602384475,68.18894078196274,32.15015334171072,23.921667114716424,0.6401395665478767,13.858407898743316,10.171628866209051,26.816098768491802,CRUISE,HEALTHY,False,0.0,1.0,OK,42
2026-01-01T00:10:46Z,O320_CLASS-SIM-01,O320_CLASS,HIGH_ALTITUDE_ISR,5674.87172792034,-26.782242128239087,1838.8601882394278,0.7152547008246962,88.8949730269907,719.4499258268052,68.55476095793658,32.917927965672355,23.9839869734203,0.5542210951860946,13.900224079891647,10.316755167786232,26.859322367934674,CRUISE,HEALTHY,False,0.0,1.0,OK,42
2026-01-01T00:10:47Z,O320_CLASS-SIM-01,O320_CLASS,HIGH_ALTITUDE_ISR,5678.614734794668,-27.020260345167568,1835.2658099646933,0.7142075355997234,88.99963344369064,720.195395603256,68.40944085761122,33.13360892489579,23.998522231774558,0.632233888275673,13.858715971119214,10.395882697211768,26.919417838094365,CRUISE,HEALTHY,False,0.0,1.0,OK,42
2026-01-01T00:10:48Z,O320_CLASS-SIM-01,O320_CLASS,HIGH_ALTITUDE_ISR,5678.490105383434,-26.831038119161708,1842.8523472967952,0.7131063509426337,91.42889935351747,720.8428184418628,68.51026815151235,32.478519073296255,23.94113088046213,0.6137539273902012,13.879194275853376,10.549529174472902,26.852468065143125,CRUISE,HEALTHY,False,0.0,1.0,OK,42
2026-01-01T00:10:49Z,O320_CLASS-SIM-01,O320_CLASS,HIGH_ALTITUDE_ISR,5677.8996034796355,-26.7706152888109,1841.6685783537098,0.7108434776061052,90.96174230436722,721.4808620312807,68.58179097338075,32.8660654465186,24.013464283478225,0.6764615799328697,13.891730434913654,10.004053779183927,27.04115111794,CRUISE,HEALTHY,False,0.0,1.0,OK,42
2026-01-01T00:10:50Z,O320_CLASS-SIM-01,O320_CLASS,HIGH_ALTITUDE_ISR,5682.154040889775,-27.00003974190202,1834.0390759322988,0.7137874046385859,89.02144275567235,718.6318243151057,68.77144063628315,31.837951877082425,23.91815386013519,0.6360213409802056,13.853862782194293,10.3715999545085,26.53777604026846,CRUISE,HEALTHY,False,0.0,1.0,OK,42
2026-01-01T00:10:51Z,O320_CLASS-SIM-01,O320_CLASS,HIGH_ALTITUDE_ISR,5681.169344960907,-26.822816740153527,1847.020852914522,0.7111613792963486,87.95071174876148,717.8304167606643,68.69627690220806,32.60732038108736,23.94721872360819,0.6324594922745825,13.914911122470727,10.385462427493549,26.49389789088692,CRUISE,HEALTHY,False,0.0,1.0,OK,42
2026-01-01T00:10:52Z,O320_CLASS-SIM-01,O320_CLASS,HIGH_ALTITUDE_ISR,5682.844483046834,-26.629914390826045,1831.7715903096391,0.7127578620220708,89.07830067045718,718.0148867561561,68.54735069257553,33.18723279685227,23.975933355532923,0.6715948130377163,13.86628683082647,10.245742397812748,26.638087734477082,CRUISE,HEALTHY,False,0.0,1.0,OK,42
2026-01-01T00:10:53Z,O320_CLASS-SIM-01,O320_CLASS,HIGH_ALTITUDE_ISR,5680.806115488065,-26.90158913741747,1858.400050701847,0.7135752011133019,90.17127422112323,716.726773082626,68.36970268698771,33.05504339410761,24.070996367945114,0.6799802682190257,13.893949883517124,10.341164659833538,26.76951814497019,CRUISE,HEALTHY,False,0.0,1.0,OK,42
2026-01-01T00:10:54Z,O320_CLASS-SIM-01,O320_CLASS,HIGH_ALTITUDE_ISR,5683.393548544666,-27.166629890100157,1832.8510007290588,0.7127186476880915,88.99406089628962,714.0699193860698,68.45029306831402,32.0046609945326,23.91078675721663,0.6056131142635499,13.860140000416441,10.177318241713865,26.876655983665557,CRUISE,HEALTHY,False,0.0,1.0,OK,42
2026-01-01T00:10:55Z,O320_CLASS-SIM-01,O320_CLASS,HIGH_ALTITUDE_ISR,5682.661520672733,-27.253723023209815,1841.7890206806208,0.7127716194581496,89.8267839948936,716.3802623453947,68.09583943857147,32.24562745278542,23.946217826597458,0.682421058638541,13.860017820530084,10.317281838494521,27.10856335622761,CRUISE,HEALTHY,False,0.0,1.0,OK,42
2026-01-01T00:10:56Z,O320_CLASS-SIM-01,O320_CLASS,HIGH_ALTITUDE_ISR,5686.21579616784,-26.878878057521717,1846.8305643020974,0.7140024858271189,89.68638477958801,718.1964707858616,68.50092938143966,31.78276039519268,23.98344022622599,0.7014819675754964,13.906041144663742,10.405658319718668,26.865220306560047,CRUISE,HEALTHY,False,0.0,1.0,OK,42
2026-01-01T00:10:57Z,O320_CLASS-SIM-01,O320_CLASS,HIGH_ALTITUDE_ISR,5686.196236136904,-27.007826823129957,1849.1402496338123,0.7154743343869164,88.41123489171636,716.487070925543,69.33113285215875,32.312639727143605,24.057199956774728,0.6285683622574627,13.877082147008508,10.252406867986345,26.877824334842206,CRUISE,HEALTHY,False,0.0,1.0,OK,42
2026-01-01T00:10:58Z,O320_CLASS-SIM-01,O320_CLASS,HIGH_ALTITUDE_ISR,5690.52872981752,-27.130448747219543,1838.6352161225307,0.7142904745090659,89.17809017769628,716.446751142559,68.86018642944785,33.11046855293699,23.94241734499962,0.6287466700350646,13.833418547582273,10.104010226010715,26.754661100420304,CRUISE,HEALTHY,False,0.0,1.0,OK,42
2026-01-01T00:10:59Z,O320_CLASS-SIM-01,O320_CLASS,HIGH_ALTITUDE_ISR,5689.531237165497,-27.12667823915642,1835.62440641633,0.7102905461807237,89.87689462376811,712.7452901524823,68.04952587354319,30.72942806347451,23.98471809045883,0.5481006101231514,13.870600722112696,10.736862409276752,26.986646689986465,CRUISE,HEALTHY,False,0.0,1.0,OK,42
2026-01-01T00:11:00Z,O320_CLASS-SIM-01,O320_CLASS,HIGH_ALTITUDE_ISR,5687.767329122423,-26.9433337978506,1833.3378123300836,0.7099946803095318,89.19193311022512,720.7192895823969,68.69180767668118,31.639743921567625,23.997886390209676,0.5304195659200212,13.847036528677267,10.120109558844709,26.746974998960923,CRUISE,HEALTHY,False,0.0,1.0,OK,42
2026-01-01T00:11:01Z,O320_CLASS-SIM-01,O320_CLASS,HIGH_ALTITUDE_ISR,5691.164012022764,-27.015764314836627,1839.7492189596887,0.7123860843232479,89.97352848340792,718.0060630167071,68.33599092611978,32.525330700212365,24.002808516936927,0.5978848144959675,13.867818878959946,10.61566021342259,26.569408121220764,CRUISE,HEALTHY,False,0.0,1.0,OK,42
2026-01-01T00:11:02Z,O320_CLASS-SIM-01,O320_CLASS,HIGH_ALTITUDE_ISR,5695.167370754701,-27.201865309702992,1838.281458421995,0.7104012073078353,91.94815799436775,716.3585343562585,68.24718288004566,31.899408545244196,23.965150148907323,0.6069461337573919,13.865590416767375,9.441982299996909,26.742991551026257,CRUISE,HEALTHY,False,0.0,1.0,OK,42
2026-01-01T00:11:03Z,O320_CLASS-SIM-01,O320_CLASS,HIGH_ALTITUDE_ISR,5693.479090884611,-26.851655156578616,1851.4142706199132,0.7118864886391212,90.29939477865939,714.8471616697311,68.75224413374212,31.730102406987978,23.900002823209036,0.6126182164327048,13.91156725612379,10.368637475968615,26.958486175795016,CRUISE,HEALTHY,False,0.0,1.0,OK,42
2026-01-01T00:11:04Z,O320_CLASS-SIM-01,O320_CLASS,HIGH_ALTITUDE_ISR,5693.321345373721,-26.856711223206688,1835.6219180680434,0.7126728795652006,89.57721356498531,719.2389873636646,68.54339146273009,31.588810972911773,24.002120751668983,0.6892659898392514,13.852015043617701,9.863679464139045,26.808506292113556,CRUISE,HEALTHY,False,0.0,1.0,OK,42
2026-01-01T00:11:05Z,O320_CLASS-SIM-01,O320_CLASS,HIGH_ALTITUDE_ISR,5694.939737345429,-27.040002729980593,1845.1860433535303,0.7112697548228885,88.99184610230006,717.3191338600714,69.0287849721409,32.19628989064969,23.89518945181968,0.5721225531835137,13.873682109288247,10.039231962463479,26.498858262236865,CRUISE,HEALTHY,False,0.0,1.0,OK,42
2026-01-01T00:11:06Z,O320_CLASS-SIM-01,O320_CLASS,HIGH_ALTITUDE_ISR,5697.3818754149725,-26.92411095385542,1837.6889595870234,0.7127301757251605,89.5374887455985,719.0596559564451,68.6805717047678,30.079678988421175,23.94381592908099,0.6406318301762405,13.857167581035736,10.329741189748818,26.845404236137785,CRUISE,HEALTHY,False,0.0,1.0,OK,42
2026-01-01T00:11:07Z,O320_CLASS-SIM-01,O320_CLASS,HIGH_ALTITUDE_ISR,5697.5420227705135,-26.807046214398895,1849.5473800349296,0.7118660462972316,89.07136167963623,710.4119722831823,68.30585937472846,31.073770441865395,23.965770119599757,0.6259884651703856,13.890333020351362,10.668959803120439,26.72845430323925,CRUISE,HEALTHY,False,0.0,1.0,OK,42
2026-01-01T00:11:08Z,O320_CLASS-SIM-01,O320_CLASS,HIGH_ALTITUDE_ISR,5701.833322880583,-27.00481482289955,1829.9472046327348,0.7109393483132719,88.858995363327,719.0022756942892,68.05534896771775,31.91008059352705,23.94552441330584,0.6019067823518283,13.893775879799634,10.479224275341345,26.90697529195082,CRUISE,HEALTHY,False,0.0,1.0,OK,42
2026-01-01T00:11:09Z,O320_CLASS-SIM-01,O320_CLASS,HIGH_ALTITUDE_ISR,5698.908224133094,-26.865751817233765,1829.414412466986,0.7092470409218298,87.84700370678357,717.5291625337665,68.91298901278152,31.65882342482514,23.92860956129598,0.6111488782336147,13.886594334504416,10.198589433360247,26.65157320718194,CRUISE,HEALTHY,False,0.0,1.0,OK,42
2026-01-01T00:11:10Z,O320_CLASS-SIM-01,O320_CLASS,HIGH_ALTITUDE_ISR,5698.378732501788,-27.13833753175593,1849.643544156433,0.7121659790010839,88.41301465135606,720.5806689353522,68.19574136766767,33.268577388004495,24.02149240399174,0.6219880471438675,13.824429079209871,10.889472831881676,26.789272713680113,CRUISE,HEALTHY,False,0.0,1.0,OK,42
2026-01-01T00:11:11Z,O320_CLASS-SIM-01,O320_CLASS,HIGH_ALTITUDE_ISR,5700.903058351808,-26.91560859056151,1845.7397410123492,0.7145663211442173,88.5032970579198,718.2706684523758,67.95326784271963,32.65775632133457,23.94903262952325,0.6309459418056796,13.86497114931856,10.253452479607146,26.600542208693877,CRUISE,HEALTHY,False,0.0,1.0,OK,42
2026-01-01T00:11:12Z,O320_CLASS-SIM-01,O320_CLASS,HIGH_ALTITUDE_ISR,5703.5665977029785,-26.842020584964974,1835.565448032472,0.713011842914704,89.81400910168942,717.4789055812917,67.81476697176628,31.075486849161713,23.909998662711565,0.5341033759945709,13.911578640708044,10.407227586611002,26.72587833227432,CRUISE,HEALTHY,False,0.0,1.0,OK,42
2026-01-01T00:11:13Z,O320_CLASS-SIM-01,O320_CLASS,HIGH_ALTITUDE_ISR,5700.087662144114,-27.345505231427662,1839.8975475894442,0.7158060592960473,88.4542900718479,719.6023324370028,68.23123379628964,32.153032107540014,24.00864983433635,0.6057834969354227,13.84861065112059,10.668921600252142,26.736801792619588,CRUISE,HEALTHY,False,0.0,1.0,OK,42
2026-01-01T00:11:14Z,O320_CLASS-SIM-01,O320_CLASS,HIGH_ALTITUDE_ISR,5706.001887000959,-27.181160349880717,1851.067163760694,0.712372651374466,89.81168262014633,717.7560872431726,68.2187944247456,32.09957046630516,23.924654030974157,0.6579614057053874,13.863198164675374,9.939379425010582,26.47765021430059,CRUISE,HEALTHY,False,0.0,1.0,OK,42
2026-01-01T00:11:15Z,O320_CLASS-SIM-01,O320_CLASS,HIGH_ALTITUDE_ISR,5702.767065628663,-26.99212581493834,1830.499234594231,0.7123858858373914,89.451101258424,717.2494192565322,68.59413632100296,32.21963560329989,23.810164976077214,0.6065925584755238,13.882019056808454,10.722679292709335,26.982128097308674,CRUISE,HEALTHY,False,0.0,1.0,OK,42
2026-01-01T00:11:16Z,O320_CLASS-SIM-01,O320_CLASS,HIGH_ALTITUDE_ISR,5704.304480578829,-27.14372863616676,1827.0798571731796,0.7147858018962518,90.4999136628682,718.2718374557535,68.4830021701654,33.18957375698403,24.00508566265896,0.6658173647374125,13.882942443452796,10.224403961017195,26.843823885069945,CRUISE,HEALTHY,False,0.0,1.0,OK,42
2026-01-01T00:11:17Z,O320_CLASS-SIM-01,O320_CLASS,HIGH_ALTITUDE_ISR,5708.565332699152,-27.126313874407046,1836.6962985304738,0.7139729757454656,91.27869992613674,715.506055496683,68.30900370538305,32.357891484926995,23.967717311876477,0.5985589351145373,13.925723753215923,10.416337385960993,26.80805840215542,CRUISE,HEALTHY,False,0.0,1.0,OK,42
2026-01-01T00:11:18Z,O320_CLASS-SIM-01,O320_CLASS,HIGH_ALTITUDE_ISR,5710.9716594556,-27.171525910453354,1838.6963566678596,0.7091600222086234,89.0722144182576,713.641403565094,68.71128443101428,32.405218614704424,23.92840187506996,0.6153946576352948,13.892038215180863,10.02596716932521,26.75857182678956,CRUISE,HEALTHY,False,0.0,1.0,OK,42
2026-01-01T00:11:19Z,O320_CLASS-SIM-01,O320_CLASS,HIGH_ALTITUDE_ISR,5710.374661535085,-27.37795619097616,1844.7808451224769,0.708278859200461,89.13519600047172,714.4394222562485,68.9824337986858,31.13560060589514,23.858613843622553,0.62470371192596,13.85675922351731,9.932867593138896,26.806414707498888,CRUISE,HEALTHY,False,0.0,1.0,OK,42
2026-01-01T00:11:20Z,O320_CLASS-SIM-01,O320_CLASS,HIGH_ALTITUDE_ISR,5707.330211723785,-27.272499637950954,1834.5971319094374,0.7131917463716119,90.82814582438155,720.0890334919542,68.34641629225993,30.111527131501234,23.959534006448127,0.6781505999949506,13.906160117118059,10.423858949772423,26.548712819093822,CRUISE,HEALTHY,False,0.0,1.0,OK,42
2026-01-01T00:11:21Z,O320_CLASS-SIM-01,O320_CLASS,HIGH_ALTITUDE_ISR,5710.521563304082,-26.833439744950056,1827.7625863891797,0.7092519365913182,90.40192005493458,716.2383578343681,67.9328145648644,33.26782699186672,23.961912190829615,0.6040136318639787,13.834749253545198,10.819076223097706,26.723066292214288,CRUISE,HEALTHY,False,0.0,1.0,OK,42
2026-01-01T00:11:22Z,O320_CLASS-SIM-01,O320_CLASS,HIGH_ALTITUDE_ISR,5714.397579395291,-26.995915285768902,1834.8267623638892,0.7104820542779569,91.0037104872832,720.9567275662793,67.65254119240997,32.477350622544094,23.931666707591468,0.5779107837833474,13.876950976974861,9.968928356937168,26.65636161827162,CRUISE,HEALTHY,False,0.0,1.0,OK,42
2026-01-01T00:11:23Z,O320_CLASS-SIM-01,O320_CLASS,HIGH_ALTITUDE_ISR,5712.0959401944965,-27.211377419782128,1838.319706694882,0.709437120644443,91.15322186725008,718.5178208221665,69.11892392711789,31.901538846582405,23.909156024989564,0.6895383705906338,13.851732899220755,10.26085760948256,26.833932914643785,CRUISE,HEALTHY,False,0.0,1.0,OK,42
2026-01-01T00:11:24Z,O320_CLASS-SIM-01,O320_CLASS,HIGH_ALTITUDE_ISR,5712.429125573269,-27.036162940138098,1843.455878556025,0.713967222064647,90.33073486562498,720.518737340434,68.35472125224753,31.331543018087597,24.040962888458186,0.5580919609477442,13.826255398106683,10.44581577313835,26.96926961705264,CRUISE,HEALTHY,False,0.0,1.0,OK,42
2026-01-01T00:11:25Z,O320_CLASS-SIM-01,O320_CLASS,HIGH_ALTITUDE_ISR,5715.5621040466485,-26.999410000600218,1822.7202551842772,0.7103897989645266,87.01121852938002,719.2039977889809,67.77778894226428,30.991500690470513,23.960032992025848,0.6615908030542078,13.86425784805407,10.446180124795005,26.805785866767863,CRUISE,HEALTHY,False,0.0,1.0,OK,42
2026-01-01T00:11:26Z,O320_CLASS-SIM-01,O320_CLASS,HIGH_ALTITUDE_ISR,5715.946700980678,-27.319959790686898,1843.1033908305562,0.7125753977307564,90.33005962408554,718.0173156043894,67.92707313170453,32.55810443359024,23.93313081116565,0.5997663784520882,13.860163918785133,10.130176027642658,26.858040165627756,CRUISE,HEALTHY,False,0.0,1.0,OK,42
2026-01-01T00:11:27Z,O320_CLASS-SIM-01,O320_CLASS,HIGH_ALTITUDE_ISR,5715.134732661534,-27.311225271173342,1835.8516666628805,0.7145370255060017,90.51964144815749,713.1192269024737,68.93280372052523,33.07744505816125,23.873367601652077,0.5181755964988166,13.866812449602307,10.582449835743436,26.96299887648196,CRUISE,HEALTHY,False,0.0,1.0,OK,42
2026-01-01T00:11:28Z,O320_CLASS-SIM-01,O320_CLASS,HIGH_ALTITUDE_ISR,5716.947727357427,-26.905853927951345,1820.5559883311112,0.7105337400421827,88.7511264414573,720.0863510549219,68.90937782304388,32.7533644318137,23.863408687670272,0.6534967435378942,13.884226463473922,9.883138635972866,26.413853514051468,CRUISE,HEALTHY,False,0.0,1.0,OK,42
2026-01-01T00:11:29Z,O320_CLASS-SIM-01,O320_CLASS,HIGH_ALTITUDE_ISR,5720.803015681063,-27.20211410149609,1827.9955961072799,0.7108138148727412,89.68590300348079,716.982560473585,67.76705449076124,33.4905076959617,23.980015280090875,0.6055349429873538,13.86007847265388,10.389922667531613,26.554058411515733,CRUISE,HEALTHY,False,0.0,1.0,OK,42
2026-01-01T00:11:30Z,O320_CLASS-SIM-01,O320_CLASS,HIGH_ALTITUDE_ISR,5720.722109892901,-27.381157484576736,1837.6103920525818,0.7088533331907624,87.9046273952978,721.288174837568,68.4093315887534,32.14006406976797,23.82810359950223,0.5950280333463799,13.882743785578178,10.34768855957723,26.399993205321874,CRUISE,HEALTHY,False,0.0,1.0,OK,42
2026-01-01T00:11:31Z,O320_CLASS-SIM-01,O320_CLASS,HIGH_ALTITUDE_ISR,5721.540865605145,-27.13301221121358,1848.3423823037751,0.7098403314129169,86.55312018414573,714.6661216529076,67.94460765818845,32.55558273464782,23.791703993433593,0.6009319117613022,13.91165739768156,10.30006137070249,26.85714128374044,CRUISE,HEALTHY,False,0.0,1.0,OK,42
2026-01-01T00:11:32Z,O320_CLASS-SIM-01,O320_CLASS,HIGH_ALTITUDE_ISR,5719.759524721895,-27.434742871425392,1849.4678541014748,0.7113135418426255,89.36480636340936,714.3468469066835,68.42153897166484,31.04154237131992,23.98575259497931,0.727937468879457,13.883377878312327,10.138625508189332,26.342241119667538,CRUISE,HEALTHY,False,0.0,1.0,OK,42
2026-01-01T00:11:33Z,O320_CLASS-SIM-01,O320_CLASS,HIGH_ALTITUDE_ISR,5720.687589542472,-26.967663582488782,1829.6340154020247,0.7103297588080556,90.02454278489186,720.8321341355218,68.29918428160488,31.62663576637371,23.928858393025173,0.5936768019827047,13.851621185602456,10.399436071145947,26.749679729981207,CRUISE,HEALTHY,False,0.0,1.0,OK,42
2026-01-01T00:11:34Z,O320_CLASS-SIM-01,O320_CLASS,HIGH_ALTITUDE_ISR,5727.403757166187,-27.141513947345953,1846.9743578306445,0.7088891756782998,89.86561485621782,715.3031371464198,68.5349932889957,32.4932578192179,23.926639072251607,0.71503342151331,13.91165127154396,10.589881399814848,26.836125089360177,CRUISE,HEALTHY,False,0.0,1.0,OK,42
2026-01-01T00:11:35Z,O320_CLASS-SIM-01,O320_CLASS,HIGH_ALTITUDE_ISR,5727.843453925007,-27.429335077160058,1848.6251092750067,0.7090095748680644,88.55549366418964,718.4982527145237,68.86789314709324,31.011661756466726,23.897386694007185,0.6225997574024,13.863197016869714,10.508182194389027,27.23646748623315,CRUISE,HEALTHY,False,0.0,1.0,OK,42
2026-01-01T00:11:36Z,O320_CLASS-SIM-01,O320_CLASS,HIGH_ALTITUDE_ISR,5726.819457253265,-27.33051756096244,1827.1884361579137,0.7103018731252096,88.10167524878436,718.2478273914004,68.55320699600394,31.55606546171021,24.021130015808783,0.5892386674222475,13.865181185283761,10.453569045643114,26.85448278636172,CRUISE,HEALTHY,False,0.0,1.0,OK,42
2026-01-01T00:11:37Z,O320_CLASS-SIM-01,O320_CLASS,HIGH_ALTITUDE_ISR,5729.098904464855,-27.16241203608752,1845.865470467296,0.7095824820686425,90.32894797540705,719.3249573095933,68.97534643596656,30.58392823746443,23.87539145595839,0.6515402884969799,13.789199305004455,10.415884210316165,26.87924144962452,CRUISE,HEALTHY,False,0.0,1.0,OK,42
2026-01-01T00:11:38Z,O320_CLASS-SIM-01,O320_CLASS,HIGH_ALTITUDE_ISR,5727.310040303278,-27.297663420651705,1828.76274372633,0.7098299216335531,88.63344193757608,715.3402129864307,68.07291408288407,31.69395025162296,23.905463761966168,0.6935380190876056,13.85689080895748,10.378024596213677,26.633334599627542,CRUISE,HEALTHY,False,0.0,1.0,OK,42
2026-01-01T00:11:39Z,O320_CLASS-SIM-01,O320_CLASS,HIGH_ALTITUDE_ISR,5728.282273002905,-27.49523891399323,1824.6825937495764,0.7084193367740274,89.44223486451904,719.7219322648527,67.65111329471443,31.463569729082835,23.850142827685016,0.6079597565386107,13.90096557368203,10.17937090464879,26.712335782606637,CRUISE,HEALTHY,False,0.0,1.0,OK,42
2026-01-01T00:11:40Z,O320_CLASS-SIM-01,O320_CLASS,HIGH_ALTITUDE_ISR,5732.341572753318,-27.177346606455554,1831.0704776971725,0.7111114813653222,88.22601437789174,718.0668853281861,68.56970908210279,30.801180542707748,23.926113238819756,0.6137860110343015,13.88500893817536,10.498032818269298,26.790677078014124,CRUISE,HEALTHY,False,0.0,1.0,OK,42
2026-01-01T00:11:41Z,O320_CLASS-SIM-01,O320_CLASS,HIGH_ALTITUDE_ISR,5730.696003620724,-27.11248065560055,1830.0644067279607,0.7081129242672292,85.38200370471712,716.8245103023688,68.03274852318779,32.2051890592044,23.817662822441903,0.592559904207223,13.882752842594904,10.03184165695988,26.78004448376526,CRUISE,HEALTHY,False,0.0,1.0,OK,42
2026-01-01T00:11:42Z,O320_CLASS-SIM-01,O320_CLASS,HIGH_ALTITUDE_ISR,5731.307323250255,-27.26384981789557,1841.7078769668753,0.7126198797605162,89.32461316019572,714.9490195455447,68.17594579603947,32.38862698632271,23.864029956560707,0.6112824911050211,13.857044353396113,10.262564973309098,26.56685995128069,CRUISE,HEALTHY,False,0.0,1.0,OK,42
2026-01-01T00:11:43Z,O320_CLASS-SIM-01,O320_CLASS,HIGH_ALTITUDE_ISR,5730.357004106602,-27.187265591733034,1844.5573758621774,0.7070902532596068,89.65360820590635,719.6761853865518,68.59532016518133,31.5378038126728,23.866786280236447,0.6216023907098998,13.8760305608094,10.311462110068867,26.690828520459917,CRUISE,HEALTHY,False,0.0,1.0,OK,42
2026-01-01T00:11:44Z,O320_CLASS-SIM-01,O320_CLASS,HIGH_ALTITUDE_ISR,5732.5030065408,-27.208422153129064,1840.5088795692018,0.711036564885844,89.34136373878438,721.150534851172,68.10499880159523,32.8883653355726,23.876128357651794,0.6626794068567555,13.905574170012324,10.213352332110032,26.966589582508647,CRUISE,HEALTHY,False,0.0,1.0,OK,42
2026-01-01T00:11:45Z,O320_CLASS-SIM-01,O320_CLASS,HIGH_ALTITUDE_ISR,5735.8226014491665,-27.409864675694894,1833.6465175785713,0.7128607627074514,90.31312356453223,714.2914933764,68.29684212294387,32.018112988038254,23.886317853449114,0.712591493112896,13.875559192046685,10.270267073445137,26.895669215570525,CRUISE,HEALTHY,False,0.0,1.0,OK,42
2026-01-01T00:11:46Z,O320_CLASS-SIM-01,O320_CLASS,HIGH_ALTITUDE_ISR,5735.563290808853,-27.133608080629624,1823.1956454682463,0.7096482474630643,90.4616049875493,720.846272145041,68.04102165844473,31.13551467925238,23.938938925613893,0.593316272456901,13.860468080215018,10.503926453085606,26.635022691330136,CRUISE,HEALTHY,False,0.0,1.0,OK,42
2026-01-01T00:11:47Z,O320_CLASS-SIM-01,O320_CLASS,HIGH_ALTITUDE_ISR,5734.155035975871,-27.486333300261514,1836.5148911965996,0.7067890267189272,88.84340255354827,713.4247202323554,69.00411060563616,33.57156349263613,23.856525289574545,0.6284661033666051,13.83968944555929,10.20660145962835,26.986754902511993,CRUISE,HEALTHY,False,0.0,1.0,OK,42
2026-01-01T00:11:48Z,O320_CLASS-SIM-01,O320_CLASS,HIGH_ALTITUDE_ISR,5737.395205273648,-27.34052466695461,1828.7927618289134,0.7127685692315202,85.28134958563406,715.7821521142181,68.32757578787853,31.30266502371182,23.95148098007964,0.6662349792706462,13.826116513672519,10.806407274325823,26.502342189515762,CRUISE,HEALTHY,False,0.0,1.0,OK,42
2026-01-01T00:11:49Z,O320_CLASS-SIM-01,O320_CLASS,HIGH_ALTITUDE_ISR,5741.020247609815,-27.2815933055371,1832.2011442229605,0.7096177740771562,89.15432885973523,717.394374183475,67.97566387101111,31.636452434379137,23.868638642954647,0.5695100424103546,13.843934491292899,9.99464729094112,26.652404311207963,CRUISE,HEALTHY,False,0.0,1.0,OK,42
2026-01-01T00:11:50Z,O320_CLASS-SIM-01,O320_CLASS,HIGH_ALTITUDE_ISR,5740.728077437568,-27.29240931988917,1851.9232758227988,0.7059759193693855,89.75502795331325,716.8735644515842,68.66778929790392,32.388854119048396,23.89779129541005,0.6249762143032884,13.846107911054665,10.434666369666395,26.4331927003533,CRUISE,HEALTHY,False,0.0,1.0,OK,42
2026-01-01T00:11:51Z,O320_CLASS-SIM-01,O320_CLASS,HIGH_ALTITUDE_ISR,5742.236668229402,-27.320440302349702,1832.1297934922827,0.7098920764582494,88.99805790310013,720.0849577986254,69.63271433900262,32.78365621213696,23.876643211847306,0.6432195791298483,13.888606009267209,10.04906170739996,26.525500798737003,CRUISE,HEALTHY,False,0.0,1.0,OK,42
2026-01-01T00:11:52Z,O320_CLASS-SIM-01,O320_CLASS,HIGH_ALTITUDE_ISR,5741.968570670117,-27.20225655800748,1823.0296034145813,0.7088756645821515,89.87355003152334,716.9301921884476,68.90362219802775,30.670743228900786,24.021386385449805,0.5564667554982663,13.80750737133141,10.264729293782839,26.54404846432664,CRUISE,HEALTHY,False,0.0,1.0,OK,42
2026-01-01T00:11:53Z,O320_CLASS-SIM-01,O320_CLASS,HIGH_ALTITUDE_ISR,5742.997422059489,-27.340920142954307,1834.2556631933062,0.7085929557133842,89.70282996529484,716.0167253418992,68.7763747374961,31.647617071604,23.854414424681437,0.5504361820826039,13.86319515033092,9.961262033913567,26.511319660799135,CRUISE,HEALTHY,False,0.0,1.0,OK,42
2026-01-01T00:11:54Z,O320_CLASS-SIM-01,O320_CLASS,HIGH_ALTITUDE_ISR,5744.83880501134,-27.602960032984033,1847.017198825182,0.7105575280068863,89.12830603172675,714.2073384666891,68.63845391044273,31.781668650324733,23.8672106401484,0.6258957467698535,13.817851021756471,9.868837169405882,26.54538268653168,CRUISE,HEALTHY,False,0.0,1.0,OK,42
2026-01-01T00:11:55Z,O320_CLASS-SIM-01,O320_CLASS,HIGH_ALTITUDE_ISR,5745.563973441097,-27.34324668477886,1844.0092884041667,0.7083584329940755,89.8677932095421,716.4937623420312,67.9532832800101,32.084316499452456,23.897083575248445,0.5926961497170697,13.869570711946258,10.244392218779899,26.689954074564707,CRUISE,HEALTHY,False,0.0,1.0,OK,42
2026-01-01T00:11:56Z,O320_CLASS-SIM-01,O320_CLASS,HIGH_ALTITUDE_ISR,5745.41285630688,-27.544948630040395,1836.113387660199,0.7085533014112873,87.95107177700679,716.1608747334257,68.62190850485004,31.916638976810674,23.872695773034025,0.5949652375783955,13.887361292876706,9.676696823295885,26.83220874382406,CRUISE,HEALTHY,False,0.0,1.0,OK,42
2026-01-01T00:11:57Z,O320_CLASS-SIM-01,O320_CLASS,HIGH_ALTITUDE_ISR,5744.212785861414,-27.567965948153205,1831.2989553076395,0.7144592959049092,91.18564427257684,718.5130295695498,68.46871153103206,30.2704044461133,23.905959526304436,0.5958083853915481,13.843762972448124,10.313687575957426,26.641534229713088,CRUISE,HEALTHY,False,0.0,1.0,OK,42
2026-01-01T00:11:58Z,O320_CLASS-SIM-01,O320_CLASS,HIGH_ALTITUDE_ISR,5749.319822334826,-27.65249638974507,1835.9109985318732,0.708321170632337,88.67845267336277,717.492562280845,67.87696829044481,31.88368962392209,23.886373462027073,0.5913119415978052,13.85412203708873,10.23545495587595,26.596622015013523,CRUISE,HEALTHY,False,0.0,1.0,OK,42
2026-01-01T00:11:59Z,O320_CLASS-SIM-01,O320_CLASS,HIGH_ALTITUDE_ISR,5749.018578220925,-27.410278080551493,1830.318479621853,0.7132193670074884,89.66557820771664,715.7584019183978,68.38003262682012,30.922925737079858,23.874020565495726,0.6048904920878655,13.830811555350328,10.370037653273311,26.63555237235377,CRUISE,HEALTHY,False,0.0,1.0,OK,42
2026-01-01T00:12:00Z,O320_CLASS-SIM-01,O320_CLASS,HIGH_ALTITUDE_ISR,5749.466799998829,-27.460307978868503,1858.7793049780084,0.7086747696996519,86.68215259359698,712.699539056088,68.62320668578054,32.80562197594409,23.860638079234466,0.6688097546203935,13.89043923538761,10.224935408513547,26.6719241461054,CRUISE,HEALTHY,False,0.0,1.0,OK,42
2026-01-01T00:12:01Z,O320_CLASS-SIM-01,O320_CLASS,HIGH_ALTITUDE_ISR,5751.263368831687,-27.249830039375365,1838.18278468056,0.7086067008567201,88.95279112443912,721.6367143195445,68.41776850102791,32.423998182270005,23.92059100055671,0.6285442591530119,13.871428666903471,10.495759484950272,26.818384259968287,CRUISE,HEALTHY,False,0.0,1.0,OK,42
2026-01-01T00:12:02Z,O320_CLASS-SIM-01,O320_CLASS,HIGH_ALTITUDE_ISR,5752.379967201145,-27.491961204229007,1837.9867540708533,0.7097866190476987,88.78920713481791,723.3646825351374,67.69945996761251,32.48742618823902,23.84933203579672,0.6228159543530024,13.945201491752213,10.029926054635807,26.601603887521534,CRUISE,HEALTHY,False,0.0,1.0,OK,42
2026-01-01T00:12:03Z,O320_CLASS-SIM-01,O320_CLASS,HIGH_ALTITUDE_ISR,5752.949919870463,-27.521427781739945,1841.8725974716524,0.7088118935088258,89.94120044908033,713.3289568989359,67.5901455615836,31.52950602011821,23.81290904234809,0.6782570805035654,13.822225929506779,10.010203193501031,26.771824654711818,CRUISE,HEALTHY,False,0.0,1.0,OK,42
2026-01-01T00:12:04Z,O320_CLASS-SIM-01,O320_CLASS,HIGH_ALTITUDE_ISR,5753.08870804316,-27.628551846273787,1851.0177305486375,0.7078380022349506,88.9181541692391,716.113135774619,68.59479965812922,32.074654116159586,23.8488632530307,0.6044514283358987,13.86128853102296,10.455971389389562,26.53413029587571,CRUISE,HEALTHY,False,0.0,1.0,OK,42
2026-01-01T00:12:05Z,O320_CLASS-SIM-01,O320_CLASS,HIGH_ALTITUDE_ISR,5757.987483295451,-27.521119571610974,1834.5259002634775,0.7074816084222008,87.59314738642213,714.4342336143757,67.92026470830604,31.36544471469171,23.840123943574422,0.6452648107525703,13.84458285874254,10.044384378232747,26.65003018976748,CRUISE,HEALTHY,False,0.0,1.0,OK,42
2026-01-01T00:12:06Z,O320_CLASS-SIM-01,O320_CLASS,HIGH_ALTITUDE_ISR,5757.441639270425,-27.381459050148916,1833.6962649327045,0.7068958152219673,87.77696271548939,713.4084675648969,68.82901264598597,32.11337906096096,23.844860079091188,0.5948260488409183,13.843289843652967,10.04547977158119,26.77761763541259,CRUISE,HEALTHY,False,0.0,1.0,OK,42
2026-01-01T00:12:07Z,O320_CLASS-SIM-01,O320_CLASS,HIGH_ALTITUDE_ISR,5756.513140113268,-27.107963727244265,1844.3945530662888,0.7123411829031556,89.95111590893471,715.5320327323984,68.5431868345745,31.40194067731675,23.968323836029388,0.6335302944345409,13.875895534801126,10.297820152679478,26.969209431241715,CRUISE,HEALTHY,False,0.0,1.0,OK,42
2026-01-01T00:12:08Z,O320_CLASS-SIM-01,O320_CLASS,HIGH_ALTITUDE_ISR,5755.785882435753,-27.150844127436986,1832.800344872212,0.7068702417309084,88.24011053738973,712.445850461275,68.56333166632716,30.842450785187403,23.894112365190892,0.6626860086627192,13.84784039305378,10.198133062517076,26.51226148711777,CRUISE,HEALTHY,False,0.0,1.0,OK,42
2026-01-01T00:12:09Z,O320_CLASS-SIM-01,O320_CLASS,HIGH_ALTITUDE_ISR,5758.346035765145,-27.04693217049471,1840.410949069034,0.70911339630507,88.40601125295807,716.450473554111,68.35168791936944,31.329907734310986,23.911050909490392,0.5791376400216367,13.839225449293572,10.3568149360324,26.532067252096077,CRUISE,HEALTHY,False,0.0,1.0,OK,42
2026-01-01T00:12:10Z,O320_CLASS-SIM-01,O320_CLASS,HIGH_ALTITUDE_ISR,5761.014160799929,-27.441626218843666,1819.4621259926,0.7098221728542965,87.11513563249139,718.2746507083128,68.1979807002439,33.13810926983136,23.936982579176462,0.5748060553666592,13.807331064024636,10.074597930854535,26.523771786287547,CRUISE,HEALTHY,False,0.0,1.0,OK,42
2026-01-01T00:12:11Z,O320_CLASS-SIM-01,O320_CLASS,HIGH_ALTITUDE_ISR,5763.651305543013,-27.44747973857456,1841.450673723142,0.7089934302383908,88.91898528624797,716.4438669845797,68.73788113587062,31.898620139796705,23.829419251476168,0.6820925409546649,13.859144977131336,10.148600474641858,26.282131868009735,CRUISE,HEALTHY,False,0.0,1.0,OK,42
2026-01-01T00:12:12Z,O320_CLASS-SIM-01,O320_CLASS,HIGH_ALTITUDE_ISR,5762.856361291503,-27.437229056431665,1834.6806596502515,0.7087181601815878,88.44159955873343,715.5856725462144,68.47832889639562,32.152693034345255,23.869603390360968,0.6551076988420363,13.865536400595543,10.135531248905117,26.735917111269625,CRUISE,HEALTHY,False,0.0,1.0,OK,42
2026-01-01T00:12:13Z,O320_CLASS-SIM-01,O320_CLASS,HIGH_ALTITUDE_ISR,5760.857745769084,-27.423921618717472,1821.4417362206755,0.7074286730641595,86.70670597801937,716.0560205198134,68.93471733138524,31.539816009743152,23.91220328431993,0.7112009824223865,13.880003487158742,10.06939227737067,26.611616621358845,CRUISE,HEALTHY,False,0.0,1.0,OK,42
2026-01-01T00:12:14Z,O320_CLASS-SIM-01,O320_CLASS,HIGH_ALTITUDE_ISR,5763.889876201223,-27.56021197456691,1829.2124432927883,0.7114149522629634,90.35779790662801,712.3607712003384,67.96139550880848,31.254352393793372,23.90884752766533,0.6627896813524946,13.948917037196185,10.143384486775538,26.642989766400692,CRUISE,HEALTHY,False,0.0,1.0,OK,42
2026-01-01T00:12:15Z,O320_CLASS-SIM-01,O320_CLASS,HIGH_ALTITUDE_ISR,5765.763807404409,-27.57405869831942,1832.4473981840101,0.7085746856871947,85.97770037143094,716.770275200577,68.2135185607287,32.63461935026945,23.878036685184252,0.5668349937834167,13.860091222194999,9.73613970962773,26.52330858509974,CRUISE,HEALTHY,False,0.0,1.0,OK,42
2026-01-01T00:12:16Z,O320_CLASS-SIM-01,O320_CLASS,HIGH_ALTITUDE_ISR,5766.8262748252455,-27.51527566916765,1840.853120334056,0.7054312948633232,88.8300061132915,715.2576008147394,68.66660216893494,32.14792337335924,23.908743876205143,0.6786395333638862,13.856767766085618,10.591788326030164,26.54791254961815,CRUISE,HEALTHY,False,0.0,1.0,OK,42
2026-01-01T00:12:17Z,O320_CLASS-SIM-01,O320_CLASS,HIGH_ALTITUDE_ISR,5765.243762740431,-27.371711030148262,1821.3330974097064,0.7104709280822347,89.2398103392162,719.1102040336327,68.25828510429035,31.646631006644732,23.900963641684545,0.5904353925829784,13.846600382882587,10.375733261176613,26.699747537791488,CRUISE,HEALTHY,False,0.0,1.0,OK,42
2026-01-01T00:12:18Z,O320_CLASS-SIM-01,O320_CLASS,HIGH_ALTITUDE_ISR,5767.246171981186,-27.50348904352608,1846.0254758346266,0.7083996774722345,88.54908569174628,712.1461520174055,68.26292163231918,32.119377391401656,23.91617944060553,0.6212283252152331,13.896437773805873,10.439041372904535,26.87068050556427,CRUISE,HEALTHY,False,0.0,1.0,OK,42
2026-01-01T00:12:19Z,O320_CLASS-SIM-01,O320_CLASS,HIGH_ALTITUDE_ISR,5770.3256603324235,-27.262023111853754,1831.8094384496403,0.7065919156613087,89.90924644526163,718.3503361352174,68.90566124515549,32.61098164216317,23.970512319844875,0.6416520307469954,13.874603280640667,9.909095950519962,26.749549738273085,CRUISE,HEALTHY,False,0.0,1.0,OK,42
2026-01-01T00:12:20Z,O320_CLASS-SIM-01,O320_CLASS,HIGH_ALTITUDE_ISR,5769.012514805962,-27.472241751953383,1833.5010808374752,0.7101498163840494,88.99326183072478,718.7206944373763,67.18620180576961,31.73002303418724,23.93223236768776,0.6916180660748713,13.88967400106585,10.675670532102433,26.728272969479352,CRUISE,HEALTHY,False,0.0,1.0,OK,42
2026-01-01T00:12:21Z,O320_CLASS-SIM-01,O320_CLASS,HIGH_ALTITUDE_ISR,5770.837627197224,-27.431004320182502,1832.937420202544,0.7076019517306319,88.48904512267887,713.5869527097781,68.48461497486215,31.57922048290892,23.85296277402039,0.5941070334840718,13.882843051094646,10.448669954393463,26.53295280769117,CRUISE,HEALTHY,False,0.0,1.0,OK,42
2026-01-01T00:12:22Z,O320_CLASS-SIM-01,O320_CLASS,HIGH_ALTITUDE_ISR,5769.893869820733,-27.373688586021924,1821.8599152295549,0.710221957794629,91.04489919169939,720.3996132136668,68.56621394202939,32.12923354602641,23.982441672947303,0.5233568190804913,13.853737491982988,10.464789091463249,26.651534218071728,CRUISE,HEALTHY,False,0.0,1.0,OK,42
2026-01-01T00:12:23Z,O320_CLASS-SIM-01,O320_CLASS,HIGH_ALTITUDE_ISR,5774.677127780371,-27.529216601110015,1833.812946244342,0.7085379522588098,88.47486974423052,714.967942743326,68.3773323562201,30.934612903981858,23.916375784643602,0.6428199482362579,13.900626258813478,9.969543347308289,26.446803174338616,CRUISE,HEALTHY,False,0.0,1.0,OK,42
2026-01-01T00:12:24Z,O320_CLASS-SIM-01,O320_CLASS,HIGH_ALTITUDE_ISR,5773.803245176076,-27.094941812727978,1842.786687362232,0.7079387264306056,89.60857220172838,718.1388765816141,67.71931163573366,32.64204455674923,23.859213593613276,0.6130219469404437,13.868333510448426,10.537017865395505,26.588044744760243,CRUISE,HEALTHY,False,0.0,1.0,OK,42
2026-01-01T00:12:25Z,O320_CLASS-SIM-01,O320_CLASS,HIGH_ALTITUDE_ISR,5772.241132294411,-27.48776702352531,1816.2057817748507,0.7084057293176654,90.52068153781394,717.7518359493886,68.68141061567519,32.03470398057391,23.986970803333854,0.5930778689072952,13.879540127818572,10.140461194167193,26.844439696134696,CRUISE,HEALTHY,False,0.0,1.0,OK,42
2026-01-01T00:12:26Z,O320_CLASS-SIM-01,O320_CLASS,HIGH_ALTITUDE_ISR,5775.701288479575,-27.284831998242122,1828.206555697977,0.7117825070196879,89.80547458012751,716.2071406113163,68.47924654468844,31.73951346733263,23.883121111304057,0.6082908881942842,13.846524730886294,10.165332100511645,26.4480452211332,CRUISE,HEALTHY,False,0.0,1.0,OK,42
2026-01-01T00:12:27Z,O320_CLASS-SIM-01,O320_CLASS,HIGH_ALTITUDE_ISR,5778.048636784512,-27.73438173868346,1830.6099513257304,0.7102246615115334,90.09825796136171,711.8358557511659,68.22333196239919,31.890376827772318,23.86679350060914,0.6702870103446632,13.842894389481671,9.735948253607024,26.821663357537464,CRUISE,HEALTHY,False,0.0,1.0,OK,42
2026-01-01T00:12:28Z,O320_CLASS-SIM-01,O320_CLASS,HIGH_ALTITUDE_ISR,5776.97214859835,-27.81933664519345,1830.981080618244,0.7113500048407523,87.57235352066623,722.0966680031638,67.92272030038893,31.584268904423094,23.80210541156733,0.6181467107198793,13.863512373953888,9.87494380333475,27.12358601257818,CRUISE,HEALTHY,False,0.0,1.0,OK,42
2026-01-01T00:12:29Z,O320_CLASS-SIM-01,O320_CLASS,HIGH_ALTITUDE_ISR,5778.0268355163125,-27.636173351849866,1839.8995263007716,0.7124777161159033,90.43725566863564,713.2379205515809,68.34123845046975,30.0016414301279,23.90701664329999,0.5510330597792794,13.843404982787108,10.245625732773572,26.76606048863448,CRUISE,HEALTHY,False,0.0,1.0,OK,42
2026-01-01T00:12:30Z,O320_CLASS-SIM-01,O320_CLASS,HIGH_ALTITUDE_ISR,5779.370502826811,-27.340589829442447,1837.8312229939243,0.7100989733176521,87.60752511338417,720.4734835596807,67.93225086016692,32.888852599342094,23.961910518316145,0.6369051389771372,13.898437631075538,9.474805084972266,26.66965670437982,CRUISE,HEALTHY,False,0.0,1.0,OK,42
2026-01-01T00:12:31Z,O320_CLASS-SIM-01,O320_CLASS,HIGH_ALTITUDE_ISR,5782.407216713847,-27.43622425340368,1822.1855942485774,0.7081823971901055,86.03644236196273,717.2417390887402,67.49794779131643,32.39528020610111,23.918806404204904,0.59738250128153,13.883091733469408,10.190369348757924,26.734790913205728,CRUISE,HEALTHY,False,0.0,1.0,OK,42
2026-01-01T00:12:32Z,O320_CLASS-SIM-01,O320_CLASS,HIGH_ALTITUDE_ISR,5780.025142611167,-27.487975312863217,1818.711981274389,0.7050702984054998,88.93104176430184,715.6653421775958,68.35800224066342,30.963371260601747,23.95282415962201,0.6227396734207735,13.874416128082595,10.293061590233146,26.84853874655374,CRUISE,HEALTHY,False,0.0,1.0,OK,42
2026-01-01T00:12:33Z,O320_CLASS-SIM-01,O320_CLASS,HIGH_ALTITUDE_ISR,5783.602121359822,-27.52149493409138,1837.6274256630047,0.7050412469163818,86.93041334331426,715.9874971175138,68.16781455469646,31.938904490949295,23.858409856071496,0.6395483750236597,13.830038037572113,10.240176156449596,26.49654139278162,CRUISE,HEALTHY,False,0.0,1.0,OK,42
2026-01-01T00:12:34Z,O320_CLASS-SIM-01,O320_CLASS,HIGH_ALTITUDE_ISR,5784.310445631716,-27.87598878810053,1834.4241308646608,0.7057127948889994,88.61167195543936,718.3991570293651,68.33563882521031,30.150607841650434,23.822658772824436,0.5561769442378907,13.816539363362988,10.271387358307976,26.78134231727661,CRUISE,HEALTHY,False,0.0,1.0,OK,42
2026-01-01T00:12:35Z,O320_CLASS-SIM-01,O320_CLASS,HIGH_ALTITUDE_ISR,5785.383131103296,-27.51030042221248,1831.4404680651296,0.7080643306736112,87.78149690164926,715.0458326571745,67.71395036030168,30.783083045845796,23.859594282146436,0.6114781531778604,13.95930018394036,9.904632017163559,26.67813044488652,CRUISE,HEALTHY,False,0.0,1.0,OK,42
2026-01-01T00:12:36Z,O320_CLASS-SIM-01,O320_CLASS,HIGH_ALTITUDE_ISR,5783.57868754748,-27.665310738538345,1828.6571217540761,0.7102611886238948,88.52685503736814,715.6519270880565,68.06816557674824,30.330453561216444,23.82141231307021,0.6008712433092295,13.86954934551809,10.379927177644241,26.66130348882253,CRUISE,HEALTHY,False,0.0,1.0,OK,42
2026-01-01T00:12:37Z,O320_CLASS-SIM-01,O320_CLASS,HIGH_ALTITUDE_ISR,5786.328084810377,-27.871713243614323,1835.6498632299993,0.7071399502574459,89.96027756405473,719.4055204253194,68.16292996099293,30.62472546276092,23.85205201351217,0.6300551108764499,13.85784519695072,10.098290279814613,26.78062053414872,CRUISE,HEALTHY,False,0.0,1.0,OK,42
2026-01-01T00:12:38Z,O320_CLASS-SIM-01,O320_CLASS,HIGH_ALTITUDE_ISR,5788.444780110453,-27.67198312858875,1817.9975851922538,0.7094048198628224,88.14021184319914,716.6344679274407,68.29636223688705,29.92429611864662,23.855810560366315,0.6366466548233298,13.886401599179326,10.267750933268402,26.399110558211447,CRUISE,HEALTHY,False,0.0,1.0,OK,42
2026-01-01T00:12:39Z,O320_CLASS-SIM-01,O320_CLASS,HIGH_ALTITUDE_ISR,5790.606097783756,-27.564834695106708,1821.5016948424773,0.7068768548720644,89.33574832698933,717.7822706214389,68.03851773681825,32.087954001085976,23.760987686143974,0.5743253200262592,13.80533233791614,10.013167910115538,26.921497829737962,CRUISE,HEALTHY,False,0.0,1.0,OK,42
2026-01-01T00:12:40Z,O320_CLASS-SIM-01,O320_CLASS,HIGH_ALTITUDE_ISR,5792.769243034418,-27.59774793770194,1825.9189583223758,0.7079694186109965,89.62356194865659,712.1595531241244,68.00250690668757,32.5675277916389,23.79721009506115,0.5860210149697077,13.867635301141565,10.307414548041825,26.6011334573694,CRUISE,HEALTHY,False,0.0,1.0,OK,42
2026-01-01T00:12:41Z,O320_CLASS-SIM-01,O320_CLASS,HIGH_ALTITUDE_ISR,5790.790049749481,-27.548193990574003,1846.6161566129688,0.7081205271141463,89.00327210833997,719.8698314490533,68.00964409404867,30.352210604758152,23.860877637715788,0.6589873462218317,13.878047140527991,10.211484943095861,26.47722289556039,CRUISE,HEALTHY,False,0.0,1.0,OK,42
2026-01-01T00:12:42Z,O320_CLASS-SIM-01,O320_CLASS,HIGH_ALTITUDE_ISR,5791.579112798764,-27.460860094385886,1820.9497629514042,0.7078438389857267,88.58512201847769,714.2911347042498,68.32628366201276,31.758416964854305,23.868876144055832,0.5768262927593307,13.817812452410855,10.300445927907008,26.61819190752568,CRUISE,HEALTHY,False,0.0,1.0,OK,42
2026-01-01T00:12:43Z,O320_CLASS-SIM-01,O320_CLASS,HIGH_ALTITUDE_ISR,5795.41619872826,-27.369605291629497,1846.646383077538,0.7064134289915813,89.73062141466143,718.1969731865728,68.52826033899386,31.112334199367638,23.910062673327143,0.6158760246511794,13.871011385516617,9.849500504086619,26.790392396385474,CRUISE,HEALTHY,False,0.0,1.0,OK,42
2026-01-01T00:12:44Z,O320_CLASS-SIM-01,O320_CLASS,HIGH_ALTITUDE_ISR,5793.260176080435,-27.58901332941507,1832.4999469765232,0.7086158414072958,88.9897970402547,717.9702872085584,68.14316597871095,30.22377444402441,23.873421857341025,0.5834551498990859,13.827416586774422,9.977508168707045,26.735775420036322,CRUISE,HEALTHY,False,0.0,1.0,OK,42
2026-01-01T00:12:45Z,O320_CLASS-SIM-01,O320_CLASS,HIGH_ALTITUDE_ISR,5794.498078938214,-27.985081025879495,1827.4479700257168,0.7105527481642352,88.50037334183592,715.5742926826683,68.63772407878696,32.01640365300457,23.894931299730473,0.504871575998374,13.919126375252961,10.39127933325698,27.0620949623993,CRUISE,HEALTHY,False,0.0,1.0,OK,42
2026-01-01T00:12:46Z,O320_CLASS-SIM-01,O320_CLASS,HIGH_ALTITUDE_ISR,5794.461431588759,-27.936144574974318,1830.473152951598,0.7076238585150888,89.82359975008914,718.6595013379033,68.18341451878194,31.179525718634228,23.8688494241327,0.6054789270832187,13.856897464875916,10.49057326816193,26.881438140971575,CRUISE,HEALTHY,False,0.0,1.0,OK,42
2026-01-01T00:12:47Z,O320_CLASS-SIM-01,O320_CLASS,HIGH_ALTITUDE_ISR,5798.2529334927785,-27.703309853734222,1813.195288658307,0.7078385084621349,88.12690178034484,715.6320645549844,67.94770065499512,31.347580221743957,23.789619358989125,0.5644617333574938,13.903753917941204,9.987985526170403,26.692119193340147,CRUISE,HEALTHY,False,0.0,1.0,OK,42
2026-01-01T00:12:48Z,O320_CLASS-SIM-01,O320_CLASS,HIGH_ALTITUDE_ISR,5799.050819888952,-27.547378190589374,1836.5705889963397,0.7087009711242411,89.90255659457486,719.3732942759761,68.38395104748382,29.886490221484944,23.814026206923163,0.6435035946148248,13.848236542772021,10.634536947312592,26.682190487415507,CRUISE,HEALTHY,False,0.0,1.0,OK,42
2026-01-01T00:12:49Z,O320_CLASS-SIM-01,O320_CLASS,HIGH_ALTITUDE_ISR,5798.7389842681505,-27.52226059238696,1828.6472145086464,0.708408109627012,90.1099756368269,712.2440944627064,68.09762790517351,32.011654770046526,23.842602620915276,0.674300508952643,13.81974796911472,9.806120540303711,26.806718476193602,CRUISE,HEALTHY,False,0.0,1.0,OK,42
2026-01-01T00:12:50Z,O320_CLASS-SIM-01,O320_CLASS,HIGH_ALTITUDE_ISR,5800.901885425574,-27.72640813594541,1833.2113867502812,0.7095062869711358,88.05166644358366,714.1418473383801,68.2854429644745,32.06368337845151,23.779894532936574,0.6076476197191236,13.859674821743846,10.332221415290247,26.689558805227364,CRUISE,HEALTHY,False,0.0,1.0,OK,42
2026-01-01T00:12:51Z,O320_CLASS-SIM-01,O320_CLASS,HIGH_ALTITUDE_ISR,5799.776412719534,-27.51658418050544,1825.5923970917058,0.7073919977501475,87.1157799649172,714.1091010734876,68.41378840840511,31.588973894399352,23.8670380140043,0.6375631887641985,13.929609594375943,10.039877675794443,26.44754808620857,CRUISE,HEALTHY,False,0.0,1.0,OK,42
2026-01-01T00:12:52Z,O320_CLASS-SIM-01,O320_CLASS,HIGH_ALTITUDE_ISR,5800.011472093194,-27.815865235692193,1822.010074377727,0.7081238296317975,90.52603785489785,719.726511153516,68.4068870260748,33.03759026244253,23.8181133164108,0.5501815117784771,13.898549769673133,9.766304615223124,26.57680930627835,CRUISE,HEALTHY,False,0.0,1.0,OK,42
2026-01-01T00:12:53Z,O320_CLASS-SIM-01,O320_CLASS,HIGH_ALTITUDE_ISR,5803.359533427999,-27.732123095023184,1828.1753082241846,0.7055352453311854,89.0071639438685,718.3707176143171,68.21095660179373,30.652471989114527,23.772424870440275,0.5830568700743967,13.878700696315434,10.310964696122443,26.569581831515755,CRUISE,HEALTHY,False,0.0,1.0,OK,42
2026-01-01T00:12:54Z,O320_CLASS-SIM-01,O320_CLASS,HIGH_ALTITUDE_ISR,5800.255289438455,-27.66021237116346,1822.419519121625,0.7092352678151734,88.11007008630106,713.3760083955758,68.2620441702871,33.19489232158003,23.871123136751258,0.6208478090962317,13.877672487697895,9.786396169391454,26.520905002874095,CRUISE,HEALTHY,False,0.0,1.0,OK,42
2026-01-01T00:12:55Z,O320_CLASS-SIM-01,O320_CLASS,HIGH_ALTITUDE_ISR,5800.797098765921,-27.470181614226203,1841.7185220619904,0.7086030973698901,89.17681462888471,711.9509828766835,68.11086155783202,32.7347267269964,23.839112300326118,0.5927715660157203,13.814141081426598,10.568362657774408,26.67834167517262,CRUISE,HEALTHY,False,0.0,1.0,OK,42
2026-01-01T00:12:56Z,O320_CLASS-SIM-01,O320_CLASS,HIGH_ALTITUDE_ISR,5802.920454775512,-27.87475096342184,1819.1773927335157,0.7075142907263537,89.26075811966837,714.5561137913108,68.50720647740546,31.35593534534768,23.884527002397824,0.6010280528774754,13.95821923036389,10.081275222890895,26.55295295835892,CRUISE,HEALTHY,False,0.0,1.0,OK,42
2026-01-01T00:12:57Z,O320_CLASS-SIM-01,O320_CLASS,HIGH_ALTITUDE_ISR,5805.008168222475,-27.77420063279267,1815.5396787166808,0.7083272209257507,86.72286168618095,716.2025325471359,67.65369360036424,30.9799391977435,23.860508305307043,0.7074357184920645,13.834495710113407,10.183929306149597,26.579486892655073,CRUISE,HEALTHY,False,0.0,1.0,OK,42
2026-01-01T00:12:58Z,O320_CLASS-SIM-01,O320_CLASS,HIGH_ALTITUDE_ISR,5806.234877055842,-27.85625393600337,1835.7867773467906,0.7067223009699519,91.70567630364253,716.8225023776245,67.78799665502316,30.983690190590075,23.789058857564314,0.6472353561904723,13.817648600929438,9.885382174963494,26.598917037759538,CRUISE,HEALTHY,False,0.0,1.0,OK,42
2026-01-01T00:12:59Z,O320_CLASS-SIM-01,O320_CLASS,HIGH_ALTITUDE_ISR,5809.556166221453,-27.570497307982933,1840.1368686920991,0.7087183331986252,88.9043084806362,717.75331798548,67.7320074562924,29.793409013331733,23.849853027167555,0.5749638761210191,13.864829055307082,10.249638212416654,26.724465176098384,CRUISE,HEALTHY,False,0.0,1.0,OK,42
2026-01-01T00:13:00Z,O320_CLASS-SIM-01,O320_CLASS,HIGH_ALTITUDE_ISR,5810.930496831596,-27.637093483661,1830.550824852884,0.7067350170581088,89.13036529167168,714.2604268457306,68.10904308050141,33.355754026426965,23.83600059404671,0.6331592200211094,13.845600106202715,10.473861337731982,26.80088641721795,CRUISE,HEALTHY,False,0.0,1.0,OK,42
2026-01-01T00:13:01Z,O320_CLASS-SIM-01,O320_CLASS,HIGH_ALTITUDE_ISR,5811.666901847855,-27.736119487590152,1837.1626457559796,0.7101227354726345,89.33804435187605,715.4486216385594,68.54325015363943,30.529995580911404,23.789863075194805,0.6129758159545998,13.81450008377782,10.424853413981813,26.54200680724024,CRUISE,HEALTHY,False,0.0,1.0,OK,42
2026-01-01T00:13:02Z,O320_CLASS-SIM-01,O320_CLASS,HIGH_ALTITUDE_ISR,5810.8006999756835,-27.806793526653546,1829.1017277606609,0.7068523759868364,88.91475525773623,715.5702833196485,68.00441664506747,30.626820840622727,23.878704785171482,0.5308900157069598,13.860545612973606,10.09984142636703,26.748860974853486,CRUISE,HEALTHY,False,0.0,1.0,OK,42
2026-01-01T00:13:03Z,O320_CLASS-SIM-01,O320_CLASS,HIGH_ALTITUDE_ISR,5810.318560805222,-27.856217801186542,1827.8668710376498,0.709640147220741,89.39149734263832,712.7448319539421,67.98604577337429,31.946298111414134,23.76346236489212,0.6118788909870979,13.866419727836444,10.119732314876027,27.090003405689295,CRUISE,HEALTHY,False,0.0,1.0,OK,42
2026-01-01T00:13:04Z,O320_CLASS-SIM-01,O320_CLASS,HIGH_ALTITUDE_ISR,5812.872966302893,-27.720233638793243,1822.4536631917765,0.7085158134443162,90.0350953690492,714.217842685668,68.15696332972308,30.51331387790134,23.765150956328156,0.6564549007425878,13.850049588459315,9.611886870008647,26.95004247310682,CRUISE,HEALTHY,False,0.0,1.0,OK,42
2026-01-01T00:13:05Z,O320_CLASS-SIM-01,O320_CLASS,HIGH_ALTITUDE_ISR,5813.280983999533,-27.83110278195903,1841.609654963212,0.7071371507322596,88.79142120275603,712.6015206785079,67.52271833309547,31.08850938864154,23.83938169388591,0.6271625252873088,13.852208061600416,10.219466361003484,26.40925598663311,CRUISE,HEALTHY,False,0.0,1.0,OK,42
2026-01-01T00:13:06Z,O320_CLASS-SIM-01,O320_CLASS,HIGH_ALTITUDE_ISR,5816.166441007234,-27.776384361379733,1844.170028359483,0.7073959116738104,87.85349677757898,715.5293461829486,68.04333981224846,31.561465443814445,23.82145588603045,0.5645020702282713,13.817549874302252,10.279241007598037,26.891903128326256,CRUISE,HEALTHY,False,0.0,1.0,OK,42
2026-01-01T00:13:07Z,O320_CLASS-SIM-01,O320_CLASS,HIGH_ALTITUDE_ISR,5816.587275794332,-27.685049047705622,1836.3815602467191,0.7078748535328591,88.00458509161787,716.1286251750096,68.65509696875995,31.629692378932347,23.85639364735951,0.596356521708894,13.860527840844023,10.182944261720001,26.676333732950784,CRUISE,HEALTHY,False,0.0,1.0,OK,42
2026-01-01T00:13:08Z,O320_CLASS-SIM-01,O320_CLASS,HIGH_ALTITUDE_ISR,5819.212254934336,-28.16556812274278,1828.4217467763947,0.7071425945501976,87.3334483863134,717.3039741640315,67.88027598054768,30.912234652198116,23.91029059239287,0.6552157542584996,13.883809344253626,10.306932542334094,26.658930941059634,CRUISE,HEALTHY,False,0.0,1.0,OK,42
2026-01-01T00:13:09Z,O320_CLASS-SIM-01,O320_CLASS,HIGH_ALTITUDE_ISR,5821.451446850436,-27.699615331474437,1822.0794018735198,0.7044617002054695,89.6567302394822,715.4690846739788,67.5963091962783,31.532810578651414,23.803270275291244,0.6360018459920764,13.879803226713982,10.058784609227846,26.778158195112724,CRUISE,HEALTHY,False,0.0,1.0,OK,42
2026-01-01T00:13:10Z,O320_CLASS-SIM-01,O320_CLASS,HIGH_ALTITUDE_ISR,5818.697586820492,-27.891321169866032,1823.7159982958963,0.7094841710778348,88.63711265448894,719.0240670421465,68.87908697897218,30.5910472529727,23.669542023389546,0.6565140751890288,13.856268149307263,9.993416403974857,26.594522325474163,CRUISE,HEALTHY,False,0.0,1.0,OK,42
2026-01-01T00:13:11Z,O320_CLASS-SIM-01,O320_CLASS,HIGH_ALTITUDE_ISR,5819.814287204459,-27.638258337983235,1829.151835344429,0.7097497369427559,89.56413854831416,714.8040840888724,68.00735887954828,31.623390521402,23.85548324592587,0.6545638491660628,13.858657438592367,10.252876950696578,26.77003468865661,CRUISE,HEALTHY,False,0.0,1.0,OK,42
2026-01-01T00:13:12Z,O320_CLASS-SIM-01,O320_CLASS,HIGH_ALTITUDE_ISR,5820.852623889667,-28.00952671935613,1821.3207602939615,0.7066607862577611,89.76299785919305,718.7088066616469,67.61889176935081,30.688308509975673,23.795439034459537,0.6464392751022835,13.850636567331446,10.100754968880079,26.470228351488007,CRUISE,HEALTHY,False,0.0,1.0,OK,42
2026-01-01T00:13:13Z,O320_CLASS-SIM-01,O320_CLASS,HIGH_ALTITUDE_ISR,5823.145745894595,-27.86994398817361,1822.436959461372,0.7065841481542104,90.31801878327447,713.0333478918433,67.82245585447838,32.16006752138012,23.81599111508709,0.6413992135421143,13.878508731906452,10.198467067239157,26.62938100589934,CRUISE,HEALTHY,False,0.0,1.0,OK,42
2026-01-01T00:13:14Z,O320_CLASS-SIM-01,O320_CLASS,HIGH_ALTITUDE_ISR,5824.660035446424,-27.677832054510866,1836.2412249461804,0.7046925487961967,90.5287922930341,714.6349294830369,67.8549171080238,31.014884490250775,23.85262902934337,0.6361860766895001,13.858770875217385,10.415829911392372,26.7022036215133,CRUISE,HEALTHY,False,0.0,1.0,OK,42
2026-01-01T00:13:15Z,O320_CLASS-SIM-01,O320_CLASS,HIGH_ALTITUDE_ISR,5823.545304706452,-27.964836244824724,1830.7480028687526,0.7068587740521783,87.30956777998055,717.6318740230579,67.96262828974497,32.41612349228382,23.739793361740663,0.6072976289181272,13.845409431759943,9.961670640593637,26.60780461242791,CRUISE,HEALTHY,False,0.0,1.0,OK,42
2026-01-01T00:13:16Z,O320_CLASS-SIM-01,O320_CLASS,HIGH_ALTITUDE_ISR,5828.052676810381,-27.843573839567433,1821.0308732600859,0.7033268701634521,86.89181380266409,714.1570153179085,67.89907264770768,30.955268377101085,23.695203943918106,0.6108171762073171,13.897216952020855,10.610349495189302,26.39625500820872,CRUISE,HEALTHY,False,0.0,1.0,OK,42
2026-01-01T00:13:17Z,O320_CLASS-SIM-01,O320_CLASS,HIGH_ALTITUDE_ISR,5825.18679975003,-27.99966285692395,1828.4287299607859,0.7045048995086914,90.97343965266236,715.5911824612126,68.10109902781157,32.40076113927877,23.806881045202633,0.6304550472941679,13.84383740879404,9.861126666380464,26.588466421035452,CRUISE,HEALTHY,False,0.0,1.0,OK,42
2026-01-01T00:13:18Z,O320_CLASS-SIM-01,O320_CLASS,HIGH_ALTITUDE_ISR,5830.66141613937,-27.783023048233147,1829.357665719887,0.7049520151243914,90.04549961294093,712.0723464159819,67.52134482781045,30.671561706078442,23.904278283998526,0.6903171551440482,13.852800549124515,10.034315514016225,26.43356511994994,CRUISE,HEALTHY,False,0.0,1.0,OK,42
2026-01-01T00:13:19Z,O320_CLASS-SIM-01,O320_CLASS,HIGH_ALTITUDE_ISR,5828.490061961296,-27.860122690376382,1833.376273050567,0.7086864943917297,88.71236724974997,716.8408528244114,67.86572188666527,31.5403867251702,23.780062466012975,0.6327382050897168,13.877668998462525,10.219179347527328,26.798399168936463,CRUISE,HEALTHY,False,0.0,1.0,OK,42
2026-01-01T00:13:20Z,O320_CLASS-SIM-01,O320_CLASS,HIGH_ALTITUDE_ISR,5827.009480758038,-28.050610448606154,1824.797789133408,0.7039388700500502,88.45831103424268,714.4984111515461,68.66766113654369,31.216860996378742,23.855765899776607,0.6263853355941863,13.850220244051465,10.23452090218455,26.788230971384717,CRUISE,HEALTHY,False,0.0,1.0,OK,42
2026-01-01T00:13:21Z,O320_CLASS-SIM-01,O320_CLASS,HIGH_ALTITUDE_ISR,5832.147244846807,-27.917167938011595,1813.6766323859695,0.7033501097708704,88.55212822185848,709.5744371040823,68.85963975818183,31.572461997694656,23.771381441080575,0.5698909292597574,13.897110140304534,9.921795757076382,26.525681841738574,CRUISE,HEALTHY,False,0.0,1.0,OK,42
2026-01-01T00:13:22Z,O320_CLASS-SIM-01,O320_CLASS,HIGH_ALTITUDE_ISR,5830.2002874391665,-27.886656729083693,1831.7215555743257,0.709131376212863,90.1950638165113,715.4053293137396,68.54761727332101,30.5501971413878,23.710991880946526,0.5873900801170449,13.84205505898598,10.041321710367738,26.534108506775627,CRUISE,HEALTHY,False,0.0,1.0,OK,42
2026-01-01T00:13:23Z,O320_CLASS-SIM-01,O320_CLASS,HIGH_ALTITUDE_ISR,5831.6496054748995,-27.81721567185421,1840.3756989154665,0.703255656257831,87.39309161071304,713.4089837935243,68.44351590863008,30.91512034014854,23.764700130162147,0.6428631370455731,13.894910891145564,10.193742007367543,26.555180716949184,CRUISE,HEALTHY,False,0.0,1.0,OK,42
2026-01-01T00:13:24Z,O320_CLASS-SIM-01,O320_CLASS,HIGH_ALTITUDE_ISR,5833.738752684186,-27.951656897934548,1824.62400968484,0.705641866229463,90.04562796639766,715.9965046218483,68.54931034613821,32.14022071483099,23.822725058943245,0.5938932296798675,13.89740528061479,10.313961778266828,27.06771767713877,CRUISE,HEALTHY,False,0.0,1.0,OK,42
2026-01-01T00:13:25Z,O320_CLASS-SIM-01,O320_CLASS,HIGH_ALTITUDE_ISR,5834.790551158138,-27.818461873512963,1828.773987813661,0.7064287869432478,88.62237311807785,716.0916184993623,68.34131129170903,31.986751664048313,23.81408899713391,0.5955952485816987,13.856366185994798,9.865925059003427,26.92599352172167,CRUISE,HEALTHY,False,0.0,1.0,OK,42
2026-01-01T00:13:26Z,O320_CLASS-SIM-01,O320_CLASS,HIGH_ALTITUDE_ISR,5834.505699897179,-27.7844474230428,1828.5614920974863,0.7071947652489804,88.78926043653887,713.3707167138352,67.74323799024641,32.438095243223124,23.80321499141699,0.6590800305546564,13.90769532801821,10.093061340784944,26.73993626953387,CRUISE,HEALTHY,False,0.0,1.0,OK,42
2026-01-01T00:13:27Z,O320_CLASS-SIM-01,O320_CLASS,HIGH_ALTITUDE_ISR,5836.377039972761,-28.109593975214437,1824.7637414911221,0.7077226322280974,88.32863769140239,714.5123112106629,68.05911672959155,32.73662802703513,23.704684978415237,0.6340935615611829,13.858524263318717,10.034723211303543,26.634328032918635,CRUISE,HEALTHY,False,0.0,1.0,OK,42
2026-01-01T00:13:28Z,O320_CLASS-SIM-01,O320_CLASS,HIGH_ALTITUDE_ISR,5838.302651667337,-27.83378177835723,1827.6342218432744,0.7086934191408497,90.44734730330903,717.3495645336677,67.90779797441672,31.435039473126047,23.82021796556302,0.5813610849311632,13.819017586313258,9.68830698473414,26.686086721742612,CRUISE,HEALTHY,False,0.0,1.0,OK,42
2026-01-01T00:13:29Z,O320_CLASS-SIM-01,O320_CLASS,HIGH_ALTITUDE_ISR,5838.740710365952,-28.12617596680659,1834.4128545939504,0.7067726902668467,90.54136576003916,716.21917004946,67.6975531710653,31.398192918116738,23.82763399422698,0.5920399153019601,13.822814282465195,10.218188944322623,26.525080737046256,CRUISE,HEALTHY,False,0.0,1.0,OK,42
2026-01-01T00:13:30Z,O320_CLASS-SIM-01,O320_CLASS,HIGH_ALTITUDE_ISR,5840.967045780306,-28.01643364492113,1839.7399233588053,0.7021802540935337,89.0810522612028,718.8505178864788,67.76577668019922,30.896288954671387,23.772847220185465,0.5865526732947375,13.87339207261836,9.868373652674299,26.65816117414405,CRUISE,HEALTHY,False,0.0,1.0,OK,42
2026-01-01T00:13:31Z,O320_CLASS-SIM-01,O320_CLASS,HIGH_ALTITUDE_ISR,5841.051769134304,-27.994069612263548,1817.8400069831412,0.7084492596860918,89.79288080534836,712.6582744857084,67.60206734906251,30.25419196802524,23.81913323014267,0.6248848189651842,13.88973219750941,10.10980570958978,26.53569543959831,CRUISE,HEALTHY,False,0.0,1.0,OK,42
2026-01-01T00:13:32Z,O320_CLASS-SIM-01,O320_CLASS,HIGH_ALTITUDE_ISR,5842.648111002462,-28.051271245271636,1827.2325586081502,0.7032493566709755,88.23007485844812,717.768939560085,67.83101267868548,31.659416397587012,23.674189172569253,0.5914447644287651,13.860865401261297,10.626092637606993,26.49864525197857,CRUISE,HEALTHY,False,0.0,1.0,OK,42
2026-01-01T00:13:33Z,O320_CLASS-SIM-01,O320_CLASS,HIGH_ALTITUDE_ISR,5843.2683947050755,-27.816162613765062,1819.8667980630505,0.7055624759119783,89.08107681344107,711.5259428995378,67.93329351263962,32.02078485474605,23.81574350297932,0.6075089108244216,13.869374537744662,10.334798287303743,26.789465339800184,CRUISE,HEALTHY,False,0.0,1.0,OK,42
2026-01-01T00:13:34Z,O320_CLASS-SIM-01,O320_CLASS,HIGH_ALTITUDE_ISR,5842.419347032899,-27.75094265215884,1836.0680494309975,0.7076243565305477,87.89684536404296,712.6633023264085,67.98250573250944,31.04058922362449,23.700056793764002,0.6335252231157603,13.904582562807104,10.332804951500227,26.571795055699305,CRUISE,HEALTHY,False,0.0,1.0,OK,42
2026-01-01T00:13:35Z,O320_CLASS-SIM-01,O320_CLASS,HIGH_ALTITUDE_ISR,5843.054426649931,-27.94262135472309,1824.2093901789524,0.7071162410786705,89.62773776929222,717.9277954074188,67.65811049505767,31.161354269264756,23.76917828099952,0.6097506351671663,13.891867290223782,10.43108244188817,26.882568707054944,CRUISE,HEALTHY,False,0.0,1.0,OK,42
2026-01-01T00:13:36Z,O320_CLASS-SIM-01,O320_CLASS,HIGH_ALTITUDE_ISR,5845.876480613648,-28.01055013766099,1823.3113557255679,0.7027209661856868,90.51062909602345,714.3775302585996,68.31113146781391,31.519338339011252,23.723956919451858,0.57672072415675,13.91232195335727,10.2595244960811,26.58531351809908,CRUISE,HEALTHY,False,0.0,1.0,OK,42
2026-01-01T00:13:37Z,O320_CLASS-SIM-01,O320_CLASS,HIGH_ALTITUDE_ISR,5846.040638213468,-27.837560496021105,1832.7074703970475,0.7032186301263142,90.8613625753593,717.5818537944798,68.04559548294553,30.014845213334937,23.837793810166676,0.6326702265768906,13.822153738054809,10.128010828297821,27.140926542276055,CRUISE,HEALTHY,False,0.0,1.0,OK,42
2026-01-01T00:13:38Z,O320_CLASS-SIM-01,O320_CLASS,HIGH_ALTITUDE_ISR,5847.246974858344,-28.11824003359479,1817.0635601324843,0.7096553090779698,89.91480827203848,718.6692891417365,68.20367279685895,31.96352064741192,23.74154806149934,0.6200753162905867,13.874475629847334,10.530756896516126,26.71942631485625,CRUISE,HEALTHY,False,0.0,1.0,OK,42
2026-01-01T00:13:39Z,O320_CLASS-SIM-01,O320_CLASS,HIGH_ALTITUDE_ISR,5847.276018101681,-28.0037817813048,1811.6188135880557,0.7014294911048881,89.89238145100788,714.1980394971825,67.99764502582474,31.61714473593408,23.85268532259729,0.6349097495143663,13.923682546055005,10.309932349894604,26.716531161212707,CRUISE,HEALTHY,False,0.0,1.0,OK,42
2026-01-01T00:13:40Z,O320_CLASS-SIM-01,O320_CLASS,HIGH_ALTITUDE_ISR,5849.566932440106,-28.21266560416131,1832.5767016219686,0.7011408139917155,88.18854330117597,715.1764331614202,67.78412043988543,30.583064829230707,23.87367432358129,0.6576497447977012,13.84524186922373,10.065983427883564,26.47924785709381,CRUISE,HEALTHY,False,0.0,1.0,OK,42
2026-01-01T00:13:41Z,O320_CLASS-SIM-01,O320_CLASS,HIGH_ALTITUDE_ISR,5851.255903377421,-28.06375105010125,1809.0955820743839,0.7061936306756835,89.41609631391066,717.5111680060426,68.0684970368775,30.638414854660475,23.87988954077719,0.6137107974329719,13.887379894844296,10.047605220432736,26.773884229681034,CRUISE,HEALTHY,False,0.0,1.0,OK,42
2026-01-01T00:13:42Z,O320_CLASS-SIM-01,O320_CLASS,HIGH_ALTITUDE_ISR,5849.00703270187,-28.10204822709589,1815.0597284856813,0.7047424343086419,90.38716062615569,713.5567093540038,68.38295515196313,32.142446189687625,23.778068222114605,0.6531566009906737,13.881701960637747,10.210714525966955,26.782544477748303,CRUISE,HEALTHY,False,0.0,1.0,OK,42
2026-01-01T00:13:43Z,O320_CLASS-SIM-01,O320_CLASS,HIGH_ALTITUDE_ISR,5854.9424468175275,-28.134776844812787,1816.9509312533607,0.7038768693213876,90.07718506641666,717.8951518552999,67.8786518370974,29.21190550559408,23.744580051401304,0.6352786532765046,13.863744031469961,10.225807478438666,26.591094858878385,CRUISE,HEALTHY,False,0.0,1.0,OK,42
2026-01-01T00:13:44Z,O320_CLASS-SIM-01,O320_CLASS,HIGH_ALTITUDE_ISR,5854.695736861668,-27.994156150371722,1829.2148697807638,0.7061911472390693,89.5103882244407,716.2023709542085,67.72005082941065,31.211249164499737,23.816764117159448,0.659528717963683,13.878205285582277,9.93852324687054,26.54749832930429,CRUISE,HEALTHY,False,0.0,1.0,OK,42
2026-01-01T00:13:45Z,O320_CLASS-SIM-01,O320_CLASS,HIGH_ALTITUDE_ISR,5853.513944544788,-28.023663747112856,1823.4439042311544,0.7035858692020714,87.52275731278097,709.7938464488308,66.84130494291263,30.79945561483964,23.89207106704728,0.6851528171945656,13.836351476012686,10.216427122069879,26.449108434203065,CRUISE,HEALTHY,False,0.0,1.0,OK,42
2026-01-01T00:13:46Z,O320_CLASS-SIM-01,O320_CLASS,HIGH_ALTITUDE_ISR,5853.190565862443,-28.238152635676297,1822.516442097794,0.7054287315732268,89.17893864521092,716.6824012287677,67.95215693644182,30.92592507668686,23.720239782248317,0.559460335974488,13.82070559698566,10.340378755528652,26.617708640314927,CRUISE,HEALTHY,False,0.0,1.0,OK,42
2026-01-01T00:13:47Z,O320_CLASS-SIM-01,O320_CLASS,HIGH_ALTITUDE_ISR,5853.344113256557,-28.074443501632693,1814.2285069419793,0.7090747258919141,88.17838514101055,716.712334803535,68.52030907162352,30.125103207012895,23.777603642319317,0.635337517476508,13.869117503278098,10.267457588944348,26.468549890157078,CRUISE,HEALTHY,False,0.0,1.0,OK,42
2026-01-01T00:13:48Z,O320_CLASS-SIM-01,O320_CLASS,HIGH_ALTITUDE_ISR,5857.973911472429,-28.144353200554477,1826.9133408959797,0.7075542634053885,89.67281634295303,715.8645789532658,68.33938989552685,31.431857323019276,23.84744724293694,0.6117953616925115,13.870546180395536,10.409314781567513,26.59403566423225,CRUISE,HEALTHY,False,0.0,1.0,OK,42
2026-01-01T00:13:49Z,O320_CLASS-SIM-01,O320_CLASS,HIGH_ALTITUDE_ISR,5856.132019425903,-28.003892457939564,1822.3682026359909,0.7032595483511345,89.46817137650352,718.5548221937478,67.42845643641915,31.691071028878465,23.644689727075384,0.5971045164871279,13.920819302193625,10.093332833728518,26.680684096416645,CRUISE,HEALTHY,False,0.0,1.0,OK,42
2026-01-01T00:13:50Z,O320_CLASS-SIM-01,O320_CLASS,HIGH_ALTITUDE_ISR,5860.271283428145,-28.34179642393449,1824.4918190118963,0.7057633467788432,91.09958115671903,711.8718478113938,67.9255527677191,30.12260899479009,23.71869345024314,0.6581706865731572,13.8663797258679,10.035637899600381,26.58911600805755,CRUISE,HEALTHY,False,0.0,1.0,OK,42
2026-01-01T00:13:51Z,O320_CLASS-SIM-01,O320_CLASS,HIGH_ALTITUDE_ISR,5859.274207003629,-28.161844286134965,1813.6981738314455,0.7050777790101077,88.43102288662271,713.050918571678,68.13800219765243,31.04928784823325,23.741452636849644,0.6072678110284216,13.930315250343702,10.70375395251521,26.508278945731465,CRUISE,HEALTHY,False,0.0,1.0,OK,42
2026-01-01T00:13:52Z,O320_CLASS-SIM-01,O320_CLASS,HIGH_ALTITUDE_ISR,5859.739439761229,-28.25613271377102,1832.1688515737146,0.7047584969564041,89.14695493687373,719.9220393357746,68.06961313968881,31.41445792017971,23.794177011738604,0.589463086331537,13.89730774996484,9.960336461045056,26.86697404807395,CRUISE,HEALTHY,False,0.0,1.0,OK,42
2026-01-01T00:13:53Z,O320_CLASS-SIM-01,O320_CLASS,HIGH_ALTITUDE_ISR,5861.221998155362,-28.175365793001045,1814.9032084199694,0.7036673541942396,88.3445035858406,708.8354604887729,67.97828164466097,30.43516227356053,23.80652752548772,0.62986961704525,13.84428013630245,10.057240085207184,26.63039900501781,CRUISE,HEALTHY,False,0.0,1.0,OK,42
2026-01-01T00:13:54Z,O320_CLASS-SIM-01,O320_CLASS,HIGH_ALTITUDE_ISR,5865.324172926951,-28.23346474968751,1817.7517241305698,0.7032190221729562,87.07544832546779,715.6655520396847,68.15059159869868,31.85983390814603,23.81796843680257,0.7087936669746434,13.863269439178808,10.105861582136665,26.47015741454464,CRUISE,HEALTHY,False,0.0,1.0,OK,42
2026-01-01T00:13:55Z,O320_CLASS-SIM-01,O320_CLASS,HIGH_ALTITUDE_ISR,5865.132168838516,-28.098787324100503,1828.61864581687,0.7031582594980311,89.27309565581528,715.3952533386752,68.12286012876937,30.27909450379282,23.824235254279888,0.6948799162051711,13.832151666132322,10.350221252274883,26.233113523960192,CRUISE,HEALTHY,False,0.0,1.0,OK,42
2026-01-01T00:13:56Z,O320_CLASS-SIM-01,O320_CLASS,HIGH_ALTITUDE_ISR,5866.0822800035885,-28.403539065497128,1819.1074900048925,0.7027707760733168,88.58971176322736,716.9634500689805,67.32213681525229,30.53020632514306,23.73797163842567,0.6760681788233843,13.878391183619396,9.87492234960846,26.593696594979043,CRUISE,HEALTHY,False,0.0,1.0,OK,42
2026-01-01T00:13:57Z,O320_CLASS-SIM-01,O320_CLASS,HIGH_ALTITUDE_ISR,5868.405584929007,-28.022309488198182,1815.8600819841124,0.7048230017803766,88.56358950720761,713.5057227505464,67.37879342751867,30.267775592796138,23.831971116753614,0.5975390741777935,13.862317112678953,10.203474496439997,26.996711691036367,CRUISE,HEALTHY,False,0.0,1.0,OK,42
2026-01-01T00:13:58Z,O320_CLASS-SIM-01,O320_CLASS,HIGH_ALTITUDE_ISR,5867.076804220617,-27.97182089537517,1818.3192366854569,0.7047986617964552,88.85805868106362,712.8995571752955,67.97920750846781,31.51239664405284,23.7213640175806,0.6127470408592838,13.886653098097446,9.961343115563201,26.827902305539155,CRUISE,HEALTHY,False,0.0,1.0,OK,42
2026-01-01T00:13:59Z,O320_CLASS-SIM-01,O320_CLASS,HIGH_ALTITUDE_ISR,5868.164880775123,-28.167129495612002,1806.9382314764916,0.7045305528937509,89.28618124059842,719.1824642545193,68.28566677435703,31.69501185305995,23.69979813071128,0.6076292095233778,13.901989856518542,9.944642869436562,26.807973410629504,CRUISE,HEALTHY,False,0.0,1.0,OK,42
2026-01-01T00:14:00Z,O320_CLASS-SIM-01,O320_CLASS,HIGH_ALTITUDE_ISR,5870.14759584452,-28.107600976542052,1820.2725362646227,0.7032655049289503,90.96800042185556,716.3829703955319,68.19257421591206,30.455842083250815,23.761018074212743,0.6192494336448089,13.87734010723734,10.349278044645423,26.545419091859006,CRUISE,HEALTHY,False,0.0,1.0,OK,42
2026-01-01T00:14:01Z,O320_CLASS-SIM-01,O320_CLASS,HIGH_ALTITUDE_ISR,5867.839787091452,-28.142615808816913,1808.8231693909943,0.7045510907084254,88.22379240027564,716.0168971915525,68.84718339487635,29.222532438804777,23.871704897175086,0.6032963737450062,13.875754472352748,9.811101734823534,26.81192038553989,CRUISE,HEALTHY,False,0.0,1.0,OK,42
2026-01-01T00:14:02Z,O320_CLASS-SIM-01,O320_CLASS,HIGH_ALTITUDE_ISR,5871.093954836273,-28.17092646088459,1807.2005854745905,0.705306323786425,89.84708911219398,714.1810429482883,68.52164129487426,31.676604173494756,23.72481204903444,0.6763825754921642,13.866655437754975,10.176362974829946,26.676836687477802,CRUISE,HEALTHY,False,0.0,1.0,OK,42
2026-01-01T00:14:03Z,O320_CLASS-SIM-01,O320_CLASS,HIGH_ALTITUDE_ISR,5872.127783150221,-28.562674765403536,1821.1143809921323,0.7023911546757227,90.78097289315946,718.7211600583719,68.39055402681281,30.571597226102984,23.70533726344138,0.5862334258859813,13.9235522247009,9.989994289598412,26.30825007982156,CRUISE,HEALTHY,False,0.0,1.0,OK,42
2026-01-01T00:14:04Z,O320_CLASS-SIM-01,O320_CLASS,HIGH_ALTITUDE_ISR,5874.561121278601,-27.949527707560485,1835.7709309377071,0.7071560610878638,90.26846858970683,714.8725010224034,67.21707774291143,30.776759191104297,23.785687860581742,0.6070845122368229,13.859824264373897,9.921131186751497,26.510928475189193,CRUISE,HEALTHY,False,0.0,1.0,OK,42
2026-01-01T00:14:05Z,O320_CLASS-SIM-01,O320_CLASS,HIGH_ALTITUDE_ISR,5876.765159280086,-27.89989963181956,1822.3748091312948,0.7056027297498684,87.64689023469863,716.33081643645,68.74927312067916,29.52315295781585,23.776674618225563,0.6340148565329661,13.881053925555639,10.57198225991852,26.966191947012504,CRUISE,HEALTHY,False,0.0,1.0,OK,42
2026-01-01T00:14:06Z,O320_CLASS-SIM-01,O320_CLASS,HIGH_ALTITUDE_ISR,5874.649774483191,-28.086523949176545,1822.968644045399,0.7037357694141205,89.14617181706762,716.3873418233186,68.13000254715796,30.033675879986518,23.72917367211917,0.5941763261125883,13.839928795378649,10.238779970971176,26.723105982941757,CRUISE,HEALTHY,False,0.0,1.0,OK,42
2026-01-01T00:14:07Z,O320_CLASS-SIM-01,O320_CLASS,HIGH_ALTITUDE_ISR,5877.461339893394,-28.322591764922507,1817.5737406048004,0.7080694563641798,88.62107471709531,714.7681344818018,67.97100736660721,31.637128810292392,23.809813408612406,0.6568996067997515,13.865975528029473,9.941403399964281,26.948771108274627,CRUISE,HEALTHY,False,0.0,1.0,OK,42
2026-01-01T00:14:08Z,O320_CLASS-SIM-01,O320_CLASS,HIGH_ALTITUDE_ISR,5878.26859044956,-28.26889567260568,1833.4829240412146,0.7038494170901166,90.50858876244234,718.3727325048799,67.67027368986834,31.188194147406737,23.78920379983397,0.7169263143799813,13.842885853566305,10.516765618495564,26.662191052228543,CRUISE,HEALTHY,False,0.0,1.0,OK,42
2026-01-01T00:14:09Z,O320_CLASS-SIM-01,O320_CLASS,HIGH_ALTITUDE_ISR,5876.11414420082,-28.224843313570386,1822.0109020007487,0.7027631719947218,89.18762794528753,717.0557585090563,68.13196516472625,30.281395625095545,23.74154197087072,0.6121068795083227,13.871650925070552,10.435204980851882,26.69998014024185,CRUISE,HEALTHY,False,0.0,1.0,OK,42
2026-01-01T00:14:10Z,O320_CLASS-SIM-01,O320_CLASS,HIGH_ALTITUDE_ISR,5876.864209025309,-28.297641811591948,1823.218170439954,0.7070895188111781,90.36771025593147,719.0821632793176,68.08674892786355,31.31760167054488,23.675113826823345,0.6294425478527492,13.832849744097157,10.141230068522528,27.11326498807068,CRUISE,HEALTHY,False,0.0,1.0,OK,42
2026-01-01T00:14:11Z,O320_CLASS-SIM-01,O320_CLASS,HIGH_ALTITUDE_ISR,5880.415648814603,-28.349314046369106,1825.0511396750871,0.7037674369284086,87.6546765130482,719.8875135300157,68.45904640622302,30.975467105616246,23.727117087882156,0.5997743805158223,13.911358515785057,10.232626915161667,26.195968535596794,CRUISE,HEALTHY,False,0.0,1.0,OK,42
2026-01-01T00:14:12Z,O320_CLASS-SIM-01,O320_CLASS,HIGH_ALTITUDE_ISR,5884.5837887258685,-28.19873112264463,1824.4346127410336,0.7069352943887743,89.36332776364448,716.481151228177,67.86065079679331,29.707285063856,23.75959125991923,0.6694292245958006,13.845626377410708,9.97309428143025,26.84114229818655,CRUISE,HEALTHY,False,0.0,1.0,OK,42
2026-01-01T00:14:13Z,O320_CLASS-SIM-01,O320_CLASS,HIGH_ALTITUDE_ISR,5881.258576636733,-28.294222875964046,1818.6013470516798,0.7045922602602411,86.91375357706062,713.2497446060347,68.12010614054095,30.861795231310495,23.802350661526916,0.6856990098238968,13.910411353688156,10.382881211639091,26.63527934739395,CRUISE,HEALTHY,False,0.0,1.0,OK,42
2026-01-01T00:14:14Z,O320_CLASS-SIM-01,O320_CLASS,HIGH_ALTITUDE_ISR,5882.001904331572,-28.236405536711036,1826.1699794051658,0.7063264152790311,89.54709709282936,714.2793716286142,68.34052273907497,31.68398648771039,23.787330435756388,0.6108014849215322,13.83999778738245,9.938944179845139,26.555007044136527,CRUISE,HEALTHY,False,0.0,1.0,OK,42
2026-01-01T00:14:15Z,O320_CLASS-SIM-01,O320_CLASS,HIGH_ALTITUDE_ISR,5884.314184226584,-28.16756515125237,1810.0679461860773,0.70363486692613,89.08861169059456,712.3173261676407,68.19715857570647,30.421429494114086,23.70602283022867,0.6141689143781585,13.87675805765762,9.940321816272773,26.620398007154282,CRUISE,HEALTHY,False,0.0,1.0,OK,42
2026-01-01T00:14:16Z,O320_CLASS-SIM-01,O320_CLASS,HIGH_ALTITUDE_ISR,5885.622152486596,-28.36629765448164,1808.0210129590744,0.701530026911795,88.2922830140836,711.2546961041206,67.88232738883265,31.991410092919406,23.67213537129223,0.6006951967328952,13.92893518575405,10.253604659299201,26.60123157223863,CRUISE,HEALTHY,False,0.0,1.0,OK,42
2026-01-01T00:14:17Z,O320_CLASS-SIM-01,O320_CLASS,HIGH_ALTITUDE_ISR,5885.677374460919,-28.194028163423546,1834.7481135497853,0.7035017848485375,87.8820866292715,711.0879360311036,68.06047395338793,29.526989643190397,23.716747625906883,0.5756107506185508,13.897166157531469,10.023591221485914,26.71552984057477,CRUISE,HEALTHY,False,0.0,1.0,OK,42
2026-01-01T00:14:18Z,O320_CLASS-SIM-01,O320_CLASS,HIGH_ALTITUDE_ISR,5884.498623902228,-28.24515490921302,1811.45553354892,0.7036725125239497,91.4419369746478,716.849610090502,67.96569006177702,33.20277683586366,23.693049508708754,0.6585254447755978,13.818938623360275,10.088827894735694,26.45342207963904,CRUISE,HEALTHY,False,0.0,1.0,OK,42
2026-01-01T00:14:19Z,O320_CLASS-SIM-01,O320_CLASS,HIGH_ALTITUDE_ISR,5888.282739269462,-28.262933827042545,1818.5183829613923,0.7066682410343796,88.10525003371266,715.3205200174423,68.34309678657272,29.449130151840805,23.70025903183263,0.6140299331729869,13.883799866232318,10.50423637748625,26.6228088479252,CRUISE,HEALTHY,False,0.0,1.0,OK,42
2026-01-01T00:14:20Z,O320_CLASS-SIM-01,O320_CLASS,HIGH_ALTITUDE_ISR,5888.414182324914,-28.40866718230982,1823.5184669186228,0.7038502092970482,88.4542050006294,714.2528860999088,68.2333459118684,30.176806529262645,23.69794336977069,0.6291031706711352,13.774099924919136,9.997125830477149,26.482094693165457,CRUISE,HEALTHY,False,0.0,1.0,OK,42
2026-01-01T00:14:21Z,O320_CLASS-SIM-01,O320_CLASS,HIGH_ALTITUDE_ISR,5891.685839715477,-28.350366104857624,1816.2917655519805,0.7043075169342553,88.06587171545058,713.4652039021377,68.04935888876743,30.282242518976357,23.71396194651452,0.5713866087798789,13.830234569828345,10.16232312219576,26.700381519658368,CRUISE,HEALTHY,False,0.0,1.0,OK,42
2026-01-01T00:14:22Z,O320_CLASS-SIM-01,O320_CLASS,HIGH_ALTITUDE_ISR,5888.73078090734,-28.176683390867474,1826.7887833514699,0.7063144576416366,89.13746044372493,716.0487466973241,68.88234526097762,30.370741522581252,23.682009808609198,0.5503892366586716,13.917494711761305,10.588479322387796,26.51530183178389,CRUISE,HEALTHY,False,0.0,1.0,OK,42
2026-01-01T00:14:23Z,O320_CLASS-SIM-01,O320_CLASS,HIGH_ALTITUDE_ISR,5890.774098146062,-28.345721671502687,1830.3693724339105,0.7017507924284361,86.41492502339251,719.859045003279,68.13110459742903,30.967573426645412,23.72291066753416,0.6303417489515836,13.819374730906341,9.935171061912738,26.66936585040338,CRUISE,HEALTHY,False,0.0,1.0,OK,42
2026-01-01T00:14:24Z,O320_CLASS-SIM-01,O320_CLASS,HIGH_ALTITUDE_ISR,5889.450806517792,-28.348949070643567,1817.560925182331,0.7036803338218136,88.1108451938476,711.9347465786549,67.27516306301833,30.711924440197105,23.717031372211114,0.5566578139110779,13.866653325085514,10.070782436764405,26.584038974391923,CRUISE,HEALTHY,False,0.0,1.0,OK,42
2026-01-01T00:14:25Z,O320_CLASS-SIM-01,O320_CLASS,HIGH_ALTITUDE_ISR,5890.613864018996,-28.207604714423656,1810.5087619760654,0.7043725722557143,87.79949613979319,713.4368778971373,68.4627134812277,31.01350542558299,23.787411192239805,0.6248432230847761,13.876638047266175,9.698354103361355,26.605164242240633,CRUISE,HEALTHY,False,0.0,1.0,OK,42
2026-01-01T00:14:26Z,O320_CLASS-SIM-01,O320_CLASS,HIGH_ALTITUDE_ISR,5894.503906443497,-28.13291853091545,1816.2222732885596,0.7047360682244614,89.03760199095558,717.2871001055776,67.94611969392605,31.24252452829581,23.644537581211864,0.547025757262865,13.79622982817402,10.339254051057484,26.753443480929274,CRUISE,HEALTHY,False,0.0,1.0,OK,42
2026-01-01T00:14:27Z,O320_CLASS-SIM-01,O320_CLASS,HIGH_ALTITUDE_ISR,5897.178574694182,-28.424520942022593,1815.6626717286345,0.703924571381342,90.49640724874958,718.6117007540049,68.31496172600995,30.837194895508343,23.795421635417515,0.6013115713294672,13.852978333116276,10.109621316938293,26.50518675854718,CRUISE,HEALTHY,False,0.0,1.0,OK,42
2026-01-01T00:14:28Z,O320_CLASS-SIM-01,O320_CLASS,HIGH_ALTITUDE_ISR,5896.56288277884,-28.496976285932668,1828.2700680787011,0.70521435890905,90.47671786680104,710.2881418739473,68.75593827295565,29.306482972877664,23.667608779013843,0.5866711465293662,13.903914622048848,10.197389347168231,26.615020024837694,CRUISE,HEALTHY,False,0.0,1.0,OK,42
2026-01-01T00:14:29Z,O320_CLASS-SIM-01,O320_CLASS,HIGH_ALTITUDE_ISR,5896.628519165492,-28.54220376466259,1829.0299841164133,0.7056845801093988,90.38145834531389,715.337612861181,66.9362398357509,29.56088118793613,23.749639449918917,0.5966740699359993,13.847894166281758,9.86430849335021,26.793333370738416,CRUISE,HEALTHY,False,0.0,1.0,OK,42
2026-01-01T00:14:30Z,O320_CLASS-SIM-01,O320_CLASS,HIGH_ALTITUDE_ISR,5899.493812765645,-28.267083221325688,1814.7991149960012,0.7044001945654187,87.15047488291015,714.0052164703237,66.97973047357945,29.29413889486389,23.70915201389699,0.7064262230905932,13.810613558827386,9.828339334081697,26.68331170309281,CRUISE,HEALTHY,False,0.0,1.0,OK,42
2026-01-01T00:14:31Z,O320_CLASS-SIM-01,O320_CLASS,HIGH_ALTITUDE_ISR,5902.455721660609,-28.318384442912105,1825.384042723451,0.7033327290065835,88.14032178760067,714.5194663975386,67.72540819545151,31.120131591156724,23.643825752271127,0.6469797285885274,13.865791668880254,10.084673648633496,26.40394837227376,CRUISE,HEALTHY,False,0.0,1.0,OK,42
2026-01-01T00:14:32Z,O320_CLASS-SIM-01,O320_CLASS,HIGH_ALTITUDE_ISR,5899.3239677856545,-28.17536100918875,1817.9970982980872,0.7045250508999995,87.69490417672597,714.2255882379584,67.43768493996527,30.612706279543946,23.74154315281788,0.6241635901711114,13.837481162817845,10.051960589239027,26.730575775659837,CRUISE,HEALTHY,False,0.0,1.0,OK,42
2026-01-01T00:14:33Z,O320_CLASS-SIM-01,O320_CLASS,HIGH_ALTITUDE_ISR,5901.4685578927965,-28.404702950208154,1834.7926209865707,0.7020265931908392,90.04411965113744,711.3957426971384,68.24628016184359,31.091406920463417,23.696364630566006,0.5625986845181782,13.805452142579997,9.982814513417066,26.72853007316218,CRUISE,HEALTHY,False,0.0,1.0,OK,42
2026-01-01T00:14:34Z,O320_CLASS-SIM-01,O320_CLASS,HIGH_ALTITUDE_ISR,5901.161335542128,-28.35351326841699,1807.6524390266438,0.703421112504681,87.36843969942386,714.0717128447726,67.78175806880861,29.564676404743633,23.68781101441878,0.5738902454425259,13.825123830388527,10.406398988249219,26.59517169325215,CRUISE,HEALTHY,False,0.0,1.0,OK,42
2026-01-01T00:14:35Z,O320_CLASS-SIM-01,O320_CLASS,HIGH_ALTITUDE_ISR,5900.466503096231,-28.467996089393164,1826.6805758692692,0.7023264890826916,90.53945993151507,712.1092289219454,68.18137536887404,31.338364663094243,23.742136206554406,0.5562355259961959,13.836243948529388,10.427350006686613,26.528106876162013,CRUISE,HEALTHY,False,0.0,1.0,OK,42
2026-01-01T00:14:36Z,O320_CLASS-SIM-01,O320_CLASS,HIGH_ALTITUDE_ISR,5906.225419532758,-28.44549508922462,1820.3933929169734,0.7010373092554819,88.00952107960808,712.0468382843268,68.06807445743019,30.575696382799478,23.741630842009315,0.5915531536573462,13.836587539879247,10.179634343514193,26.493960955592186,CRUISE,HEALTHY,False,0.0,1.0,OK,42
2026-01-01T00:14:37Z,O320_CLASS-SIM-01,O320_CLASS,HIGH_ALTITUDE_ISR,5907.371602043602,-28.404579151639158,1816.5518331450583,0.7046941925153416,88.64507965962495,710.0741953356544,67.55108524885866,31.339389847640795,23.721564423481425,0.5438701142348132,13.875034241940085,9.993257266064298,26.516825019335606,CRUISE,HEALTHY,False,0.0,1.0,OK,42
2026-01-01T00:14:38Z,O320_CLASS-SIM-01,O320_CLASS,HIGH_ALTITUDE_ISR,5905.028722657581,-28.2438597856514,1803.3359541603897,0.7020550945812797,88.8781440658433,718.1494529085604,68.19502325929444,29.80848779956157,23.792709757322015,0.5568866666380281,13.872407404559155,10.254138117229294,26.515433420635635,CRUISE,HEALTHY,False,0.0,1.0,OK,42
2026-01-01T00:14:39Z,O320_CLASS-SIM-01,O320_CLASS,HIGH_ALTITUDE_ISR,5908.7844848159275,-28.477381138388765,1824.5201151238446,0.7000112852053038,89.13323814091333,713.1574993793732,68.43118442679817,30.442207557525503,23.777575459466835,0.6313548932725005,13.860598507226083,10.328229353800625,26.76631029843149,CRUISE,HEALTHY,False,0.0,1.0,OK,42
2026-01-01T00:14:40Z,O320_CLASS-SIM-01,O320_CLASS,HIGH_ALTITUDE_ISR,5909.438023736896,-28.75059123793981,1810.997533797664,0.7064190053438055,87.22140669004293,716.3781399773271,68.25170706988085,29.88887494334622,23.61422431922719,0.5882526625457855,13.926740655444538,9.914612859787255,26.52766372243004,CRUISE,HEALTHY,False,0.0,1.0,OK,42
2026-01-01T00:14:41Z,O320_CLASS-SIM-01,O320_CLASS,HIGH_ALTITUDE_ISR,5908.225848606758,-28.230976772962016,1816.8137415029428,0.7023592986532128,90.4219854191191,715.6049435793096,67.59923316472842,29.482694436946502,23.77076633626862,0.6116394805529646,13.817904728416703,9.683773503385895,26.47899733693611,CRUISE,HEALTHY,False,0.0,1.0,OK,42
2026-01-01T00:14:42Z,O320_CLASS-SIM-01,O320_CLASS,HIGH_ALTITUDE_ISR,5908.85505883213,-28.72655440277807,1809.860068226283,0.7017332674481408,88.16787393229068,718.372704945855,67.85803536748676,30.319586470698514,23.737192563296908,0.6014340224467933,13.876357684544477,10.198826472434478,26.66439227387858,CRUISE,HEALTHY,False,0.0,1.0,OK,42
2026-01-01T00:14:43Z,O320_CLASS-SIM-01,O320_CLASS,HIGH_ALTITUDE_ISR,5915.8560483329775,-28.289422393234613,1809.9014126159839,0.7042721904041243,87.77028218813165,715.2402784330104,67.41252128505074,29.55950759943792,23.72779714995594,0.6507923048656008,13.879408874444438,10.341322500725608,26.701677642400213,CRUISE,HEALTHY,False,0.0,1.0,OK,42
2026-01-01T00:14:44Z,O320_CLASS-SIM-01,O320_CLASS,HIGH_ALTITUDE_ISR,5912.957156846961,-28.50809367367844,1824.9582747874547,0.7055418219577168,88.64190240215748,713.8165583245024,68.59698231278973,30.42147859297598,23.713258061717678,0.6302133754095804,13.86137180639551,9.921828586099712,26.70190058918328,CRUISE,HEALTHY,False,0.0,1.0,OK,42
2026-01-01T00:14:45Z,O320_CLASS-SIM-01,O320_CLASS,HIGH_ALTITUDE_ISR,5913.632343675443,-28.16265063176692,1824.6609279933348,0.7022614163794949,89.58978836822557,714.8627601381315,68.48201440570905,30.010337547401594,23.717779591630148,0.6068393956586087,13.866036828596314,9.904734515017026,26.73119342203086,CRUISE,HEALTHY,False,0.0,1.0,OK,42
2026-01-01T00:14:46Z,O320_CLASS-SIM-01,O320_CLASS,HIGH_ALTITUDE_ISR,5915.309486096314,-28.252652965398237,1818.1722194968465,0.7025890193962021,89.65934422994337,712.09180693593,68.39006175640205,31.288259458343045,23.77008176492788,0.6258268672768879,13.84966400799504,10.152451855106161,26.70141794981276,CRUISE,HEALTHY,False,0.0,1.0,OK,42
2026-01-01T00:14:47Z,O320_CLASS-SIM-01,O320_CLASS,HIGH_ALTITUDE_ISR,5914.834390706822,-28.251917477296136,1822.7921938227798,0.7015885699623718,90.9689142571074,714.3050136327532,67.51625094325811,29.74986754687229,23.780479055035972,0.6837201545498341,13.894519906383616,10.45410284270811,26.82650090279337,CRUISE,HEALTHY,False,0.0,1.0,OK,42
2026-01-01T00:14:48Z,O320_CLASS-SIM-01,O320_CLASS,HIGH_ALTITUDE_ISR,5917.5020408958135,-28.408977065161697,1822.3695276545582,0.7048053642196198,87.81682310413456,715.8756600392838,68.535163277923,30.241057928975064,23.689299560867084,0.6297414240257128,13.844722085310796,9.79419186919609,26.815767433125615,CRUISE,HEALTHY,False,0.0,1.0,OK,42
2026-01-01T00:14:49Z,O320_CLASS-SIM-01,O320_CLASS,HIGH_ALTITUDE_ISR,5916.9823032686945,-28.46201445922371,1813.0687308334946,0.7058471604234768,89.72782696616,713.4281373505756,67.47758213226601,30.120697096229435,23.732341679736415,0.6181838173174103,13.867461211937924,10.175442141762629,26.757030029682227,CRUISE,HEALTHY,False,0.0,1.0,OK,42
2026-01-01T00:14:50Z,O320_CLASS-SIM-01,O320_CLASS,HIGH_ALTITUDE_ISR,5918.588004844696,-28.403728141161224,1809.9534940079889,0.7083616698079189,88.36065925488298,714.5231919269098,68.17395198779776,30.061693640582174,23.703097398708803,0.6104242213810913,13.836743588345785,10.231285822563288,26.395428361775604,CRUISE,HEALTHY,False,0.0,1.0,OK,42
2026-01-01T00:14:51Z,O320_CLASS-SIM-01,O320_CLASS,HIGH_ALTITUDE_ISR,5922.2719198064815,-28.35873293868181,1822.8609504844208,0.6997410014894192,87.74753088949974,717.4717956292398,69.60568719694095,31.338165174843134,23.75342546341928,0.6315550045020331,13.838716277507439,10.369553086993093,26.47723160421388,CRUISE,HEALTHY,False,0.0,1.0,OK,42
2026-01-01T00:14:52Z,O320_CLASS-SIM-01,O320_CLASS,HIGH_ALTITUDE_ISR,5918.81904288721,-28.675156382942752,1825.4528841925812,0.7030597750647481,88.81686987422617,713.9441466209184,67.4927290424017,29.83791167218616,23.66942913615882,0.5543040062126386,13.848991354512455,9.849554137830445,26.72866514107742,CRUISE,HEALTHY,False,0.0,1.0,OK,42
2026-01-01T00:14:53Z,O320_CLASS-SIM-01,O320_CLASS,HIGH_ALTITUDE_ISR,5922.618440722934,-28.684621265221374,1815.173187747367,0.706847040397554,87.51619953147257,715.0334748606448,67.98304961373653,31.240891679382432,23.71409596175986,0.5932218774499316,13.866097046745168,10.139344509366731,26.62786063607669,CRUISE,HEALTHY,False,0.0,1.0,OK,42
2026-01-01T00:14:54Z,O320_CLASS-SIM-01,O320_CLASS,HIGH_ALTITUDE_ISR,5920.640380436062,-28.310560518384126,1825.9768568477325,0.7010068600414984,88.32951910182275,713.3883902116812,67.47605866167278,28.865229896915945,23.66466517997396,0.5961764391626011,13.820833590566203,10.162367821551191,26.815644500288943,CRUISE,HEALTHY,False,0.0,1.0,OK,42
2026-01-01T00:14:55Z,O320_CLASS-SIM-01,O320_CLASS,HIGH_ALTITUDE_ISR,5924.874285330359,-28.52247507019603,1802.6212482980773,0.7044869602368736,88.86333531244368,714.9962064433224,68.7109328041982,29.690902927423103,23.553326228449503,0.5682531896060626,13.87862841181776,10.123976298811531,26.458471801422558,CRUISE,HEALTHY,False,0.0,1.0,OK,42
2026-01-01T00:14:56Z,O320_CLASS-SIM-01,O320_CLASS,HIGH_ALTITUDE_ISR,5922.473598528411,-28.563111987293244,1807.2749456778604,0.704057139852382,88.19122728965915,712.3517584609631,67.63100678556427,30.55333577413916,23.69806971848945,0.618428507198296,13.86942741402279,10.09831746775365,26.485448824110847,CRUISE,HEALTHY,False,0.0,1.0,OK,42
2026-01-01T00:14:57Z,O320_CLASS-SIM-01,O320_CLASS,HIGH_ALTITUDE_ISR,5924.499667905142,-28.57557028338989,1833.6644335488058,0.7002785178353568,88.17944259575152,714.1494455398912,67.81081006851689,31.19409862975651,23.67938661263332,0.6009274078621408,13.888438858792112,10.568165881834778,26.851144383183193,CRUISE,HEALTHY,False,0.0,1.0,OK,42
2026-01-01T00:14:58Z,O320_CLASS-SIM-01,O320_CLASS,HIGH_ALTITUDE_ISR,5926.382320761138,-28.530244592077317,1817.4158016493507,0.703230506753433,87.66267150346718,716.2294873208875,68.01261280442796,30.291123491189666,23.630126511850055,0.6127593633306946,13.80718010869796,9.96919732996397,26.55515621127248,CRUISE,HEALTHY,False,0.0,1.0,OK,42
2026-01-01T00:14:59Z,O320_CLASS-SIM-01,O320_CLASS,HIGH_ALTITUDE_ISR,5928.009857868996,-28.247288369274074,1821.5164909024493,0.7057936295420967,89.45101868654857,716.6848616984165,68.670646238434,29.733624463939048,23.65270085015488,0.6369792059110987,13.863842600319462,10.168819909695545,26.601922098271544,CRUISE,HEALTHY,False,0.0,1.0,OK,42
2026-01-01T00:15:00Z,O320_CLASS-SIM-01,O320_CLASS,HIGH_ALTITUDE_ISR,5927.677040495892,-28.29259958539803,1808.0415331909635,0.704229927375626,89.30311285698247,709.9089200970386,67.59330946956665,29.78102701046262,23.719657588375988,0.5955042242932483,13.861361737625364,9.74844148341477,26.98771017912597,CRUISE,HEALTHY,False,0.0,1.0,OK,42
2026-01-01T00:15:01Z,O320_CLASS-SIM-01,O320_CLASS,HIGH_ALTITUDE_ISR,5929.670285491601,-28.467312563818155,1812.4146165550237,0.7015122056633246,90.96653533242885,709.0488749065357,68.0349068936175,29.33406191767996,23.67005065550562,0.5846207121990019,13.834326580938916,10.120835711890496,26.253220363739356,CRUISE,HEALTHY,False,0.0,1.0,OK,42
2026-01-01T00:15:02Z,O320_CLASS-SIM-01,O320_CLASS,HIGH_ALTITUDE_ISR,5930.082322832677,-28.562154607413603,1805.764613891223,0.7058042152206765,87.95523852615874,713.2311941173034,67.68438702571864,30.230097747467063,23.75458026808407,0.7090239891749207,13.886251568905596,10.383095763636087,26.895490196956846,CRUISE,HEALTHY,False,0.0,1.0,OK,42
2026-01-01T00:15:03Z,O320_CLASS-SIM-01,O320_CLASS,HIGH_ALTITUDE_ISR,5931.920925662769,-28.319521892767746,1822.877248556701,0.7030260699567183,89.0862726436954,709.2555883307874,68.03594918084497,29.052438282600626,23.60678197568085,0.6177773744270348,13.830436518026765,10.108441012113234,26.658392616219057,CRUISE,HEALTHY,False,0.0,1.0,OK,42
2026-01-01T00:15:04Z,O320_CLASS-SIM-01,O320_CLASS,HIGH_ALTITUDE_ISR,5932.814256940908,-28.69712614756425,1823.6267192279925,0.7025199422254805,89.19242904195944,710.802257936413,67.84559739965718,31.157357582620147,23.73542670437519,0.5781293931326187,13.847468614988653,9.862169981076216,26.538766888837866,CRUISE,HEALTHY,False,0.0,1.0,OK,42
2026-01-01T00:15:05Z,O320_CLASS-SIM-01,O320_CLASS,HIGH_ALTITUDE_ISR,5931.433144720686,-28.588682730067617,1821.401595458906,0.701088624431128,88.55168550687841,713.2263374006106,68.33680302103542,29.782334265506545,23.65702942659762,0.5761391326364917,13.829686561661449,10.240760210704607,26.616563620064813,CRUISE,HEALTHY,False,0.0,1.0,OK,42
2026-01-01T00:15:06Z,O320_CLASS-SIM-01,O320_CLASS,HIGH_ALTITUDE_ISR,5934.606024313544,-28.38320858847545,1826.8923696201807,0.699326579003378,89.43508947097672,714.3259273987143,67.7279463950542,30.525840465417495,23.598343499087967,0.6684445525323564,13.879236658468466,9.891286911473447,26.548620143853665,CRUISE,HEALTHY,False,0.0,1.0,OK,42
2026-01-01T00:15:07Z,O320_CLASS-SIM-01,O320_CLASS,HIGH_ALTITUDE_ISR,5932.961153302552,-28.627946762078608,1812.2731109674385,0.6999291443051175,89.58700535773133,716.938029939762,67.8994660252916,30.011261832261514,23.705284339499226,0.6091121851086341,13.831299449096313,9.943539321452043,26.591567738399274,CRUISE,HEALTHY,False,0.0,1.0,OK,42
2026-01-01T00:15:08Z,O320_CLASS-SIM-01,O320_CLASS,HIGH_ALTITUDE_ISR,5936.8802163996515,-28.58590107962011,1817.7171722304345,0.6994900265731147,89.45049878098155,713.738803772982,68.92932142983102,29.937757707038745,23.698580502367882,0.723025398617432,13.869564066229552,10.088923739266056,26.487596342154283,CRUISE,HEALTHY,False,0.0,1.0,OK,42
2026-01-01T00:15:09Z,O320_CLASS-SIM-01,O320_CLASS,HIGH_ALTITUDE_ISR,5939.792399550814,-28.767615237926485,1819.3504423623435,0.7015528893573832,88.42230878052351,710.1546607052197,68.44331644397529,30.01771326498371,23.620525582565058,0.6599231482643716,13.848593706448643,10.188605838563348,26.76144859531081,CRUISE,HEALTHY,False,0.0,1.0,OK,42
2026-01-01T00:15:10Z,O320_CLASS-SIM-01,O320_CLASS,HIGH_ALTITUDE_ISR,5939.203114987925,-28.929693745273266,1821.3955939035268,0.7022590899349872,88.25195266368299,713.4260315344432,67.25988034504968,30.38577378988279,23.61193300440042,0.5983408319866982,13.868382239015144,10.372586014723039,26.51189570030169,CRUISE,HEALTHY,False,0.0,1.0,OK,42
2026-01-01T00:15:11Z,O320_CLASS-SIM-01,O320_CLASS,HIGH_ALTITUDE_ISR,5941.661508041896,-28.46461883736955,1812.2967350543286,0.7002031363878297,86.91148248204787,714.3623312822066,67.60680787037225,31.1836084927097,23.645048908850892,0.5737064808850987,13.87067959356932,9.931687841072064,26.635721734240036,CRUISE,HEALTHY,False,0.0,1.0,OK,42
2026-01-01T00:15:12Z,O320_CLASS-SIM-01,O320_CLASS,HIGH_ALTITUDE_ISR,5941.955174471279,-28.595510838344932,1816.5990088081037,0.7027912457987692,86.6096179098616,714.6467689910518,67.96352238864387,30.93052694229738,23.708188187337175,0.6016142782726894,13.894619088473899,10.029164779125288,26.67111438646236,CRUISE,HEALTHY,False,0.0,1.0,OK,42
2026-01-01T00:15:13Z,O320_CLASS-SIM-01,O320_CLASS,HIGH_ALTITUDE_ISR,5941.001529822535,-28.55027998005517,1812.518662418567,0.7056363730591529,91.0594467769119,715.8362484309051,68.51389680567098,28.976923570144454,23.60570132673755,0.5967887080524119,13.864860731116355,10.051893582691333,26.387322143681523,CRUISE,HEALTHY,False,0.0,1.0,OK,42
2026-01-01T00:15:14Z,O320_CLASS-SIM-01,O320_CLASS,HIGH_ALTITUDE_ISR,5944.187705019803,-28.302862328488516,1825.677777098474,0.7044726338391603,88.90722980896527,711.5281377642029,67.92421791508295,31.884851700320056,23.658043394581256,0.5914117517159707,13.896819414094972,10.393990019102112,26.50605879519363,CRUISE,HEALTHY,False,0.0,1.0,OK,42
2026-01-01T00:15:15Z,O320_CLASS-SIM-01,O320_CLASS,HIGH_ALTITUDE_ISR,5943.060154032524,-28.70772630057569,1815.8866931105201,0.7044692781038078,87.66832804445345,716.3440218335637,67.93369590187606,32.05342113780694,23.69045695041615,0.6056922134850432,13.880818250031686,10.015405101645516,26.363554757145938,CRUISE,HEALTHY,False,0.0,1.0,OK,42
2026-01-01T00:15:16Z,O320_CLASS-SIM-01,O320_CLASS,HIGH_ALTITUDE_ISR,5944.083662683038,-28.67733293024927,1802.489948233364,0.7020761518426332,86.14990358371459,712.7348715434064,67.98830266754462,30.262150570267664,23.65283455823132,0.6061066585630933,13.840031380723143,10.101519031167165,26.64116037087966,CRUISE,HEALTHY,False,0.0,1.0,OK,42
2026-01-01T00:15:17Z,O320_CLASS-SIM-01,O320_CLASS,HIGH_ALTITUDE_ISR,5944.086132969655,-28.605182421510932,1817.2194264242085,0.7018501198553775,91.53296707660593,713.2365617092846,67.7769996011214,29.83872538288473,23.623713716088314,0.6369226911345723,13.842942412168913,9.95595119023937,26.551312884853466,CRUISE,HEALTHY,False,0.0,1.0,OK,42
2026-01-01T00:15:18Z,O320_CLASS-SIM-01,O320_CLASS,HIGH_ALTITUDE_ISR,5944.951156154799,-28.914448214167425,1811.3236109374423,0.7038895277682816,88.86136117576783,717.4739851125461,68.18690500991923,30.587898002055656,23.76526579343102,0.6055598987690445,13.865398600509248,10.094195532724575,26.863218862004178,CRUISE,HEALTHY,False,0.0,1.0,OK,42
2026-01-01T00:15:19Z,O320_CLASS-SIM-01,O320_CLASS,HIGH_ALTITUDE_ISR,5947.424407895323,-28.755475733095693,1819.6278662941975,0.7004706549810605,89.26242599678088,714.5913787498943,67.80859076954744,30.613461736982444,23.595616530530354,0.6159231369785265,13.849599879591114,10.811751029075532,26.654626370961942,CRUISE,HEALTHY,False,0.0,1.0,OK,42
2026-01-01T00:15:20Z,O320_CLASS-SIM-01,O320_CLASS,HIGH_ALTITUDE_ISR,5947.518110338023,-28.8714278000905,1825.2690511045334,0.7013634266244445,87.66991246982998,714.3817541434131,68.14206887805675,30.660061193247614,23.669866252638638,0.6157311908848674,13.870420465960795,10.179407783230866,26.694587172735137,CRUISE,HEALTHY,False,0.0,1.0,OK,42
2026-01-01T00:15:21Z,O320_CLASS-SIM-01,O320_CLASS,HIGH_ALTITUDE_ISR,5951.04644103172,-28.662668723077072,1808.190722366405,0.7017352261176014,89.52134669767551,709.0589161226695,67.16771013623256,30.879606153050695,23.743757596462,0.5587145210195088,13.866449646106698,9.994546106108563,26.59133168399025,CRUISE,HEALTHY,False,0.0,1.0,OK,42
2026-01-01T00:15:22Z,O320_CLASS-SIM-01,O320_CLASS,HIGH_ALTITUDE_ISR,5950.85512190996,-28.871509899430972,1805.76676287444,0.7013816246382845,88.43963375874496,710.6945783810564,68.19369991323072,29.803022928594075,23.64553331914509,0.6205878147668908,13.859545135722929,10.302925340513823,26.49004465227341,CRUISE,HEALTHY,False,0.0,1.0,OK,42
2026-01-01T00:15:23Z,O320_CLASS-SIM-01,O320_CLASS,HIGH_ALTITUDE_ISR,5949.292808993294,-28.730495912347564,1815.0057540689318,0.6994629325562494,86.94605495930834,713.9494409441442,67.57255860535405,28.96714882651205,23.71376402758973,0.5839686207040368,13.8978832498759,10.09979767344014,26.673873719007116,CRUISE,HEALTHY,False,0.0,1.0,OK,42
2026-01-01T00:15:24Z,O320_CLASS-SIM-01,O320_CLASS,HIGH_ALTITUDE_ISR,5952.063702761807,-29.088750527158044,1805.328941985114,0.7016533429853243,89.04630895129179,709.0037419917624,67.8520602981166,29.22343346526905,23.67610075445206,0.6084233243820718,13.885670469319379,10.358509632001397,26.698110255981373,CRUISE,HEALTHY,False,0.0,1.0,OK,42
2026-01-01T00:15:25Z,O320_CLASS-SIM-01,O320_CLASS,HIGH_ALTITUDE_ISR,5954.663606256472,-28.749475974563175,1836.9075498520706,0.6994274411720895,87.9726018022572,715.7155542804376,68.17241981218608,30.50324252716424,23.697008482020117,0.5258160215397869,13.911020903300585,10.03995516893639,26.815747804456333,CRUISE,HEALTHY,False,0.0,1.0,OK,42
2026-01-01T00:15:26Z,O320_CLASS-SIM-01,O320_CLASS,HIGH_ALTITUDE_ISR,5951.314789496628,-28.664887740350835,1809.7139763967416,0.7029696371285594,88.98366802388946,714.3615083095635,67.44558508391462,30.05984263389234,23.653107019347548,0.6289296650308097,13.892997375276646,10.127670983750985,26.437039764514697,CRUISE,HEALTHY,False,0.0,1.0,OK,42
2026-01-01T00:15:27Z,O320_CLASS-SIM-01,O320_CLASS,HIGH_ALTITUDE_ISR,5955.518511071493,-28.31815999431004,1827.2894287326249,0.6958369151601989,88.67647000646478,715.7609188376105,67.79406158311463,29.72943185501517,23.64764000331546,0.6311638021424029,13.82884089086265,10.386348346134701,26.61966861430526,CRUISE,HEALTHY,False,0.0,1.0,OK,42
2026-01-01T00:15:28Z,O320_CLASS-SIM-01,O320_CLASS,HIGH_ALTITUDE_ISR,5954.946669938039,-28.547617317060038,1801.6597377807855,0.7006356115520285,87.9117228806732,718.7747062951337,67.59081486957416,28.365619117198808,23.630770320334697,0.6272571997072339,13.886794052902566,10.657435371954783,26.838704178622383,CRUISE,HEALTHY,False,0.0,1.0,OK,42
2026-01-01T00:15:29Z,O320_CLASS-SIM-01,O320_CLASS,HIGH_ALTITUDE_ISR,5957.623153732142,-28.85643057410446,1826.9124107948269,0.7009692221056967,87.80521900837734,712.3563985856475,67.3617388302973,29.70966196501569,23.64707854133354,0.6382204168525761,13.851605394593914,9.770559988864884,26.386705724225937,CRUISE,HEALTHY,False,0.0,1.0,OK,42
2026-01-01T00:15:30Z,O320_CLASS-SIM-01,O320_CLASS,HIGH_ALTITUDE_ISR,5958.647687954618,-28.71827278864628,1809.3851033934036,0.7007317537456825,89.05846673980326,716.8596805831671,67.54842740094693,30.144887093162748,23.705520379472667,0.5779085515437732,13.862755611082491,10.077050334642173,26.43017929142111,CRUISE,HEALTHY,False,0.0,1.0,OK,42
2026-01-01T00:15:31Z,O320_CLASS-SIM-01,O320_CLASS,HIGH_ALTITUDE_ISR,5959.5781450175455,-28.73088337757441,1818.1597002349088,0.6992532111776627,88.60152160711174,716.8218821824194,68.6893164360248,31.089955067489367,23.59762620513734,0.6269542046870046,13.848706708873399,10.15664890513578,26.5106431245954,CRUISE,HEALTHY,False,0.0,1.0,OK,42
2026-01-01T00:15:32Z,O320_CLASS-SIM-01,O320_CLASS,HIGH_ALTITUDE_ISR,5957.747250154682,-28.79374107786846,1819.399276381301,0.7021633010982492,89.07036929674874,713.8926551214928,68.01795892174486,30.481547929586256,23.64161864982844,0.6121866978371657,13.915475390701388,10.12030612088291,26.6324622333333,CRUISE,HEALTHY,False,0.0,1.0,OK,42
2026-01-01T00:15:33Z,O320_CLASS-SIM-01,O320_CLASS,HIGH_ALTITUDE_ISR,5961.463850570363,-28.78119818250934,1810.0350430834635,0.7019649760963499,87.9772483382079,712.972224497548,67.5377736376185,30.136434877831693,23.683435429051528,0.6003534626800927,13.802902821411742,10.231515941756404,26.643707388299266,CRUISE,HEALTHY,False,0.0,1.0,OK,42
2026-01-01T00:15:34Z,O320_CLASS-SIM-01,O320_CLASS,HIGH_ALTITUDE_ISR,5960.811740126567,-28.638969781111825,1802.2299325861197,0.7035987517385853,88.5125413482984,707.6480818564298,67.92314310341698,29.71715849350076,23.62525619752972,0.5792800120349569,13.859314237585632,9.961750662881736,26.346778403041803,CRUISE,HEALTHY,False,0.0,1.0,OK,42
2026-01-01T00:15:35Z,O320_CLASS-SIM-01,O320_CLASS,HIGH_ALTITUDE_ISR,5965.201752623667,-28.798062378553,1807.4613048765234,0.6992114066031633,89.50353447969815,710.0583975622031,67.90323809738221,29.567280182125234,23.625700679083874,0.5646056503908752,13.844497666858512,10.084375793792773,26.660180925719697,CRUISE,HEALTHY,False,0.0,1.0,OK,42
2026-01-01T00:15:36Z,O320_CLASS-SIM-01,O320_CLASS,HIGH_ALTITUDE_ISR,5963.107325563789,-28.78149730322275,1820.3238786753816,0.6981033143146732,88.56840793284222,710.9117507779525,67.4264015757489,30.235095631553882,23.62358210838405,0.5600348994367434,13.902812285848544,10.311320022543587,26.334640375171144,CRUISE,HEALTHY,False,0.0,1.0,OK,42
2026-01-01T00:15:37Z,O320_CLASS-SIM-01,O320_CLASS,HIGH_ALTITUDE_ISR,5963.066135585775,-28.685286994857748,1810.8367181990316,0.7043900381775987,89.31280907727228,714.0216078240526,67.4365623956354,30.411525736458387,23.58592952350103,0.6608758023978186,13.875724489738658,9.874215033108316,26.74479008431077,CRUISE,HEALTHY,False,0.0,1.0,OK,42
2026-01-01T00:15:38Z,O320_CLASS-SIM-01,O320_CLASS,HIGH_ALTITUDE_ISR,5969.632128603545,-28.81339653322538,1817.4184874274986,0.7004855477098243,88.67290275346313,709.4890912037479,67.84292805453134,30.04532248572221,23.738540669218974,0.536824896847084,13.854610372005759,10.401577100375555,26.58742497179311,CRUISE,HEALTHY,False,0.0,1.0,OK,42
2026-01-01T00:15:39Z,O320_CLASS-SIM-01,O320_CLASS,HIGH_ALTITUDE_ISR,5967.004892462427,-28.912191234684705,1805.4538193247063,0.6976578162778574,87.81269648382849,710.768023771908,67.88818794074713,29.372413223088543,23.623484309980924,0.5904958096447492,13.86156846575021,9.946542435710157,26.46402503334829,CRUISE,HEALTHY,False,0.0,1.0,OK,42
2026-01-01T00:15:40Z,O320_CLASS-SIM-01,O320_CLASS,HIGH_ALTITUDE_ISR,5968.3826179198895,-28.633528311211098,1813.841879799457,0.7000502003933641,88.41725377890627,708.0990635061153,67.78304401458634,29.674351494803247,23.59966393990942,0.5784590990031518,13.85068293334154,10.32591285797053,26.786704284633615,CRUISE,HEALTHY,False,0.0,1.0,OK,42
2026-01-01T00:15:41Z,O320_CLASS-SIM-01,O320_CLASS,HIGH_ALTITUDE_ISR,5967.8538440036955,-28.87781081233571,1808.7729258499066,0.702849249761259,88.73691200748499,713.4418543273874,68.05114302663935,29.509591510272664,23.71340440482498,0.6084322582460361,13.837289143899492,10.019513602431447,26.807286770625176,CRUISE,HEALTHY,False,0.0,1.0,OK,42
2026-01-01T00:15:42Z,O320_CLASS-SIM-01,O320_CLASS,HIGH_ALTITUDE_ISR,5969.600382034119,-28.664113949190895,1807.6103818491683,0.6996591487969215,89.3510957115948,711.0091827244121,68.16348710794045,30.260110325022957,23.600403517403954,0.6056033499460255,13.846479839194526,10.163293262205116,26.905269583212217,CRUISE,HEALTHY,False,0.0,1.0,OK,42
2026-01-01T00:15:43Z,O320_CLASS-SIM-01,O320_CLASS,HIGH_ALTITUDE_ISR,5970.674101825828,-28.732929590667254,1812.7081834151265,0.70119890905692,88.3586073437591,711.0348051818559,67.966360173914,29.739903456548113,23.597716367684335,0.6489870090747284,13.86588990894682,10.018149928594424,26.82271068775112,CRUISE,HEALTHY,False,0.0,1.0,OK,42
2026-01-01T00:15:44Z,O320_CLASS-SIM-01,O320_CLASS,HIGH_ALTITUDE_ISR,5969.468099918923,-28.628521323885078,1805.3706721857423,0.7015341761899421,87.84845164860249,710.8550810847822,68.35569215061844,31.447957482955072,23.630768266807888,0.6217980892671104,13.86460591189827,10.506927007386752,26.304332002084635,CRUISE,HEALTHY,False,0.0,1.0,OK,42
2026-01-01T00:15:45Z,O320_CLASS-SIM-01,O320_CLASS,HIGH_ALTITUDE_ISR,5973.77997087619,-28.934961804264443,1793.463988509988,0.70035036837657,90.76906136266037,711.5066958145649,68.14427724857623,30.914009401120037,23.640067906405264,0.6131563522253798,13.811383792962843,9.894385047590104,26.756958111106734,CRUISE,HEALTHY,False,0.0,1.0,OK,42
2026-01-01T00:15:46Z,O320_CLASS-SIM-01,O320_CLASS,HIGH_ALTITUDE_ISR,5974.297367851905,-28.777240053624713,1813.2764936273063,0.7054157539203388,88.03205367122602,717.1445792191614,67.87920600022615,31.302518279439145,23.57832705899709,0.615683245818301,13.851038684179924,10.107419897887409,26.803865829700662,CRUISE,HEALTHY,False,0.0,1.0,OK,42
2026-01-01T00:15:47Z,O320_CLASS-SIM-01,O320_CLASS,HIGH_ALTITUDE_ISR,5975.766627106449,-28.655732279035636,1806.7490039561733,0.699346394577016,88.56527820652077,713.0186592033286,67.74929478886506,29.172341217417188,23.69838177960569,0.593742703225917,13.905608190630264,10.074863540964952,26.71737617735314,CRUISE,HEALTHY,False,0.0,1.0,OK,42
2026-01-01T00:15:48Z,O320_CLASS-SIM-01,O320_CLASS,HIGH_ALTITUDE_ISR,5977.027040654922,-28.968879306290724,1814.947943191026,0.7048090468413151,88.84516146755374,715.3527172523005,68.09878125892556,30.17697386469842,23.646646392383147,0.6301078510678525,13.885700884351943,9.732762656328111,26.656809743110436,CRUISE,HEALTHY,False,0.0,1.0,OK,42
2026-01-01T00:15:49Z,O320_CLASS-SIM-01,O320_CLASS,HIGH_ALTITUDE_ISR,5976.906422861419,-28.91041553448426,1822.277589370074,0.6994464059165706,86.86677853146647,715.0730519374487,67.25114912278825,28.381067257565135,23.68160911711228,0.6145231598903003,13.876960559499894,9.959322833001304,26.41165588660206,CRUISE,HEALTHY,False,0.0,1.0,OK,42
2026-01-01T00:15:50Z,O320_CLASS-SIM-01,O320_CLASS,HIGH_ALTITUDE_ISR,5976.395922354177,-28.89896325554961,1801.6302133960185,0.7014871216871071,87.98282651308502,713.5305876794713,67.87920022063308,30.22494898726943,23.66004315482655,0.59437729111399,13.8682746131262,10.12805790007548,26.254585781157207,CRUISE,HEALTHY,False,0.0,1.0,OK,42
2026-01-01T00:15:51Z,O320_CLASS-SIM-01,O320_CLASS,HIGH_ALTITUDE_ISR,5980.136455285457,-28.842092003900298,1816.2213965043861,0.6982596461424387,88.15612285825635,710.3234103232129,68.11281598335646,28.783503775744485,23.587509604950096,0.6294649284654593,13.843850865334252,9.836084430206785,26.75452978770825,CRUISE,HEALTHY,False,0.0,1.0,OK,42
2026-01-01T00:15:52Z,O320_CLASS-SIM-01,O320_CLASS,HIGH_ALTITUDE_ISR,5981.580297793617,-28.76272106715059,1818.3982596978724,0.7003304922357746,88.2868137234037,711.41626738836,67.87990172306705,29.47736605507914,23.611162369070147,0.6320474329948805,13.898244846570245,10.166873469555073,26.887271823395697,CRUISE,HEALTHY,False,0.0,1.0,OK,42
2026-01-01T00:15:53Z,O320_CLASS-SIM-01,O320_CLASS,HIGH_ALTITUDE_ISR,5980.092520292744,-29.15317635461154,1817.225189547096,0.6992103011486748,88.2011692220998,708.59621614596,67.45096073971672,28.689990533087425,23.60997387125329,0.5922284118922978,13.865384051180202,10.376365543800235,26.719262978249997,CRUISE,HEALTHY,False,0.0,1.0,OK,42
2026-01-01T00:15:54Z,O320_CLASS-SIM-01,O320_CLASS,HIGH_ALTITUDE_ISR,5979.709602688541,-28.79272625608664,1812.3017955333382,0.7005186328502134,88.49963509026863,713.5163255445527,67.53172506447353,29.737979571611955,23.68975936541561,0.5798132999932155,13.831765170903969,10.050134447597761,26.447744689479677,CRUISE,HEALTHY,False,0.0,1.0,OK,42
2026-01-01T00:15:55Z,O320_CLASS-SIM-01,O320_CLASS,HIGH_ALTITUDE_ISR,5980.550745952739,-28.942047060688203,1822.8963319524223,0.7005973949828493,88.73844164814926,707.6638108485422,67.98156507961319,29.95064077982961,23.596190062356033,0.6151306136590252,13.867742031785784,9.799815869452914,26.66671036105756,CRUISE,HEALTHY,False,0.0,1.0,OK,42
2026-01-01T00:15:56Z,O320_CLASS-SIM-01,O320_CLASS,HIGH_ALTITUDE_ISR,5985.922687260775,-28.93101661814642,1804.2662095764758,0.7002797604953171,89.54695957211635,709.9076221317721,68.03557344742683,29.325624398984157,23.640412372105594,0.5853144109433771,13.845604449426613,10.444588232689233,26.405171982075498,CRUISE,HEALTHY,False,0.0,1.0,OK,42
2026-01-01T00:15:57Z,O320_CLASS-SIM-01,O320_CLASS,HIGH_ALTITUDE_ISR,5985.847096885366,-28.643575147885617,1816.5907523250546,0.6979330440571597,86.98080172513197,711.0785934910102,67.86514872930037,30.040878037958603,23.563597824343223,0.5729364344586685,13.838247060003697,10.01775453879222,26.91384198242949,CRUISE,HEALTHY,False,0.0,1.0,OK,42
2026-01-01T00:15:58Z,O320_CLASS-SIM-01,O320_CLASS,HIGH_ALTITUDE_ISR,5984.711330512676,-29.05626589719259,1801.9410756659381,0.7018266446980399,88.4663630125142,710.701328481332,67.65470291144777,29.219003600675478,23.640850669883637,0.7151808716283301,13.879094045043754,10.03882093432748,26.515994058456158,CRUISE,HEALTHY,False,0.0,1.0,OK,42
2026-01-01T00:15:59Z,O320_CLASS-SIM-01,O320_CLASS,HIGH_ALTITUDE_ISR,5985.088074480348,-28.806117175210176,1816.340659963634,0.6995836710224913,89.96924829445405,712.9789003346228,68.10756117885573,30.08125744368919,23.616072785341995,0.5695695011721917,13.858178595087685,10.271707637694826,26.539122857099034,CRUISE,HEALTHY,False,0.0,1.0,OK,42
2026-01-01T00:16:00Z,O320_CLASS-SIM-01,O320_CLASS,HIGH_ALTITUDE_ISR,5988.754850188642,-29.085029429922646,1817.045929130439,0.7011020731491704,87.06798918552877,712.3503350307856,68.16806914761995,28.829161852027607,23.570255560663416,0.6049440894086342,13.926521196482625,9.89217744190195,26.6892369906853,CRUISE,HEALTHY,False,0.0,1.0,OK,42
2026-01-01T00:16:01Z,O320_CLASS-SIM-01,O320_CLASS,HIGH_ALTITUDE_ISR,5989.477504698703,-29.017495445357287,1811.994172554726,0.699540838612318,88.0784309235841,708.7414301513662,67.78355434858186,30.54775077420129,23.625547874340892,0.6513033637156856,13.879907681384456,10.044563713834412,26.520359849216778,CRUISE,HEALTHY,False,0.0,1.0,OK,42
2026-01-01T00:16:02Z,O320_CLASS-SIM-01,O320_CLASS,HIGH_ALTITUDE_ISR,5989.349969506323,-29.156092444106434,1808.46812531235,0.7006888229139536,90.56357655901022,714.1996495017388,67.4452234685343,28.669069474706333,23.611222513998758,0.640112720545188,13.8558559530669,10.194072246728448,26.58698268075494,CRUISE,HEALTHY,False,0.0,1.0,OK,42
2026-01-01T00:16:03Z,O320_CLASS-SIM-01,O320_CLASS,HIGH_ALTITUDE_ISR,5992.1469292235015,-29.181552989120135,1823.337871479914,0.6981321759606953,89.45482460154433,712.1826277086489,67.74267027791367,29.619770738427853,23.633203900119828,0.6259022174987021,13.894201875409065,10.409690671231925,26.663527570686757,CRUISE,HEALTHY,False,0.0,1.0,OK,42
2026-01-01T00:16:04Z,O320_CLASS-SIM-01,O320_CLASS,HIGH_ALTITUDE_ISR,5994.634003422245,-28.934466816989325,1819.0236028945767,0.7011748996632725,87.84057480662037,713.3004122995911,67.98810672592933,29.778981968028354,23.63994006902796,0.6421748509415327,13.861726424405985,9.320858866053456,26.865097726472108,CRUISE,HEALTHY,False,0.0,1.0,OK,42
2026-01-01T00:16:05Z,O320_CLASS-SIM-01,O320_CLASS,HIGH_ALTITUDE_ISR,5992.609168410225,-29.07835314423595,1801.3108705006186,0.6996048859731104,87.82159751941168,710.9890426887937,67.51182416323186,30.220622984208035,23.719689007193004,0.6403422969951494,13.896082154544667,9.961605693030364,26.628659898206763,CRUISE,HEALTHY,False,0.0,1.0,OK,42
2026-01-01T00:16:06Z,O320_CLASS-SIM-01,O320_CLASS,HIGH_ALTITUDE_ISR,5994.687342653965,-29.06024320785594,1806.7975925614967,0.7019471991547613,89.80252076992664,712.9843316737048,67.30444865446549,29.55244343205846,23.544977890187603,0.6104866336786485,13.87004289440085,9.987408098317562,26.648819690903817,CRUISE,HEALTHY,False,0.0,1.0,OK,42
2026-01-01T00:16:07Z,O320_CLASS-SIM-01,O320_CLASS,HIGH_ALTITUDE_ISR,5995.665034398308,-28.92922863007187,1800.490878437604,0.6996918840473872,88.98325557864831,716.7468252961439,67.67157824163657,30.22167751452557,23.659825674035798,0.599572537265177,13.896809627272347,10.354756749127201,26.819223656371623,CRUISE,HEALTHY,False,0.0,1.0,OK,42
2026-01-01T00:16:08Z,O320_CLASS-SIM-01,O320_CLASS,HIGH_ALTITUDE_ISR,5996.719394285224,-28.620185761757718,1805.0805509132758,0.704406885331088,89.41067792610312,716.1352542849625,67.65017061420266,30.44867349393407,23.686140437907564,0.5639024110695618,13.85743420190246,9.518027791902169,26.58501896299298,CRUISE,HEALTHY,False,0.0,1.0,OK,42
2026-01-01T00:16:09Z,O320_CLASS-SIM-01,O320_CLASS,HIGH_ALTITUDE_ISR,5995.799797233619,-29.01331991509977,1833.291665104241,0.7035546546326419,86.75865602467269,714.1578720074689,68.09559548444709,29.49486448145625,23.62258078092641,0.6183951604366755,13.821912246404272,9.794636383117458,26.63721640508407,CRUISE,HEALTHY,False,0.0,1.0,OK,42
2026-01-01T00:16:10Z,O320_CLASS-SIM-01,O320_CLASS,HIGH_ALTITUDE_ISR,5998.164976807845,-29.09338758191576,1803.4472189404694,0.6998998065800227,89.54664873526445,712.5615523437394,68.42295287478291,29.20061417380703,23.62219458164612,0.5931431740000996,13.879926014939564,9.856199593740785,26.900084572752082,CRUISE,HEALTHY,False,0.0,1.0,OK,42
2026-01-01T00:16:11Z,O320_CLASS-SIM-01,O320_CLASS,HIGH_ALTITUDE_ISR,5996.472017903322,-28.736229551349545,1810.4218530152311,0.7011445317031764,90.08197199229075,714.881161243223,67.47968743960243,30.22943075912401,23.704786500772126,0.5717824454041412,13.925816642563705,10.147150113416888,26.545593780735462,CRUISE,HEALTHY,False,0.0,1.0,OK,42
2026-01-01T00:16:12Z,O320_CLASS-SIM-01,O320_CLASS,HIGH_ALTITUDE_ISR,5998.660065923088,-29.03349306116124,1793.9594432033011,0.6991695110618824,88.16230392672858,710.0352143332965,68.06867408414259,29.566434629518373,23.578496805240196,0.5942198829157805,13.872893613831577,10.06815780712926,26.50503474471409,CRUISE,HEALTHY,False,0.0,1.0,OK,42
2026-01-01T00:16:13Z,O320_CLASS-SIM-01,O320_CLASS,HIGH_ALTITUDE_ISR,5999.76112978371,-29.00482361585716,1764.899783930035,0.6193802555702504,73.69021681083102,698.1143562625575,66.91022343652318,30.079195014734438,21.57009511095886,0.5340853623062884,13.846399300568073,9.707568138197642,26.355327031703894,LOITER,HEALTHY,False,0.0,1.0,OK,42
2026-01-01T00:16:14Z,O320_CLASS-SIM-01,O320_CLASS,HIGH_ALTITUDE_ISR,5998.7322504308,-28.762823744263443,1746.082974250159,0.6243839963891019,70.8971634121726,692.6214471213126,66.3828662224009,29.132527175258126,21.38801709551455,0.6673312497999035,13.857513776104907,9.265377730036654,26.169972761608562,LOITER,HEALTHY,False,0.0,1.0,OK,42
2026-01-01T00:16:15Z,O320_CLASS-SIM-01,O320_CLASS,HIGH_ALTITUDE_ISR,5997.851444640832,-28.83783291330901,1716.4981235924536,0.6175860659262141,70.14174435485873,697.4220671287213,65.90126670654621,29.46184033597898,21.29209730589005,0.6088197284163108,13.796102776267352,9.20163834484297,26.143400822745573,LOITER,HEALTHY,False,0.0,1.0,OK,42
2026-01-01T00:16:16Z,O320_CLASS-SIM-01,O320_CLASS,HIGH_ALTITUDE_ISR,5999.677924581478,-29.111781204803936,1716.7840202258221,0.6196240464072345,68.46009088682997,690.0444540831578,65.53178308682268,29.036614191941435,21.153328064476266,0.5392633459186176,13.783963483687772,8.830470058270123,26.279161655405925,LOITER,HEALTHY,False,0.0,1.0,OK,42
2026-01-01T00:16:17Z,O320_CLASS-SIM-01,O320_CLASS,HIGH_ALTITUDE_ISR,5998.921018352203,-28.99914940166518,1708.9356170889469,0.6181298039951365,71.05042634765952,697.837209808899,65.62282360069786,30.817776188654282,21.085096665342054,0.49918735447520346,13.81700811294457,8.800273453038999,26.438074465708745,LOITER,HEALTHY,False,0.0,1.0,OK,42
2026-01-01T00:16:18Z,O320_CLASS-SIM-01,O320_CLASS,HIGH_ALTITUDE_ISR,5997.014158744789,-29.112281705253938,1692.8699648728468,0.6220236339676763,69.88971198174579,691.0357327695032,64.657179124417,27.664967068997573,21.152876323406577,0.5744522327672839,13.838643956274957,9.273353166347215,26.36019614031986,LOITER,HEALTHY,False,0.0,1.0,OK,42
2026-01-01T00:16:19Z,O320_CLASS-SIM-01,O320_CLASS,HIGH_ALTITUDE_ISR,5996.954637605605,-28.983191319635303,1690.3975813514917,0.6191316481258844,66.61190563066702,688.2197790966433,64.6105373529935,29.268583431825434,20.950690071812865,0.623215709862065,13.813601252719307,9.205090767212294,25.993741822431424,LOITER,HEALTHY,False,0.0,1.0,OK,42
2026-01-01T00:16:20Z,O320_CLASS-SIM-01,O320_CLASS,HIGH_ALTITUDE_ISR,5994.231916424816,-28.785210943067955,1702.6512550735301,0.6178460176575856,67.77974966096637,689.4601435398009,65.17338518897317,28.331466147115883,20.98338737894538,0.4712433767392502,13.81724209755954,8.921009073828767,26.004164184119645,LOITER,HEALTHY,False,0.0,1.0,OK,42
2026-01-01T00:16:21Z,O320_CLASS-SIM-01,O320_CLASS,HIGH_ALTITUDE_ISR,5995.662685212503,-29.11461648175461,1683.9362543906304,0.6224332808285485,66.64960705005298,693.3650261499622,65.18393143484596,28.295820765098636,20.94391467607336,0.5290431725497888,13.83388561650849,8.596355168724605,26.07577440360768,LOITER,HEALTHY,False,0.0,1.0,OK,42
2026-01-01T00:16:22Z,O320_CLASS-SIM-01,O320_CLASS,HIGH_ALTITUDE_ISR,5996.412654250681,-28.646316228679233,1689.1410516995134,0.6157481642616119,69.29387199989925,690.9344250182311,65.92888629238048,29.141831785966353,20.94015796880333,0.5713451385553774,13.815794969575972,8.713630451367088,26.12058190253187,LOITER,HEALTHY,False,0.0,1.0,OK,42
2026-01-01T00:16:23Z,O320_CLASS-SIM-01,O320_CLASS,HIGH_ALTITUDE_ISR,5996.968645608215,-28.835163570111504,1686.1316564312594,0.624496762330077,67.37086802685803,687.3380455371572,64.52839841221032,29.019318627053913,20.950302518002086,0.5483582648964028,13.817015022789992,8.589844666237962,25.8960905325492,LOITER,HEALTHY,False,0.0,1.0,OK,42
2026-01-01T00:16:24Z,O320_CLASS-SIM-01,O320_CLASS,HIGH_ALTITUDE_ISR,5995.57852109179,-28.981273654297233,1688.0004759934836,0.6201660562578144,67.22988771497639,687.6433492014096,64.45415199753866,30.145834064600674,21.019511435258412,0.5952540265245311,13.81281656348364,8.698069130330941,25.88815042468168,LOITER,HEALTHY,False,0.0,1.0,OK,42
2026-01-01T00:16:25Z,O320_CLASS-SIM-01,O320_CLASS,HIGH_ALTITUDE_ISR,5992.476321301696,-29.052204916945243,1694.3867955601518,0.6211259351782924,66.52434531275497,690.453234994694,65.35609764184879,27.1609615091583,20.943032245330702,0.5574604546292526,13.84460929025429,8.753776600873413,25.909657209878844,LOITER,HEALTHY,False,0.0,1.0,OK,42
2026-01-01T00:16:26Z,O320_CLASS-SIM-01,O320_CLASS,HIGH_ALTITUDE_ISR,5993.190632135816,-29.131158588839202,1670.7366018669065,0.6191722119183289,68.62647020946336,687.7511666124026,65.153777837784,28.14692981952079,20.842093767512473,0.5303672382368055,13.8821393414239,8.824124917564045,25.725089193856313,LOITER,HEALTHY,False,0.0,1.0,OK,42
2026-01-01T00:16:27Z,O320_CLASS-SIM-01,O320_CLASS,HIGH_ALTITUDE_ISR,5994.577252783361,-29.070493852467578,1688.3467574460744,0.6179788108257728,67.54986341986374,689.8278912866568,65.03698960108538,26.97458796380962,20.91865869648086,0.49401633251938154,13.847376924996997,8.726832655427742,25.761620020831014,LOITER,HEALTHY,False,0.0,1.0,OK,42
2026-01-01T00:16:28Z,O320_CLASS-SIM-01,O320_CLASS,HIGH_ALTITUDE_ISR,5994.651768152697,-28.98199874950373,1683.7995087721051,0.6208453626602978,67.9796878198298,694.0605916498981,64.91170468566564,28.172300870374148,20.93262684568311,0.5612291190605139,13.844693470757788,8.990765467655079,26.111110971362038,LOITER,HEALTHY,False,0.0,1.0,OK,42
2026-01-01T00:16:29Z,O320_CLASS-SIM-01,O320_CLASS,HIGH_ALTITUDE_ISR,5992.070624514578,-29.048967834377752,1681.8685557611582,0.6177533013913458,66.29960205152787,685.8075791003165,64.4041682209286,28.856065670944627,20.89083328101421,0.6169693401986475,13.844623508787782,8.666218697421037,25.776864788137622,LOITER,HEALTHY,False,0.0,1.0,OK,42
2026-01-01T00:16:30Z,O320_CLASS-SIM-01,O320_CLASS,HIGH_ALTITUDE_ISR,5992.314695651056,-28.66617243495476,1694.5407534826977,0.6197792465361645,66.16324773756057,688.718012853572,64.6788059212708,28.219392539582024,21.002805508737858,0.5485909902514535,13.82339284082477,9.064273812482927,25.85441112660901,LOITER,HEALTHY,False,0.0,1.0,OK,42
2026-01-01T00:16:31Z,O320_CLASS-SIM-01,O320_CLASS,HIGH_ALTITUDE_ISR,5991.958076871742,-28.877777322290303,1675.0276865551384,0.6179162057452515,66.66672872016235,694.638183679459,65.78236450690594,27.223511115011465,20.90564588132562,0.5166983666189202,13.832502744066439,8.538239829308017,25.98601753865071,LOITER,HEALTHY,False,0.0,1.0,OK,42
2026-01-01T00:16:32Z,O320_CLASS-SIM-01,O320_CLASS,HIGH_ALTITUDE_ISR,5992.072840687497,-29.005241385863,1680.2907185188972,0.6187743901751546,67.12524787930927,689.9797887704807,65.31885120003936,25.655142432212575,20.995806947479252,0.5460588366300557,13.850722259317552,8.855951765834877,25.893834104499184,LOITER,HEALTHY,False,0.0,1.0,OK,42
2026-01-01T00:16:33Z,O320_CLASS-SIM-01,O320_CLASS,HIGH_ALTITUDE_ISR,5989.654103191372,-29.096507059364736,1679.7275777846824,0.6205009734856662,66.79003337874433,692.5914327247207,64.06457664358317,26.708171812257127,20.973629128261535,0.533750873964726,13.80752331938712,8.50949390423077,25.545379607341477,LOITER,HEALTHY,False,0.0,1.0,OK,42
2026-01-01T00:16:34Z,O320_CLASS-SIM-01,O320_CLASS,HIGH_ALTITUDE_ISR,5989.080587642673,-28.780302683012003,1676.9539430109533,0.6181307403358266,64.67739923752971,686.9835347463154,65.48583804490318,27.459818277728687,20.848682704377687,0.5153235188175767,13.831501608244132,8.373792609662692,25.69855118163148,LOITER,HEALTHY,False,0.0,1.0,OK,42
2026-01-01T00:16:35Z,O320_CLASS-SIM-01,O320_CLASS,HIGH_ALTITUDE_ISR,5989.932124589781,-28.850219826785125,1686.2703061866698,0.6207675687881783,65.59690928337562,691.1950076598627,64.90072754380499,26.849677306114057,20.90132221254668,0.5140885037617953,13.741824557486924,8.96247179373144,26.048296888075487,LOITER,HEALTHY,False,0.0,1.0,OK,42
2026-01-01T00:16:36Z,O320_CLASS-SIM-01,O320_CLASS,HIGH_ALTITUDE_ISR,5987.517155062285,-28.86236358538442,1677.8849195886144,0.6181364143415234,66.52510131801066,692.3826334662334,64.68662422923076,25.99924655659376,20.966908646091554,0.5333135870804074,13.827916858510646,8.844371087658091,25.898311752844343,LOITER,HEALTHY,False,0.0,1.0,OK,42
2026-01-01T00:16:37Z,O320_CLASS-SIM-01,O320_CLASS,HIGH_ALTITUDE_ISR,5988.614009557269,-28.884698265097125,1669.0654513464744,0.6193738220251603,66.52666646237618,693.169353456363,65.22377676182332,27.169103686225156,20.828422105002005,0.536297165454047,13.797007846693013,8.661315984528267,25.65082777448157,LOITER,HEALTHY,False,0.0,1.0,OK,42
2026-01-01T00:16:38Z,O320_CLASS-SIM-01,O320_CLASS,HIGH_ALTITUDE_ISR,5986.577640486325,-28.74942273645175,1684.2857579578567,0.6181812571939296,66.32956649565817,688.3106254452184,65.08381228514055,26.526523613203494,20.98457878410342,0.5330078127058675,13.834072725695624,8.322709200057293,25.94369818363602,LOITER,HEALTHY,False,0.0,1.0,OK,42
2026-01-01T00:16:39Z,O320_CLASS-SIM-01,O320_CLASS,HIGH_ALTITUDE_ISR,5988.72702556914,-28.980917856681977,1677.3878615673996,0.6194999730973845,69.22454137646166,691.3744330705783,65.46012120047784,27.265634462053896,20.959960486753044,0.5159758396446077,13.826089182778865,8.618463656553411,26.079437623725013,LOITER,HEALTHY,False,0.0,1.0,OK,42
2026-01-01T00:16:40Z,O320_CLASS-SIM-01,O320_CLASS,HIGH_ALTITUDE_ISR,5989.222807267506,-28.903463793555442,1688.2280411048991,0.617676755849456,68.45601479865039,693.542398850542,65.27218379009692,26.845334857920065,20.939919803724823,0.504571377590906,13.83823422524418,8.74362024967971,25.797768593441884,LOITER,HEALTHY,False,0.0,1.0,OK,42
2026-01-01T00:16:41Z,O320_CLASS-SIM-01,O320_CLASS,HIGH_ALTITUDE_ISR,5988.3187139862475,-29.106767253296717,1677.7339381282195,0.6188402056792364,66.50356850645545,691.2002097774218,65.0265767434536,26.05400672038566,20.931173588184354,0.5097326800507516,13.900909264294723,8.640468306232597,25.821206718895738,LOITER,HEALTHY,False,0.0,1.0,OK,42
2026-01-01T00:16:42Z,O320_CLASS-SIM-01,O320_CLASS,HIGH_ALTITUDE_ISR,5985.702974530167,-28.744529596961918,1677.8279730436634,0.6159904211022887,68.39185756923551,689.9458999361431,65.26011213277816,27.43306460229671,20.915026787418785,0.636102954624398,13.780514668668333,8.462702940323004,25.95821683339051,LOITER,HEALTHY,False,0.0,1.0,OK,42
2026-01-01T00:16:43Z,O320_CLASS-SIM-01,O320_CLASS,HIGH_ALTITUDE_ISR,5990.143897045049,-28.644188518373554,1691.3553386113647,0.6170869657937219,66.5413781891177,688.9044883092404,64.68417955896578,27.855357963018204,20.887649434608853,0.5357746920565456,13.855475626331218,8.250666009205199,26.004217290340105,LOITER,HEALTHY,False,0.0,1.0,OK,42
2026-01-01T00:16:44Z,O320_CLASS-SIM-01,O320_CLASS,HIGH_ALTITUDE_ISR,5984.679478731777,-28.955273349194858,1676.2995922097339,0.6173565171404161,67.61211950593362,691.5200073364414,64.90843929103674,26.93627756118357,20.854945180166307,0.5674661872358927,13.826045252812934,8.54499333466755,25.87681954373131,LOITER,HEALTHY,False,0.0,1.0,OK,42
2026-01-01T00:16:45Z,O320_CLASS-SIM-01,O320_CLASS,HIGH_ALTITUDE_ISR,5985.535339706736,-28.627737444806442,1680.429968157551,0.6163009365174568,68.43105315432004,689.7782611730069,65.10869641548088,26.135534786798242,20.96095554643532,0.5165406216134575,13.874154250964946,8.402957959878353,25.95181169970112,LOITER,HEALTHY,False,0.0,1.0,OK,42
2026-01-01T00:16:46Z,O320_CLASS-SIM-01,O320_CLASS,HIGH_ALTITUDE_ISR,5987.570079148946,-28.880329421838358,1699.0539956202765,0.6180087276485324,67.62398807522845,695.7120806147093,64.38845461890384,25.29185009024169,20.855684525260244,0.5726742695800088,13.783910327053402,8.813901174496063,26.074468922039472,LOITER,HEALTHY,False,0.0,1.0,OK,42
2026-01-01T00:16:47Z,O320_CLASS-SIM-01,O320_CLASS,HIGH_ALTITUDE_ISR,5988.064320392538,-28.74595503895092,1683.7406531785052,0.6212225393745794,67.94930085572008,689.7901697043972,64.5350168573736,26.130066122605562,20.892000814627846,0.5471085139584178,13.768137390689052,8.609116025493854,25.999466141487286,LOITER,HEALTHY,False,0.0,1.0,OK,42
2026-01-01T00:16:48Z,O320_CLASS-SIM-01,O320_CLASS,HIGH_ALTITUDE_ISR,5985.436690782704,-28.655979867624048,1682.2596016145926,0.6166424127090431,65.1080103106531,692.6490186330002,64.64406248115937,27.263936657264857,20.96242120825545,0.478313250402517,13.848797463873343,8.986529924337347,26.147751236263993,LOITER,HEALTHY,False,0.0,1.0,OK,42
2026-01-01T00:16:49Z,O320_CLASS-SIM-01,O320_CLASS,HIGH_ALTITUDE_ISR,5981.043465032669,-29.025270028941275,1670.4791509102238,0.6194657489290974,67.77279468220317,684.1779145945865,64.87020518021251,27.19723947387021,20.89849552065029,0.5458954156647121,13.821218328221558,8.398008038462693,25.99205378838594,LOITER,HEALTHY,False,0.0,1.0,OK,42
2026-01-01T00:16:50Z,O320_CLASS-SIM-01,O320_CLASS,HIGH_ALTITUDE_ISR,5983.838823937536,-28.802156266394494,1686.2388872617203,0.6185477912143948,68.57779603214688,689.9764906444282,64.41176994168798,26.925688158921506,20.89596283868402,0.5598905225353413,13.794222066720561,9.1098117898966,26.100904610692098,LOITER,HEALTHY,False,0.0,1.0,OK,42
2026-01-01T00:16:51Z,O320_CLASS-SIM-01,O320_CLASS,HIGH_ALTITUDE_ISR,5982.901337996835,-29.03198463856136,1689.2304589813848,0.6161297937692056,69.964651975667,689.3719517534872,65.67642489432879,26.38493812839928,20.967228805452084,0.5105870630961541,13.832708178752585,8.862669994200152,26.093358095344872,LOITER,HEALTHY,False,0.0,1.0,OK,42
2026-01-01T00:16:52Z,O320_CLASS-SIM-01,O320_CLASS,HIGH_ALTITUDE_ISR,5984.55712565647,-28.96200970610913,1681.2380787668362,0.6207873754425944,66.3918198656364,692.3274814361715,64.89940253318221,26.686691503780995,20.890966950869473,0.5084190323819722,13.824309780319268,8.697085916162003,25.978355338448857,LOITER,HEALTHY,False,0.0,1.0,OK,42
2026-01-01T00:16:53Z,O320_CLASS-SIM-01,O320_CLASS,HIGH_ALTITUDE_ISR,5984.837736403324,-28.73461777758866,1682.825861555603,0.6167215708824243,66.2364145248417,695.8218233159861,64.58195682937368,26.603477881318536,20.90333512891216,0.5274659774861749,13.802051957828464,8.46399910877496,25.911505700881445,LOITER,HEALTHY,False,0.0,1.0,OK,42
2026-01-01T00:16:54Z,O320_CLASS-SIM-01,O320_CLASS,HIGH_ALTITUDE_ISR,5980.987042747635,-28.684175274356193,1680.3794334991867,0.6171575260028329,67.3407107053103,692.54835424801,64.84690788627721,27.22522228697061,20.820278834660293,0.586739641533925,13.831836999477792,8.647590766828948,25.889246887969293,LOITER,HEALTHY,False,0.0,1.0,OK,42
2026-01-01T00:16:55Z,O320_CLASS-SIM-01,O320_CLASS,HIGH_ALTITUDE_ISR,5979.782156428161,-29.13055634592786,1674.2966645970466,0.6193377396035978,66.04594850000595,686.9985142648374,64.61997468143254,26.1877988469815,20.86510977909825,0.5347003583832578,13.863071261902906,8.971278183198345,26.29373605077698,LOITER,HEALTHY,False,0.0,1.0,OK,42
2026-01-01T00:16:56Z,O320_CLASS-SIM-01,O320_CLASS,HIGH_ALTITUDE_ISR,5978.759220221533,-29.006160365828222,1685.9332043883408,0.6172115956886081,68.21955043544145,691.378589802082,65.61412771404551,27.32258534868443,20.933984496020237,0.5233497932845098,13.829156750018386,8.58202203336626,25.766750530611827,LOITER,HEALTHY,False,0.0,1.0,OK,42
2026-01-01T00:16:57Z,O320_CLASS-SIM-01,O320_CLASS,HIGH_ALTITUDE_ISR,5982.976884652474,-28.763191903673512,1677.5315571665535,0.620686108091843,66.41729190851407,686.2566426380248,65.38423928146521,25.458972450583914,20.869693852556722,0.5480381656994028,13.843632040979308,8.869806571270631,26.079479772030794,LOITER,HEALTHY,False,0.0,1.0,OK,42
2026-01-01T00:16:58Z,O320_CLASS-SIM-01,O320_CLASS,HIGH_ALTITUDE_ISR,5981.166719131723,-28.990834989530693,1682.5921774458327,0.6150230880940879,69.03542696675986,687.3367402953616,64.84156087704454,25.42073776215125,20.841523394311732,0.5402989699615305,13.816192843808313,8.943138852344664,26.02610493787032,LOITER,HEALTHY,False,0.0,1.0,OK,42
2026-01-01T00:16:59Z,O320_CLASS-SIM-01,O320_CLASS,HIGH_ALTITUDE_ISR,5979.220165320688,-28.889481733940553,1689.9422898028174,0.6198091947580219,65.78146744645102,689.1326974913176,65.16889822250485,26.753106618847568,20.824061825079035,0.5696954885463416,13.805316869228562,8.982405022726716,26.07120490250599,LOITER,HEALTHY,False,0.0,1.0,OK,42
2026-01-01T00:17:00Z,O320_CLASS-SIM-01,O320_CLASS,HIGH_ALTITUDE_ISR,5977.789292811211,-28.94602817188618,1675.7594596598879,0.6182684713913227,66.890353118161,687.9617797280922,64.42012414643348,26.90472312989559,20.88944204189056,0.5439205208952846,13.840152556169908,8.50108963731354,26.019104138757424,LOITER,HEALTHY,False,0.0,1.0,OK,42
2026-01-01T00:17:01Z,O320_CLASS-SIM-01,O320_CLASS,HIGH_ALTITUDE_ISR,5982.867587407305,-28.687703820776814,1677.7703359066597,0.6168592394117803,63.68973303732525,693.4884133967295,65.29131546728784,26.026006930964087,20.80209420838044,0.49345691626336896,13.845350043361062,8.632855383869703,26.094961853465,LOITER,HEALTHY,False,0.0,1.0,OK,42
2026-01-01T00:17:02Z,O320_CLASS-SIM-01,O320_CLASS,HIGH_ALTITUDE_ISR,5978.762143340031,-28.716097286293635,1682.98066353508,0.6195208386235692,64.60177715017879,687.7219908259876,64.82977817780244,27.320725020252297,20.966255565991506,0.5330667796485735,13.813658212646141,8.165819618639645,26.1204753889195,LOITER,HEALTHY,False,0.0,1.0,OK,42
2026-01-01T00:17:03Z,O320_CLASS-SIM-01,O320_CLASS,HIGH_ALTITUDE_ISR,5977.379842342336,-28.414583132929604,1674.055289513278,0.6220310630142342,67.99457702018562,688.2283712036651,65.06722187179344,27.07057608263013,20.859516047614658,0.573124117757668,13.856471836317622,8.80301760884169,25.98818759892784,LOITER,HEALTHY,False,0.0,1.0,OK,42
2026-01-01T00:17:04Z,O320_CLASS-SIM-01,O320_CLASS,HIGH_ALTITUDE_ISR,5976.0153676438185,-28.86707336187684,1681.3254959242056,0.6140256760357021,67.28675942681852,690.5482071845581,64.45455942306072,26.18383713067594,20.85373600574225,0.6167771904111233,13.8385841787287,8.912315565095195,25.972704093614357,LOITER,HEALTHY,False,0.0,1.0,OK,42
2026-01-01T00:17:05Z,O320_CLASS-SIM-01,O320_CLASS,HIGH_ALTITUDE_ISR,5974.539552575175,-28.751926500454537,1674.5979415930094,0.617063842475067,65.8072543956776,690.9633088337166,65.39812667110209,27.193542719778897,20.94718755109782,0.6086603884018617,13.770591908025851,8.354270418761768,25.718865442287456,LOITER,HEALTHY,False,0.0,1.0,OK,42
2026-01-01T00:17:06Z,O320_CLASS-SIM-01,O320_CLASS,HIGH_ALTITUDE_ISR,5977.870972538662,-28.953962267569874,1675.8964485168642,0.6172591128284527,67.51704951791943,687.0592660551839,64.46735539333432,26.445811451353325,20.926365210834888,0.5384947161936661,13.808205850081915,8.114994732761199,26.132713310613024,LOITER,HEALTHY,False,0.0,1.0,OK,42
2026-01-01T00:17:07Z,O320_CLASS-SIM-01,O320_CLASS,HIGH_ALTITUDE_ISR,5975.391829021641,-29.019337759584978,1666.0337439222048,0.6147713710272887,65.89165436959843,690.1666270036549,64.48624952298242,26.591050459572713,20.85265545026123,0.6283589073236753,13.780809853846124,8.691788140657316,26.015630518717636,LOITER,HEALTHY,False,0.0,1.0,OK,42
2026-01-01T00:17:08Z,O320_CLASS-SIM-01,O320_CLASS,HIGH_ALTITUDE_ISR,5974.5225399624915,-28.83015658482732,1685.8595539711648,0.6177998205719534,68.69361557762927,685.3107106309568,64.63169823917698,27.620502725710935,20.90912916149824,0.5610682888068143,13.868927115304896,8.171650229484854,26.108589170694383,LOITER,HEALTHY,False,0.0,1.0,OK,42
2026-01-01T00:17:09Z,O320_CLASS-SIM-01,O320_CLASS,HIGH_ALTITUDE_ISR,5977.237580884655,-28.94047169159302,1700.6831479776909,0.6179568004922267,64.38808788296407,691.6992911629321,64.67949296343694,27.370671143138555,20.8894751380248,0.5154995432140645,13.876991716122618,8.885023977198388,25.864777377278422,LOITER,HEALTHY,False,0.0,1.0,OK,42
2026-01-01T00:17:10Z,O320_CLASS-SIM-01,O320_CLASS,HIGH_ALTITUDE_ISR,5974.985607592834,-28.76135137027427,1676.681595575901,0.616852568713673,67.05063331998487,688.072796857403,64.07317618200285,26.628423581254136,20.761183114060945,0.49966348486425144,13.778758192956428,8.237421525490923,26.052636458772064,LOITER,HEALTHY,False,0.0,1.0,OK,42
2026-01-01T00:17:11Z,O320_CLASS-SIM-01,O320_CLASS,HIGH_ALTITUDE_ISR,5974.452862538735,-28.874871179431327,1669.0149366728403,0.6161669343009554,67.44546396134973,690.5982579594316,65.29419725410004,27.20783590914266,20.846567377223284,0.4652636695646978,13.809193821581108,8.624481838924817,25.871927935053584,LOITER,HEALTHY,False,0.0,1.0,OK,42
2026-01-01T00:17:12Z,O320_CLASS-SIM-01,O320_CLASS,HIGH_ALTITUDE_ISR,5972.777038041974,-28.822870490699813,1698.931023627031,0.6164595213118247,66.97750716230384,687.4395698894062,65.46133333375298,27.13439272340966,20.898015419008683,0.5937140825849488,13.819060432413695,8.57267126073274,26.244600585740283,LOITER,HEALTHY,False,0.0,1.0,OK,42
2026-01-01T00:17:13Z,O320_CLASS-SIM-01,O320_CLASS,HIGH_ALTITUDE_ISR,5974.880716086041,-29.16343882875718,1683.0736130582814,0.6162297662716233,68.04583871960307,691.731319869527,64.26660105766268,26.648672652961395,20.866810523476893,0.5538293598374745,13.849134042783142,9.02163879693562,26.04991997035252,LOITER,HEALTHY,False,0.0,1.0,OK,42
2026-01-01T00:17:14Z,O320_CLASS-SIM-01,O320_CLASS,HIGH_ALTITUDE_ISR,5973.538621194985,-28.65558264464954,1697.3234160638633,0.6191805688587635,67.20264015582593,691.7833548369681,65.0640808878171,26.4475937838937,20.96308818686988,0.5092973367637215,13.866502855911481,8.615554697250333,25.765491565154424,LOITER,HEALTHY,False,0.0,1.0,OK,42
2026-01-01T00:17:15Z,O320_CLASS-SIM-01,O320_CLASS,HIGH_ALTITUDE_ISR,5972.794446461543,-28.907016375063083,1683.9485524106194,0.6174902927530095,65.71592276920545,694.3707336654611,65.39656217571722,27.700941502955924,20.865228469723068,0.5377987614714943,13.852949999046658,8.502021838244938,26.006781195432207,LOITER,HEALTHY,False,0.0,1.0,OK,42
2026-01-01T00:17:16Z,O320_CLASS-SIM-01,O320_CLASS,HIGH_ALTITUDE_ISR,5972.38605580059,-29.041377369800703,1680.294020050679,0.6163830234814707,66.63845653846177,691.5938623173479,65.46836698635266,25.7525347294965,20.8351029999925,0.5085933899217067,13.806925270102154,8.497120052676927,25.957522544115147,LOITER,HEALTHY,False,0.0,1.0,OK,42
2026-01-01T00:17:17Z,O320_CLASS-SIM-01,O320_CLASS,HIGH_ALTITUDE_ISR,5973.101029707539,-28.771377579726717,1670.7659607244727,0.6198105428700565,68.04997996010773,688.4226225502451,65.44784321723112,26.69268010759132,20.842658902807,0.5534885142343803,13.831045066698566,8.781403681859354,26.01480524207004,LOITER,HEALTHY,False,0.0,1.0,OK,42
2026-01-01T00:17:18Z,O320_CLASS-SIM-01,O320_CLASS,HIGH_ALTITUDE_ISR,5971.2887327164635,-29.120540680540877,1683.384716300893,0.6164321766227138,67.83738910795235,691.8709617078964,64.81797827251658,27.24921337659819,20.85927459120331,0.5456796421342383,13.827662372458134,9.065394710462677,25.879435734038246,LOITER,HEALTHY,False,0.0,1.0,OK,42
2026-01-01T00:17:19Z,O320_CLASS-SIM-01,O320_CLASS,HIGH_ALTITUDE_ISR,5970.883509561333,-28.99948916065089,1684.9275424045031,0.6159724541240368,66.3269803890265,689.3656204990216,64.98097778868357,25.430014291013897,20.735421167903365,0.5574107066228614,13.7683864640306,8.857412027059135,26.21992273836677,LOITER,HEALTHY,False,0.0,1.0,OK,42
2026-01-01T00:17:20Z,O320_CLASS-SIM-01,O320_CLASS,HIGH_ALTITUDE_ISR,5970.693835234269,-28.616187169103036,1678.8660787894232,0.6202924994121729,66.33073350167875,684.736946234727,64.92276935862553,27.79688888994554,20.872882852530378,0.5184582339773238,13.841647732112556,8.886030623826604,25.973018945359346,LOITER,HEALTHY,False,0.0,1.0,OK,42
2026-01-01T00:17:21Z,O320_CLASS-SIM-01,O320_CLASS,HIGH_ALTITUDE_ISR,5974.452405640834,-28.885946026811254,1687.0266508306177,0.6185751565242457,66.02557577783288,689.5792394204461,65.36081851797421,26.546334491719094,20.861589112514647,0.47360108806566115,13.851448158167523,8.714445492860566,25.97599274578242,LOITER,HEALTHY,False,0.0,1.0,OK,42
2026-01-01T00:17:22Z,O320_CLASS-SIM-01,O320_CLASS,HIGH_ALTITUDE_ISR,5970.626807880059,-28.866938211624188,1674.217778479448,0.6165247759452688,66.29550056264402,696.0828539735094,65.31717232192042,25.655797209013976,20.945051498150683,0.5216941379544503,13.832639360676382,8.866347482670252,25.689798808295077,LOITER,HEALTHY,False,0.0,1.0,OK,42
2026-01-01T00:17:23Z,O320_CLASS-SIM-01,O320_CLASS,HIGH_ALTITUDE_ISR,5969.302580887708,-28.888777855422852,1680.540071150242,0.6177059113323429,66.74701075305424,690.3136024590833,65.3773215195099,26.67190500132905,20.843859203309954,0.5448918473712748,13.886819870379147,8.684533614746734,25.907847657552807,LOITER,HEALTHY,False,0.0,1.0,OK,42
2026-01-01T00:17:24Z,O320_CLASS-SIM-01,O320_CLASS,HIGH_ALTITUDE_ISR,5966.367270597853,-29.01509060610524,1675.109653903248,0.6167063232351686,66.16015578020085,691.4917719322957,64.7227106613867,25.699338440542274,20.870971482252415,0.5937214259917365,13.79851567298251,8.701666057452568,25.698982080707673,LOITER,HEALTHY,False,0.0,1.0,OK,42
2026-01-01T00:17:25Z,O320_CLASS-SIM-01,O320_CLASS,HIGH_ALTITUDE_ISR,5966.591611607329,-28.8855370964188,1687.8715736191434,0.615322929820931,65.83476242753517,690.6953221310722,64.96379220103765,25.80310240128498,20.93820178943028,0.5282997346984463,13.835125750509906,8.539664212581162,26.05044636260036,LOITER,HEALTHY,False,0.0,1.0,OK,42
2026-01-01T00:17:26Z,O320_CLASS-SIM-01,O320_CLASS,HIGH_ALTITUDE_ISR,5970.228504715625,-28.544894889901258,1672.6405924001963,0.6190391971902093,67.46088337126845,693.0326380381343,64.91105189353512,26.281911684878754,20.88422794683928,0.5770705944744006,13.878677317736395,8.68911802580996,25.968131285692266,LOITER,HEALTHY,False,0.0,1.0,OK,42
2026-01-01T00:17:27Z,O320_CLASS-SIM-01,O320_CLASS,HIGH_ALTITUDE_ISR,5964.258937578727,-29.033355747365963,1675.53113114872,0.6145927539323793,67.76540838170884,687.3124373501704,64.74612668594828,26.062314121881197,20.896230955112845,0.514521969983058,13.845265563805816,8.687779743219574,26.119379606926433,LOITER,HEALTHY,False,0.0,1.0,OK,42
2026-01-01T00:17:28Z,O320_CLASS-SIM-01,O320_CLASS,HIGH_ALTITUDE_ISR,5968.796690099542,-28.793904905819318,1665.0612126227068,0.6162886549788456,66.75169216975829,691.293706728113,64.65047114251352,27.345097177556514,20.835226441149988,0.5020002528456373,13.81793386420658,9.12036098367302,26.083260875034608,LOITER,HEALTHY,False,0.0,1.0,OK,42
2026-01-01T00:17:29Z,O320_CLASS-SIM-01,O320_CLASS,HIGH_ALTITUDE_ISR,5968.666701927365,-28.942349156568124,1673.0673544647964,0.6153465570976392,66.984100592737,690.1348736101063,64.74854018804605,26.141607540318766,20.793395463093375,0.5315952031989163,13.865064665648875,8.259312625585226,26.035293965832103,LOITER,HEALTHY,False,0.0,1.0,OK,42
2026-01-01T00:17:30Z,O320_CLASS-SIM-01,O320_CLASS,HIGH_ALTITUDE_ISR,5968.736805708986,-28.810811398118165,1674.2934055929782,0.6185151296385679,65.56895294404853,690.5043445570365,64.52724503297195,24.937311665432055,20.82404984428143,0.48822160116370983,13.831305581159558,8.915727047306353,26.261178224193383,LOITER,HEALTHY,False,0.0,1.0,OK,42
2026-01-01T00:17:31Z,O320_CLASS-SIM-01,O320_CLASS,HIGH_ALTITUDE_ISR,5966.3796101652315,-28.62767318075921,1681.6625353959184,0.6158577043961815,64.42748058426326,694.6185000451237,64.52238648661864,27.540177317490755,20.85704135697922,0.4996855224064774,13.841003145500084,9.169569618716523,26.21310566543567,LOITER,HEALTHY,False,0.0,1.0,OK,42
2026-01-01T00:17:32Z,O320_CLASS-SIM-01,O320_CLASS,HIGH_ALTITUDE_ISR,5965.042896227764,-28.88457489150548,1679.2189174074326,0.6162501691232569,68.16409200827182,692.3924385654794,64.26397537954936,26.801504753581934,20.819798428368372,0.5401789904820461,13.839098982819898,8.935396351342261,26.129144590662342,LOITER,HEALTHY,False,0.0,1.0,OK,42
2026-01-01T00:17:33Z,O320_CLASS-SIM-01,O320_CLASS,HIGH_ALTITUDE_ISR,5964.260001273585,-28.783791795153448,1674.7754994246889,0.6131747696006484,66.58035939653352,695.1465489418001,64.25489928911281,26.415952031851827,20.824498152937487,0.5501727162386235,13.802736441077277,8.278808733393424,25.775403868144927,LOITER,HEALTHY,False,0.0,1.0,OK,42
2026-01-01T00:17:34Z,O320_CLASS-SIM-01,O320_CLASS,HIGH_ALTITUDE_ISR,5966.953665594762,-28.919625118376498,1674.3135890376577,0.6207049916929525,65.8176960011146,691.381859667728,65.36408591233487,27.248444861807208,20.759278409052502,0.5100978328897015,13.840676606154098,9.116713060950424,25.86768479111066,LOITER,HEALTHY,False,0.0,1.0,OK,42
2026-01-01T00:17:35Z,O320_CLASS-SIM-01,O320_CLASS,HIGH_ALTITUDE_ISR,5963.7894950537475,-28.70650828123429,1683.2137669375963,0.6178134994615969,65.67037645827703,689.1869387819344,65.02360628529512,27.446412917232813,20.81248527239594,0.5377084893267124,13.800815330480205,9.099637754528276,26.004768707929536,LOITER,HEALTHY,False,0.0,1.0,OK,42
2026-01-01T00:17:36Z,O320_CLASS-SIM-01,O320_CLASS,HIGH_ALTITUDE_ISR,5965.7191962719,-28.762182085456526,1678.8850507331704,0.6134096386285522,64.09229188232482,693.6380212567516,64.96747362338446,26.60242720491943,20.760509121389447,0.5024466338532274,13.863449740016668,9.068239373654176,25.88815604245229,LOITER,HEALTHY,False,0.0,1.0,OK,42
2026-01-01T00:17:37Z,O320_CLASS-SIM-01,O320_CLASS,HIGH_ALTITUDE_ISR,5964.682438607759,-28.735385148986644,1677.1850943274028,0.620071439407878,66.11656870345423,693.6012395740687,65.08766416541484,26.42451772556047,20.890115083049135,0.5501432176394149,13.828675350133835,8.977436393014491,26.16845436395203,LOITER,HEALTHY,False,0.0,1.0,OK,42
2026-01-01T00:17:38Z,O320_CLASS-SIM-01,O320_CLASS,HIGH_ALTITUDE_ISR,5965.050808229594,-29.34428176235406,1681.617149035023,0.6167490207109263,66.60578124915709,692.0151074722927,65.0381620571296,26.981041348544892,20.806668632308163,0.5984337007497014,13.85492399749331,8.767579950658007,26.054838695018237,LOITER,HEALTHY,False,0.0,1.0,OK,42
2026-01-01T00:17:39Z,O320_CLASS-SIM-01,O320_CLASS,HIGH_ALTITUDE_ISR,5964.556434781753,-28.60508016529301,1677.1399683260286,0.6182626720436979,66.84368823994492,695.2741764234214,65.3718748706855,25.93909421281673,20.93515483836728,0.4543935210458342,13.850663809329431,8.457258958362027,26.262827840796753,LOITER,HEALTHY,False,0.0,1.0,OK,42
2026-01-01T00:17:40Z,O320_CLASS-SIM-01,O320_CLASS,HIGH_ALTITUDE_ISR,5962.772371491105,-28.87462487531862,1675.8565943260214,0.6148114533219851,66.25510349770605,689.6514421137308,64.63116580553229,26.656437397715276,20.836733176164397,0.49859149887982535,13.781782599247562,8.708432425887136,26.06000676890469,LOITER,HEALTHY,False,0.0,1.0,OK,42
2026-01-01T00:17:41Z,O320_CLASS-SIM-01,O320_CLASS,HIGH_ALTITUDE_ISR,5963.061137108753,-28.670101620538652,1690.5166920430534,0.6181907169704437,69.8250419498494,698.2158815057957,64.22723149330582,24.683497085607947,20.81535515010147,0.5585816928741764,13.829241606558499,8.805960980921519,25.93940026712505,LOITER,HEALTHY,False,0.0,1.0,OK,42
2026-01-01T00:17:42Z,O320_CLASS-SIM-01,O320_CLASS,HIGH_ALTITUDE_ISR,5960.4975353933405,-28.831433628977656,1676.2800152419281,0.6178408708419665,66.01237344218153,689.7330447681561,65.1574036099354,26.283008126951355,20.870113072426296,0.501600788640336,13.797414738484738,8.705595718898545,26.040297742679417,LOITER,HEALTHY,False,0.0,1.0,OK,42
2026-01-01T00:17:43Z,O320_CLASS-SIM-01,O320_CLASS,HIGH_ALTITUDE_ISR,5959.813671869986,-28.545682912023107,1693.227259573698,0.6148554026854297,68.36843917116137,684.4913397586572,65.35860609155971,25.756686653527876,20.86163409179336,0.4998986418449353,13.829438519150154,8.426282186673538,25.947290266283844,LOITER,HEALTHY,False,0.0,1.0,OK,42
2026-01-01T00:17:44Z,O320_CLASS-SIM-01,O320_CLASS,HIGH_ALTITUDE_ISR,5963.428646727157,-28.76063511393345,1694.6565795317517,0.6152967509461904,68.36101401563332,686.3736429870656,64.81240184387491,26.014873736769733,20.88826873343585,0.5457282771808094,13.768838143769988,8.300651331969906,25.827190933862024,LOITER,HEALTHY,False,0.0,1.0,OK,42
2026-01-01T00:17:45Z,O320_CLASS-SIM-01,O320_CLASS,HIGH_ALTITUDE_ISR,5961.6574856975785,-28.620915544118226,1675.3173710650858,0.6149286214384059,67.41778218854866,687.6052717384346,65.10891730695684,26.742653155737706,20.796207052344453,0.5541940899000737,13.834530962782287,8.75191131360711,25.778692828020752,LOITER,HEALTHY,False,0.0,1.0,OK,42
2026-01-01T00:17:46Z,O320_CLASS-SIM-01,O320_CLASS,HIGH_ALTITUDE_ISR,5960.750812799853,-28.584898689463547,1680.2345764252457,0.6171853376848889,66.41343496818696,692.6486165028182,64.95079278531394,25.52717397760076,20.84950050124434,0.47288976805953986,13.839939017509488,8.53087345609739,25.911307217566684,LOITER,HEALTHY,False,0.0,1.0,OK,42
2026-01-01T00:17:47Z,O320_CLASS-SIM-01,O320_CLASS,HIGH_ALTITUDE_ISR,5959.6596925265985,-28.842504339733807,1681.7110102491392,0.6160537642054149,65.7918091778251,693.7569402814024,65.00545116517982,26.951066318557803,20.877872374377876,0.594231407155971,13.848836681447446,8.550637381470445,25.76378842032697,LOITER,HEALTHY,False,0.0,1.0,OK,42
2026-01-01T00:17:48Z,O320_CLASS-SIM-01,O320_CLASS,HIGH_ALTITUDE_ISR,5959.284395025079,-28.569145685960727,1680.3942763099865,0.6090082677979001,67.56386219644789,692.7314461638329,64.8018933990982,27.238022985159514,20.836994535926443,0.5107726429000133,13.869569643629326,8.308805498481334,25.969375198942146,LOITER,HEALTHY,False,0.0,1.0,OK,42
2026-01-01T00:17:49Z,O320_CLASS-SIM-01,O320_CLASS,HIGH_ALTITUDE_ISR,5958.311505077851,-28.854371278383873,1679.9365028579978,0.6184754386538469,68.00430546852606,692.2030663858367,64.242857397954,25.379488629675773,20.812458131398984,0.5367921629178167,13.816475707288973,9.101378360576359,25.993558836419112,LOITER,HEALTHY,False,0.0,1.0,OK,42
2026-01-01T00:17:50Z,O320_CLASS-SIM-01,O320_CLASS,HIGH_ALTITUDE_ISR,5958.933277231445,-28.579593695635506,1677.8922122192998,0.6209940901477906,65.36579799131017,688.8699350978179,64.54294020609714,27.699301984828175,20.84280746222695,0.5163641391250576,13.80548930249647,8.970643052736522,26.031650887294475,LOITER,HEALTHY,False,0.0,1.0,OK,42
2026-01-01T00:17:51Z,O320_CLASS-SIM-01,O320_CLASS,HIGH_ALTITUDE_ISR,5959.807934645232,-28.734022402617228,1681.4912184495568,0.6163696860797188,65.73254260503357,690.0159625505852,64.44519321697943,26.84539312286243,20.839319181839056,0.5777053158134487,13.851389431831484,8.591740794250384,26.209911246009906,LOITER,HEALTHY,False,0.0,1.0,OK,42
2026-01-01T00:17:52Z,O320_CLASS-SIM-01,O320_CLASS,HIGH_ALTITUDE_ISR,5958.603419996552,-28.513940276973656,1688.9556192969783,0.615475296415882,66.93416492651701,692.3039454328904,64.45810186955619,25.54946827101491,20.734844821128394,0.5337435175466799,13.821381064211268,8.264248606508254,25.999237305362108,LOITER,HEALTHY,False,0.0,1.0,OK,42
2026-01-01T00:17:53Z,O320_CLASS-SIM-01,O320_CLASS,HIGH_ALTITUDE_ISR,5956.694178462531,-28.54210841893289,1693.3955466282675,0.6165966613645891,65.61998824428625,691.9755535955383,64.92032375234986,26.259892048614073,20.75528408917637,0.5194673738996526,13.826034336260665,8.823563331243623,26.053205332931412,LOITER,HEALTHY,False,0.0,1.0,OK,42
2026-01-01T00:17:54Z,O320_CLASS-SIM-01,O320_CLASS,HIGH_ALTITUDE_ISR,5959.14862062465,-28.615515955589697,1680.6324602684701,0.6150285649100805,65.19822650291273,688.9252198770478,64.6355110849471,24.404218041672888,20.74648638081467,0.6020932214070602,13.842413563258898,8.527781273399064,26.036041396557884,LOITER,HEALTHY,False,0.0,1.0,OK,42
2026-01-01T00:17:55Z,O320_CLASS-SIM-01,O320_CLASS,HIGH_ALTITUDE_ISR,5953.052799194312,-28.671574231419523,1687.404424396591,0.6153560587041119,64.30403378016045,689.3063136257358,65.42599528365179,26.660803811229115,20.724556372812554,0.632678654706508,13.793728791313976,8.560554130276607,25.820379453209164,LOITER,HEALTHY,False,0.0,1.0,OK,42
2026-01-01T00:17:56Z,O320_CLASS-SIM-01,O320_CLASS,HIGH_ALTITUDE_ISR,5954.0015525331855,-28.778933778471384,1682.2200715322017,0.6181366184459948,65.95426045488125,687.8070182096999,65.10459011650356,26.861232464023967,20.80604468483962,0.5489717377450114,13.827953543002158,8.645196062173563,25.948457616786776,LOITER,HEALTHY,False,0.0,1.0,OK,42
2026-01-01T00:17:57Z,O320_CLASS-SIM-01,O320_CLASS,HIGH_ALTITUDE_ISR,5956.73357071876,-28.374064408227447,1678.5144779716004,0.6154996760168778,66.71193886874599,688.6787853766772,65.21796961103506,26.808768782542487,20.77155643107042,0.5739934767829,13.831887718693883,8.377517296179398,26.02816388837002,LOITER,HEALTHY,False,0.0,1.0,OK,42
2026-01-01T00:17:58Z,O320_CLASS-SIM-01,O320_CLASS,HIGH_ALTITUDE_ISR,5955.0563434559535,-28.56149283363896,1683.676009405445,0.6152516328088279,65.8256457935601,690.3191626897427,65.05614565578446,26.843801395764263,20.806204708190883,0.5342489861776719,13.86121002515516,8.450829123945406,26.34705167755875,LOITER,HEALTHY,False,0.0,1.0,OK,42
2026-01-01T00:17:59Z,O320_CLASS-SIM-01,O320_CLASS,HIGH_ALTITUDE_ISR,5955.418109843735,-28.871900588253276,1678.4518480415402,0.6169727174634146,65.96015399651658,686.5681572826094,64.49404033716962,26.891446344259304,20.70195751336813,0.4798743420409395,13.847398045533296,8.563140469333693,25.87049204217618,LOITER,HEALTHY,False,0.0,1.0,OK,42
2026-01-01T00:18:00Z,O320_CLASS-SIM-01,O320_CLASS,HIGH_ALTITUDE_ISR,5953.10405562517,-28.92062207192665,1680.792018969096,0.6137715282745805,65.72374302587363,691.1641949814632,64.80585867808597,25.89502699249411,20.688770737873806,0.5525138208506398,13.833650280384193,8.488804119605792,25.818967178380422,LOITER,HEALTHY,False,0.0,1.0,OK,42
2026-01-01T00:18:01Z,O320_CLASS-SIM-01,O320_CLASS,HIGH_ALTITUDE_ISR,5953.437947136784,-28.625151458143357,1677.644839249569,0.6186180113828647,67.19962569288911,690.0202398057464,65.20266494172901,26.498660393814767,20.789056701850594,0.5896400021124371,13.804326242902212,8.623351640924778,26.152751490883347,LOITER,HEALTHY,False,0.0,1.0,OK,42
2026-01-01T00:18:02Z,O320_CLASS-SIM-01,O320_CLASS,HIGH_ALTITUDE_ISR,5953.454938828715,-28.74980239224976,1663.1598652915156,0.6107584514147579,68.83256627782436,691.0509431244876,64.67256789924083,26.74028003821778,20.737967845124782,0.5245060634311496,13.803027255006928,8.263579112056092,25.658265197597323,LOITER,HEALTHY,False,0.0,1.0,OK,42
2026-01-01T00:18:03Z,O320_CLASS-SIM-01,O320_CLASS,HIGH_ALTITUDE_ISR,5950.167616475759,-28.538473502076044,1668.860461482285,0.6163261944800159,67.4763801960382,690.3123294773023,64.78561395409207,26.5681196098554,20.763075104530294,0.5858791504192173,13.887538970231127,8.978723779476534,25.650996405945477,LOITER,HEALTHY,False,0.0,1.0,OK,42
2026-01-01T00:18:04Z,O320_CLASS-SIM-01,O320_CLASS,HIGH_ALTITUDE_ISR,5951.481211998462,-28.68826501807171,1680.4063531546294,0.6117590461382711,64.22352733146273,693.5290719827647,64.6802367642799,25.272765524429452,20.727278736187994,0.5533104321823542,13.80655401028272,8.676050580515387,25.82663974113917,LOITER,HEALTHY,False,0.0,1.0,OK,42
2026-01-01T00:18:05Z,O320_CLASS-SIM-01,O320_CLASS,HIGH_ALTITUDE_ISR,5949.093101518325,-28.472454086627913,1679.833779602578,0.614503438448464,65.67728397094285,693.9155665273021,65.13934013119473,27.381132719268308,20.751830879318437,0.5396867756729362,13.84328389488609,8.477500275124111,25.95883698629111,LOITER,HEALTHY,False,0.0,1.0,OK,42
2026-01-01T00:18:06Z,O320_CLASS-SIM-01,O320_CLASS,HIGH_ALTITUDE_ISR,5950.406635772226,-28.623474453708,1666.0234763841177,0.6162721451666993,66.66303410928606,689.7362629307553,65.08137856105759,26.17272381637784,20.746063795646442,0.5593778289761752,13.848815833750113,8.48757340962974,25.88392691859632,LOITER,HEALTHY,False,0.0,1.0,OK,42
2026-01-01T00:18:07Z,O320_CLASS-SIM-01,O320_CLASS,HIGH_ALTITUDE_ISR,5950.58024062906,-28.76335640347766,1688.7419504981813,0.6157184215138585,66.29496069466843,687.9039411167076,65.196011039977,25.97638818766781,20.745487869579843,0.5685020391295666,13.842812581074218,7.987902518322379,25.948937110359616,LOITER,HEALTHY,False,0.0,1.0,OK,42
2026-01-01T00:18:08Z,O320_CLASS-SIM-01,O320_CLASS,HIGH_ALTITUDE_ISR,5950.615629858172,-28.728717201144953,1677.7702734102925,0.6114233590369169,62.86747975920826,687.7883029054092,65.01215763678479,23.88670491756068,20.73450291709421,0.4606556847634165,13.823901659777173,9.102612720762949,25.93974429091622,LOITER,HEALTHY,False,0.0,1.0,OK,42
2026-01-01T00:18:09Z,O320_CLASS-SIM-01,O320_CLASS,HIGH_ALTITUDE_ISR,5949.838745732004,-28.549115358881764,1676.6041815542653,0.6145700164596213,67.3639455679895,691.3979119795181,65.0135525881681,26.35664530156154,20.757932053443348,0.5742216309685738,13.82107399152504,8.920324646172775,25.814966703063863,LOITER,HEALTHY,False,0.0,1.0,OK,42
2026-01-01T00:18:10Z,O320_CLASS-SIM-01,O320_CLASS,HIGH_ALTITUDE_ISR,5951.723325504408,-28.601416209758955,1668.631813255633,0.6159752222263696,65.45887487803101,690.2929854925108,64.70229489269296,26.362340815381245,20.82086197949497,0.5582439347761294,13.797394393196273,8.34486087036962,26.01237297013805,LOITER,HEALTHY,False,0.0,1.0,OK,42
2026-01-01T00:18:11Z,O320_CLASS-SIM-01,O320_CLASS,HIGH_ALTITUDE_ISR,5949.660079835642,-28.770611191352508,1689.0569785933408,0.6165415197890691,65.47581653074893,688.3949989720061,64.8046638946192,26.204189620536688,20.835153548517138,0.5768530618440649,13.83219492484192,8.780734959846283,26.094920885840253,LOITER,HEALTHY,False,0.0,1.0,OK,42
2026-01-01T00:18:12Z,O320_CLASS-SIM-01,O320_CLASS,HIGH_ALTITUDE_ISR,5948.805339810349,-28.60627386476131,1681.026315792731,0.6158470063190926,65.27921530424645,688.4975854245866,64.77919471652542,25.90534569792082,20.697245962126154,0.5644788966993042,13.841522567390067,8.27579054877849,25.93505507111882,LOITER,HEALTHY,False,0.0,1.0,OK,42
2026-01-01T00:18:13Z,O320_CLASS-SIM-01,O320_CLASS,HIGH_ALTITUDE_ISR,5948.01416956472,-28.6365972246124,1667.5637949422983,0.612121071357071,66.82472293867734,686.3481779951882,64.80041055361316,26.210820611632535,20.76329217467532,0.5475181995486086,13.87907492592502,8.210132800318059,26.102397793976046,LOITER,HEALTHY,False,0.0,1.0,OK,42
2026-01-01T00:18:14Z,O320_CLASS-SIM-01,O320_CLASS,HIGH_ALTITUDE_ISR,5944.095011004051,-28.452054438788515,1659.822577519553,0.6196591140623944,65.72060770870083,693.4002645372034,65.32598169837236,26.123497499998198,20.750024412407377,0.5038918137194471,13.854726395850225,8.503512516410451,25.847781008745248,LOITER,HEALTHY,False,0.0,1.0,OK,42
2026-01-01T00:18:15Z,O320_CLASS-SIM-01,O320_CLASS,HIGH_ALTITUDE_ISR,5948.241811453831,-28.792909799544194,1673.480030162995,0.6149578014733341,65.40469119301923,688.9366596938864,65.50515587617258,26.31030811322912,20.748586090959083,0.5303418453683381,13.844726423637606,8.350287348179618,26.03442883210663,LOITER,HEALTHY,False,0.0,1.0,OK,42
2026-01-01T00:18:16Z,O320_CLASS-SIM-01,O320_CLASS,HIGH_ALTITUDE_ISR,5947.392277293636,-28.92385386316667,1690.412288118137,0.6176224818223811,65.20221045212575,687.3506902143632,64.98122646976941,25.334014152000435,20.833337235166297,0.5185773812104578,13.879734464617131,8.402026187016878,25.953234195985903,LOITER,HEALTHY,False,0.0,1.0,OK,42
2026-01-01T00:18:17Z,O320_CLASS-SIM-01,O320_CLASS,HIGH_ALTITUDE_ISR,5948.482015491062,-28.701263699723597,1678.1813305707296,0.6168434371693957,65.48291033673792,686.9936346461633,64.3053648762105,26.942460426134172,20.78311773826546,0.5797507384163949,13.822846397643097,8.249816510359626,25.61686965235948,LOITER,HEALTHY,False,0.0,1.0,OK,42
2026-01-01T00:18:18Z,O320_CLASS-SIM-01,O320_CLASS,HIGH_ALTITUDE_ISR,5950.455789955373,-28.570961547219373,1677.0452825489456,0.6151726641360122,64.41984376101672,688.1520288605576,65.58502437823394,27.003402368042295,20.724054750370044,0.4881802803255638,13.815584398048395,8.52801699247993,26.276872395857037,LOITER,HEALTHY,False,0.0,1.0,OK,42
2026-01-01T00:18:19Z,O320_CLASS-SIM-01,O320_CLASS,HIGH_ALTITUDE_ISR,5945.444094662547,-28.825654989842178,1675.4284800067824,0.6151013265094055,64.58807974159019,691.135849791037,65.37010188877761,26.588672685508275,20.720937272896343,0.5160667590049868,13.781277623780465,8.57278970966408,26.015835478880078,LOITER,HEALTHY,False,0.0,1.0,OK,42
2026-01-01T00:18:20Z,O320_CLASS-SIM-01,O320_CLASS,HIGH_ALTITUDE_ISR,5943.954196421847,-28.3534894217903,1682.1818838349657,0.6109443598520177,63.98530761473301,687.6616042165947,65.51465281992984,27.191484896914474,20.840532120405662,0.5375986321323726,13.824745504664447,8.293745044955417,26.021389071665663,LOITER,HEALTHY,False,0.0,1.0,OK,42
2026-01-01T00:18:21Z,O320_CLASS-SIM-01,O320_CLASS,HIGH_ALTITUDE_ISR,5944.5775426214195,-28.676867495238945,1688.7344020956962,0.6142344882814503,67.69648938229894,686.1427054904553,65.95946666825199,26.181143726438506,20.793261774831926,0.5718098624129758,13.816096963674433,8.809753871641593,26.09930495968461,LOITER,HEALTHY,False,0.0,1.0,OK,42
2026-01-01T00:18:22Z,O320_CLASS-SIM-01,O320_CLASS,HIGH_ALTITUDE_ISR,5943.374727692875,-28.744083922516168,1676.0987959911972,0.6142134565490738,67.75835864301868,691.8607916771426,64.85489543372384,26.96563567994899,20.654126065720476,0.5125151933582955,13.839639776577007,8.883211691630214,25.99833788636155,LOITER,HEALTHY,False,0.0,1.0,OK,42
2026-01-01T00:18:23Z,O320_CLASS-SIM-01,O320_CLASS,HIGH_ALTITUDE_ISR,5946.20445251706,-28.505920132407315,1671.7760505868291,0.6141216481098019,66.56400134390596,688.973762055618,65.49442398759744,25.594806228266297,20.770820270975236,0.5665141923194268,13.821589217044695,8.469044484397685,25.956678297357644,LOITER,HEALTHY,False,0.0,1.0,OK,42
2026-01-01T00:18:24Z,O320_CLASS-SIM-01,O320_CLASS,HIGH_ALTITUDE_ISR,5944.807741358922,-28.70831053296251,1667.0776596001465,0.6166601439129604,66.5403457940309,692.6062248884733,65.18448363237697,28.226712969963014,20.809319861979695,0.5081018258751139,13.84508814580588,8.463746173073242,25.899689575607393,LOITER,HEALTHY,False,0.0,1.0,OK,42
2026-01-01T00:18:25Z,O320_CLASS-SIM-01,O320_CLASS,HIGH_ALTITUDE_ISR,5941.043642561471,-28.673472532835532,1679.935645059565,0.6141841959059718,64.72924456217144,686.2702640070821,65.72433230601686,26.743945040923414,20.710924196366403,0.5555050364163397,13.896643168842816,8.757608013389579,25.5494663308824,LOITER,HEALTHY,False,0.0,1.0,OK,42
2026-01-01T00:18:26Z,O320_CLASS-SIM-01,O320_CLASS,HIGH_ALTITUDE_ISR,5946.713480267023,-28.905164749821335,1673.8736153838909,0.6120066956734386,65.14778264694218,690.7800682282265,64.05002748877321,26.412635378354565,20.808051253532206,0.5032727758260895,13.789246514089347,8.567040252451605,25.916493301478027,LOITER,HEALTHY,False,0.0,1.0,OK,42
2026-01-01T00:18:27Z,O320_CLASS-SIM-01,O320_CLASS,HIGH_ALTITUDE_ISR,5941.414850802191,-28.803251911417643,1679.6215263316697,0.6154212962536527,64.74430954348601,687.7421422332918,64.9318766188743,25.713870389976165,20.758173791980443,0.5956929418388632,13.829147864488991,8.297836575010232,26.02577806602822,LOITER,HEALTHY,False,0.0,1.0,OK,42
2026-01-01T00:18:28Z,O320_CLASS-SIM-01,O320_CLASS,HIGH_ALTITUDE_ISR,5941.613859786063,-28.644745777845916,1679.2169699400488,0.6155701089935908,66.0529905822143,689.8998085335745,65.70153931495005,27.447307217589785,20.789474642101087,0.542188011517333,13.800757726546454,8.882461436598724,25.988324682576803,LOITER,HEALTHY,False,0.0,1.0,OK,42
2026-01-01T00:18:29Z,O320_CLASS-SIM-01,O320_CLASS,HIGH_ALTITUDE_ISR,5940.587237932256,-28.655915512482593,1667.631262241419,0.6162599572312709,66.81733675489916,690.4968241112313,64.85785135530658,25.94334562420299,20.639850430263916,0.48039139190691493,13.808638141794397,8.376747452221233,26.00980267609531,LOITER,HEALTHY,False,0.0,1.0,OK,42
2026-01-01T00:18:30Z,O320_CLASS-SIM-01,O320_CLASS,HIGH_ALTITUDE_ISR,5942.242881638601,-28.635932549501817,1686.5783926059755,0.6125367686633909,65.82235388706111,689.9065092927959,65.31068295079166,26.573607480076195,20.751589317335586,0.4706834383674949,13.803907778719509,8.873351358121464,25.65481526739152,LOITER,HEALTHY,False,0.0,1.0,OK,42
2026-01-01T00:18:31Z,O320_CLASS-SIM-01,O320_CLASS,HIGH_ALTITUDE_ISR,5942.612779576937,-28.538939215545753,1669.273219391053,0.6123957311070145,68.24745289528761,693.5537266922857,64.82487491364492,26.597588644568244,20.711158695619833,0.5422372183786647,13.81067534701378,8.579101809987405,26.237384041118148,LOITER,HEALTHY,False,0.0,1.0,OK,42
2026-01-01T00:18:32Z,O320_CLASS-SIM-01,O320_CLASS,HIGH_ALTITUDE_ISR,5940.027519101115,-28.76831439330216,1664.2687450662272,0.614271329531823,65.04654235849873,690.6329556176596,64.22369275651651,27.043133152585316,20.689016495035233,0.5386664470378504,13.820730838481825,9.027709117294673,25.991276040084085,LOITER,HEALTHY,False,0.0,1.0,OK,42
2026-01-01T00:18:33Z,O320_CLASS-SIM-01,O320_CLASS,HIGH_ALTITUDE_ISR,5942.661797665762,-28.52422197332397,1686.5492987998414,0.613556762561513,66.3615321236142,693.054292973386,65.23232071320629,26.91674576951628,20.72418505484693,0.5304321954189651,13.864997270546413,8.933964033960727,25.87634128728754,LOITER,HEALTHY,False,0.0,1.0,OK,42
2026-01-01T00:18:34Z,O320_CLASS-SIM-01,O320_CLASS,HIGH_ALTITUDE_ISR,5938.200600854707,-28.741175623796085,1681.7299848574132,0.6120726738874989,66.9153663835082,691.363146748297,64.6511427045282,27.74405700055852,20.666025991844617,0.6031332587694074,13.840421464578066,8.078494012023095,26.203770677355934,LOITER,HEALTHY,False,0.0,1.0,OK,42
2026-01-01T00:18:35Z,O320_CLASS-SIM-01,O320_CLASS,HIGH_ALTITUDE_ISR,5940.347207645219,-28.66700953028973,1667.3209424587728,0.6107507554012122,68.82009343403675,687.681703746267,64.36258669447105,26.708323535683384,20.65580148757693,0.4974587195524809,13.860691440786978,8.712287663658644,25.90675127601809,LOITER,HEALTHY,False,0.0,1.0,OK,42
2026-01-01T00:18:36Z,O320_CLASS-SIM-01,O320_CLASS,HIGH_ALTITUDE_ISR,5938.488998470935,-28.666370579529996,1674.489050093691,0.6123225310810345,65.2125885113449,688.4547012805072,64.57652042401907,27.33013598933094,20.77475933708293,0.4993948265692037,13.794998027156407,8.556290302291742,26.287717950411576,LOITER,HEALTHY,False,0.0,1.0,OK,42
2026-01-01T00:18:37Z,O320_CLASS-SIM-01,O320_CLASS,HIGH_ALTITUDE_ISR,5936.492630228644,-28.621405880677827,1675.6411200050368,0.6135861344553285,65.34634341176466,692.8603353990893,65.04749082791969,27.172670662704782,20.764279854434886,0.572415993095053,13.878349491551457,8.92774493724525,26.312863447989262,LOITER,HEALTHY,False,0.0,1.0,OK,42
2026-01-01T00:18:38Z,O320_CLASS-SIM-01,O320_CLASS,HIGH_ALTITUDE_ISR,5939.432849528948,-28.69486146092357,1681.6561756950123,0.6151815541186529,68.18787062409899,687.5459786726481,65.08773039376936,25.952189582270524,20.758995584527895,0.5280368976602029,13.845188855976525,8.241773915853363,26.082844872357313,LOITER,HEALTHY,False,0.0,1.0,OK,42
2026-01-01T00:18:39Z,O320_CLASS-SIM-01,O320_CLASS,HIGH_ALTITUDE_ISR,5937.488576452267,-28.568837734400883,1690.4258269631387,0.6129529819214131,66.28155863528661,690.2057918592072,64.9426081762653,28.275508667398203,20.73511623921696,0.5139042773894591,13.886919350661765,8.516810822189928,25.722802226808696,LOITER,HEALTHY,False,0.0,1.0,OK,42
2026-01-01T00:18:40Z,O320_CLASS-SIM-01,O320_CLASS,HIGH_ALTITUDE_ISR,5935.640871192493,-28.775877012995316,1660.3705965760678,0.6129491836664774,65.77390626552494,692.8976756982273,65.11399567643552,26.966152896302646,20.68582302251185,0.5719615060757849,13.872516726496832,8.691750321961162,26.026674630792666,LOITER,HEALTHY,False,0.0,1.0,OK,42
2026-01-01T00:18:41Z,O320_CLASS-SIM-01,O320_CLASS,HIGH_ALTITUDE_ISR,5934.4277478752365,-28.42794573997031,1688.9632829772333,0.6142783834305723,65.13226389846345,689.5326102207578,64.6929092335302,26.21174584405109,20.76144039703402,0.5477114473957105,13.860885313849474,8.685207855141746,25.833401858400723,LOITER,HEALTHY,False,0.0,1.0,OK,42
2026-01-01T00:18:42Z,O320_CLASS-SIM-01,O320_CLASS,HIGH_ALTITUDE_ISR,5935.146397861661,-28.667759494251506,1673.171194792993,0.6171791709725728,68.17870126129682,692.0203424636932,64.90742549467403,25.41180410935552,20.738599463115534,0.5049012995065504,13.879670346491697,8.19033045071836,26.020405761337727,LOITER,HEALTHY,False,0.0,1.0,OK,42
2026-01-01T00:18:43Z,O320_CLASS-SIM-01,O320_CLASS,HIGH_ALTITUDE_ISR,5934.158726403611,-28.581982833378078,1679.937816285374,0.6155909459245726,65.7473245389866,691.823123591408,64.59377436137987,26.69857710441875,20.776267305432807,0.5497542800282399,13.814861852286805,8.521470969838752,26.114799580252193,LOITER,HEALTHY,False,0.0,1.0,OK,42
2026-01-01T00:18:44Z,O320_CLASS-SIM-01,O320_CLASS,HIGH_ALTITUDE_ISR,5933.404968117343,-28.719425047878893,1679.368294736376,0.6126259863151899,64.06381588304477,693.2883722884654,64.41776467903361,26.343623083175476,20.69373887231064,0.5245316721231251,13.804191052690632,8.769176094060052,25.978792761738593,LOITER,HEALTHY,False,0.0,1.0,OK,42
2026-01-01T00:18:45Z,O320_CLASS-SIM-01,O320_CLASS,HIGH_ALTITUDE_ISR,5936.090865008201,-28.666375231731255,1691.566071250429,0.6096522408905306,63.892658677298066,694.2852817965878,65.04606382299968,26.777296836039124,20.74483672254719,0.5592560140963436,13.839710140934214,8.34850491897954,26.08461593376654,LOITER,HEALTHY,False,0.0,1.0,OK,42
2026-01-01T00:18:46Z,O320_CLASS-SIM-01,O320_CLASS,HIGH_ALTITUDE_ISR,5935.179051505342,-28.35795755021125,1688.5621366768607,0.6140797555780899,64.30909850317273,694.3251217132688,64.44802951232818,26.775580372334133,20.708994396448784,0.5191514221320375,13.853633585526998,8.6504707332926,26.03859158929916,LOITER,HEALTHY,False,0.0,1.0,OK,42
2026-01-01T00:18:47Z,O320_CLASS-SIM-01,O320_CLASS,HIGH_ALTITUDE_ISR,5932.537154325439,-28.59555568925064,1668.2382377315098,0.6129779252001135,65.6269813212087,694.4958201777736,64.7503763793207,24.805751571638872,20.79014388812668,0.5543155250530987,13.82676174106312,8.4794268176894,25.819284587493712,LOITER,HEALTHY,False,0.0,1.0,OK,42
2026-01-01T00:18:48Z,O320_CLASS-SIM-01,O320_CLASS,HIGH_ALTITUDE_ISR,5936.240405478963,-28.558889933367656,1660.4388164686413,0.6139888133999037,67.20424260920706,690.2673924266758,64.49233666347749,25.714392176880235,20.673081666267787,0.5971801850301022,13.828529604320076,8.168424416001969,26.018661597761955,LOITER,HEALTHY,False,0.0,1.0,OK,42
2026-01-01T00:18:49Z,O320_CLASS-SIM-01,O320_CLASS,HIGH_ALTITUDE_ISR,5933.117538084343,-28.63122320892139,1666.1238781516192,0.6111628084910525,67.04813962984352,690.4863345578682,65.04327375393432,26.704080183313934,20.733890432194777,0.5175467947708123,13.824492116878986,8.878708365631336,26.172948109730658,LOITER,HEALTHY,False,0.0,1.0,OK,42
2026-01-01T00:18:50Z,O320_CLASS-SIM-01,O320_CLASS,HIGH_ALTITUDE_ISR,5930.645494496993,-28.592349936077277,1680.9477201936006,0.6170120227122947,67.86987494200805,687.8694051950868,65.36067693953044,26.55620385814704,20.768285296090763,0.5677824458040754,13.792735547431443,8.72434883237042,26.111332151594908,LOITER,HEALTHY,False,0.0,1.0,OK,42
2026-01-01T00:18:51Z,O320_CLASS-SIM-01,O320_CLASS,HIGH_ALTITUDE_ISR,5932.02104916874,-28.59528079742932,1661.6064296861782,0.6145723632382301,65.96936778732945,687.5445879113103,64.71916466613851,26.633919243157493,20.68669122479451,0.5363271020384794,13.77814396014598,8.92358573069888,25.962582136715135,LOITER,HEALTHY,False,0.0,1.0,OK,42
2026-01-01T00:18:52Z,O320_CLASS-SIM-01,O320_CLASS,HIGH_ALTITUDE_ISR,5929.974901364196,-28.92451188281371,1682.3591227046375,0.6142785762678404,65.95904081187724,692.000416318415,65.19270216450917,26.666889069937135,20.70047093638683,0.5195030724639237,13.843257670791642,8.934863147810319,25.94447835201217,LOITER,HEALTHY,False,0.0,1.0,OK,42
2026-01-01T00:18:53Z,O320_CLASS-SIM-01,O320_CLASS,HIGH_ALTITUDE_ISR,5933.411297305456,-28.496804906759916,1677.117871657712,0.617929877054306,67.67678193296385,694.0290686949287,64.52813945220355,28.266106724681467,20.707629523448727,0.5270578097924482,13.76583942784317,8.666553042164459,25.797128820421968,LOITER,HEALTHY,False,0.0,1.0,OK,42
2026-01-01T00:18:54Z,O320_CLASS-SIM-01,O320_CLASS,HIGH_ALTITUDE_ISR,5931.381611512051,-28.72423476998565,1688.4002418822522,0.6141800710026766,68.41676599001991,687.2662354254688,65.46569869144965,25.071213034083083,20.7207029357859,0.5108612538625817,13.817165654017797,8.455231297813862,25.82214257545064,LOITER,HEALTHY,False,0.0,1.0,OK,42
2026-01-01T00:18:55Z,O320_CLASS-SIM-01,O320_CLASS,HIGH_ALTITUDE_ISR,5928.452347881905,-28.613586243261945,1674.893168165516,0.6153615767474401,66.02269450832165,692.7313965792163,64.2535982912541,26.16802982052034,20.744408289628957,0.549822531673216,13.80475656612391,8.81724772592576,25.879377117764363,LOITER,HEALTHY,False,0.0,1.0,OK,42
2026-01-01T00:18:56Z,O320_CLASS-SIM-01,O320_CLASS,HIGH_ALTITUDE_ISR,5928.748484572439,-28.471402280369922,1673.96059225414,0.6119456283213958,64.9873876427788,687.131805299783,64.68541175653618,27.39543540065992,20.719644531434003,0.5744073885576007,13.846061344840916,8.43004408606131,25.711414998331147,LOITER,HEALTHY,False,0.0,1.0,OK,42
2026-01-01T00:18:57Z,O320_CLASS-SIM-01,O320_CLASS,HIGH_ALTITUDE_ISR,5928.096897940124,-28.642352038331293,1667.8688692502008,0.6149107578024374,66.80769378124258,695.3272482748505,64.53706456985581,27.794409131514023,20.785539416082788,0.5267417999935542,13.844773419424463,8.892664119334913,25.949665593328387,LOITER,HEALTHY,False,0.0,1.0,OK,42
2026-01-01T00:18:58Z,O320_CLASS-SIM-01,O320_CLASS,HIGH_ALTITUDE_ISR,5928.855241394007,-28.632989502056503,1654.9235174810265,0.6130469261389598,64.77850408308105,687.1004301415169,65.01027165021172,25.35642345322082,20.744839180781167,0.5553450490178012,13.818548429629493,8.566028447407824,25.779689222470672,LOITER,HEALTHY,False,0.0,1.0,OK,42
2026-01-01T00:18:59Z,O320_CLASS-SIM-01,O320_CLASS,HIGH_ALTITUDE_ISR,5929.757986537526,-28.508006474953422,1675.8449172214775,0.6138670286225941,64.84681034121773,685.9824091911983,65.22316426038647,27.06947085860935,20.676326459373733,0.5523342115685367,13.86828089726465,8.865906449281843,25.873256663681968,LOITER,HEALTHY,False,0.0,1.0,OK,42
2026-01-01T00:19:00Z,O320_CLASS-SIM-01,O320_CLASS,HIGH_ALTITUDE_ISR,5925.971986636977,-28.730915604272845,1671.2025999720904,0.6157451470870872,64.73093781184706,688.2804890754612,64.59231435988562,26.094134493136252,20.70109235355571,0.4847365249209159,13.863059960574144,8.544401251221561,26.329528780595144,LOITER,HEALTHY,False,0.0,1.0,OK,42
2026-01-01T00:19:01Z,O320_CLASS-SIM-01,O320_CLASS,HIGH_ALTITUDE_ISR,5926.017421279953,-28.292075629781824,1684.7734602870387,0.6119544097600864,65.11836494520342,687.4593186486874,64.47399208619078,26.520057491542286,20.701247874097756,0.4718130506287001,13.899321789023842,8.51510261296613,25.96721854389486,LOITER,HEALTHY,False,0.0,1.0,OK,42
2026-01-01T00:19:02Z,O320_CLASS-SIM-01,O320_CLASS,HIGH_ALTITUDE_ISR,5926.411071200308,-28.567829208641555,1670.725959776959,0.6127291818833922,65.56229707018282,691.7659841929363,64.9276504567198,27.084991905913895,20.69828199582323,0.5451260940176655,13.823264925941782,8.83013510169265,26.005488177351705,LOITER,HEALTHY,False,0.0,1.0,OK,42
2026-01-01T00:19:03Z,O320_CLASS-SIM-01,O320_CLASS,HIGH_ALTITUDE_ISR,5926.685964641308,-28.553186520182695,1672.6613560369585,0.6127531955396617,65.49954082859672,688.3479699676719,65.14156449801932,27.18504963732881,20.7865249237393,0.5116995349984584,13.850484724933514,8.10144821420593,26.081169385975468,LOITER,HEALTHY,False,0.0,1.0,OK,42
2026-01-01T00:19:04Z,O320_CLASS-SIM-01,O320_CLASS,HIGH_ALTITUDE_ISR,5924.310853323216,-28.669871887758063,1676.1393580352442,0.611406574578728,64.64452103130859,688.5242904851169,65.12629643514714,25.777299993868535,20.69318396646661,0.5206672047572435,13.85507575273393,8.79008839128131,25.681238772590216,LOITER,HEALTHY,False,0.0,1.0,OK,42
2026-01-01T00:19:05Z,O320_CLASS-SIM-01,O320_CLASS,HIGH_ALTITUDE_ISR,5927.636040196522,-28.61105783041326,1675.3181761641413,0.6107290201260711,65.98727976551228,696.1059600126249,64.88415399379537,26.156757717283003,20.68284335868018,0.4770209916676265,13.87393539425252,8.655704173457998,25.798914474929727,LOITER,HEALTHY,False,0.0,1.0,OK,42
2026-01-01T00:19:06Z,O320_CLASS-SIM-01,O320_CLASS,HIGH_ALTITUDE_ISR,5924.116548205832,-28.51437430979434,1680.8300834302981,0.6102621227466286,66.86538435695134,689.4897614874366,64.46003211461208,26.151507241998925,20.78043890790944,0.4802223914174396,13.808497172721118,8.815004770828672,25.988435838746277,LOITER,HEALTHY,False,0.0,1.0,OK,42
2026-01-01T00:19:07Z,O320_CLASS-SIM-01,O320_CLASS,HIGH_ALTITUDE_ISR,5924.026813986287,-28.369169903434162,1681.4187663930438,0.6131841488584037,64.7817940513685,688.5643422080482,64.94484156249769,25.477140136476677,20.757960334651393,0.6037280244521813,13.823362781294586,8.665260510200204,26.133555712694264,LOITER,HEALTHY,False,0.0,1.0,OK,42
2026-01-01T00:19:08Z,O320_CLASS-SIM-01,O320_CLASS,HIGH_ALTITUDE_ISR,5927.719666044177,-28.277563910787507,1659.3823792007036,0.6118475251019774,66.10487457312017,688.4658195572337,65.5429194705857,27.831207435175575,20.64933454297641,0.5291923972386154,13.807942267752745,8.526827822798586,25.92158868059003,LOITER,HEALTHY,False,0.0,1.0,OK,42
2026-01-01T00:19:09Z,O320_CLASS-SIM-01,O320_CLASS,HIGH_ALTITUDE_ISR,5925.790361231095,-28.641603032893407,1652.2789597834999,0.6092268112714277,64.2574673558836,688.0533935204003,64.90352413743267,25.664896192338613,20.6281360628738,0.4984792395622716,13.796946736510606,8.436362078792522,25.865528553013228,LOITER,HEALTHY,False,0.0,1.0,OK,42
2026-01-01T00:19:10Z,O320_CLASS-SIM-01,O320_CLASS,HIGH_ALTITUDE_ISR,5924.965209157085,-28.653984963315995,1670.2984594476745,0.6113031170333288,66.44947378689398,689.2981846478041,65.24777463958704,25.60785930325069,20.68478288721539,0.5125902349244988,13.793622437974106,8.557483369968764,26.214778958224247,LOITER,HEALTHY,False,0.0,1.0,OK,42
2026-01-01T00:19:11Z,O320_CLASS-SIM-01,O320_CLASS,HIGH_ALTITUDE_ISR,5922.224910299884,-28.521896025053437,1662.607653904238,0.6094319718066193,64.52149344948641,688.5501863052826,64.66410427531738,26.349959665941277,20.603394793755186,0.5105567675865988,13.845444039136337,8.234175511645883,25.901286075037437,LOITER,HEALTHY,False,0.0,1.0,OK,42
2026-01-01T00:19:12Z,O320_CLASS-SIM-01,O320_CLASS,HIGH_ALTITUDE_ISR,5923.51618871683,-28.61734003830355,1675.7839749523364,0.6092654397489222,66.51972206560355,690.5809073151497,64.8474451629758,27.431658438914024,20.667904263884683,0.510849113093438,13.871555077138963,9.033303914387213,25.850260410805276,LOITER,HEALTHY,False,0.0,1.0,OK,42
2026-01-01T00:19:13Z,O320_CLASS-SIM-01,O320_CLASS,HIGH_ALTITUDE_ISR,5922.478957793911,-28.340465840733003,1672.3728912259448,0.6134541342824332,66.377455132602,688.2519063431374,64.9917303452319,26.52787430735738,20.622088661135923,0.4959459943836831,13.81079370422421,8.804618144791275,26.098197931211917,LOITER,HEALTHY,False,0.0,1.0,OK,42
2026-01-01T00:19:14Z,O320_CLASS-SIM-01,O320_CLASS,HIGH_ALTITUDE_ISR,5923.347091599705,-28.428427838954605,1676.24693169028,0.6127773431213319,65.9174774236031,690.837337192357,64.26109306029622,25.9016552959086,20.63004646644359,0.5797866442997653,13.87997667806188,8.029601954551412,26.18843454147063,LOITER,HEALTHY,False,0.0,1.0,OK,42
2026-01-01T00:19:15Z,O320_CLASS-SIM-01,O320_CLASS,HIGH_ALTITUDE_ISR,5921.924953855169,-28.339758693792863,1676.942326997426,0.615060277286687,65.66744392236363,686.2315581888869,64.77943338820681,26.947402503272492,20.669255032356048,0.5617788577363922,13.828370215951628,8.422362391739897,25.79053373770084,LOITER,HEALTHY,False,0.0,1.0,OK,42
2026-01-01T00:19:16Z,O320_CLASS-SIM-01,O320_CLASS,HIGH_ALTITUDE_ISR,5920.779798293722,-28.458203141433838,1657.1617223894448,0.610576599315322,63.00711649740529,688.0887714552528,65.29947061897144,25.587009318219412,20.713771697393934,0.6493913399033665,13.873934743863202,8.603993887779517,26.081913811757193,LOITER,HEALTHY,False,0.0,1.0,OK,42
2026-01-01T00:19:17Z,O320_CLASS-SIM-01,O320_CLASS,HIGH_ALTITUDE_ISR,5918.885646736516,-28.72212330912269,1673.0127072938049,0.6128912382209539,66.70382794440233,688.2008181425304,64.89674427095112,26.66421652906324,20.670604710393203,0.5325080868300229,13.804674926819084,8.6399182502386,25.98212429128934,LOITER,HEALTHY,False,0.0,1.0,OK,42
2026-01-01T00:19:18Z,O320_CLASS-SIM-01,O320_CLASS,HIGH_ALTITUDE_ISR,5919.852802863887,-28.38346719342979,1680.9520392611432,0.613406034643233,64.1270085745738,689.8631034705818,64.45365477241845,26.615196043631787,20.630358369295262,0.5864623635380182,13.853803467599787,8.857614614234757,26.1103432613437,LOITER,HEALTHY,False,0.0,1.0,OK,42
2026-01-01T00:19:19Z,O320_CLASS-SIM-01,O320_CLASS,HIGH_ALTITUDE_ISR,5919.679570518109,-28.54439701708467,1686.6094398505443,0.6116783077082022,63.73984344600483,692.1239220965433,64.87457895363207,27.74373261068463,20.68644455942264,0.5345445198223493,13.87607460908146,8.18412662569148,25.86449875835991,LOITER,HEALTHY,False,0.0,1.0,OK,42
2026-01-01T00:19:20Z,O320_CLASS-SIM-01,O320_CLASS,HIGH_ALTITUDE_ISR,5918.327075200337,-28.807039744563774,1679.6073218469824,0.610850975137846,66.439183428059,690.5692383509764,65.05876693014376,26.175682893495843,20.6346446226048,0.5389037647013586,13.857853491264576,8.555523668924728,25.846730814572922,LOITER,HEALTHY,False,0.0,1.0,OK,42
2026-01-01T00:19:21Z,O320_CLASS-SIM-01,O320_CLASS,HIGH_ALTITUDE_ISR,5917.432242093672,-28.444375547701426,1668.1356298798814,0.6117795957482974,65.05361070309013,688.47671219825,64.93227259336392,26.984631013557397,20.76968201422021,0.5656007897602763,13.878076376254729,8.362845070082145,25.711597708957285,LOITER,HEALTHY,False,0.0,1.0,OK,42
2026-01-01T00:19:22Z,O320_CLASS-SIM-01,O320_CLASS,HIGH_ALTITUDE_ISR,5918.781773419839,-28.343518135599858,1678.1237221755048,0.6143031050249951,62.283696177111565,692.7115000358045,64.94777741359867,25.306842439300183,20.706155629410908,0.5420301368305276,13.841690245591062,8.816648477438925,26.01599889411042,LOITER,HEALTHY,False,0.0,1.0,OK,42
2026-01-01T00:19:23Z,O320_CLASS-SIM-01,O320_CLASS,HIGH_ALTITUDE_ISR,5916.1668307283635,-28.490898384911876,1659.5195238687063,0.6131357305987246,66.99252216610607,686.4666967074077,64.5438480211778,25.837183128448192,20.64584512646754,0.5517165137734775,13.816948752891918,8.729379794251539,26.11098272131733,LOITER,HEALTHY,False,0.0,1.0,OK,42
2026-01-01T00:19:24Z,O320_CLASS-SIM-01,O320_CLASS,HIGH_ALTITUDE_ISR,5919.601356840712,-28.634393830972108,1683.4943721308491,0.6147270163646242,67.16558296401371,689.1670590312513,64.51053766682578,25.756711202622316,20.61201268162894,0.5356559585044453,13.855663841828894,8.892262956828123,25.87806035799209,LOITER,HEALTHY,False,0.0,1.0,OK,42
2026-01-01T00:19:25Z,O320_CLASS-SIM-01,O320_CLASS,HIGH_ALTITUDE_ISR,5917.463335120747,-28.479517021899106,1667.2709524498757,0.613223635811658,65.72519601461957,689.9074241366652,64.95343793098054,27.03749082489647,20.695934895710675,0.5016174998893308,13.857105601833673,8.628841005792342,25.88541966852003,LOITER,HEALTHY,False,0.0,1.0,OK,42
2026-01-01T00:19:26Z,O320_CLASS-SIM-01,O320_CLASS,HIGH_ALTITUDE_ISR,5917.445361631187,-28.40943948960236,1680.9537161939202,0.6096170904524313,66.86717231682464,689.602052859526,64.60649552254615,26.116749117401543,20.614156108536783,0.4654892597843306,13.850525200677316,9.05959724055363,25.7076879704422,LOITER,HEALTHY,False,0.0,1.0,OK,42
2026-01-01T00:19:27Z,O320_CLASS-SIM-01,O320_CLASS,HIGH_ALTITUDE_ISR,5915.241024792771,-28.345595854961537,1671.880602529032,0.613335505151217,65.14254133986037,688.0838396420357,64.71746101450883,24.641509930059442,20.605611813774544,0.5730257882077971,13.865947658144991,8.915293352580779,26.01617885241488,LOITER,HEALTHY,False,0.0,1.0,OK,42
2026-01-01T00:19:28Z,O320_CLASS-SIM-01,O320_CLASS,HIGH_ALTITUDE_ISR,5912.855212927887,-28.550806534933628,1682.7891926864804,0.6148700401012986,66.88720003568497,688.9360493012938,64.28400851646776,26.51570216609913,20.662087999474863,0.5976859652512228,13.837011860034286,8.567298366169691,25.96079090302864,LOITER,HEALTHY,False,0.0,1.0,OK,42
2026-01-01T00:19:29Z,O320_CLASS-SIM-01,O320_CLASS,HIGH_ALTITUDE_ISR,5916.411754056609,-28.35881176486854,1666.3418958114319,0.6094659557919454,66.8841116472436,685.4153499517126,65.46057881948401,25.02069054990958,20.63068229233154,0.5739062915834983,13.83017583557185,8.233385137431675,26.013449036964555,LOITER,HEALTHY,False,0.0,1.0,OK,42
2026-01-01T00:19:30Z,O320_CLASS-SIM-01,O320_CLASS,HIGH_ALTITUDE_ISR,5915.485121897316,-28.48240724326629,1667.0930635004997,0.6114692495394003,64.52855606554748,695.5955582360759,64.70831391616287,26.251254113583403,20.631389325011813,0.6060789278903773,13.780981030089375,8.651738745049082,25.91330950378156,LOITER,HEALTHY,False,0.0,1.0,OK,42
2026-01-01T00:19:31Z,O320_CLASS-SIM-01,O320_CLASS,HIGH_ALTITUDE_ISR,5912.822164800302,-28.570083671401683,1674.5663188548044,0.6097669400564143,65.52576119274404,693.8233836633889,64.87140195724488,25.388475961872622,20.614693185410378,0.5235534271478351,13.81957344004099,8.599260436333358,25.99578762927066,LOITER,HEALTHY,False,0.0,1.0,OK,42
2026-01-01T00:19:32Z,O320_CLASS-SIM-01,O320_CLASS,HIGH_ALTITUDE_ISR,5917.125706462593,-28.445002394207627,1662.7593749388582,0.6137606037134886,66.71733835047058,690.0728830059771,64.70344480612164,27.050349433772404,20.645040956938686,0.4527100631714622,13.84703217894241,8.783696214054837,26.164802463590078,LOITER,HEALTHY,False,0.0,1.0,OK,42
2026-01-01T00:19:33Z,O320_CLASS-SIM-01,O320_CLASS,HIGH_ALTITUDE_ISR,5913.006426438135,-28.407741869287477,1673.9055691204155,0.611581021529664,65.32696238400031,689.5758906402642,64.88554317106245,27.145883604829034,20.71517135587527,0.5046538882238654,13.824946366309794,8.454357718871366,25.863506719205454,LOITER,HEALTHY,False,0.0,1.0,OK,42
2026-01-01T00:19:34Z,O320_CLASS-SIM-01,O320_CLASS,HIGH_ALTITUDE_ISR,5911.251166552255,-28.435255520510946,1675.703976291004,0.6110573218637236,65.16581384218065,690.5204189040255,65.36413210309367,26.218553718654153,20.594138488856235,0.5312583450050623,13.886609701012514,8.269161047542154,26.04559612355257,LOITER,HEALTHY,False,0.0,1.0,OK,42
2026-01-01T00:19:35Z,O320_CLASS-SIM-01,O320_CLASS,HIGH_ALTITUDE_ISR,5914.984733091791,-28.79094124402025,1675.0974327337885,0.6125316075989324,64.84319115588485,687.8495068155311,64.56226006699025,26.29253720884321,20.636176490818908,0.5152136361118917,13.819756061346675,8.856460615689361,25.76562965148585,LOITER,HEALTHY,False,0.0,1.0,OK,42
2026-01-01T00:19:36Z,O320_CLASS-SIM-01,O320_CLASS,HIGH_ALTITUDE_ISR,5910.196925185605,-28.252315567248182,1670.2257482136094,0.6105055866970862,65.01796482843483,689.980072255779,64.58774526849486,26.961163669463765,20.601730444446755,0.5227404387497241,13.763636886742068,8.8511984502932,25.92109901562404,LOITER,HEALTHY,False,0.0,1.0,OK,42
2026-01-01T00:19:37Z,O320_CLASS-SIM-01,O320_CLASS,HIGH_ALTITUDE_ISR,5913.398318530768,-28.359069367915613,1676.1066368077582,0.6112237651821676,65.6047321270707,687.0449474094504,64.32773505656134,26.476560880782856,20.61441711775486,0.5918008219393841,13.841319562410996,8.378395360166378,25.90649930879401,LOITER,HEALTHY,False,0.0,1.0,OK,42
2026-01-01T00:19:38Z,O320_CLASS-SIM-01,O320_CLASS,HIGH_ALTITUDE_ISR,5912.165321838794,-28.437978221200108,1673.82832963766,0.6113338902855058,63.45750693579226,684.0621756109443,64.64560354917408,27.006866750261025,20.628849931587492,0.5842135897955311,13.828646083341676,8.896191299147072,26.119734097598105,LOITER,HEALTHY,False,0.0,1.0,OK,42
2026-01-01T00:19:39Z,O320_CLASS-SIM-01,O320_CLASS,HIGH_ALTITUDE_ISR,5913.115391836223,-28.605526745131048,1671.7377200602205,0.6135993931288107,65.44054638094822,690.8166160325006,64.23873290152687,28.09453158754024,20.605962192632024,0.45494279094344237,13.819506366632416,7.944397929858291,25.783898019804884,LOITER,HEALTHY,False,0.0,1.0,OK,42
2026-01-01T00:19:40Z,O320_CLASS-SIM-01,O320_CLASS,HIGH_ALTITUDE_ISR,5914.948878860768,-28.479228338847708,1660.1245292476012,0.6111617068842433,64.02380779339859,691.5832941610633,64.4369105366235,26.777113766237797,20.586740573264912,0.6386496948634273,13.845136304472154,8.519269087287949,25.90244126642019,LOITER,HEALTHY,False,0.0,1.0,OK,42
2026-01-01T00:19:41Z,O320_CLASS-SIM-01,O320_CLASS,HIGH_ALTITUDE_ISR,5909.853360708887,-28.533581466415573,1665.1858831896561,0.6144250337692999,64.42547701309273,684.0897294387346,64.32518195319126,27.303733747343344,20.630040017530863,0.5292940786289444,13.865109480175697,8.360730567549627,26.040965877501808,LOITER,HEALTHY,False,0.0,1.0,OK,42
2026-01-01T00:19:42Z,O320_CLASS-SIM-01,O320_CLASS,HIGH_ALTITUDE_ISR,5909.2545855317285,-28.330285171153815,1668.3102039331811,0.6105425426759297,66.06021752482258,691.274619919567,64.72423840890514,26.185282466640373,20.721176377740075,0.5581993497611655,13.818268245792774,8.39112783646714,26.099556063066494,LOITER,HEALTHY,False,0.0,1.0,OK,42
2026-01-01T00:19:43Z,O320_CLASS-SIM-01,O320_CLASS,HIGH_ALTITUDE_ISR,5910.00215995814,-28.438421838157797,1672.3053148165434,0.6116584997321799,64.99547543067912,692.4050569140771,65.29298552343195,26.989119347311817,20.708517809100034,0.5349347637978892,13.850699883279615,8.804889753715784,26.09839539954611,LOITER,HEALTHY,False,0.0,1.0,OK,42
2026-01-01T00:19:44Z,O320_CLASS-SIM-01,O320_CLASS,HIGH_ALTITUDE_ISR,5910.775708123317,-28.31643273199885,1686.988764342229,0.60986077936964,64.86468463245367,688.8508460535326,64.64086377327621,24.973618764503293,20.707088043823646,0.4935220515859025,13.83507185312638,8.197687160547254,26.03836524034521,LOITER,HEALTHY,False,0.0,1.0,OK,42
2026-01-01T00:19:45Z,O320_CLASS-SIM-01,O320_CLASS,HIGH_ALTITUDE_ISR,5907.796264920449,-28.57872762194969,1672.832711670342,0.6094959667364706,64.34940773010183,689.8078794329257,65.10692687922241,25.91094365414623,20.587348206705386,0.5354717945947308,13.84614243566379,8.918218068157865,25.784276666861757,LOITER,HEALTHY,False,0.0,1.0,OK,42
2026-01-01T00:19:46Z,O320_CLASS-SIM-01,O320_CLASS,HIGH_ALTITUDE_ISR,5908.070057895103,-28.22918765179427,1687.0089433131498,0.6088685188560833,64.13927530727346,690.3224394328012,64.55467427582862,25.95930638392409,20.647694470493903,0.5964780251610234,13.790667841452628,8.926489646621485,25.858478952361605,LOITER,HEALTHY,False,0.0,1.0,OK,42
2026-01-01T00:19:47Z,O320_CLASS-SIM-01,O320_CLASS,HIGH_ALTITUDE_ISR,5908.638346001546,-28.1641501696125,1673.772997364102,0.6102169837155674,65.8751132214742,688.9280581433771,64.99315235582917,26.40397482975844,20.677091777699193,0.4787007394977357,13.79953411328985,8.199050897199292,25.935948151987215,LOITER,HEALTHY,False,0.0,1.0,OK,42
2026-01-01T00:19:48Z,O320_CLASS-SIM-01,O320_CLASS,HIGH_ALTITUDE_ISR,5905.398000364093,-28.50377473626002,1662.256559922778,0.6137285832283084,63.81194081219855,686.1358944964148,64.88278772112933,27.918204490842147,20.626794054465563,0.5328900162333068,13.868649937209529,8.770217255964443,26.007943047950224,LOITER,HEALTHY,False,0.0,1.0,OK,42
2026-01-01T00:19:49Z,O320_CLASS-SIM-01,O320_CLASS,HIGH_ALTITUDE_ISR,5906.391446172357,-28.328828536279225,1660.176574662054,0.6094791446277106,66.7059690737017,692.5985262216744,64.95728652733303,25.02629262659336,20.570749690510638,0.507228673744818,13.824763693458976,8.23743408603088,25.90690197828677,LOITER,HEALTHY,False,0.0,1.0,OK,42
2026-01-01T00:19:50Z,O320_CLASS-SIM-01,O320_CLASS,HIGH_ALTITUDE_ISR,5909.488549694839,-28.334319062915636,1672.75967765392,0.6086486498457236,63.008890703229774,686.264339853647,64.10937729670047,26.630831947728474,20.648918498515975,0.49576475627795774,13.834339695275796,8.916662314214072,26.23722187741548,LOITER,HEALTHY,False,0.0,1.0,OK,42
2026-01-01T00:19:51Z,O320_CLASS-SIM-01,O320_CLASS,HIGH_ALTITUDE_ISR,5907.565871936381,-28.417892742260417,1676.8601143023125,0.6133446456083815,62.554459133455886,693.0312905712641,64.56213850433772,26.14386160593604,20.610541333956014,0.5471485045474855,13.79655193780434,8.477587372232092,26.02207709895073,LOITER,HEALTHY,False,0.0,1.0,OK,42
2026-01-01T00:19:52Z,O320_CLASS-SIM-01,O320_CLASS,HIGH_ALTITUDE_ISR,5906.310762856817,-28.331766711734666,1668.309744912943,0.6119857105032159,66.21829459332506,691.8085039680343,64.94985757070835,27.323974386499696,20.67040436898466,0.6413742409739313,13.866419027510927,8.525981901743648,25.806251869459775,LOITER,HEALTHY,False,0.0,1.0,OK,42
2026-01-01T00:19:53Z,O320_CLASS-SIM-01,O320_CLASS,HIGH_ALTITUDE_ISR,5905.163845173417,-28.43587883945111,1674.939087946015,0.6091550430651769,66.36867209726734,685.834786535331,64.12464363637666,26.46579592047504,20.5832870774167,0.48395335736170303,13.810752366410837,8.357173567877789,25.944242159505546,LOITER,HEALTHY,False,0.0,1.0,OK,42
2026-01-01T00:19:54Z,O320_CLASS-SIM-01,O320_CLASS,HIGH_ALTITUDE_ISR,5904.197498945734,-28.464203487070844,1670.7549929820832,0.6125413036542914,66.69042019076167,689.6694019703089,64.86671112007754,26.428367637910895,20.64804123388094,0.549860273863363,13.869627344862485,8.07474599134973,25.907265598194776,LOITER,HEALTHY,False,0.0,1.0,OK,42
2026-01-01T00:19:55Z,O320_CLASS-SIM-01,O320_CLASS,HIGH_ALTITUDE_ISR,5905.2096395045455,-28.384498149186868,1663.2267443260655,0.6078713521116045,65.88058058016003,687.3989581037258,64.07337382596512,27.261204162305045,20.645491803805783,0.5295853245650168,13.802402815553165,8.517938945531656,26.124496652433002,LOITER,HEALTHY,False,0.0,1.0,OK,42
2026-01-01T00:19:56Z,O320_CLASS-SIM-01,O320_CLASS,HIGH_ALTITUDE_ISR,5901.851455344461,-28.612374420288713,1665.664214385757,0.610374063053764,64.30491332404013,690.8896044848423,65.20970771867461,26.799989614131242,20.649128214780788,0.5450730606720816,13.830112054686905,8.222286823399532,25.787678011490303,LOITER,HEALTHY,False,0.0,1.0,OK,42
2026-01-01T00:19:57Z,O320_CLASS-SIM-01,O320_CLASS,HIGH_ALTITUDE_ISR,5901.8197761306965,-28.397275719244163,1672.4907681364593,0.6074860906150527,64.97504948623023,687.0858131950723,64.34533449013628,26.077723878926218,20.56364679438927,0.5584242345417476,13.824774127698698,8.748857238820868,25.875070572762144,LOITER,HEALTHY,False,0.0,1.0,OK,42
2026-01-01T00:19:58Z,O320_CLASS-SIM-01,O320_CLASS,HIGH_ALTITUDE_ISR,5902.810274325978,-28.091214826100202,1657.594265561401,0.6129108428287197,66.86083799852882,691.1796893767657,64.63966609478415,27.72055398486165,20.602146655929612,0.5058952387316551,13.818153657852381,8.401882550255545,25.79931981745908,LOITER,HEALTHY,False,0.0,1.0,OK,42
2026-01-01T00:19:59Z,O320_CLASS-SIM-01,O320_CLASS,HIGH_ALTITUDE_ISR,5904.656464742617,-28.48546169733771,1670.2877774028486,0.6074116015203477,64.8998575903447,686.3666227975367,64.29849997666777,26.492631012239094,20.669647524704832,0.5517120031108632,13.8450627673573,8.511328984740684,25.890685509714654,LOITER,HEALTHY,False,0.0,1.0,OK,42
2026-01-01T00:20:00Z,O320_CLASS-SIM-01,O320_CLASS,HIGH_ALTITUDE_ISR,5903.750813521844,-28.451143241014787,1677.1466290600392,0.6127283041342784,63.8406981466195,687.5116170925846,64.55125609489902,25.40752035009701,20.591893045289858,0.586122239635732,13.798409336755647,8.874484635836836,25.875733146755508,LOITER,HEALTHY,False,0.0,1.0,OK,42
2026-01-01T00:20:01Z,O320_CLASS-SIM-01,O320_CLASS,HIGH_ALTITUDE_ISR,5905.307805592406,-28.4661608486862,1669.2655012668856,0.6083933090832904,64.0126007666921,692.5844723239815,64.95818893146713,27.40517388195089,20.54814807015195,0.5602261839234554,13.80062075043366,8.208233343589315,25.976283004908506,LOITER,HEALTHY,False,0.0,1.0,OK,42
2026-01-01T00:20:02Z,O320_CLASS-SIM-01,O320_CLASS,HIGH_ALTITUDE_ISR,5902.052209209519,-28.353109243166234,1676.1040237381617,0.6119180728062076,66.58899820549925,686.2544611378336,65.36802068385593,28.08899815578873,20.5941804706129,0.4672621752289183,13.788246529109925,8.426477524023145,26.242307593929088,LOITER,HEALTHY,False,0.0,1.0,OK,42
2026-01-01T00:20:03Z,O320_CLASS-SIM-01,O320_CLASS,HIGH_ALTITUDE_ISR,5901.307671282357,-28.450910950846108,1664.8265364725373,0.6074827604781935,65.86229743202904,688.9914416501583,65.6059858861607,27.086745884100566,20.652553306376586,0.524286447181378,13.797008032580653,8.322922555816799,25.734517587772363,LOITER,HEALTHY,False,0.0,1.0,OK,42
2026-01-01T00:20:04Z,O320_CLASS-SIM-01,O320_CLASS,HIGH_ALTITUDE_ISR,5902.2202929344285,-28.413292833642437,1677.8759554888707,0.6103572988900853,64.44890926171499,686.2889019544884,64.8855470403342,26.410301454223404,20.654730289013916,0.5053230123398476,13.848209621811742,8.950907370829327,25.98050629319741,LOITER,HEALTHY,False,0.0,1.0,OK,42
2026-01-01T00:20:05Z,O320_CLASS-SIM-01,O320_CLASS,HIGH_ALTITUDE_ISR,5901.605287606463,-28.266994240851137,1685.386878211401,0.6107858558861227,65.6277288970374,689.1135151521712,64.45397836608096,25.619696916742917,20.67153198084462,0.49357386458951613,13.852089769138397,8.644076924474922,26.07700898704527,LOITER,HEALTHY,False,0.0,1.0,OK,42
2026-01-01T00:20:06Z,O320_CLASS-SIM-01,O320_CLASS,HIGH_ALTITUDE_ISR,5899.227931966125,-28.468609487172483,1673.175314733479,0.609415316653585,63.29803315123782,694.0418159124608,64.4460103154834,25.792360991084422,20.594643757004693,0.5839913833824536,13.764699228046316,8.831921204857423,25.802338442074383,LOITER,HEALTHY,False,0.0,1.0,OK,42
2026-01-01T00:20:07Z,O320_CLASS-SIM-01,O320_CLASS,HIGH_ALTITUDE_ISR,5899.969437432812,-28.44862326648079,1686.0298670843158,0.6102065051305496,63.91304806866916,688.4340712367635,64.79726818165088,26.730438239736994,20.627253520344887,0.5337896585863506,13.788373851693942,8.453760952050624,26.029776508170073,LOITER,HEALTHY,False,0.0,1.0,OK,42
2026-01-01T00:20:08Z,O320_CLASS-SIM-01,O320_CLASS,HIGH_ALTITUDE_ISR,5898.140474935731,-28.243527252489685,1670.2944680696853,0.6094790496009969,66.18322326754915,684.8327690667442,64.4901247305115,27.575269811588534,20.695382787985928,0.6252543456626174,13.831186834611554,8.652679817468906,26.06111021334936,LOITER,HEALTHY,False,0.0,1.0,OK,42
2026-01-01T00:20:09Z,O320_CLASS-SIM-01,O320_CLASS,HIGH_ALTITUDE_ISR,5900.630561626187,-28.294702876465454,1677.3961036773235,0.610791342472684,65.36441388753155,686.8734733734021,64.62740730849734,26.172141473158828,20.543000573713076,0.4677192417940322,13.816954787909845,8.471612527970045,25.95396989065693,LOITER,HEALTHY,False,0.0,1.0,OK,42
2026-01-01T00:20:10Z,O320_CLASS-SIM-01,O320_CLASS,HIGH_ALTITUDE_ISR,5899.124205051859,-28.310670552348014,1667.8778106831567,0.607998807197506,65.77772452810709,688.9061403619776,64.58441655297682,26.44222349091766,20.564373228492354,0.5125252994173708,13.812777307292087,8.465126426316798,26.036295865432624,LOITER,HEALTHY,False,0.0,1.0,OK,42
2026-01-01T00:20:11Z,O320_CLASS-SIM-01,O320_CLASS,HIGH_ALTITUDE_ISR,5898.473915966059,-28.10410050001899,1679.5731191837635,0.6136991683327939,65.38373013350615,690.5097590522856,64.56180580295572,27.253229017518287,20.56676978173039,0.47490284207453837,13.875428201938368,8.224043087618872,26.00347868567458,LOITER,HEALTHY,False,0.0,1.0,OK,42
2026-01-01T00:20:12Z,O320_CLASS-SIM-01,O320_CLASS,HIGH_ALTITUDE_ISR,5896.115400376648,-28.164333189914554,1679.9290712062243,0.6108019453584361,66.19587784880672,689.1616394286831,65.64928159766919,27.19037956643148,20.553113315528186,0.5364741392002069,13.82505088252156,8.473110211348676,25.68879833104358,LOITER,HEALTHY,False,0.0,1.0,OK,42
2026-01-01T00:20:13Z,O320_CLASS-SIM-01,O320_CLASS,HIGH_ALTITUDE_ISR,5897.588843825212,-28.538418502396638,1649.568396478701,0.6090128274186081,63.78066994544463,686.9807556018737,63.513212924815896,25.913803456427267,20.58802414843197,0.5082925221519046,13.841233696389606,8.883259161977564,26.014542631927597,LOITER,HEALTHY,False,0.0,1.0,OK,42
2026-01-01T00:20:14Z,O320_CLASS-SIM-01,O320_CLASS,HIGH_ALTITUDE_ISR,5898.120788022349,-28.161408774330507,1661.5669505187032,0.6105363490434921,65.86943517798717,688.0359989843031,64.43704019286642,27.019833399548695,20.52119022918688,0.49010730644308387,13.809598138125386,8.64710036126007,25.96964269745092,LOITER,HEALTHY,False,0.0,1.0,OK,42
2026-01-01T00:20:15Z,O320_CLASS-SIM-01,O320_CLASS,HIGH_ALTITUDE_ISR,5897.702402473174,-28.463280508154508,1661.860233346894,0.6106632085528839,63.70435198561398,687.6084430882553,64.00942443338533,26.82921560572187,20.67090171035719,0.4924247442284013,13.860239379012244,8.519000005065367,25.671711929451426,LOITER,HEALTHY,False,0.0,1.0,OK,42
2026-01-01T00:20:16Z,O320_CLASS-SIM-01,O320_CLASS,HIGH_ALTITUDE_ISR,5894.384405443054,-28.46569232214279,1667.0779738270521,0.610411678149543,66.86896748379375,685.5306417388684,64.55705889481456,25.88078479210416,20.5290038105865,0.5373830205641873,13.829620112160846,8.079776940092945,25.938965013066966,LOITER,HEALTHY,False,0.0,1.0,OK,42
2026-01-01T00:20:17Z,O320_CLASS-SIM-01,O320_CLASS,HIGH_ALTITUDE_ISR,5893.491051309778,-28.317670286574195,1679.71234557422,0.6104560504520664,64.85079029272944,687.7778958334364,64.77655636670397,27.04920361949565,20.614176780600477,0.5295651758713718,13.836084443564832,8.203464982617904,25.825810228987304,LOITER,HEALTHY,False,0.0,1.0,OK,42
2026-01-01T00:20:18Z,O320_CLASS-SIM-01,O320_CLASS,HIGH_ALTITUDE_ISR,5895.933134500614,-28.19036172396053,1670.2513384048366,0.6124451109559098,65.23490467111401,688.5082960846753,64.26074762621828,27.750617706406135,20.628050099021387,0.6054351977699769,13.894556018590013,8.210248305910053,25.743028997580048,LOITER,HEALTHY,False,0.0,1.0,OK,42
2026-01-01T00:20:19Z,O320_CLASS-SIM-01,O320_CLASS,HIGH_ALTITUDE_ISR,5890.149644575591,-28.176134568334426,1674.7005857566344,0.6096400024446962,63.141434977417745,688.8598359605177,64.82137031478888,27.226842601989528,20.60174941749507,0.5600236081859928,13.825814109562483,8.826731835275536,26.030156887476874,LOITER,HEALTHY,False,0.0,1.0,OK,42
2026-01-01T00:20:20Z,O320_CLASS-SIM-01,O320_CLASS,HIGH_ALTITUDE_ISR,5892.236694411043,-28.102728055962675,1679.1994695460332,0.6103326588758152,64.93717147516155,693.2202550611316,64.09300232790915,27.594672747252602,20.562855665355805,0.5772474708811125,13.833136751466743,8.220007869340415,25.860637723682057,LOITER,HEALTHY,False,0.0,1.0,OK,42
2026-01-01T00:20:21Z,O320_CLASS-SIM-01,O320_CLASS,HIGH_ALTITUDE_ISR,5895.122337199492,-28.33986451553131,1664.3691856830178,0.6081026302433843,65.35852440136877,693.4416203215023,63.88881345207443,28.843271842811582,20.595419323150633,0.5566181561797751,13.816425063685756,8.529238641584891,25.96371096899968,LOITER,HEALTHY,False,0.0,1.0,OK,42
2026-01-01T00:20:22Z,O320_CLASS-SIM-01,O320_CLASS,HIGH_ALTITUDE_ISR,5891.588749173888,-28.426407771294187,1678.7637794931204,0.6062115456255209,65.10459357498833,688.1300477315569,64.35972323472643,28.18130102085597,20.536072977960668,0.4881739296263558,13.823891174699781,8.337355846087178,25.9355094403871,LOITER,HEALTHY,False,0.0,1.0,OK,42
2026-01-01T00:20:23Z,O320_CLASS-SIM-01,O320_CLASS,HIGH_ALTITUDE_ISR,5892.96814168002,-28.267579067932537,1668.2422810819517,0.6078691808673198,65.33495134917078,688.7684159991591,64.5445984321571,27.788781850311626,20.576298685230707,0.5770262936283119,13.866292948580591,8.850791829488333,26.03794434037752,LOITER,HEALTHY,False,0.0,1.0,OK,42
2026-01-01T00:20:24Z,O320_CLASS-SIM-01,O320_CLASS,HIGH_ALTITUDE_ISR,5892.306742062378,-28.30960625359765,1667.226614134531,0.604896977890743,65.41295880222384,689.6501203934346,65.07189429419763,26.51221709901725,20.61417180147916,0.47821536811151866,13.794397265908046,7.909198870924913,25.91383661977383,LOITER,HEALTHY,False,0.0,1.0,OK,42
2026-01-01T00:20:25Z,O320_CLASS-SIM-01,O320_CLASS,HIGH_ALTITUDE_ISR,5890.7215534986735,-28.43272950349778,1671.8029598571097,0.6083370197996388,62.81820625476751,695.3921826230181,64.72571953852467,25.740319444414062,20.54600511337071,0.5263587540279642,13.824205293993407,8.85317102354289,25.921792838155966,LOITER,HEALTHY,False,0.0,1.0,OK,42
2026-01-01T00:20:26Z,O320_CLASS-SIM-01,O320_CLASS,HIGH_ALTITUDE_ISR,5894.235803710793,-28.35930788604626,1672.483393434854,0.6111892595339548,65.95962494623367,692.3012560999902,64.63055825764215,26.60349012251574,20.454092184029765,0.5254128945115073,13.86218773653088,8.751217293872958,25.920452598965763,LOITER,HEALTHY,False,0.0,1.0,OK,42
2026-01-01T00:20:27Z,O320_CLASS-SIM-01,O320_CLASS,HIGH_ALTITUDE_ISR,5893.574350190035,-28.349267459318387,1663.2889493283062,0.6081662406321114,63.16601275827379,690.5688736525726,64.85359481417848,27.096896829211225,20.555911263606692,0.5308992012540116,13.764084987479173,8.620442814564312,25.9479702233567,LOITER,HEALTHY,False,0.0,1.0,OK,42
2026-01-01T00:20:28Z,O320_CLASS-SIM-01,O320_CLASS,HIGH_ALTITUDE_ISR,5888.947499106051,-28.30458751870188,1666.901434839803,0.612588452929844,63.227148923478595,689.8327626889923,64.300733852269,26.163646355636637,20.589037360637906,0.5247364262699774,13.829245261140079,8.608945240820713,25.858808910062177,LOITER,HEALTHY,False,0.0,1.0,OK,42
2026-01-01T00:20:29Z,O320_CLASS-SIM-01,O320_CLASS,HIGH_ALTITUDE_ISR,5891.497159973163,-28.33193307259675,1668.1299454279558,0.6097397165662698,64.76043391324959,690.6060788733113,64.86266602600199,26.98620157631984,20.557494461899864,0.4904089285628828,13.786583257045503,8.107465498075532,26.19698969670903,LOITER,HEALTHY,False,0.0,1.0,OK,42
2026-01-01T00:20:30Z,O320_CLASS-SIM-01,O320_CLASS,HIGH_ALTITUDE_ISR,5886.424429627249,-28.104274808486768,1662.289595422027,0.6113472409185985,61.83251991424549,688.3990867789923,65.31632906694637,27.182576731438502,20.55546657213319,0.4554095081118612,13.7897252054217,8.871808164545147,25.88006285483247,LOITER,HEALTHY,False,0.0,1.0,OK,42
2026-01-01T00:20:31Z,O320_CLASS-SIM-01,O320_CLASS,HIGH_ALTITUDE_ISR,5889.20850316112,-28.238025289850157,1658.3799931276608,0.6097462042913043,63.959565535913725,689.7123916210044,64.50233794610799,25.354548363592535,20.549528059041545,0.5587285336489258,13.841209100373193,8.531632496852605,26.06673716160592,LOITER,HEALTHY,False,0.0,1.0,OK,42
2026-01-01T00:20:32Z,O320_CLASS-SIM-01,O320_CLASS,HIGH_ALTITUDE_ISR,5888.583497870072,-28.26933633067549,1664.9107248425946,0.6108021248423958,64.80047642384297,687.5770531566166,64.13678539255449,27.49804245994312,20.53226035644218,0.5359488329607149,13.89995272446637,8.723655589258899,26.17340817327495,LOITER,HEALTHY,False,0.0,1.0,OK,42
2026-01-01T00:20:33Z,O320_CLASS-SIM-01,O320_CLASS,HIGH_ALTITUDE_ISR,5887.654351242726,-28.114353540476966,1668.9083657992767,0.609578187687691,66.86319216478003,688.2641482982801,64.73893801773332,25.892534044600016,20.612454043070922,0.5106100139311303,13.860043482374222,8.110178351387633,26.013749799684902,LOITER,HEALTHY,False,0.0,1.0,OK,42
2026-01-01T00:20:34Z,O320_CLASS-SIM-01,O320_CLASS,HIGH_ALTITUDE_ISR,5887.068648075094,-28.162644576322695,1668.532692975984,0.6077327409736822,63.96185239994027,686.8261071867333,65.06519025174035,25.77722830944634,20.553243772517877,0.5468135051571062,13.877754441247179,8.5197105037894,25.89479585755023,LOITER,HEALTHY,False,0.0,1.0,OK,42
2026-01-01T00:20:35Z,O320_CLASS-SIM-01,O320_CLASS,HIGH_ALTITUDE_ISR,5888.017289904512,-28.58046407679561,1658.9981517839926,0.6080099507629269,63.55770467868189,684.9413104436189,65.07202549167852,26.82497609321066,20.57217813890253,0.5052131091342059,13.831718829664132,8.650026045249964,25.891156396728537,LOITER,HEALTHY,False,0.0,1.0,OK,42
2026-01-01T00:20:36Z,O320_CLASS-SIM-01,O320_CLASS,HIGH_ALTITUDE_ISR,5887.846345538348,-28.386075738940434,1669.3133494515862,0.611002945283801,65.87923691134058,692.2536820605718,64.84198024723227,26.643494491426523,20.541292685719256,0.4606421992360338,13.788977484729106,8.478778497963175,25.91436589938945,LOITER,HEALTHY,False,0.0,1.0,OK,42
2026-01-01T00:20:37Z,O320_CLASS-SIM-01,O320_CLASS,HIGH_ALTITUDE_ISR,5888.870471295347,-28.066669019482543,1662.9877259012803,0.6103118651053917,63.81587812497523,690.6325679388007,65.04899879039549,27.61291029263104,20.537667301681857,0.5734825724053061,13.773127489090768,8.84422475609004,25.92657502294201,LOITER,HEALTHY,False,0.0,1.0,OK,42
2026-01-01T00:20:38Z,O320_CLASS-SIM-01,O320_CLASS,HIGH_ALTITUDE_ISR,5886.319194327808,-28.566726586964673,1665.3164345479586,0.6113434374317057,63.863867875569085,690.7010016684472,64.73925253657616,27.470404167361785,20.570441938479927,0.49560680020048636,13.83099286477952,8.919853690566114,26.004692660337415,LOITER,HEALTHY,False,0.0,1.0,OK,42
2026-01-01T00:20:39Z,O320_CLASS-SIM-01,O320_CLASS,HIGH_ALTITUDE_ISR,5885.7227664364955,-27.919971760463337,1677.6456324063568,0.6102232114205405,64.74427237459618,690.73434768923,65.02936206934339,24.87504948940585,20.579181204564915,0.5264158647023417,13.814293490055938,8.470068807748493,25.696386965536718,LOITER,HEALTHY,False,0.0,1.0,OK,42
2026-01-01T00:20:40Z,O320_CLASS-SIM-01,O320_CLASS,HIGH_ALTITUDE_ISR,5882.76317032003,-28.068580192938285,1672.0153130105375,0.6037209842925839,63.65935312466091,691.1013614238127,64.61110221340168,27.618338736447868,20.610489570496007,0.47854848943972644,13.82497448880687,8.406284468857978,25.721096896995906,LOITER,HEALTHY,False,0.0,1.0,OK,42
2026-01-01T00:20:41Z,O320_CLASS-SIM-01,O320_CLASS,HIGH_ALTITUDE_ISR,5882.861323555452,-28.37368100971404,1663.1367893707393,0.6090707330587602,65.5916257873978,690.1754141194482,65.02209555005982,26.410073621190378,20.586719659876582,0.5268507783899745,13.816017473453346,8.991960793765122,25.579629622915604,LOITER,HEALTHY,False,0.0,1.0,OK,42
2026-01-01T00:20:42Z,O320_CLASS-SIM-01,O320_CLASS,HIGH_ALTITUDE_ISR,5881.805428169424,-28.192595036879958,1666.0904745794357,0.6055875697612046,63.0605934103067,686.5716075289864,65.07771992809329,27.594329425571402,20.63711553072629,0.46919416971169803,13.78823537181045,8.158157703576213,26.122247945172333,LOITER,HEALTHY,False,0.0,1.0,OK,42
2026-01-01T00:20:43Z,O320_CLASS-SIM-01,O320_CLASS,HIGH_ALTITUDE_ISR,5884.813870869663,-28.235192339751762,1669.993502166115,0.6083052468645259,62.96831491375137,690.156874938455,64.64516853850668,25.665177169685126,20.582419510056557,0.5156919552007245,13.836061014882151,8.48519833171464,26.062344590709472,LOITER,HEALTHY,False,0.0,1.0,OK,42
2026-01-01T00:20:44Z,O320_CLASS-SIM-01,O320_CLASS,HIGH_ALTITUDE_ISR,5884.090928222027,-28.37699947067296,1670.6786361779743,0.6090854458250146,64.91484564500277,691.4549501953038,64.4720694224563,27.16081631135711,20.46603229412561,0.527892911196736,13.820984145880026,8.877783261098292,25.904905843757756,LOITER,HEALTHY,False,0.0,1.0,OK,42
2026-01-01T00:20:45Z,O320_CLASS-SIM-01,O320_CLASS,HIGH_ALTITUDE_ISR,5884.245316500591,-28.505933460097545,1665.2346829730839,0.6066406135984661,67.25942201601652,687.1895949117819,64.74661272958048,26.72876191397226,20.471367242604934,0.5116197316482807,13.841354369607282,8.536631393052499,25.58301289819082,LOITER,HEALTHY,False,0.0,1.0,OK,42
2026-01-01T00:20:46Z,O320_CLASS-SIM-01,O320_CLASS,HIGH_ALTITUDE_ISR,5882.055495739227,-28.085765639671852,1672.700664936523,0.6107266649942487,63.09359634125661,692.050233540525,64.69837721341662,27.90231286483796,20.54957446289521,0.45073097372828,13.85467644282675,8.403701307110952,25.87135849083357,LOITER,HEALTHY,False,0.0,1.0,OK,42
2026-01-01T00:20:47Z,O320_CLASS-SIM-01,O320_CLASS,HIGH_ALTITUDE_ISR,5880.298987832028,-27.992781186260206,1663.7722054814299,0.6113979347976883,63.74644771636056,686.5198702463282,65.24278980278623,26.570900754216513,20.544798807767688,0.4813338022974994,13.815457536162544,8.621132619046886,25.732634324680614,LOITER,HEALTHY,False,0.0,1.0,OK,42
2026-01-01T00:20:48Z,O320_CLASS-SIM-01,O320_CLASS,HIGH_ALTITUDE_ISR,5881.242650510025,-28.29640029894445,1668.4186731897084,0.6111642474964047,63.89156400061249,687.1043057966764,65.81236485464979,26.28405405732302,20.537012749926593,0.5182538327182915,13.820870594542177,8.53277634959834,26.065349189247552,LOITER,HEALTHY,False,0.0,1.0,OK,42
2026-01-01T00:20:49Z,O320_CLASS-SIM-01,O320_CLASS,HIGH_ALTITUDE_ISR,5882.229913208842,-28.06899122105059,1676.1855065552159,0.6085794973736249,64.69065225980935,691.5937239960193,64.26817106752605,28.630205186052642,20.519484734213485,0.5184979393054336,13.792804068763404,8.217178936730253,26.073053224464406,LOITER,HEALTHY,False,0.0,1.0,OK,42
2026-01-01T00:20:50Z,O320_CLASS-SIM-01,O320_CLASS,HIGH_ALTITUDE_ISR,5884.601871113045,-28.312863794399025,1670.5579383158577,0.6085599913110824,65.42694339160234,694.3599939709153,65.3198828110263,26.441742780992833,20.570120788185385,0.5576276996653057,13.828545809152834,8.23811164438707,25.806850080526864,LOITER,HEALTHY,False,0.0,1.0,OK,42
2026-01-01T00:20:51Z,O320_CLASS-SIM-01,O320_CLASS,HIGH_ALTITUDE_ISR,5882.4914597456245,-28.037303800626688,1666.0649946306314,0.6085990338650432,65.65094040850391,684.5438617854476,64.53179084482221,28.248001389874187,20.557216290775358,0.4873055934600809,13.83265442663539,8.766833649037224,25.544404974550144,LOITER,HEALTHY,False,0.0,1.0,OK,42
2026-01-01T00:20:52Z,O320_CLASS-SIM-01,O320_CLASS,HIGH_ALTITUDE_ISR,5880.606309067666,-28.278084405411086,1654.535674522288,0.6081980425444486,64.03802333604656,688.7356351425817,64.5698659105993,25.817668419430664,20.468079344755843,0.5048154912350267,13.854900950646833,8.569121431775846,25.915727320228026,LOITER,HEALTHY,False,0.0,1.0,OK,42
2026-01-01T00:20:53Z,O320_CLASS-SIM-01,O320_CLASS,HIGH_ALTITUDE_ISR,5878.354877690923,-28.275531684372574,1673.5150445109168,0.6090010205164239,63.616738646535424,682.2586828535877,64.43806941638539,26.249617120606697,20.494032853926477,0.5158849106234218,13.853607320122803,8.500908886642746,26.074276133983567,LOITER,HEALTHY,False,0.0,1.0,OK,42
2026-01-01T00:20:54Z,O320_CLASS-SIM-01,O320_CLASS,HIGH_ALTITUDE_ISR,5877.224621358711,-28.26242627535991,1652.051730193316,0.6070955628890443,62.92216790466985,691.9816484266472,64.87073154875154,27.44867070226624,20.516489506829135,0.49159207227256085,13.797551355149196,8.57597199577461,26.197064360736594,LOITER,HEALTHY,False,0.0,1.0,OK,42
2026-01-01T00:20:55Z,O320_CLASS-SIM-01,O320_CLASS,HIGH_ALTITUDE_ISR,5879.67840249786,-28.270104048282025,1665.9998618007266,0.6078433822424792,66.59650936847413,691.853866520121,64.80966859424765,26.725627148528826,20.55149339779778,0.552120678241998,13.81668973476047,8.297971648598672,26.08009158815726,LOITER,HEALTHY,False,0.0,1.0,OK,42
2026-01-01T00:20:56Z,O320_CLASS-SIM-01,O320_CLASS,HIGH_ALTITUDE_ISR,5878.665452728336,-28.068801920738863,1680.6254187191662,0.6089044773314469,64.58237980125469,696.7617819709227,64.78733125828002,25.766438693894546,20.521033379762546,0.5943858963591905,13.790248080861687,8.32025572842504,26.09094098509219,LOITER,HEALTHY,False,0.0,1.0,OK,42
2026-01-01T00:20:57Z,O320_CLASS-SIM-01,O320_CLASS,HIGH_ALTITUDE_ISR,5877.797697241358,-28.224870201379805,1675.9892499026719,0.6063868704692049,62.377383897539566,685.28028965821,64.93607356691768,26.84721647851963,20.499035311704414,0.4859357005810364,13.820943335291913,8.786879229204478,25.799322688901576,LOITER,HEALTHY,False,0.0,1.0,OK,42
2026-01-01T00:20:58Z,O320_CLASS-SIM-01,O320_CLASS,HIGH_ALTITUDE_ISR,5876.783751744849,-28.384133790657504,1664.409081366843,0.6084539357592109,66.66549692530648,689.2882890847932,64.68072829824787,27.331294848922273,20.567043493862528,0.5091497914678795,13.89810975858149,8.501033381903667,25.959870100464293,LOITER,HEALTHY,False,0.0,1.0,OK,42
2026-01-01T00:20:59Z,O320_CLASS-SIM-01,O320_CLASS,HIGH_ALTITUDE_ISR,5878.1774502313565,-28.150896922635834,1679.4976814939582,0.6065552252567828,65.0549416166681,689.1465877852244,65.0941269373764,26.46999206223464,20.51328111027141,0.5615080232740985,13.83977518107939,8.301434990886461,26.125974068463677,LOITER,HEALTHY,False,0.0,1.0,OK,42
2026-01-01T00:21:00Z,O320_CLASS-SIM-01,O320_CLASS,HIGH_ALTITUDE_ISR,5878.02184098574,-28.21113062857441,1663.4947654375853,0.6084205694860548,64.8950560515768,684.7413110074959,64.85014811553067,27.16505913961124,20.411748692794173,0.5400415309666803,13.849861084042535,8.651107525678464,26.044217904464666,LOITER,HEALTHY,False,0.0,1.0,OK,42
2026-01-01T00:21:01Z,O320_CLASS-SIM-01,O320_CLASS,HIGH_ALTITUDE_ISR,5876.004376607699,-28.35320818742354,1652.788772390861,0.6098340191307088,64.93374512331552,691.6390536917984,64.40865725836981,27.287119568648052,20.452806402813682,0.4973830642135997,13.83278955280573,8.671069269366017,26.175420946833217,LOITER,HEALTHY,False,0.0,1.0,OK,42
2026-01-01T00:21:02Z,O320_CLASS-SIM-01,O320_CLASS,HIGH_ALTITUDE_ISR,5875.708279970278,-28.324306902712802,1659.7956472608646,0.606231145716789,66.74289331767613,690.6013486415115,65.1425645656333,26.453897111067537,20.52642742681602,0.5601022498507833,13.813823699592726,8.431819839220958,25.822081863265083,LOITER,HEALTHY,False,0.0,1.0,OK,42
2026-01-01T00:21:03Z,O320_CLASS-SIM-01,O320_CLASS,HIGH_ALTITUDE_ISR,5874.9697865913895,-28.184319874791164,1660.5052670376235,0.6081360605223614,64.40675577064536,688.252377057128,64.36540587503666,26.73009126763313,20.49983412621831,0.5339643004524739,13.86192891189972,8.190791264679579,26.24902889494927,LOITER,HEALTHY,False,0.0,1.0,OK,42
2026-01-01T00:21:04Z,O320_CLASS-SIM-01,O320_CLASS,HIGH_ALTITUDE_ISR,5875.104889825993,-28.127112997802996,1661.003055613212,0.6098057906204508,63.90210430946371,687.7065375170093,64.46502176871637,26.43236255289713,20.544566296849013,0.5389818266545991,13.82777672115156,8.325550456714426,25.80734835969146,LOITER,HEALTHY,False,0.0,1.0,OK,42
2026-01-01T00:21:05Z,O320_CLASS-SIM-01,O320_CLASS,HIGH_ALTITUDE_ISR,5874.095013362456,-28.117069754287,1672.2692421542188,0.6090727208724285,64.03869607992931,689.6420734226868,64.62668542342678,25.254353223239445,20.511422250465408,0.5170252003815767,13.797788581935007,8.360936818656922,25.94270653194288,LOITER,HEALTHY,False,0.0,1.0,OK,42
2026-01-01T00:21:06Z,O320_CLASS-SIM-01,O320_CLASS,HIGH_ALTITUDE_ISR,5872.659104180447,-28.289951154045703,1679.3004846099882,0.6042304847841368,63.80823992237792,685.7587310865146,64.39224888258957,26.491037372138287,20.471409525957515,0.5549643574824353,13.869481881239803,8.712584482159592,26.07585322913021,LOITER,HEALTHY,False,0.0,1.0,OK,42
2026-01-01T00:21:07Z,O320_CLASS-SIM-01,O320_CLASS,HIGH_ALTITUDE_ISR,5871.862020413081,-28.217016208828426,1670.6027408864122,0.6091355442213915,66.11968614893618,691.3384400621776,65.05033691571434,28.757139257512065,20.524173611221485,0.5204136639154011,13.834255523990917,8.272781378895143,25.932024773663663,LOITER,HEALTHY,False,0.0,1.0,OK,42
2026-01-01T00:21:08Z,O320_CLASS-SIM-01,O320_CLASS,HIGH_ALTITUDE_ISR,5870.913995213607,-28.25720563326295,1665.886803677491,0.6092496979321335,65.33657713694183,686.2481356550569,65.52099267253764,26.76999731047731,20.52993031340043,0.4672371317282239,13.810320489067669,8.763380174525649,25.947064922185167,LOITER,HEALTHY,False,0.0,1.0,OK,42
2026-01-01T00:21:09Z,O320_CLASS-SIM-01,O320_CLASS,HIGH_ALTITUDE_ISR,5873.238645166302,-28.140924174413676,1655.2099412040754,0.6071144752008893,65.6808727176933,691.3652852575776,64.63933732299397,27.9032692992576,20.453543130623878,0.49304583532162133,13.884818305631832,8.6447971891867,25.877983501095603,LOITER,HEALTHY,False,0.0,1.0,OK,42
2026-01-01T00:21:10Z,O320_CLASS-SIM-01,O320_CLASS,HIGH_ALTITUDE_ISR,5872.56659480052,-28.293216889191296,1668.914415894194,0.6076597341575801,64.0023476324219,685.7404642015157,64.79415731333435,26.229761143271077,20.465769266706886,0.5825523134709154,13.893988698253663,8.985338663921475,26.018553469260823,LOITER,HEALTHY,False,0.0,1.0,OK,42
2026-01-01T00:21:11Z,O320_CLASS-SIM-01,O320_CLASS,HIGH_ALTITUDE_ISR,5871.823844603604,-28.179997781835137,1669.892591146531,0.6063817267172998,65.54866962338495,683.5418751925032,64.56880238455486,27.29526350970079,20.471380304042075,0.5222455311613055,13.846693782863023,8.878630664721571,25.72666276730959,LOITER,HEALTHY,False,0.0,1.0,OK,42
2026-01-01T00:21:12Z,O320_CLASS-SIM-01,O320_CLASS,HIGH_ALTITUDE_ISR,5869.74276006324,-28.308571194842642,1654.2935827178985,0.6042467302686643,62.78651756586521,691.7062676393729,64.56109958433984,26.68054252520852,20.464435313148773,0.5571618439154616,13.88514482372344,8.276535707334986,26.179184222886036,LOITER,HEALTHY,False,0.0,1.0,OK,42
2026-01-01T00:21:13Z,O320_CLASS-SIM-01,O320_CLASS,HIGH_ALTITUDE_ISR,5871.914157942273,-28.161359363995576,1669.7409551876342,0.6079178051346862,66.16985163885332,689.9144260903984,64.90121085361363,26.31927880594777,20.552732705295817,0.4935153571778939,13.832129444744162,9.218643891808528,25.544561939520182,LOITER,HEALTHY,False,0.0,1.0,OK,42
2026-01-01T00:21:14Z,O320_CLASS-SIM-01,O320_CLASS,HIGH_ALTITUDE_ISR,5871.289891434674,-28.120367672979278,1664.6613457200456,0.6066849785718823,64.03863527747595,687.9752072159226,64.77239751844591,26.267426416297315,20.610468894801805,0.5216775627063432,13.845935089109394,8.329943836555362,26.059880344921325,LOITER,HEALTHY,False,0.0,1.0,OK,42
2026-01-01T00:21:15Z,O320_CLASS-SIM-01,O320_CLASS,HIGH_ALTITUDE_ISR,5871.613022193847,-28.095444297853504,1658.2134672648535,0.605546475970155,65.93997022691714,686.6878729307019,64.93880410493108,25.902814333237483,20.55833890394214,0.5042710955592687,13.799938531733874,8.318497135127755,25.836556966407503,LOITER,HEALTHY,False,0.0,1.0,OK,42
2026-01-01T00:21:16Z,O320_CLASS-SIM-01,O320_CLASS,HIGH_ALTITUDE_ISR,5870.692480117856,-28.145147999634883,1657.6169920536101,0.6069526529809494,62.53198193005515,690.1967930595312,65.01204197448989,26.640430040373584,20.52007298351507,0.6017808328121834,13.82409349972325,8.259898193706647,26.00622510949404,LOITER,HEALTHY,False,0.0,1.0,OK,42
2026-01-01T00:21:17Z,O320_CLASS-SIM-01,O320_CLASS,HIGH_ALTITUDE_ISR,5867.959139009472,-28.18436312226872,1661.5324094261136,0.6055621722993942,63.59170135906552,690.8289710612703,65.12238587652965,27.401589212915216,20.52187867193102,0.5213560855620731,13.75807426042345,8.587257890586246,25.577164536237206,LOITER,HEALTHY,False,0.0,1.0,OK,42
2026-01-01T00:21:18Z,O320_CLASS-SIM-01,O320_CLASS,HIGH_ALTITUDE_ISR,5866.34571831606,-28.174250148368042,1668.3870353771572,0.6060209071154183,65.72206858724637,689.7258406398947,64.5791927129031,27.77070918721698,20.581887371867783,0.5521359764940819,13.805538700938634,8.357155029687826,25.70177196150039,LOITER,HEALTHY,False,0.0,1.0,OK,42
2026-01-01T00:21:19Z,O320_CLASS-SIM-01,O320_CLASS,HIGH_ALTITUDE_ISR,5868.739793483718,-28.3047284384389,1663.5839054152402,0.6074015424864522,61.48660745349241,685.4025777268166,64.47505413626838,26.62067614212134,20.477507984423486,0.5207817933427128,13.807598234948955,8.131752706294812,25.83828862798942,LOITER,HEALTHY,False,0.0,1.0,OK,42
2026-01-01T00:21:20Z,O320_CLASS-SIM-01,O320_CLASS,HIGH_ALTITUDE_ISR,5868.056315588673,-28.191002959985383,1667.0569555911557,0.6076753959785571,64.672757790814,686.9693988630212,64.04631208737399,27.681012033110772,20.520045723017613,0.49338489949985315,13.837102422284289,8.760481413493686,26.177596202183032,LOITER,HEALTHY,False,0.0,1.0,OK,42
2026-01-01T00:21:21Z,O320_CLASS-SIM-01,O320_CLASS,HIGH_ALTITUDE_ISR,5868.324633362954,-27.982716071064186,1656.4318548574156,0.6067230662916785,63.44030151355722,689.4010462863997,65.3199458020118,26.864683456779172,20.45245987600626,0.4810027344056826,13.878132091884336,8.621311180827231,25.985150406892238,LOITER,HEALTHY,False,0.0,1.0,OK,42
2026-01-01T00:21:22Z,O320_CLASS-SIM-01,O320_CLASS,HIGH_ALTITUDE_ISR,5867.00577043853,-28.09870962118871,1658.159073905151,0.6075265334635441,62.420104782197384,687.6377469015692,64.41714835542292,24.059914925450474,20.48057705028136,0.4955545057823452,13.822434412552582,8.492673659528835,26.182846480391714,LOITER,HEALTHY,False,0.0,1.0,OK,42
2026-01-01T00:21:23Z,O320_CLASS-SIM-01,O320_CLASS,HIGH_ALTITUDE_ISR,5867.551080589754,-28.08599421616358,1669.9657440771389,0.6084530187338839,64.36271842323627,689.2315975838599,64.95764173751324,24.72553869854712,20.600939212316323,0.595067242814834,13.835247600348035,8.138371512605415,26.098927740566307,LOITER,HEALTHY,False,0.0,1.0,OK,42
2026-01-01T00:21:24Z,O320_CLASS-SIM-01,O320_CLASS,HIGH_ALTITUDE_ISR,5865.62585191807,-28.053257180847094,1655.6836673452133,0.611119480464613,62.07455897551699,688.6911278589137,63.82310540763455,26.634905566483717,20.47379360734575,0.5769342721535973,13.815959563222792,8.77565922083881,25.763475579951066,LOITER,HEALTHY,False,0.0,1.0,OK,42
2026-01-01T00:21:25Z,O320_CLASS-SIM-01,O320_CLASS,HIGH_ALTITUDE_ISR,5865.816373834749,-28.16984237024363,1669.8576954914702,0.6073606804767457,64.65952716611231,689.1770875033321,64.9353435155834,25.950629775715758,20.51306911830296,0.5957440619718848,13.778308581182532,8.612635547908068,26.01832912382595,LOITER,HEALTHY,False,0.0,1.0,OK,42
2026-01-01T00:21:26Z,O320_CLASS-SIM-01,O320_CLASS,HIGH_ALTITUDE_ISR,5868.003745378173,-28.01887073778424,1666.6415927932885,0.6074413429722166,62.89845134741685,687.5314397778625,64.13537370870209,27.85958201797607,20.514708451168648,0.49474021604342333,13.83683649077295,8.779600754820615,26.06544950064786,LOITER,HEALTHY,False,0.0,1.0,OK,42
2026-01-01T00:21:27Z,O320_CLASS-SIM-01,O320_CLASS,HIGH_ALTITUDE_ISR,5863.993157464865,-28.595075822381933,1668.9482282674096,0.6047647222747851,64.51493140309118,690.8683855449109,65.11394531683675,28.066788380515085,20.552589914293176,0.601335558295785,13.870055009534315,8.855698523099962,25.910118928277836,LOITER,HEALTHY,False,0.0,1.0,OK,42
2026-01-01T00:21:28Z,O320_CLASS-SIM-01,O320_CLASS,HIGH_ALTITUDE_ISR,5863.0232753104165,-27.749881684049857,1666.234835924699,0.608953142623675,63.09545212385619,690.8938659474129,63.689343938285575,26.34367896156442,20.48442308029391,0.549826847670327,13.860831356534726,8.214988735574023,26.01496287750141,LOITER,HEALTHY,False,0.0,1.0,OK,42
2026-01-01T00:21:29Z,O320_CLASS-SIM-01,O320_CLASS,HIGH_ALTITUDE_ISR,5866.369914994869,-27.7675577070313,1671.3303076908207,0.6055339794900291,62.21730973568148,693.0484165043566,64.96110320660851,26.655490949135494,20.406924368732685,0.49404403180158546,13.847597641554579,8.57636309251365,25.62373641795711,LOITER,HEALTHY,False,0.0,1.0,OK,42
2026-01-01T00:21:30Z,O320_CLASS-SIM-01,O320_CLASS,HIGH_ALTITUDE_ISR,5865.051482937317,-28.351932133899663,1676.4554262684107,0.6068273682400663,63.17496886660247,690.9421481777815,64.80640327995702,27.734051418639986,20.490510795999555,0.5368130584988302,13.8200879362233,8.553027026786538,26.17009728905672,LOITER,HEALTHY,False,0.0,1.0,OK,42
2026-01-01T00:21:31Z,O320_CLASS-SIM-01,O320_CLASS,HIGH_ALTITUDE_ISR,5862.921067420122,-28.01669561648929,1658.5258734772285,0.6022340571321645,63.96767425200899,689.3841281106575,64.61982015714462,25.478359330056474,20.500273883854536,0.5418817243189938,13.801969446233525,8.148292786949659,25.877264975865984,LOITER,HEALTHY,False,0.0,1.0,OK,42
2026-01-01T00:21:32Z,O320_CLASS-SIM-01,O320_CLASS,HIGH_ALTITUDE_ISR,5864.22725711803,-28.04861290134231,1658.4687931024512,0.6065986364948304,64.77092648598044,685.5178031524644,64.68793988061525,27.747898163051474,20.419884120056228,0.577419126811944,13.8771959043562,8.430494771357557,25.863390382750012,LOITER,HEALTHY,False,0.0,1.0,OK,42
2026-01-01T00:21:33Z,O320_CLASS-SIM-01,O320_CLASS,HIGH_ALTITUDE_ISR,5864.370154449042,-28.136252889587762,1646.6365409454322,0.6060844620926721,64.25851247427863,690.291030584904,64.30926310410501,26.461382652979637,20.53104807163312,0.528767027635725,13.78274555624307,8.794836161995537,25.88244353547321,LOITER,HEALTHY,False,0.0,1.0,OK,42
2026-01-01T00:21:34Z,O320_CLASS-SIM-01,O320_CLASS,HIGH_ALTITUDE_ISR,5864.0299905589345,-28.314874059935537,1664.4397245580917,0.6072587882866707,63.57710866867883,685.4746596221321,63.70563045200556,27.896873919206016,20.493176682031283,0.5778079130319596,13.8564551839732,8.634018907166904,25.866078101431594,LOITER,HEALTHY,False,0.0,1.0,OK,42
2026-01-01T00:21:35Z,O320_CLASS-SIM-01,O320_CLASS,HIGH_ALTITUDE_ISR,5862.70046235427,-27.887897235822166,1666.017768474653,0.6099999832853795,61.87003290556281,684.4062584284359,65.05441883341523,26.0243058308351,20.581513764374517,0.5845984253034616,13.876209670780716,8.705296852176387,25.775759679673214,LOITER,HEALTHY,False,0.0,1.0,OK,42
2026-01-01T00:21:36Z,O320_CLASS-SIM-01,O320_CLASS,HIGH_ALTITUDE_ISR,5859.049449138259,-27.87570579962165,1653.303196431777,0.6093236175293012,64.46053542505847,688.2242538023709,64.83484476233139,27.052571390262653,20.467798628246758,0.5881011604905342,13.870311965636622,8.52248321049898,25.823716586384805,LOITER,HEALTHY,False,0.0,1.0,OK,42
2026-01-01T00:21:37Z,O320_CLASS-SIM-01,O320_CLASS,HIGH_ALTITUDE_ISR,5863.070042177717,-28.400606279243043,1668.7969424890318,0.607590261327529,62.65063593093591,690.8407052875169,64.64630825318363,26.244817103598955,20.524652626888525,0.48761519569127104,13.854633153811271,7.987362474946304,25.956289935211345,LOITER,HEALTHY,False,0.0,1.0,OK,42
2026-01-01T00:21:38Z,O320_CLASS-SIM-01,O320_CLASS,HIGH_ALTITUDE_ISR,5860.749526618081,-28.175398809474306,1668.308858650683,0.6059092358096405,64.89795518155735,689.7979758246063,64.83677716809423,26.915904820664817,20.45145553221342,0.5189393336913878,13.835991242471726,8.438989834082514,26.07987071922389,LOITER,HEALTHY,False,0.0,1.0,OK,42
2026-01-01T00:21:39Z,O320_CLASS-SIM-01,O320_CLASS,HIGH_ALTITUDE_ISR,5860.396585540726,-28.035271675492893,1653.9164448325032,0.6079121015697618,62.92257628854657,685.7823218322048,65.31301072394285,27.24155182982488,20.522491119027027,0.5491602269637718,13.825737656593743,8.41180941540282,26.02973785157993,LOITER,HEALTHY,False,0.0,1.0,OK,42
2026-01-01T00:21:40Z,O320_CLASS-SIM-01,O320_CLASS,HIGH_ALTITUDE_ISR,5861.527838392417,-28.099116451077766,1681.6643143387428,0.6055882688834843,61.93484051510566,684.0765070224857,63.97826298661653,26.353444029286926,20.460607992974715,0.5582532702175804,13.827661352273985,8.691933921731025,25.919323780402273,LOITER,HEALTHY,False,0.0,1.0,OK,42
2026-01-01T00:21:41Z,O320_CLASS-SIM-01,O320_CLASS,HIGH_ALTITUDE_ISR,5859.421991540899,-28.172738342212376,1676.4107327430643,0.6028772023470149,63.956890921510016,687.917546459297,64.9649117543555,26.668868891290543,20.47121372316533,0.5202526059867583,13.870304697971266,8.481073414089751,26.207756071642976,LOITER,HEALTHY,False,0.0,1.0,OK,42
2026-01-01T00:21:42Z,O320_CLASS-SIM-01,O320_CLASS,HIGH_ALTITUDE_ISR,5859.3827295968,-28.080069357213738,1663.8134615409733,0.6070259296968062,62.87691632431521,688.7273880016437,64.65430147069524,26.946769617902085,20.4868557809581,0.5469668933611348,13.831341560403152,8.87208862975943,25.975412249364844,LOITER,HEALTHY,False,0.0,1.0,OK,42
2026-01-01T00:21:43Z,O320_CLASS-SIM-01,O320_CLASS,HIGH_ALTITUDE_ISR,5862.455987979548,-28.073077844270674,1672.593434240464,0.6044026024379515,65.25160715260769,686.5936822041632,64.83223459004391,26.476068840917968,20.490527464167624,0.5214641570594336,13.804804243025886,8.411335532163859,26.142982485239393,LOITER,HEALTHY,False,0.0,1.0,OK,42
2026-01-01T00:21:44Z,O320_CLASS-SIM-01,O320_CLASS,HIGH_ALTITUDE_ISR,5858.820572522416,-28.271105282259647,1673.6312387127482,0.6040289374513113,64.45036474142316,689.7286656088207,64.89524425528026,28.171201176187992,20.425067920639787,0.5552567070561784,13.866256899696964,8.317779061240717,25.799600971865473,LOITER,HEALTHY,False,0.0,1.0,OK,42
2026-01-01T00:21:45Z,O320_CLASS-SIM-01,O320_CLASS,HIGH_ALTITUDE_ISR,5857.261526384149,-28.026290044626684,1653.530414634042,0.6068720347509473,61.85594493007562,691.5704411497597,64.85306345404084,28.220201079451176,20.4985121303948,0.5186034085681882,13.804496338402807,8.537718167291041,25.906644965639245,LOITER,HEALTHY,False,0.0,1.0,OK,42
2026-01-01T00:21:46Z,O320_CLASS-SIM-01,O320_CLASS,HIGH_ALTITUDE_ISR,5859.044165817273,-28.211515044675444,1680.9274870731206,0.6082760496099258,63.289457962986006,692.8230283264255,64.33314210691172,26.85520044956941,20.39982244817167,0.6046255085633312,13.779022458857103,8.117265928920288,25.815694135463325,LOITER,HEALTHY,False,0.0,1.0,OK,42
2026-01-01T00:21:47Z,O320_CLASS-SIM-01,O320_CLASS,HIGH_ALTITUDE_ISR,5858.821092349621,-27.926217711532612,1665.682720859675,0.6077216131060952,63.38286902328129,689.375910679272,65.30592036542967,26.494473052373895,20.423900511003765,0.549546519688539,13.85063970291931,8.50436927157461,26.061126848833098,LOITER,HEALTHY,False,0.0,1.0,OK,42
2026-01-01T00:21:48Z,O320_CLASS-SIM-01,O320_CLASS,HIGH_ALTITUDE_ISR,5856.108367705907,-28.047534765229145,1667.648958179372,0.6062157477171005,65.44497249604665,689.2350926565548,64.52250563953193,27.11519314283584,20.51123490825446,0.5616699826863476,13.84998311092929,8.101625819799061,25.536461312148685,LOITER,HEALTHY,False,0.0,1.0,OK,42
2026-01-01T00:21:49Z,O320_CLASS-SIM-01,O320_CLASS,HIGH_ALTITUDE_ISR,5857.8958027908375,-27.99806027195797,1664.4257815914777,0.606986916653851,65.80950138579878,691.8363938983042,65.02779124905315,25.98446700348863,20.42152613319748,0.43521329278698906,13.847411697765574,8.752676207517553,26.088583467143582,LOITER,HEALTHY,False,0.0,1.0,OK,42
2026-01-01T00:21:50Z,O320_CLASS-SIM-01,O320_CLASS,HIGH_ALTITUDE_ISR,5856.568701262471,-28.08422113984521,1660.0302215550764,0.603904825963374,63.28830444004449,685.8493649527641,65.34412114046425,25.652990092820144,20.448086399512974,0.4531896596265428,13.837290348797358,8.47430456727168,25.85625676535138,LOITER,HEALTHY,False,0.0,1.0,OK,42
2026-01-01T00:21:51Z,O320_CLASS-SIM-01,O320_CLASS,HIGH_ALTITUDE_ISR,5853.72903022916,-28.05796405799519,1660.1347929765273,0.6052390847340872,65.82101693114005,688.7157388827376,64.85372286027344,26.324355437652503,20.41729076079162,0.5296890048539048,13.903498892168116,8.40242469162879,25.963709549726552,LOITER,HEALTHY,False,0.0,1.0,OK,42
2026-01-01T00:21:52Z,O320_CLASS-SIM-01,O320_CLASS,HIGH_ALTITUDE_ISR,5853.458256928218,-28.468846361315812,1658.1178668077023,0.6102315045247929,64.17425782586574,692.378972252825,64.50032351382649,24.811502395522453,20.399650641926634,0.5464572221676964,13.835496936569495,8.471056820930254,25.829675090822697,LOITER,HEALTHY,False,0.0,1.0,OK,42
2026-01-01T00:21:53Z,O320_CLASS-SIM-01,O320_CLASS,HIGH_ALTITUDE_ISR,5855.683077803709,-28.127979778877922,1666.845088311107,0.6058180067574156,63.00527695688991,686.0647881814633,64.46731677191599,28.196904822423697,20.50928212399396,0.5713607004173079,13.80476201791171,8.113621640635435,26.0734051411598,LOITER,HEALTHY,False,0.0,1.0,OK,42
2026-01-01T00:21:54Z,O320_CLASS-SIM-01,O320_CLASS,HIGH_ALTITUDE_ISR,5855.2033047368295,-28.029412653497623,1661.3642686558285,0.6024567260761453,64.47605271208752,691.224733307034,64.36544820210297,26.08896793081857,20.51428654871851,0.504839493196422,13.881715143378873,8.445162242291492,25.850665321515148,LOITER,HEALTHY,False,0.0,1.0,OK,42
2026-01-01T00:21:55Z,O320_CLASS-SIM-01,O320_CLASS,HIGH_ALTITUDE_ISR,5853.486465420624,-28.105216982376827,1673.2843197739135,0.6071135006210311,64.72859389303262,688.7120627335981,64.45337970915668,26.692836718020125,20.429522417433503,0.5891468538916593,13.858398956540022,8.448925672001392,25.76939690541961,LOITER,HEALTHY,False,0.0,1.0,OK,42
2026-01-01T00:21:56Z,O320_CLASS-SIM-01,O320_CLASS,HIGH_ALTITUDE_ISR,5855.302712523759,-28.0239418241128,1663.1793124480446,0.6083984507385832,62.798623801375015,687.4448146424708,64.5424542321946,25.647872996608378,20.46516791273382,0.49995812633544356,13.811196500194244,8.29507885989867,25.82002619247063,LOITER,HEALTHY,False,0.0,1.0,OK,42
2026-01-01T00:21:57Z,O320_CLASS-SIM-01,O320_CLASS,HIGH_ALTITUDE_ISR,5851.305730868079,-28.004584540023668,1662.9219373559743,0.6053524265328264,66.22280597748848,687.8445981086669,64.87557313158652,27.27716852075789,20.44481228360138,0.541372805248698,13.828926504863574,8.52120865378456,25.819827781235414,LOITER,HEALTHY,False,0.0,1.0,OK,42
2026-01-01T00:21:58Z,O320_CLASS-SIM-01,O320_CLASS,HIGH_ALTITUDE_ISR,5851.395435172382,-28.036350550896422,1648.3374814309534,0.6082058207932058,65.97898968805512,688.6507465285363,64.89861799281964,27.5680555821047,20.380295681104347,0.5675208827686766,13.815499771969385,9.042631471491324,25.879284943449473,LOITER,HEALTHY,False,0.0,1.0,OK,42
2026-01-01T00:21:59Z,O320_CLASS-SIM-01,O320_CLASS,HIGH_ALTITUDE_ISR,5853.071675044159,-28.062873050665125,1681.6322796378713,0.6041462397368624,64.77176826419814,689.7829360538541,64.79299051389026,26.887456069083477,20.411752678368693,0.42691643861644185,13.860512135357535,8.347122029702875,26.082682482453198,LOITER,HEALTHY,False,0.0,1.0,OK,42
2026-01-01T00:22:00Z,O320_CLASS-SIM-01,O320_CLASS,HIGH_ALTITUDE_ISR,5851.809597933925,-27.853294816180313,1670.4199032730396,0.6001988147672467,64.09923998388797,687.348423754379,65.0961071795133,27.17825694394884,20.473825975228717,0.5194379063880956,13.80088959229627,8.360491494868164,25.636977206262575,LOITER,HEALTHY,False,0.0,1.0,OK,42
2026-01-01T00:22:01Z,O320_CLASS-SIM-01,O320_CLASS,HIGH_ALTITUDE_ISR,5849.969185252881,-28.250179420486475,1652.448860726412,0.6053184277799225,63.98992936862558,688.1195005403597,64.42942264912612,25.948405315048596,20.426392175695753,0.4974076248560656,13.826370261406204,8.087711752481535,26.01187726945385,LOITER,HEALTHY,False,0.0,1.0,OK,42
2026-01-01T00:22:02Z,O320_CLASS-SIM-01,O320_CLASS,HIGH_ALTITUDE_ISR,5849.576803744237,-27.97133924273543,1670.9945856851143,0.6056984768065969,64.29573005722366,683.0237585077376,64.43063229410734,27.589834172680167,20.466287687120012,0.6042040065221267,13.879374003333691,8.5423742250716,25.868601429760233,LOITER,HEALTHY,False,0.0,1.0,OK,42
2026-01-01T00:22:03Z,O320_CLASS-SIM-01,O320_CLASS,HIGH_ALTITUDE_ISR,5848.562341930399,-28.096371284830287,1660.5768555349243,0.6038135016152365,62.222481752366086,689.1856712094467,65.30526691044311,27.455019345651316,20.423279675087585,0.5707955603051461,13.838629519859161,8.456681633248222,25.890648406254734,LOITER,HEALTHY,False,0.0,1.0,OK,42
2026-01-01T00:22:04Z,O320_CLASS-SIM-01,O320_CLASS,HIGH_ALTITUDE_ISR,5849.272739365667,-27.924562303811626,1664.9062110629143,0.603500419362111,62.379975529957775,688.9378634213084,64.7969075731247,26.458949004841163,20.381374947567387,0.5802419426917429,13.859375536713577,7.969395159326966,26.10677284874642,LOITER,HEALTHY,False,0.0,1.0,OK,42
2026-01-01T00:22:05Z,O320_CLASS-SIM-01,O320_CLASS,HIGH_ALTITUDE_ISR,5848.831835449299,-27.990946382440367,1672.8406530059817,0.608219607487788,64.50334928523874,688.7670540946385,64.07402682806119,25.089510947743765,20.480457809266245,0.5838534845515206,13.803765456830822,8.398175891036578,25.821964124777526,LOITER,HEALTHY,False,0.0,1.0,OK,42
2026-01-01T00:22:06Z,O320_CLASS-SIM-01,O320_CLASS,HIGH_ALTITUDE_ISR,5847.842098607715,-27.85542248908287,1665.4278702273464,0.6044134382490035,66.47664972099493,684.5698006305969,64.84228351897546,25.872355162840474,20.42725273523237,0.5360867399198499,13.853530078127626,8.399707040143538,25.85023039378991,LOITER,HEALTHY,False,0.0,1.0,OK,42
2026-01-01T00:22:07Z,O320_CLASS-SIM-01,O320_CLASS,HIGH_ALTITUDE_ISR,5847.871970643879,-28.175881791834062,1668.685378740611,0.6053917285706236,63.79754472586082,687.973371054333,64.54480385427756,27.65305954301952,20.484788701763744,0.5867021629145315,13.839357440620446,8.802550203370394,25.842578815563343,LOITER,HEALTHY,False,0.0,1.0,OK,42
2026-01-01T00:22:08Z,O320_CLASS-SIM-01,O320_CLASS,HIGH_ALTITUDE_ISR,5847.561970184036,-27.831845998058817,1670.320286307228,0.604205423972495,62.00755093147078,687.6286943774323,64.3468435816389,28.09322363729254,20.47027629276247,0.49944217240372335,13.796817284446982,8.269187561091957,25.820886031451046,LOITER,HEALTHY,False,0.0,1.0,OK,42
2026-01-01T00:22:09Z,O320_CLASS-SIM-01,O320_CLASS,HIGH_ALTITUDE_ISR,5847.185846845202,-27.8411513597012,1655.7867910662042,0.6093226642332829,62.11882089523267,684.6073625531228,65.29494877625281,27.7716670074483,20.421731785936057,0.5453013052424518,13.8403514896857,8.497325720612956,25.709956494787363,LOITER,HEALTHY,False,0.0,1.0,OK,42
2026-01-01T00:22:10Z,O320_CLASS-SIM-01,O320_CLASS,HIGH_ALTITUDE_ISR,5843.2855962345475,-28.132264482904066,1677.994172202396,0.608411681706308,62.9242990568994,685.7264489621949,64.72971119004443,27.06688925764009,20.459460249932768,0.42893580356849614,13.922874504127421,8.745648048382954,25.87446748097102,LOITER,HEALTHY,False,0.0,1.0,OK,42
2026-01-01T00:22:11Z,O320_CLASS-SIM-01,O320_CLASS,HIGH_ALTITUDE_ISR,5845.503480135955,-27.854681923665833,1667.374103064528,0.6048424146341886,63.77622907946221,687.8309387972871,64.77804343252234,27.29783645312782,20.44516524872319,0.5416227661656724,13.869915024763326,8.06263440351702,25.784183308359072,LOITER,HEALTHY,False,0.0,1.0,OK,42
2026-01-01T00:22:12Z,O320_CLASS-SIM-01,O320_CLASS,HIGH_ALTITUDE_ISR,5846.1936871828175,-28.10948013743938,1660.1886935894515,0.6071908681811646,63.03518832489674,683.5310891796089,64.44679762663591,26.764278680181704,20.428559095599773,0.5521963283437279,13.842348279818259,8.426586494792936,25.72462830265346,LOITER,HEALTHY,False,0.0,1.0,OK,42
2026-01-01T00:22:13Z,O320_CLASS-SIM-01,O320_CLASS,HIGH_ALTITUDE_ISR,5845.06478684904,-28.090638705715488,1661.0221297432968,0.6059549866431654,63.68660463723444,690.1555106259947,64.4613367971121,27.925518821423243,20.458791841471538,0.5344131595269189,13.846204421569789,8.291734785871286,25.58698975287995,LOITER,HEALTHY,False,0.0,1.0,OK,42
2026-01-01T00:22:14Z,O320_CLASS-SIM-01,O320_CLASS,HIGH_ALTITUDE_ISR,5844.38910074554,-27.88232590085812,1663.8906932698196,0.6042562455845588,62.17200296630537,683.197312021298,65.18374405511004,26.553556576678503,20.40224839651846,0.5030268642392423,13.865727099484337,8.680394496778902,25.757935587162162,LOITER,HEALTHY,False,0.0,1.0,OK,42
2026-01-01T00:22:15Z,O320_CLASS-SIM-01,O320_CLASS,HIGH_ALTITUDE_ISR,5846.61860931936,-28.013427229504856,1658.3106307539736,0.6038999547135844,62.23718593327993,684.7760647253691,64.92309388926378,26.54435074364665,20.453161234974104,0.5413501919440966,13.844535059267432,7.947942030536308,25.772726093545828,LOITER,HEALTHY,False,0.0,1.0,OK,42
2026-01-01T00:22:16Z,O320_CLASS-SIM-01,O320_CLASS,HIGH_ALTITUDE_ISR,5845.298491577547,-28.180113493009284,1666.1254907518799,0.6016630352844073,63.1846088657386,692.0946150149367,64.92131721351244,25.241364231075195,20.46329487409309,0.6027201326504306,13.911976706657175,8.577589638506879,25.697795769157672,LOITER,HEALTHY,False,0.0,1.0,OK,42
2026-01-01T00:22:17Z,O320_CLASS-SIM-01,O320_CLASS,HIGH_ALTITUDE_ISR,5844.66911098413,-27.74670607135989,1661.5902649847421,0.6064879272474745,62.145087807336665,688.9919043624741,63.61448099367237,25.962731139126518,20.419145900005567,0.5152652803468709,13.789035101603702,8.333288660916299,25.951625644437033,LOITER,HEALTHY,False,0.0,1.0,OK,42
2026-01-01T00:22:18Z,O320_CLASS-SIM-01,O320_CLASS,HIGH_ALTITUDE_ISR,5843.460402209079,-27.974192697852704,1668.8887197065496,0.6036726489575078,64.77136205470462,685.579226415669,65.38034942136399,27.614472901971777,20.40022775474339,0.5181957484957286,13.83424309391412,8.607252483248171,26.066078260513205,LOITER,HEALTHY,False,0.0,1.0,OK,42
2026-01-01T00:22:19Z,O320_CLASS-SIM-01,O320_CLASS,HIGH_ALTITUDE_ISR,5841.151506290371,-27.914939162246366,1646.0468526389425,0.6039616383445684,64.87278265705672,684.4997650033481,63.968288854164335,26.901720727607817,20.485974896283928,0.5427532629098041,13.770889888647236,8.036184721904643,25.91627661886369,LOITER,HEALTHY,False,0.0,1.0,OK,42
2026-01-01T00:22:20Z,O320_CLASS-SIM-01,O320_CLASS,HIGH_ALTITUDE_ISR,5840.966179106099,-27.957274833691926,1664.4929234591266,0.6032939892521888,65.29353373094673,689.5113397509089,65.09145585656654,27.462592802392614,20.407675637191105,0.5219285041206265,13.819087223490836,8.626624496719314,25.803778514649068,LOITER,HEALTHY,False,0.0,1.0,OK,42
2026-01-01T00:22:21Z,O320_CLASS-SIM-01,O320_CLASS,HIGH_ALTITUDE_ISR,5844.895241720744,-28.08688039555086,1664.5867575431853,0.6037726076066774,62.562619394677306,693.4574236761189,64.4300332729887,26.483393296200287,20.380548595486108,0.5313169692159702,13.824964032271506,8.17591779338682,25.837396451567475,LOITER,HEALTHY,False,0.0,1.0,OK,42
2026-01-01T00:22:22Z,O320_CLASS-SIM-01,O320_CLASS,HIGH_ALTITUDE_ISR,5842.7948716945175,-27.81817419480893,1663.0089547977268,0.6043060237693405,62.658121947402144,686.7618377481604,64.23666127013651,25.48289362023523,20.37720898473091,0.5658064108026636,13.815258113361018,8.368608581647226,25.845947793861157,LOITER,HEALTHY,False,0.0,1.0,OK,42
2026-01-01T00:22:23Z,O320_CLASS-SIM-01,O320_CLASS,HIGH_ALTITUDE_ISR,5843.320052951741,-28.108701830024142,1664.9793680475973,0.6040083668781588,63.16057475286962,688.6202041306507,64.62619189876126,27.363673732992766,20.40944457797246,0.599388304473132,13.829312417815116,8.028628742466305,25.996235772772337,LOITER,HEALTHY,False,0.0,1.0,OK,42
2026-01-01T00:22:24Z,O320_CLASS-SIM-01,O320_CLASS,HIGH_ALTITUDE_ISR,5841.61378623353,-27.961784911902374,1660.6323607791678,0.5998733259696446,60.73059808473857,692.119512925618,64.3679602900057,27.502795703173135,20.32933198955002,0.48770787065487897,13.84832464571075,8.428252448773748,25.980857942715023,LOITER,HEALTHY,False,0.0,1.0,OK,42
2026-01-01T00:22:25Z,O320_CLASS-SIM-01,O320_CLASS,HIGH_ALTITUDE_ISR,5840.577841749397,-27.99503968348988,1657.2145691594878,0.601671823747969,64.73780277111356,691.9103750529247,64.18551552596395,25.848079314399065,20.39067128783945,0.5431685579040998,13.822498268377773,8.578140002627364,25.892539175273924,LOITER,HEALTHY,False,0.0,1.0,OK,42
2026-01-01T00:22:26Z,O320_CLASS-SIM-01,O320_CLASS,HIGH_ALTITUDE_ISR,5839.998993458767,-27.599149300595627,1658.3992807698694,0.6072969878027431,64.77854903571436,689.2437241189991,63.829379317920676,26.757231920582388,20.38090158174639,0.5303237409136291,13.796051207810976,8.641706786228568,26.047392924614204,LOITER,HEALTHY,False,0.0,1.0,OK,42
2026-01-01T00:22:27Z,O320_CLASS-SIM-01,O320_CLASS,HIGH_ALTITUDE_ISR,5841.498626196691,-28.015660140791017,1654.0714914809025,0.6046777218073005,65.13735653903413,688.1483531557215,64.77958619960486,26.545490601288172,20.3800392668841,0.5558201078531125,13.824745605182532,8.552905373531202,25.975489854903653,LOITER,HEALTHY,False,0.0,1.0,OK,42
2026-01-01T00:22:28Z,O320_CLASS-SIM-01,O320_CLASS,HIGH_ALTITUDE_ISR,5839.837514574948,-27.871877257647395,1655.668830466645,0.6021035652189303,62.96667728919057,687.9198651368979,64.3885735151503,26.92727312224185,20.44920018919044,0.5769585034344938,13.870282860656117,8.122706610598176,25.724632698652773,LOITER,HEALTHY,False,0.0,1.0,OK,42
2026-01-01T00:22:29Z,O320_CLASS-SIM-01,O320_CLASS,HIGH_ALTITUDE_ISR,5838.4544207987265,-27.940734796626668,1660.5315148460281,0.6027836102285238,62.64027906006132,689.1659430137098,64.06448891581599,28.61020224771093,20.403415618194956,0.571460883503439,13.81050225355567,8.594376839236656,25.913814806662373,LOITER,HEALTHY,False,0.0,1.0,OK,42
2026-01-01T00:22:30Z,O320_CLASS-SIM-01,O320_CLASS,HIGH_ALTITUDE_ISR,5839.74675105237,-27.97979703767356,1674.797348478374,0.6008620421511798,64.13258914203983,688.2458485182538,64.18784243189279,28.298212927625098,20.49337753363829,0.4464411183138147,13.833193327606761,8.626587528559128,25.96477553064667,LOITER,HEALTHY,False,0.0,1.0,OK,42
2026-01-01T00:22:31Z,O320_CLASS-SIM-01,O320_CLASS,HIGH_ALTITUDE_ISR,5840.307482446606,-27.75107731609503,1664.452318373485,0.6083576260282421,64.10531783669043,687.0619042149848,64.37306925803222,27.73227725332771,20.359871725174735,0.5129753784074178,13.820690034478375,8.538467720993046,25.86921972124726,LOITER,HEALTHY,False,0.0,1.0,OK,42
2026-01-01T00:22:32Z,O320_CLASS-SIM-01,O320_CLASS,HIGH_ALTITUDE_ISR,5835.631381262117,-27.77013248374583,1659.0416084303815,0.6078005542982827,63.33365334773735,691.0998511391598,64.84518805436784,27.790692984891,20.426613258413024,0.5387406255309877,13.860661608867181,9.070429918144768,25.857487603824598,LOITER,HEALTHY,False,0.0,1.0,OK,42
2026-01-01T00:22:33Z,O320_CLASS-SIM-01,O320_CLASS,HIGH_ALTITUDE_ISR,5838.371877661075,-27.942453405043185,1666.2712463986495,0.6038022658331018,60.36733907151225,687.4227582607513,64.99150059855924,26.127526683303408,20.442720585759147,0.5366472024390564,13.822107264729137,8.674773286664127,25.99983054770487,LOITER,HEALTHY,False,0.0,1.0,OK,42
2026-01-01T00:22:34Z,O320_CLASS-SIM-01,O320_CLASS,HIGH_ALTITUDE_ISR,5837.382957358934,-27.78650385847183,1663.79353592169,0.6003858816092357,62.4906525475102,683.4036122768073,64.85345958866586,27.45769596496111,20.442335413625226,0.5488355886313444,13.856877128733506,8.05355119064533,25.881259452086795,LOITER,HEALTHY,False,0.0,1.0,OK,42
2026-01-01T00:22:35Z,O320_CLASS-SIM-01,O320_CLASS,HIGH_ALTITUDE_ISR,5834.202412341574,-27.989860553031992,1675.044736898857,0.605818952997188,63.726909009317595,687.4519616926345,64.19191080115496,26.891402449578887,20.44936121392994,0.5456356261378275,13.780256045027121,8.473237368381039,25.61011393836224,LOITER,HEALTHY,False,0.0,1.0,OK,42
2026-01-01T00:22:36Z,O320_CLASS-SIM-01,O320_CLASS,HIGH_ALTITUDE_ISR,5837.103711647094,-28.037284495543336,1652.2757239750276,0.605225604915208,63.591190717633445,688.4784042522708,65.46486691854658,27.250824477997064,20.360156779569976,0.5499778882787713,13.819231841905337,8.763157002485794,25.938978427643296,LOITER,HEALTHY,False,0.0,1.0,OK,42
2026-01-01T00:22:37Z,O320_CLASS-SIM-01,O320_CLASS,HIGH_ALTITUDE_ISR,5836.039970400287,-28.14691081708485,1662.497478808278,0.603434476838478,61.678653823219435,687.3350483640827,64.76131970987286,26.74038933337462,20.32037692812194,0.5182500283700351,13.81376081169433,8.494228364696975,25.90938041297945,LOITER,HEALTHY,False,0.0,1.0,OK,42
2026-01-01T00:22:38Z,O320_CLASS-SIM-01,O320_CLASS,HIGH_ALTITUDE_ISR,5834.425315449567,-27.99537729429128,1662.4904157503856,0.6054302270142466,63.22985311798654,691.4378712788224,65.03913008472712,27.94225951109147,20.457990664833403,0.5916656515927184,13.793194663863382,8.607089274361202,26.07901729633119,LOITER,HEALTHY,False,0.0,1.0,OK,42
2026-01-01T00:22:39Z,O320_CLASS-SIM-01,O320_CLASS,HIGH_ALTITUDE_ISR,5836.71392559817,-28.04060782195209,1667.1576469559732,0.6036119445914393,65.09973315622578,684.4033654418724,64.27697278936836,25.29745105284561,20.395367549044334,0.6196702520257036,13.82644609208719,8.469873790474423,25.978523716330898,LOITER,HEALTHY,False,0.0,1.0,OK,42
2026-01-01T00:22:40Z,O320_CLASS-SIM-01,O320_CLASS,HIGH_ALTITUDE_ISR,5834.013598460523,-27.867318319350606,1664.9822623368177,0.6017276901146164,62.75818307306231,689.71782400807,64.95495396530382,27.785804133879477,20.403486073388578,0.5433170411431881,13.85026927871895,8.295305695424275,25.80033973290409,LOITER,HEALTHY,False,0.0,1.0,OK,42
2026-01-01T00:22:41Z,O320_CLASS-SIM-01,O320_CLASS,HIGH_ALTITUDE_ISR,5833.573486974202,-28.11069709937756,1665.0457398970339,0.6054742324484049,62.00676686765671,688.9422625072671,64.33070596303476,25.93478720085415,20.488069940501536,0.4889652597978927,13.789371544992832,8.497059921067242,25.935703505065597,LOITER,HEALTHY,False,0.0,1.0,OK,42
2026-01-01T00:22:42Z,O320_CLASS-SIM-01,O320_CLASS,HIGH_ALTITUDE_ISR,5834.334181545118,-27.616482458640178,1655.5194584585881,0.6021764596573854,64.77716781681748,690.1935974387525,64.90122575123907,26.27719753698794,20.440164000505646,0.5611508716976885,13.833424634005615,8.29653197624251,25.911148311677483,LOITER,HEALTHY,False,0.0,1.0,OK,42
2026-01-01T00:22:43Z,O320_CLASS-SIM-01,O320_CLASS,HIGH_ALTITUDE_ISR,5835.378713238707,-28.077984051779435,1655.2840662077233,0.602034993420457,62.341399675279874,687.7978454528446,64.96345642812574,27.119268773289374,20.385489426089077,0.5400722726522317,13.846445635853083,8.021720333250718,26.055600305133584,LOITER,HEALTHY,False,0.0,1.0,OK,42
2026-01-01T00:22:44Z,O320_CLASS-SIM-01,O320_CLASS,HIGH_ALTITUDE_ISR,5831.239013064303,-27.977637666787736,1664.351901613226,0.6030970515918554,63.406487297911895,688.1831567611736,64.46312987071667,27.974189103036153,20.41642851715069,0.5410462025197338,13.848488893001685,8.265197371646828,26.220797138122265,LOITER,HEALTHY,False,0.0,1.0,OK,42
2026-01-01T00:22:45Z,O320_CLASS-SIM-01,O320_CLASS,HIGH_ALTITUDE_ISR,5830.4198262496575,-27.89135803458932,1659.2829676132067,0.602556299454274,62.26485023060666,685.8907124101485,65.05303440414457,25.788465515066886,20.42878138537806,0.5548719958751736,13.81627395421279,8.57406452479471,25.870615227302565,LOITER,HEALTHY,False,0.0,1.0,OK,42
2026-01-01T00:22:46Z,O320_CLASS-SIM-01,O320_CLASS,HIGH_ALTITUDE_ISR,5829.972422116168,-28.069120603756186,1666.763867291547,0.6043695338097632,63.08816146823845,686.8325971636335,64.50035961343055,26.492830505618603,20.290834016486162,0.5313495945753587,13.843361724040236,8.457197896568898,26.15939116149488,LOITER,HEALTHY,False,0.0,1.0,OK,42
2026-01-01T00:22:47Z,O320_CLASS-SIM-01,O320_CLASS,HIGH_ALTITUDE_ISR,5829.689737979336,-28.001943335311836,1662.5304429578941,0.603607191740043,60.50408871699142,689.3095352627419,64.6746936353464,25.058804054318763,20.370923875509334,0.49652678287309543,13.81407576996882,8.105153527737126,25.956165795855387,LOITER,HEALTHY,False,0.0,1.0,OK,42
2026-01-01T00:22:48Z,O320_CLASS-SIM-01,O320_CLASS,HIGH_ALTITUDE_ISR,5833.411895340086,-27.860246463874457,1644.13717252585,0.6036481151515887,62.539765675258685,685.0416613289653,64.71565107269927,27.459175667341533,20.341912863474978,0.4630881116104767,13.767312690059704,8.272640511545257,25.870130684654864,LOITER,HEALTHY,False,0.0,1.0,OK,42
2026-01-01T00:22:49Z,O320_CLASS-SIM-01,O320_CLASS,HIGH_ALTITUDE_ISR,5829.567871996424,-27.999714536121584,1665.9013944193225,0.60395984012648,63.0006393308016,689.8268151812383,64.31051320761891,25.88076206966643,20.347799135381806,0.5051542945747808,13.766111562565792,8.302052720091185,26.058902501937535,LOITER,HEALTHY,False,0.0,1.0,OK,42
2026-01-01T00:22:50Z,O320_CLASS-SIM-01,O320_CLASS,HIGH_ALTITUDE_ISR,5831.115810060457,-27.815666865901033,1662.3570939252397,0.6058892500437371,61.476722657767134,685.3649316217294,65.02158883478,26.779539045477332,20.338935268172005,0.550852373018213,13.814483626051208,8.228446635146025,25.76309086297311,LOITER,HEALTHY,False,0.0,1.0,OK,42
2026-01-01T00:22:51Z,O320_CLASS-SIM-01,O320_CLASS,HIGH_ALTITUDE_ISR,5829.969503528719,-27.860794342172067,1673.3840736042512,0.6023685394555149,62.36814353950835,691.3674876109438,64.96496398715455,26.874419538729303,20.293021994733706,0.4962701802693444,13.79600217928827,8.446324116273871,25.81636118659127,LOITER,HEALTHY,False,0.0,1.0,OK,42
2026-01-01T00:22:52Z,O320_CLASS-SIM-01,O320_CLASS,HIGH_ALTITUDE_ISR,5831.464186399093,-28.12460447095499,1651.9053301418792,0.6033952404757426,63.35024674638812,681.2919682171092,63.87537571868561,26.548663806339256,20.43745334268311,0.6042237916889025,13.815177486466451,8.39393262472588,25.766801211675215,LOITER,HEALTHY,False,0.0,1.0,OK,42
2026-01-01T00:22:53Z,O320_CLASS-SIM-01,O320_CLASS,HIGH_ALTITUDE_ISR,5829.582288232307,-27.656831673437015,1671.1901606968215,0.602805246637937,61.70608791107274,687.7717069665791,65.12068894460057,26.440179044727195,20.277458322795123,0.5142819719739198,13.8192290261815,7.980653059791301,25.926855399188902,LOITER,HEALTHY,False,0.0,1.0,OK,42
2026-01-01T00:22:54Z,O320_CLASS-SIM-01,O320_CLASS,HIGH_ALTITUDE_ISR,5828.964135200011,-27.604349441110585,1650.4289245779635,0.6042815556830904,63.86033367097878,689.0416730963323,64.16448805813012,25.909697438783546,20.371668307937917,0.5322584354337233,13.810804171315437,8.75827011851401,25.83165578876215,LOITER,HEALTHY,False,0.0,1.0,OK,42
2026-01-01T00:22:55Z,O320_CLASS-SIM-01,O320_CLASS,HIGH_ALTITUDE_ISR,5824.9372266616,-27.914164032731286,1664.8760709678331,0.6034617000818998,63.08900358804774,691.46900026981,64.12012689899066,26.423718262090635,20.442639951193037,0.44992632160142565,13.825963739559688,8.741974442954902,26.073589693148172,LOITER,HEALTHY,False,0.0,1.0,OK,42
2026-01-01T00:22:56Z,O320_CLASS-SIM-01,O320_CLASS,HIGH_ALTITUDE_ISR,5828.340601909697,-27.774961882513526,1652.6516416607221,0.6054813969029011,61.23567048523869,684.8744028021448,64.72002716450183,26.3693195990118,20.374300946120908,0.5458199893982175,13.880905251731804,8.542558643543721,25.79842584188144,LOITER,HEALTHY,False,0.0,1.0,OK,42
2026-01-01T00:22:57Z,O320_CLASS-SIM-01,O320_CLASS,HIGH_ALTITUDE_ISR,5827.937808860356,-27.999763130012315,1668.2310118175085,0.6028215635314461,63.14420703467193,683.2652086761877,63.663413626287564,25.56363816189019,20.449833598737857,0.48263210356703606,13.84951863983825,8.273033914421037,25.854920207244245,LOITER,HEALTHY,False,0.0,1.0,OK,42
2026-01-01T00:22:58Z,O320_CLASS-SIM-01,O320_CLASS,HIGH_ALTITUDE_ISR,5826.428646113122,-27.625655458050495,1665.5477513601143,0.6034196389302133,64.20740435132961,686.1252603797037,64.98988337542151,27.486866073604503,20.40561905180676,0.5223266197252845,13.81441728478656,8.215438353841671,25.769566104628588,LOITER,HEALTHY,False,0.0,1.0,OK,42
2026-01-01T00:22:59Z,O320_CLASS-SIM-01,O320_CLASS,HIGH_ALTITUDE_ISR,5824.692856341789,-27.814417280170527,1658.9909546127556,0.6034696380021977,63.224638294713095,685.050271975258,64.12547306003293,26.583942238016885,20.320947158063188,0.4932797947284458,13.87839472746666,8.0489390071373,26.193821863335955,LOITER,HEALTHY,False,0.0,1.0,OK,42
2026-01-01T00:23:00Z,O320_CLASS-SIM-01,O320_CLASS,HIGH_ALTITUDE_ISR,5826.074340216064,-27.718730924213972,1667.7102441764464,0.6037980209186347,64.62119352906674,684.9850306133969,64.49766337795378,26.085639659054603,20.27347841119922,0.5020156291418624,13.883687935728867,8.388294494710761,26.18760829873897,LOITER,HEALTHY,False,0.0,1.0,OK,42
2026-01-01T00:23:01Z,O320_CLASS-SIM-01,O320_CLASS,HIGH_ALTITUDE_ISR,5828.342415958839,-27.414619334334475,1675.9534608231393,0.6072376312520351,63.005013778769026,688.2533037941549,64.67698469769063,26.76901369466503,20.364344820923854,0.5585215711719774,13.813524351564187,8.086638612556063,25.94434250649322,LOITER,HEALTHY,False,0.0,1.0,OK,42
2026-01-01T00:23:02Z,O320_CLASS-SIM-01,O320_CLASS,HIGH_ALTITUDE_ISR,5823.747117534838,-27.949502135731816,1659.513424373952,0.6017343460395647,63.934682940182036,687.2570408882195,65.02206300044321,26.934823769474093,20.35101457339103,0.5347320838059307,13.788737375796554,8.514947506302065,26.016896829046452,LOITER,HEALTHY,False,0.0,1.0,OK,42
2026-01-01T00:23:03Z,O320_CLASS-SIM-01,O320_CLASS,HIGH_ALTITUDE_ISR,5825.845249999244,-28.061159446140014,1648.4495406581034,0.6013622603857357,64.25204785847649,688.2177453998094,64.24683920942799,25.60870613354201,20.319821000495185,0.4983102161095372,13.855542187423769,8.682947842189005,25.73175190413564,LOITER,HEALTHY,False,0.0,1.0,OK,42
2026-01-01T00:23:04Z,O320_CLASS-SIM-01,O320_CLASS,HIGH_ALTITUDE_ISR,5825.061373023997,-27.75794202075424,1651.1098663308994,0.6022255249955066,62.987259954270705,688.0648082932246,63.871335002583194,26.877050704888088,20.38441323542723,0.5915250260073593,13.807397303660352,8.292832095598175,25.857625923071407,LOITER,HEALTHY,False,0.0,1.0,OK,42
2026-01-01T00:23:05Z,O320_CLASS-SIM-01,O320_CLASS,HIGH_ALTITUDE_ISR,5823.941097386249,-27.838225112634348,1665.3277058389735,0.600100054265997,63.04232519491872,685.7925947781825,64.49705196840631,28.139562774690987,20.281267458462867,0.5171315596246926,13.789209049948903,8.466846017235389,26.04590963087149,LOITER,HEALTHY,False,0.0,1.0,OK,42
2026-01-01T00:23:06Z,O320_CLASS-SIM-01,O320_CLASS,HIGH_ALTITUDE_ISR,5823.331405755189,-27.867507378000344,1671.06638816707,0.6029686971772366,63.53740669411295,689.4276908299181,63.40272343142826,26.71286405742347,20.295855566410385,0.4951065828126262,13.871673389444512,8.334261310111334,26.172278681166997,LOITER,HEALTHY,False,0.0,1.0,OK,42
2026-01-01T00:23:07Z,O320_CLASS-SIM-01,O320_CLASS,HIGH_ALTITUDE_ISR,5820.538040019166,-28.009772839263828,1666.483900934774,0.6015822142254402,62.9105487485415,687.3501950826839,64.49502312970546,26.531857573391967,20.3573137317359,0.5539137914036886,13.875855853513512,8.376718269426902,25.829066468305967,LOITER,HEALTHY,False,0.0,1.0,OK,42
2026-01-01T00:23:08Z,O320_CLASS-SIM-01,O320_CLASS,HIGH_ALTITUDE_ISR,5821.438529887534,-27.623976866189572,1665.853619449566,0.5984241553693459,60.19784147846226,685.5472328874109,64.64294580225088,26.749517740883487,20.372657848076546,0.5211995246459654,13.869333134538321,8.619757988751418,25.899467467195855,LOITER,HEALTHY,False,0.0,1.0,OK,42
2026-01-01T00:23:09Z,O320_CLASS-SIM-01,O320_CLASS,HIGH_ALTITUDE_ISR,5823.512880940673,-28.08900260031395,1659.5963457097275,0.6024545117917431,63.2398623578854,683.3258786683783,64.44555882955096,27.097710010643752,20.36935696648089,0.5756314595292548,13.85024311343478,8.410902406483494,25.988795804569595,LOITER,HEALTHY,False,0.0,1.0,OK,42
2026-01-01T00:23:10Z,O320_CLASS-SIM-01,O320_CLASS,HIGH_ALTITUDE_ISR,5821.06547591419,-27.81687279597446,1666.5812838634238,0.602046150550376,62.93964026824265,690.0084823397826,64.83342147220027,27.765166476996292,20.460501297643145,0.5562723814502347,13.813546558639047,8.55345348952192,25.957591273420988,LOITER,HEALTHY,False,0.0,1.0,OK,42
2026-01-01T00:23:11Z,O320_CLASS-SIM-01,O320_CLASS,HIGH_ALTITUDE_ISR,5821.860436980436,-27.611858674025502,1646.6958931542742,0.6051216930766766,64.71358884788447,689.0168044674533,64.78424346392804,26.586120862635976,20.342975187728662,0.5560423626338473,13.846379288335875,8.605059002778752,25.98098756802916,LOITER,HEALTHY,False,0.0,1.0,OK,42
2026-01-01T00:23:12Z,O320_CLASS-SIM-01,O320_CLASS,HIGH_ALTITUDE_ISR,5821.8604054740335,-27.71533603283548,1651.9199145805778,0.6037158181382978,64.71123035768338,687.5214789739249,65.14601528209407,26.04664828209098,20.339751045657476,0.5024469570545987,13.868736735150001,8.834384585560123,25.871826638237625,LOITER,HEALTHY,False,0.0,1.0,OK,42
2026-01-01T00:23:13Z,O320_CLASS-SIM-01,O320_CLASS,HIGH_ALTITUDE_ISR,5821.842062369463,-27.58296156137005,1659.7972702279933,0.6022680502321409,63.34910453147513,685.4731195962976,64.58909618037532,28.495762117983,20.314818771933524,0.5622153407214471,13.843061611638836,8.382707880429843,25.91967309676983,LOITER,HEALTHY,False,0.0,1.0,OK,42
2026-01-01T00:23:14Z,O320_CLASS-SIM-01,O320_CLASS,HIGH_ALTITUDE_ISR,5822.287049544929,-27.74473820579088,1665.6850857792247,0.6051675365583155,62.10931509144425,684.9535966235379,65.25122990623807,26.89179786754212,20.383079844669417,0.49753813274174113,13.838990647742449,8.148800106004044,25.89570458799562,LOITER,HEALTHY,False,0.0,1.0,OK,42
2026-01-01T00:23:15Z,O320_CLASS-SIM-01,O320_CLASS,HIGH_ALTITUDE_ISR,5818.258884453002,-27.956648150236887,1657.5274696519793,0.5973362956371405,61.05256807621958,689.5183392885682,64.6817912806555,25.924278989728172,20.364373917759046,0.4928717874609185,13.848981154680681,8.393507512432839,25.837093921300593,LOITER,HEALTHY,False,0.0,1.0,OK,42
2026-01-01T00:23:16Z,O320_CLASS-SIM-01,O320_CLASS,HIGH_ALTITUDE_ISR,5818.666823367827,-27.438292953722367,1653.8279515767297,0.6023334592128746,63.36993869625597,685.1476924267313,63.90385533302847,26.303798236204585,20.373533919372985,0.5142891835655045,13.820376440263514,8.649493706163556,25.76462971637804,LOITER,HEALTHY,False,0.0,1.0,OK,42
2026-01-01T00:23:17Z,O320_CLASS-SIM-01,O320_CLASS,HIGH_ALTITUDE_ISR,5818.242935409349,-28.046520600641966,1662.4100274568502,0.6022966209867436,63.37478690339115,684.6820055235634,64.46363714675415,25.762948762909232,20.321836027949423,0.5872098570471036,13.817674414814025,8.079705383783592,25.783318075618396,LOITER,HEALTHY,False,0.0,1.0,OK,42
2026-01-01T00:23:18Z,O320_CLASS-SIM-01,O320_CLASS,HIGH_ALTITUDE_ISR,5815.532290198592,-28.011032598487745,1665.158080301181,0.5989023053201475,62.78278661196537,687.6009244974894,64.32661455841392,26.968653433449084,20.28583897263747,0.5615411235645464,13.80633416747778,8.323977698158028,25.80921610423667,LOITER,HEALTHY,False,0.0,1.0,OK,42
2026-01-01T00:23:19Z,O320_CLASS-SIM-01,O320_CLASS,HIGH_ALTITUDE_ISR,5818.555577867979,-27.73222230186255,1638.762483655944,0.602260622624693,60.30233172033239,686.6746861341046,64.49478989625446,26.506175361330307,20.356343777965364,0.556679424783861,13.804067781244866,8.217504284109589,25.879342114298982,LOITER,HEALTHY,False,0.0,1.0,OK,42
2026-01-01T00:23:20Z,O320_CLASS-SIM-01,O320_CLASS,HIGH_ALTITUDE_ISR,5814.778418973168,-27.88265780738926,1670.4666224243977,0.5986968005789802,61.97555495917595,686.0386616408013,65.33900027232187,26.358581572599025,20.30589312425606,0.4866147807450445,13.827538787383721,8.486879446871846,25.75158336512328,LOITER,HEALTHY,False,0.0,1.0,OK,42
2026-01-01T00:23:21Z,O320_CLASS-SIM-01,O320_CLASS,HIGH_ALTITUDE_ISR,5818.14975086775,-27.767673795690055,1666.4430991931367,0.6010103956109868,62.66337151590679,686.9780963462457,65.11879932228646,26.882930538236845,20.32890230051128,0.5094847147199437,13.811767602262538,8.478152384160316,26.007113258709964,LOITER,HEALTHY,False,0.0,1.0,OK,42
2026-01-01T00:23:22Z,O320_CLASS-SIM-01,O320_CLASS,HIGH_ALTITUDE_ISR,5815.212479092451,-27.78656866397914,1661.0471647685413,0.6023406586566828,60.310411021556725,685.1904303962137,63.98822244507211,26.81727555749314,20.281996952080572,0.5079337678746236,13.791405473012098,8.317296947455871,25.715278399777294,LOITER,HEALTHY,False,0.0,1.0,OK,42
2026-01-01T00:23:23Z,O320_CLASS-SIM-01,O320_CLASS,HIGH_ALTITUDE_ISR,5816.948828475015,-27.73089358230844,1660.721545401118,0.6009773127218354,59.90204082545679,686.3481707955709,64.22881115418232,26.989836275242624,20.356612079402886,0.5407377381495909,13.865112415208639,8.27541177339863,25.792146360536023,LOITER,HEALTHY,False,0.0,1.0,OK,42
2026-01-01T00:23:24Z,O320_CLASS-SIM-01,O320_CLASS,HIGH_ALTITUDE_ISR,5816.941432727969,-27.775067540819276,1657.4896220453859,0.6052315038282511,63.028401699198845,687.0087527900475,64.25784933263823,27.8542760213827,20.334557755302768,0.5287021285768531,13.847496935616588,8.636896580407697,25.96581204579945,LOITER,HEALTHY,False,0.0,1.0,OK,42
2026-01-01T00:23:25Z,O320_CLASS-SIM-01,O320_CLASS,HIGH_ALTITUDE_ISR,5816.283228320713,-27.729516068386815,1663.8506359689363,0.6000324507860396,64.49541165350031,684.3923480947387,64.65481175823746,25.72470131768527,20.317882733520154,0.5048387275333294,13.831268695444,8.501698354683729,25.739600300685748,LOITER,HEALTHY,False,0.0,1.0,OK,42
2026-01-01T00:23:26Z,O320_CLASS-SIM-01,O320_CLASS,HIGH_ALTITUDE_ISR,5814.485792847488,-27.585393311076,1648.8592883645288,0.5997448839146673,63.34375638198833,687.6618539444236,64.59035610660898,27.61300602072195,20.28166708448378,0.5068860862041884,13.807904139473054,8.32859252460995,26.083697479503382,LOITER,HEALTHY,False,0.0,1.0,OK,42
2026-01-01T00:23:27Z,O320_CLASS-SIM-01,O320_CLASS,HIGH_ALTITUDE_ISR,5811.550943959278,-27.970799488303175,1648.3778409604204,0.6042136443116283,61.56143654730286,686.6427106169469,63.88287385364875,26.586304587802886,20.36327803763561,0.537746800806366,13.823934849744086,8.023806291128428,25.833295166908222,LOITER,HEALTHY,False,0.0,1.0,OK,42
2026-01-01T00:23:28Z,O320_CLASS-SIM-01,O320_CLASS,HIGH_ALTITUDE_ISR,5813.895585821103,-27.937662617443888,1664.4883296278988,0.6031376584608115,61.652205538343324,689.2654036892012,64.48366504385677,27.714973174394018,20.42024099952433,0.48385092417280334,13.850242678858018,8.740653234026173,25.73660474481147,LOITER,HEALTHY,False,0.0,1.0,OK,42
2026-01-01T00:23:29Z,O320_CLASS-SIM-01,O320_CLASS,HIGH_ALTITUDE_ISR,5812.385182245535,-27.87406767584549,1658.132843832085,0.600612055312345,62.036511857991925,689.5372231498412,63.768069520022344,26.01919752164125,20.350611468167944,0.5496776150769977,13.79538925605175,8.553722034000723,26.080955657863417,LOITER,HEALTHY,False,0.0,1.0,OK,42
2026-01-01T00:23:30Z,O320_CLASS-SIM-01,O320_CLASS,HIGH_ALTITUDE_ISR,5812.746973048815,-27.934527486642914,1666.1406196780797,0.604728142143993,61.19895622941545,687.5318122901573,64.96128975654918,26.891648798176536,20.2283319284512,0.5452723046729825,13.797768637556743,8.09550038455941,25.6224822367849,LOITER,HEALTHY,False,0.0,1.0,OK,42
2026-01-01T00:23:31Z,O320_CLASS-SIM-01,O320_CLASS,HIGH_ALTITUDE_ISR,5814.178773332911,-27.905762253408167,1661.753565467538,0.6023972251004751,62.444380465972394,688.1665394831164,64.67647999926082,26.91088964020242,20.2762705330381,0.49353113733224674,13.823970824747352,8.381024544121148,25.945761219004922,LOITER,HEALTHY,False,0.0,1.0,OK,42
2026-01-01T00:23:32Z,O320_CLASS-SIM-01,O320_CLASS,HIGH_ALTITUDE_ISR,5813.618287066559,-27.726191973692348,1652.5456951813096,0.5968342695671199,61.3153479703675,684.0553177090279,64.23074511295037,26.995282844087086,20.317079880706288,0.6018007574999842,13.84160009171379,8.889241932728547,25.98835299606319,LOITER,HEALTHY,False,0.0,1.0,OK,42
2026-01-01T00:23:33Z,O320_CLASS-SIM-01,O320_CLASS,HIGH_ALTITUDE_ISR,5813.167021653419,-27.828835340743144,1650.382578086911,0.6002559263722443,62.211705974226085,685.8375781342593,64.12127022158498,27.13598126646925,20.261172426473113,0.46610300500926,13.793432435465565,8.352745829540103,25.732163048239105,LOITER,HEALTHY,False,0.0,1.0,OK,42
2026-01-01T00:23:34Z,O320_CLASS-SIM-01,O320_CLASS,HIGH_ALTITUDE_ISR,5810.768976256133,-27.682155576430336,1663.520082658262,0.5997894592929324,60.649098154409536,685.9603490645917,64.78281828064827,27.51491805273516,20.32766879321145,0.575469156192777,13.878958455854697,8.289912343217742,26.1035042340559,LOITER,HEALTHY,False,0.0,1.0,OK,42
2026-01-01T00:23:35Z,O320_CLASS-SIM-01,O320_CLASS,HIGH_ALTITUDE_ISR,5810.292936402573,-27.616467139855438,1664.5390024729636,0.5971142592298708,61.042235998771424,684.337620971648,63.806574677326864,27.508063110612248,20.41204498520079,0.5170738462913851,13.85269446526316,8.781260312253787,25.91148833515429,LOITER,HEALTHY,False,0.0,1.0,OK,42
2026-01-01T00:23:36Z,O320_CLASS-SIM-01,O320_CLASS,HIGH_ALTITUDE_ISR,5810.218440659038,-27.80351985582798,1663.1167767317677,0.6027750291257062,62.74375680357985,688.4509321386919,64.4977454306152,25.53129765566329,20.35207439007584,0.47596477512858176,13.845638707253203,8.598422836845675,25.70889260123675,LOITER,HEALTHY,False,0.0,1.0,OK,42
2026-01-01T00:23:37Z,O320_CLASS-SIM-01,O320_CLASS,HIGH_ALTITUDE_ISR,5808.917358643152,-27.445667706180423,1658.1263292319447,0.5985424786320369,63.13853021327088,685.4420207737103,63.748850051114644,27.22252716341427,20.259939940950304,0.5401663481433572,13.802663809188404,8.585674448365145,25.90720100499901,LOITER,HEALTHY,False,0.0,1.0,OK,42
2026-01-01T00:23:38Z,O320_CLASS-SIM-01,O320_CLASS,HIGH_ALTITUDE_ISR,5805.51789651827,-27.70380923000542,1656.3902164783578,0.6037736062245526,62.63961060716097,689.2555383872879,64.23167637656044,26.175707671008325,20.30307070919612,0.5128632050314592,13.867172153890989,8.369928394499729,25.695671835822328,LOITER,HEALTHY,False,0.0,1.0,OK,42
2026-01-01T00:23:39Z,O320_CLASS-SIM-01,O320_CLASS,HIGH_ALTITUDE_ISR,5807.732987603827,-27.613575670641232,1657.3158868326325,0.6004560123615363,63.42547418738561,685.0696714477727,63.62065518234305,26.126518998693214,20.31504005709441,0.5172764260459267,13.780206365367706,8.661657835332425,25.903638484858075,LOITER,HEALTHY,False,0.0,1.0,OK,42
2026-01-01T00:23:40Z,O320_CLASS-SIM-01,O320_CLASS,HIGH_ALTITUDE_ISR,5809.130530589079,-27.69261401658805,1648.2116286108105,0.6014604586875598,63.23008341321582,690.1987912896644,64.80206400433488,27.220366584198437,20.214647049254797,0.5266285386120859,13.798309394785015,8.727569750224843,26.04838971404097,LOITER,HEALTHY,False,0.0,1.0,OK,42
2026-01-01T00:23:41Z,O320_CLASS-SIM-01,O320_CLASS,HIGH_ALTITUDE_ISR,5806.693864903578,-27.75967450533368,1660.5337736263837,0.6026135483269439,60.11828859545975,681.815396874716,64.52765101915026,24.78578003840143,20.308029325718437,0.5508832746377403,13.864076393468109,8.250770578096306,25.902728886956915,LOITER,HEALTHY,False,0.0,1.0,OK,42
2026-01-01T00:23:42Z,O320_CLASS-SIM-01,O320_CLASS,HIGH_ALTITUDE_ISR,5808.669572451799,-27.926358001262155,1665.8143544708041,0.601317915419686,61.39038837307028,687.6843416872176,64.45549072909266,27.43602339290792,20.28066037636329,0.5362476235083563,13.808353418276118,8.171336826336344,25.904000411288305,LOITER,HEALTHY,False,0.0,1.0,OK,42
2026-01-01T00:23:43Z,O320_CLASS-SIM-01,O320_CLASS,HIGH_ALTITUDE_ISR,5805.919805764429,-27.627135178504897,1663.1753048663252,0.599196266813808,62.36135581528246,685.3980787549345,63.86833227705892,26.33523493259096,20.294750297958128,0.547989393956054,13.831453134989522,8.632101118790832,25.730814421867223,LOITER,HEALTHY,False,0.0,1.0,OK,42
2026-01-01T00:23:44Z,O320_CLASS-SIM-01,O320_CLASS,HIGH_ALTITUDE_ISR,5806.272559255738,-27.497789439179492,1642.934675214975,0.5997798520719086,60.80692373914883,686.8252713960237,64.33511124848246,27.29579034829095,20.30862501385169,0.47487738437696525,13.809311244786963,8.404538165700963,25.988615337875885,LOITER,HEALTHY,False,0.0,1.0,OK,42
2026-01-01T00:23:45Z,O320_CLASS-SIM-01,O320_CLASS,HIGH_ALTITUDE_ISR,5810.059690837276,-27.636247298323354,1650.22918581332,0.6004533351302273,62.29778694205727,686.006729783463,64.69582617776831,24.998015355800337,20.322089386315405,0.5080156337575886,13.8236523195906,8.77038315961033,25.688199489231184,LOITER,HEALTHY,False,0.0,1.0,OK,42
2026-01-01T00:23:46Z,O320_CLASS-SIM-01,O320_CLASS,HIGH_ALTITUDE_ISR,5806.391984900812,-27.61980065203792,1659.6377448925066,0.5973699059872503,63.68899234426582,686.7682620377437,64.29553949515908,26.567781846900004,20.273907592974886,0.4794329882538288,13.831879363335103,8.25402920366783,25.977779169309397,LOITER,HEALTHY,False,0.0,1.0,OK,42
2026-01-01T00:23:47Z,O320_CLASS-SIM-01,O320_CLASS,HIGH_ALTITUDE_ISR,5806.331948795979,-27.492260699346534,1656.5278546370048,0.5989490560534658,60.29272832455459,692.7714464851598,64.77023178144866,26.263283439276112,20.37625575717304,0.5812557161358686,13.786379889542607,8.214353801587857,25.857016067238916,LOITER,HEALTHY,False,0.0,1.0,OK,42
2026-01-01T00:23:48Z,O320_CLASS-SIM-01,O320_CLASS,HIGH_ALTITUDE_ISR,5803.523077484202,-27.747820252769962,1663.8624804224496,0.5977662987961759,62.395924371097735,690.200774466544,64.6643093940564,26.75777761339368,20.25677608782378,0.560211942388618,13.791597979770444,8.462805571763646,25.880411022108397,LOITER,HEALTHY,False,0.0,1.0,OK,42
2026-01-01T00:23:49Z,O320_CLASS-SIM-01,O320_CLASS,HIGH_ALTITUDE_ISR,5806.389271240169,-27.817967869715886,1654.1307619318102,0.5979863557288225,62.556971281209584,686.2114320801479,64.15822439079828,26.20586910230617,20.315619706627047,0.48282889534756107,13.796467972350232,8.625583107917311,25.85138444652453,LOITER,HEALTHY,False,0.0,1.0,OK,42
2026-01-01T00:23:50Z,O320_CLASS-SIM-01,O320_CLASS,HIGH_ALTITUDE_ISR,5805.706671902481,-27.78168115007415,1658.0495033167895,0.6007399489712228,63.68488196160583,690.5270965647985,64.96318144819112,26.31731853556257,20.238006292244464,0.5573480227983969,13.868183110188482,8.691582601031433,25.877978794858368,LOITER,HEALTHY,False,0.0,1.0,OK,42
2026-01-01T00:23:51Z,O320_CLASS-SIM-01,O320_CLASS,HIGH_ALTITUDE_ISR,5804.937866663466,-27.613191852037232,1659.1959134368935,0.6007693626340894,62.125882985525436,685.2836166293982,64.22629827694769,26.260232955598926,20.20596935369265,0.5325998114170252,13.825650485406241,8.59075415230073,26.064847874675227,LOITER,HEALTHY,False,0.0,1.0,OK,42
2026-01-01T00:23:52Z,O320_CLASS-SIM-01,O320_CLASS,HIGH_ALTITUDE_ISR,5805.405244966073,-27.50945240347576,1651.8935819902345,0.597477961785906,63.11285286617625,690.7006356731999,65.12194881775595,27.210473923289374,20.18467949987818,0.5414788440152254,13.84351827975261,8.712667107985377,26.089903464906172,LOITER,HEALTHY,False,0.0,1.0,OK,42
2026-01-01T00:23:53Z,O320_CLASS-SIM-01,O320_CLASS,HIGH_ALTITUDE_ISR,5804.355903096531,-27.80753627918882,1649.6631493035106,0.6013670676027779,61.032976281737675,690.9245896116859,63.816560818676514,27.277038053613353,20.299075033630533,0.5185528510391076,13.799088932262174,7.8835895452623515,25.795463739088188,LOITER,HEALTHY,False,0.0,1.0,OK,42
2026-01-01T00:23:54Z,O320_CLASS-SIM-01,O320_CLASS,HIGH_ALTITUDE_ISR,5801.7932777922515,-27.549906167839392,1651.5790988336776,0.6011619514835378,60.421102342295185,688.428812748452,63.60213677533063,28.500817611637842,20.27462857909703,0.4150125421345591,13.805297302652518,8.179503364714094,25.77652420601935,LOITER,HEALTHY,False,0.0,1.0,OK,42
2026-01-01T00:23:55Z,O320_CLASS-SIM-01,O320_CLASS,HIGH_ALTITUDE_ISR,5801.589790043054,-27.813281461887726,1651.2565019518656,0.5978963093096775,62.94585495755991,690.2224773717783,64.39421987733685,26.811523352296877,20.22394916587929,0.5296024535218489,13.833716065863909,8.3429546065782,25.93402705887446,LOITER,HEALTHY,False,0.0,1.0,OK,42
2026-01-01T00:23:56Z,O320_CLASS-SIM-01,O320_CLASS,HIGH_ALTITUDE_ISR,5802.172464882478,-27.869232019474694,1667.2780318151463,0.5997556476512811,63.95831296360488,688.2621365294629,65.28325511704456,27.76690010823123,20.29020902665646,0.49780640650920044,13.805757494488155,8.530448200180622,25.89580361379671,LOITER,HEALTHY,False,0.0,1.0,OK,42
2026-01-01T00:23:57Z,O320_CLASS-SIM-01,O320_CLASS,HIGH_ALTITUDE_ISR,5800.398511928065,-27.583374341191828,1657.9896739933808,0.6018062247588065,60.76498420358798,689.7012115999455,64.69411251873477,27.78579270225315,20.32630498955423,0.5233016018389974,13.821830647895824,8.842332780916903,25.83046832244882,LOITER,HEALTHY,False,0.0,1.0,OK,42
2026-01-01T00:23:58Z,O320_CLASS-SIM-01,O320_CLASS,HIGH_ALTITUDE_ISR,5801.9773514029575,-27.762763604384016,1642.7302888628685,0.5976307918898581,62.410576437462254,688.9468097047322,64.65623204861741,27.745548867130385,20.295580474457648,0.4956594074150281,13.844608314595138,8.438362460740265,25.78743878635048,LOITER,HEALTHY,False,0.0,1.0,OK,42
2026-01-01T00:23:59Z,O320_CLASS-SIM-01,O320_CLASS,HIGH_ALTITUDE_ISR,5801.136129379551,-27.69087225287516,1652.731197758432,0.599687003495609,63.60767687976061,690.6376486734727,64.56663670240248,26.87565538509199,20.202949252418808,0.5954124591118835,13.857856870459663,8.583333834825487,25.5322817763746,LOITER,HEALTHY,False,0.0,1.0,OK,42
2026-01-01T00:24:00Z,O320_CLASS-SIM-01,O320_CLASS,HIGH_ALTITUDE_ISR,5800.0613839759835,-27.71906930624786,1662.979572841525,0.5990979383729084,61.621270848143965,688.7254108100499,64.18078002945306,26.37166000225612,20.28285205176466,0.5801463427278328,13.851008070294894,8.663582464925778,25.882707804324,LOITER,HEALTHY,False,0.0,1.0,OK,42
2026-01-01T00:24:01Z,O320_CLASS-SIM-01,O320_CLASS,HIGH_ALTITUDE_ISR,5780.814045607104,-27.821891649389485,1584.343457882953,0.40410510525194737,29.297194689936344,654.2853369719865,62.548369599824824,26.24482263962672,15.885370912801905,0.4469711887050773,13.822583297899843,7.042497655451502,25.526192216754634,DESCENT,HEALTHY,False,0.0,1.0,OK,42
2026-01-01T00:24:02Z,O320_CLASS-SIM-01,O320_CLASS,HIGH_ALTITUDE_ISR,5757.293268961563,-27.644752855630333,1517.0297988412667,0.3971612660466551,25.714856687664742,650.5000863622219,61.34418148825906,24.851413049234207,15.56519178881624,0.3718448041711067,13.809555631803022,6.879772707129526,24.829811976453392,DESCENT,HEALTHY,False,0.0,1.0,OK,42
2026-01-01T00:24:03Z,O320_CLASS-SIM-01,O320_CLASS,HIGH_ALTITUDE_ISR,5737.207775643861,-27.14252604549418,1452.3567425671438,0.3954396038330263,23.39803703233384,646.6408480485472,60.79680031158744,25.529501842363356,15.324686682322113,0.4244755907524942,13.741253075280866,6.461404611290725,24.71153056844414,DESCENT,HEALTHY,False,0.0,1.0,OK,42
2026-01-01T00:24:04Z,O320_CLASS-SIM-01,O320_CLASS,HIGH_ALTITUDE_ISR,5713.036928675432,-27.08653333559238,1438.3771228342111,0.40360192432682107,22.20717956063712,645.4435099188585,59.66930431484424,26.201065047258474,15.101112853611427,0.4132135685891169,13.757739936489834,5.672740381863974,24.54603993199077,DESCENT,HEALTHY,False,0.0,1.0,OK,42
2026-01-01T00:24:05Z,O320_CLASS-SIM-01,O320_CLASS,HIGH_ALTITUDE_ISR,5692.005481167682,-26.994749175574057,1408.5403315703568,0.39971663273810065,23.703802106518623,646.1658171971654,58.66577477731545,24.78878094396421,15.122803358926634,0.4447358599781349,13.762341378160606,5.793341540456763,24.71660086672552,DESCENT,HEALTHY,False,0.0,1.0,OK,42
2026-01-01T00:24:06Z,O320_CLASS-SIM-01,O320_CLASS,HIGH_ALTITUDE_ISR,5672.145542874336,-26.679377851377755,1377.880871974465,0.39747392930099246,22.830160911488505,644.5018047149165,58.39776922446328,25.637625457330014,14.930130081683318,0.4811876846808336,13.74439349843033,6.150382143578124,24.592031689456544,DESCENT,HEALTHY,False,0.0,1.0,OK,42
2026-01-01T00:24:07Z,O320_CLASS-SIM-01,O320_CLASS,HIGH_ALTITUDE_ISR,5650.40704342731,-26.764417974964275,1377.8485134281166,0.397916463363072,20.766662138209245,649.6602263842539,58.32385217712355,23.821042055501238,14.857788159363883,0.47033555860985593,13.743341282089107,6.383056847228488,24.62645014856479,DESCENT,HEALTHY,False,0.0,1.0,OK,42
2026-01-01T00:24:08Z,O320_CLASS-SIM-01,O320_CLASS,HIGH_ALTITUDE_ISR,5628.785756371885,-26.56023771386511,1379.9001504873377,0.3940282612738567,21.368849110398045,644.2034563912961,58.03660810382477,24.236417366397273,14.869128965548551,0.4009099757549489,13.757132936162412,5.491562382802908,24.593738873482565,DESCENT,HEALTHY,False,0.0,1.0,OK,42
2026-01-01T00:24:09Z,O320_CLASS-SIM-01,O320_CLASS,HIGH_ALTITUDE_ISR,5608.2169388204065,-26.52773841405478,1370.8064979463438,0.40088542920561393,21.87239237718658,646.7813356903706,57.997841819518335,24.812446550085408,14.92299616301244,0.4240190656609441,13.739259609920422,5.77560636947489,24.6008775054377,DESCENT,HEALTHY,False,0.0,1.0,OK,42
2026-01-01T00:24:10Z,O320_CLASS-SIM-01,O320_CLASS,HIGH_ALTITUDE_ISR,5586.970903070355,-26.31876443932439,1346.8299375949757,0.4011842869906287,19.38601712388311,642.2526143060209,57.35794387996707,22.95258413316577,14.877383975586968,0.44170291661041494,13.753096995359472,5.884662040076348,24.497578170455167,DESCENT,HEALTHY,False,0.0,1.0,OK,42
2026-01-01T00:24:11Z,O320_CLASS-SIM-01,O320_CLASS,HIGH_ALTITUDE_ISR,5562.497749046786,-25.835141091705985,1359.166918224992,0.39852629912811977,19.505781720502707,643.9972776689115,57.54292380968383,23.617813060966377,14.807213945790878,0.3759241816096615,13.71094038373049,6.2754624216104,24.52345379983182,DESCENT,HEALTHY,False,0.0,1.0,OK,42
2026-01-01T00:24:12Z,O320_CLASS-SIM-01,O320_CLASS,HIGH_ALTITUDE_ISR,5543.542030857438,-26.091932836482695,1333.4161403518265,0.397452446557252,20.03884119804027,646.3227286714098,58.133663473081015,24.00683690420678,14.822250366759482,0.46105073944017716,13.765741739016773,6.004006920416458,24.55370244642285,DESCENT,HEALTHY,False,0.0,1.0,OK,42
2026-01-01T00:24:13Z,O320_CLASS-SIM-01,O320_CLASS,HIGH_ALTITUDE_ISR,5518.578518328608,-25.91246375668889,1337.3896942630292,0.39788350158204366,19.395771975546488,646.0779873975424,58.129556756743305,24.23397364976751,14.838096446339158,0.32136700330481294,13.717707322425856,6.45142811428076,24.625102436487637,DESCENT,HEALTHY,False,0.0,1.0,OK,42
2026-01-01T00:24:14Z,O320_CLASS-SIM-01,O320_CLASS,HIGH_ALTITUDE_ISR,5500.33667195657,-25.745194373453216,1342.7824357847937,0.3933547291071514,19.35414681075942,644.3174841733933,57.42721069679933,22.699078293513292,14.871652411520017,0.3779671157902553,13.761765640872364,5.772908436178267,24.557764862988662,DESCENT,HEALTHY,False,0.0,1.0,OK,42
2026-01-01T00:24:15Z,O320_CLASS-SIM-01,O320_CLASS,HIGH_ALTITUDE_ISR,5477.855504422624,-25.423667098508485,1346.0423287668816,0.3944494807763602,20.100741254036127,644.2133072807319,57.61025705350647,23.48904057395565,14.76367917871017,0.4084119359458781,13.763416021359866,5.728303068779523,24.143504667778945,DESCENT,HEALTHY,False,0.0,1.0,OK,42
2026-01-01T00:24:16Z,O320_CLASS-SIM-01,O320_CLASS,HIGH_ALTITUDE_ISR,5458.309696086267,-25.39817545716262,1334.124782022944,0.39738656138219014,20.965454489047104,647.6279109855697,57.891057509865064,23.270296492549626,14.768692134993028,0.3752596001340909,13.765494100109658,5.54754383781109,24.630411024458464,DESCENT,HEALTHY,False,0.0,1.0,OK,42
2026-01-01T00:24:17Z,O320_CLASS-SIM-01,O320_CLASS,HIGH_ALTITUDE_ISR,5433.299719042904,-25.20963228102033,1341.8355107165944,0.39855775878843674,19.216346066295092,644.9877353017571,57.7045254398003,23.30725424954929,14.65923800217997,0.4127904073411265,13.697685071929584,5.532732582004806,24.227743648532805,DESCENT,HEALTHY,False,0.0,1.0,OK,42
2026-01-01T00:24:18Z,O320_CLASS-SIM-01,O320_CLASS,HIGH_ALTITUDE_ISR,5415.528043385242,-25.13283752623078,1345.1642079715891,0.39937495022106856,19.744042631401033,646.3546696449433,57.70284550666794,22.85281558386494,14.767823561901382,0.470470143853612,13.740076376499925,5.905672623946594,24.508743839612876,DESCENT,HEALTHY,False,0.0,1.0,OK,42
2026-01-01T00:24:19Z,O320_CLASS-SIM-01,O320_CLASS,HIGH_ALTITUDE_ISR,5393.353811490819,-25.016494769216408,1338.7678279657475,0.38906019760831534,21.93893724854343,643.1653672523805,57.578014386058236,22.72063004365408,14.654620449595688,0.39668120415817515,13.751671532380072,5.516147257146289,24.482309396034058,DESCENT,HEALTHY,False,0.0,1.0,OK,42
2026-01-01T00:24:20Z,O320_CLASS-SIM-01,O320_CLASS,HIGH_ALTITUDE_ISR,5371.379001389136,-24.77510992859251,1330.6940842035765,0.3944209673899625,20.944416212127813,643.37690518972,57.31294631649668,22.412057158519882,14.68039896036893,0.3830779884317284,13.746698581101436,5.436530846922745,24.575152618085944,DESCENT,HEALTHY,False,0.0,1.0,OK,42
2026-01-01T00:24:21Z,O320_CLASS-SIM-01,O320_CLASS,HIGH_ALTITUDE_ISR,5351.989329643389,-25.061564302958022,1329.0226843062862,0.39783904728288333,21.936946302896292,639.7292350022257,58.001211987371384,24.19341738776747,14.634194867651727,0.45005761519853826,13.747665407064257,5.770976398216744,24.35072219661885,DESCENT,HEALTHY,False,0.0,1.0,OK,42
2026-01-01T00:24:22Z,O320_CLASS-SIM-01,O320_CLASS,HIGH_ALTITUDE_ISR,5330.072971360464,-24.510546468071986,1355.3180540727083,0.3985161353731411,20.02310602619509,652.9003911540049,58.21685023646885,23.32485250984669,14.61949193413285,0.32558416924219197,13.709670586107302,5.457729156576844,24.664749264296013,DESCENT,HEALTHY,False,0.0,1.0,OK,42
2026-01-01T00:24:23Z,O320_CLASS-SIM-01,O320_CLASS,HIGH_ALTITUDE_ISR,5307.873490512863,-24.588434548933837,1340.5284684548735,0.3949210151306522,20.97646478235222,643.0106852851353,57.81845705988439,23.151508856285986,14.619061200207582,0.4502266771322093,13.744176461930783,5.441918934625235,24.585718057417537,DESCENT,HEALTHY,False,0.0,1.0,OK,42
2026-01-01T00:24:24Z,O320_CLASS-SIM-01,O320_CLASS,HIGH_ALTITUDE_ISR,5285.796029080018,-24.295878610244003,1332.2516128725813,0.3968629277413792,22.60681299680964,642.1295377161848,57.82271619049388,22.31110210183861,14.788227683638937,0.4362173187121279,13.76153333225486,5.382196455520862,24.309571800836377,DESCENT,HEALTHY,False,0.0,1.0,OK,42
2026-01-01T00:24:25Z,O320_CLASS-SIM-01,O320_CLASS,HIGH_ALTITUDE_ISR,5265.405126044239,-24.42223097251478,1331.2072616200674,0.39505734507001833,20.144494347660153,646.3161592019487,57.507963597773866,23.711579383951175,14.602963575015039,0.41162674014444245,13.759523393914911,5.838452026202899,24.634519063836947,DESCENT,HEALTHY,False,0.0,1.0,OK,42
2026-01-01T00:24:26Z,O320_CLASS-SIM-01,O320_CLASS,HIGH_ALTITUDE_ISR,5242.1741443394885,-24.17773305834436,1328.4859624269056,0.3908032656494242,19.75859378758757,645.1771111074986,57.25229323818876,22.32224576711732,14.714581056734172,0.4215259571718187,13.71528352000278,5.576879780405294,24.517891683603075,DESCENT,HEALTHY,False,0.0,1.0,OK,42
2026-01-01T00:24:27Z,O320_CLASS-SIM-01,O320_CLASS,HIGH_ALTITUDE_ISR,5220.488894892034,-24.060590011596553,1339.4312618407757,0.3968241789135221,21.373593855856857,643.6874191536328,57.874054418997936,23.064609934965315,14.580385524965187,0.37454258447616007,13.715238327585977,5.977444600962776,24.68965799811435,DESCENT,HEALTHY,False,0.0,1.0,OK,42
2026-01-01T00:24:28Z,O320_CLASS-SIM-01,O320_CLASS,HIGH_ALTITUDE_ISR,5199.384140377639,-23.897361896881645,1350.7233714286576,0.3968767423264045,18.605482634246613,645.2362517080713,57.66947980078755,22.510129080019905,14.642511403296307,0.35836227867963233,13.736992388022385,5.660586245257703,24.233241420184758,DESCENT,HEALTHY,False,0.0,1.0,OK,42
2026-01-01T00:24:29Z,O320_CLASS-SIM-01,O320_CLASS,HIGH_ALTITUDE_ISR,5175.486748666465,-23.522973430718544,1336.5173207303742,0.3985157599120819,22.296512002758575,644.4206522860259,58.631981659353535,23.939707608860612,14.583381406038532,0.2830220185425,13.773880632064772,5.693007100584167,24.521131673838376,DESCENT,HEALTHY,False,0.0,1.0,OK,42
2026-01-01T00:24:30Z,O320_CLASS-SIM-01,O320_CLASS,HIGH_ALTITUDE_ISR,5156.799602878103,-23.693007111018417,1339.1798965291812,0.39546089361950915,19.493217097678492,644.8664112696612,57.09197378330006,23.330923891295114,14.552500489895056,0.4229729171105016,13.73124939862349,5.610533293427569,24.780861466906128,DESCENT,HEALTHY,False,0.0,1.0,OK,42
2026-01-01T00:24:31Z,O320_CLASS-SIM-01,O320_CLASS,HIGH_ALTITUDE_ISR,5135.254424380238,-23.448229079562836,1347.4394944453713,0.3902786827447551,21.408204738778785,648.3330083581385,57.91292500436063,20.629586410915728,14.587588439992752,0.33525405035902517,13.78703259118236,5.946887090021473,24.514309372899223,DESCENT,HEALTHY,False,0.0,1.0,OK,42
2026-01-01T00:24:32Z,O320_CLASS-SIM-01,O320_CLASS,HIGH_ALTITUDE_ISR,5112.481047490004,-23.0187130112784,1340.8165307918107,0.3972615357845948,20.215049846517978,647.1959569676237,57.52247473785427,24.534717240221177,14.62345225813025,0.44382164024956117,13.75867298060067,5.671283337733631,24.54522713265169,DESCENT,HEALTHY,False,0.0,1.0,OK,42
2026-01-01T00:24:33Z,O320_CLASS-SIM-01,O320_CLASS,HIGH_ALTITUDE_ISR,5095.020953620781,-22.951061282485558,1344.181835861476,0.3897379439371252,20.858971890629658,642.413016337259,57.7240795314899,23.3986494316634,14.514621595151201,0.40094372118800053,13.81801394280054,5.604194589114691,24.57069381401378,DESCENT,HEALTHY,False,0.0,1.0,OK,42
2026-01-01T00:24:34Z,O320_CLASS-SIM-01,O320_CLASS,HIGH_ALTITUDE_ISR,5074.9621061866865,-22.83489373143439,1338.079783225489,0.3937279978462138,20.453928737121192,649.6752055558153,58.1992009326258,21.361349259841095,14.53518595441371,0.383180440156849,13.722963711717442,4.75663147094825,24.346827004557568,DESCENT,HEALTHY,False,0.0,1.0,OK,42
2026-01-01T00:24:35Z,O320_CLASS-SIM-01,O320_CLASS,HIGH_ALTITUDE_ISR,5049.994584088771,-22.903792702421732,1335.4263355741302,0.39313848480512525,20.279734423571902,645.000120310435,58.26580060130732,23.712995447093824,14.526912501502196,0.34093816695185397,13.74707134494568,5.959322349380278,24.3319774067892,DESCENT,HEALTHY,False,0.0,1.0,OK,42
2026-01-01T00:24:36Z,O320_CLASS-SIM-01,O320_CLASS,HIGH_ALTITUDE_ISR,5029.465247797427,-22.671530749212156,1359.511827256655,0.39363764578446403,19.021738858579997,648.093518254184,58.028649884340446,23.442071421172727,14.504785621765645,0.40729942370474387,13.75540418011976,5.3011462171649075,24.49357236419042,DESCENT,HEALTHY,False,0.0,1.0,OK,42
2026-01-01T00:24:37Z,O320_CLASS-SIM-01,O320_CLASS,HIGH_ALTITUDE_ISR,5006.187367795826,-22.773768877707944,1340.9137453926753,0.39522456762714386,21.301406216758185,648.7004933978196,57.83188586030089,24.33220022758023,14.560419632684232,0.34159452026588494,13.726372100800376,5.527808282176727,24.665463814,DESCENT,HEALTHY,False,0.0,1.0,OK,42
2026-01-01T00:24:38Z,O320_CLASS-SIM-01,O320_CLASS,HIGH_ALTITUDE_ISR,4987.3293218109675,-22.56912449164189,1344.323076958319,0.39165510317481206,19.6582698051795,645.0745596144392,58.290033028626965,23.9391037265751,14.558801697808862,0.3947055823397504,13.722742615959332,5.706064564015435,24.61447521421024,DESCENT,HEALTHY,False,0.0,1.0,OK,42
2026-01-01T00:24:39Z,O320_CLASS-SIM-01,O320_CLASS,HIGH_ALTITUDE_ISR,4966.494750763937,-22.44002938801507,1331.912917738781,0.3923861739219879,21.168605836912715,647.3947442972794,58.00344943262394,22.967258138137275,14.511905168782391,0.2978296135658717,13.74933976163813,5.137196493660956,24.654896514490435,DESCENT,HEALTHY,False,0.0,1.0,OK,42
2026-01-01T00:24:40Z,O320_CLASS-SIM-01,O320_CLASS,HIGH_ALTITUDE_ISR,4945.189375059009,-22.10747490476218,1332.1273929015147,0.39281491737131846,22.062259141348402,647.7662100936892,58.20890936670971,23.770910834205235,14.489458797292398,0.38277861900809035,13.695852034163131,6.2436011065230685,24.475816041555436,DESCENT,HEALTHY,False,0.0,1.0,OK,42
2026-01-01T00:24:41Z,O320_CLASS-SIM-01,O320_CLASS,HIGH_ALTITUDE_ISR,4922.728730860122,-22.058511993545146,1332.0499806065316,0.3947167090264411,18.476625210794374,647.5301172030678,57.915744030156674,24.323958962319463,14.48630880290317,0.37956693884931536,13.725190565250655,5.879203262508794,24.540473467775577,DESCENT,HEALTHY,False,0.0,1.0,OK,42
2026-01-01T00:24:42Z,O320_CLASS-SIM-01,O320_CLASS,HIGH_ALTITUDE_ISR,4899.967896350354,-21.93525272075426,1361.4203328437773,0.38906253869435997,17.96677883300649,646.5341844167134,57.638894658603185,25.250614653186986,14.55036643186446,0.38667251148767495,13.768741217735204,5.7967823115657255,24.77014938576474,DESCENT,HEALTHY,False,0.0,1.0,OK,42
2026-01-01T00:24:43Z,O320_CLASS-SIM-01,O320_CLASS,HIGH_ALTITUDE_ISR,4878.951473657174,-21.81287585561622,1346.3173267621696,0.38623089514171355,19.77642757870364,649.5528642993947,57.98659956613709,24.7209809038834,14.543048986133455,0.4295611368706654,13.79652717641044,5.787438975314327,24.407075120780338,DESCENT,HEALTHY,False,0.0,1.0,OK,42
2026-01-01T00:24:44Z,O320_CLASS-SIM-01,O320_CLASS,HIGH_ALTITUDE_ISR,4853.67257415702,-21.42470255737743,1349.0188664473178,0.39157516024487293,18.98575167945661,649.3145262589333,57.646452303842366,24.565875786852708,14.500317805978062,0.40336445587785513,13.719350397148077,5.8155491305231966,24.346236016710932,DESCENT,HEALTHY,False,0.0,1.0,OK,42
2026-01-01T00:24:45Z,O320_CLASS-SIM-01,O320_CLASS,HIGH_ALTITUDE_ISR,4834.6855801539405,-21.299356850009215,1337.105339678527,0.39283831337344954,19.92937894061667,642.8622216811916,58.29876663701581,24.954449032980932,14.515357499285148,0.42559971496374044,13.798825254722539,5.724506055692567,24.546841255077133,DESCENT,HEALTHY,False,0.0,1.0,OK,42
2026-01-01T00:24:46Z,O320_CLASS-SIM-01,O320_CLASS,HIGH_ALTITUDE_ISR,4814.842493181641,-21.344287298862398,1332.5667852234371,0.39130285999122427,21.459304075536775,648.5225423097954,57.32964479223919,25.69852692857357,14.472715432122287,0.301568745141389,13.784425112106348,5.437244316979178,24.721237734112254,DESCENT,HEALTHY,False,0.0,1.0,OK,42
2026-01-01T00:24:47Z,O320_CLASS-SIM-01,O320_CLASS,HIGH_ALTITUDE_ISR,4794.57880295804,-21.18774131962091,1349.0782459784598,0.3955224403059134,21.001939255438863,647.7410352806601,58.915921703200404,25.0301551564797,14.509821123767978,0.34774113124470096,13.703685886381718,5.60098099651899,24.45977143476341,DESCENT,HEALTHY,False,0.0,1.0,OK,42
2026-01-01T00:24:48Z,O320_CLASS-SIM-01,O320_CLASS,HIGH_ALTITUDE_ISR,4771.922466805188,-21.227251371301865,1350.8582337136759,0.38881541942810316,20.53027445035119,649.5642056741685,57.60571070786473,24.28182776088979,14.550458042082374,0.4200461420187341,13.758526285813993,6.0393825477500105,24.466382638176125,DESCENT,HEALTHY,False,0.0,1.0,OK,42
2026-01-01T00:24:49Z,O320_CLASS-SIM-01,O320_CLASS,HIGH_ALTITUDE_ISR,4749.069239184711,-21.025255309655932,1344.880296154131,0.39182121873374104,21.465874950271626,647.3670481755114,58.25282670784622,24.999375241425223,14.426744603207585,0.33281724860079676,13.738819428618367,5.354457217614562,24.75520468869641,DESCENT,HEALTHY,False,0.0,1.0,OK,42
2026-01-01T00:24:50Z,O320_CLASS-SIM-01,O320_CLASS,HIGH_ALTITUDE_ISR,4729.230373210897,-20.75005651308896,1359.6889299656448,0.3874748303414221,19.632469437600882,652.3888692124751,57.71363104568973,27.24717612500247,14.497657410248761,0.4372470539952044,13.79409319173925,5.671370079760522,24.38043216096938,DESCENT,HEALTHY,False,0.0,1.0,OK,42
2026-01-01T00:24:51Z,O320_CLASS-SIM-01,O320_CLASS,HIGH_ALTITUDE_ISR,4706.969696663037,-20.74446844692562,1345.55581470018,0.3898721402824625,21.823504090855245,648.9543150566668,58.71997287494452,23.68196880137059,14.390081387022809,0.3707365640511887,13.798860988065831,5.642924971652345,24.233377250669417,DESCENT,HEALTHY,False,0.0,1.0,OK,42
2026-01-01T00:24:52Z,O320_CLASS-SIM-01,O320_CLASS,HIGH_ALTITUDE_ISR,4685.346599060063,-20.636782595806103,1335.1054878060372,0.3936801953178475,19.374375068161523,647.9854779677355,57.741429986956284,25.329155986657838,14.401460668411659,0.3724654721976244,13.764243112944346,6.024329819216607,24.595555383009753,DESCENT,HEALTHY,False,0.0,1.0,OK,42
2026-01-01T00:24:53Z,O320_CLASS-SIM-01,O320_CLASS,HIGH_ALTITUDE_ISR,4662.457113939534,-20.169577280121665,1350.2293477308845,0.38823468498290004,20.015206254201356,649.0648128235828,57.80112843258787,26.036095777255422,14.392910066966333,0.464544736976885,13.696287488313008,5.813487425633617,24.508344712732406,DESCENT,HEALTHY,False,0.0,1.0,OK,42
2026-01-01T00:24:54Z,O320_CLASS-SIM-01,O320_CLASS,HIGH_ALTITUDE_ISR,4643.821557947324,-20.28482698131869,1355.9511424141735,0.38906975292235774,18.3741143368903,644.9785970150626,57.8358920484532,24.49696905606997,14.518650570720746,0.4267290248793402,13.809011428402616,6.098736027207309,24.400435772126578,DESCENT,HEALTHY,False,0.0,1.0,OK,42
2026-01-01T00:24:55Z,O320_CLASS-SIM-01,O320_CLASS,HIGH_ALTITUDE_ISR,4620.1245772345965,-20.44095161661034,1343.519788060423,0.3926186072989735,18.805530580884582,647.2723777358244,57.56789271696375,26.197145523120753,14.485500922061805,0.3231445870131747,13.713812974798314,6.039392604334786,24.563074713298718,DESCENT,HEALTHY,False,0.0,1.0,OK,42
2026-01-01T00:24:56Z,O320_CLASS-SIM-01,O320_CLASS,HIGH_ALTITUDE_ISR,4599.610929157978,-19.643937585711043,1336.0218966989812,0.390751315871271,19.718939423430463,649.395126217149,56.83857878562393,25.81217390439568,14.45061170945918,0.382120760655052,13.791945429668381,5.972548188652129,24.309224469499355,DESCENT,HEALTHY,False,0.0,1.0,OK,42
2026-01-01T00:24:57Z,O320_CLASS-SIM-01,O320_CLASS,HIGH_ALTITUDE_ISR,4579.807417548431,-19.909613684298535,1347.5470894960922,0.3900027326890914,18.80085220535114,649.9276977148604,57.595024155199525,25.6803402474261,14.441683385308263,0.3511561289698822,13.727721761311372,5.926747190566439,24.46918830741247,DESCENT,HEALTHY,False,0.0,1.0,OK,42
2026-01-01T00:24:58Z,O320_CLASS-SIM-01,O320_CLASS,HIGH_ALTITUDE_ISR,4554.961677899904,-19.493082364670357,1344.035365357001,0.3856860368129406,16.797271178463436,650.3005628911455,57.456934051627705,25.27451299975801,14.430903724114552,0.41676790758267956,13.730754150925648,5.893981489262642,24.761035783767355,DESCENT,HEALTHY,False,0.0,1.0,OK,42
2026-01-01T00:24:59Z,O320_CLASS-SIM-01,O320_CLASS,HIGH_ALTITUDE_ISR,4537.734280620746,-19.303484292863338,1349.9747881630637,0.38740621438259304,19.742332421839215,649.2255553840935,57.301639312736235,25.779260743756726,14.32013261333235,0.3938850253657252,13.756899360548601,5.502009200812234,24.575775226552082,DESCENT,HEALTHY,False,0.0,1.0,OK,42
2026-01-01T00:25:00Z,O320_CLASS-SIM-01,O320_CLASS,HIGH_ALTITUDE_ISR,4512.718813736822,-19.446332353883733,1353.879917429607,0.38995286965549036,18.858357892656453,648.7855114975055,57.49687200461688,26.362520394643155,14.391302327004416,0.4068336449495162,13.763975101699865,5.732843893151212,24.290825484085765,DESCENT,HEALTHY,False,0.0,1.0,OK,42
2026-01-01T00:25:01Z,O320_CLASS-SIM-01,O320_CLASS,HIGH_ALTITUDE_ISR,4493.439557816106,-19.120911625891992,1353.3215022318725,0.38645778503788364,20.916251024394672,644.9940508822414,57.6398264238171,26.42601528815068,14.313584147472497,0.3727321128901308,13.76113343349495,5.207479100483573,24.39329825439119,DESCENT,HEALTHY,False,0.0,1.0,OK,42
2026-01-01T00:25:02Z,O320_CLASS-SIM-01,O320_CLASS,HIGH_ALTITUDE_ISR,4468.805970030179,-18.75805489663819,1349.6846459363655,0.3879500712660747,20.10083877396156,649.8802021607905,58.20718238301558,25.52200604848755,14.434811437842903,0.43413524134879594,13.752539368787815,5.633610707403545,23.98699005783192,DESCENT,HEALTHY,False,0.0,1.0,OK,42
2026-01-01T00:25:03Z,O320_CLASS-SIM-01,O320_CLASS,HIGH_ALTITUDE_ISR,4448.134013256701,-18.847172608560548,1357.7647156082685,0.3889576738442337,19.73677660020184,653.2653744362793,58.22176538991168,26.58455673811526,14.471009869622026,0.34039733637708414,13.71041540775536,5.557389162782462,24.33851220373961,DESCENT,HEALTHY,False,0.0,1.0,OK,42
2026-01-01T00:25:04Z,O320_CLASS-SIM-01,O320_CLASS,HIGH_ALTITUDE_ISR,4428.024031149698,-18.66600068125412,1348.0633681512904,0.38728499376634773,19.90397622604758,642.7517006624275,57.21737364869678,26.718459930822217,14.312363505303239,0.3749144424522245,13.796735399157205,5.643427659232431,24.25388843834699,DESCENT,HEALTHY,False,0.0,1.0,OK,42
2026-01-01T00:25:05Z,O320_CLASS-SIM-01,O320_CLASS,HIGH_ALTITUDE_ISR,4405.953207461961,-18.389842185079736,1360.7709542162681,0.38829492947447236,17.964660469851978,649.3813781085602,57.98074732987188,27.174529125955775,14.318618837846502,0.3696227364080221,13.73546112002146,5.375147961721798,24.65701867403844,DESCENT,HEALTHY,False,0.0,1.0,OK,42
2026-01-01T00:25:06Z,O320_CLASS-SIM-01,O320_CLASS,HIGH_ALTITUDE_ISR,4387.037756406831,-18.549882273530365,1351.5045952121502,0.387684163685543,22.65781825308561,650.8776685714283,58.16497492355978,27.312143325371,14.318011482486586,0.43937854460283854,13.774261836234201,5.453409273435912,24.520108696440158,DESCENT,HEALTHY,False,0.0,1.0,OK,42
2026-01-01T00:25:07Z,O320_CLASS-SIM-01,O320_CLASS,HIGH_ALTITUDE_ISR,4365.541793418349,-18.68223178630109,1341.4846089918428,0.38743187885842906,17.54419655571534,644.3628298315962,57.72668890694975,27.802907484175773,14.35923900766333,0.44730839310327175,13.757202780747605,5.567011751327304,24.255834376504392,DESCENT,HEALTHY,False,0.0,1.0,OK,42
2026-01-01T00:25:08Z,O320_CLASS-SIM-01,O320_CLASS,HIGH_ALTITUDE_ISR,4342.280201432506,-18.122442032371943,1355.0623835409585,0.3870371745213936,20.517752682922776,652.0510573563575,57.86879680224837,28.631672905409616,14.288638481993832,0.3810231659356881,13.740351144483903,5.857733341674255,24.299676634853522,DESCENT,HEALTHY,False,0.0,1.0,OK,42
2026-01-01T00:25:09Z,O320_CLASS-SIM-01,O320_CLASS,HIGH_ALTITUDE_ISR,4320.945923215317,-18.368237187909113,1353.972884877486,0.3888031043609748,20.962199648369083,650.9736380961763,58.17827061380196,28.225932628036794,14.348315474041437,0.4110538630231988,13.735147040547789,5.608892682409197,24.462298164345565,DESCENT,HEALTHY,False,0.0,1.0,OK,42
2026-01-01T00:25:10Z,O320_CLASS-SIM-01,O320_CLASS,HIGH_ALTITUDE_ISR,4299.496442291952,-18.18494644540523,1339.5154419823298,0.3865710633411581,20.96488545959002,649.047424386885,58.95226951272487,27.058924557048073,14.332471543868854,0.4354880664801714,13.786829266873045,5.8220936329812725,24.612213530398467,DESCENT,HEALTHY,False,0.0,1.0,OK,42
2026-01-01T00:25:11Z,O320_CLASS-SIM-01,O320_CLASS,HIGH_ALTITUDE_ISR,4278.654520092918,-17.561282023991218,1359.8387915219798,0.38420824321127733,20.272907290185934,645.2378585953899,58.45889458564086,28.102858371632873,14.370295705272595,0.3794084195910487,13.699212462726974,6.317056565945275,24.471253860868444,DESCENT,HEALTHY,False,0.0,1.0,OK,42
2026-01-01T00:25:12Z,O320_CLASS-SIM-01,O320_CLASS,HIGH_ALTITUDE_ISR,4255.642544207758,-17.49956422816996,1366.0387485272004,0.3853094093653717,19.777471626529273,649.7832763709207,57.40963688148228,27.49984556902431,14.384589872593654,0.37843734044046595,13.729815398390599,5.5440938578076135,24.61243066143863,DESCENT,HEALTHY,False,0.0,1.0,OK,42
2026-01-01T00:25:13Z,O320_CLASS-SIM-01,O320_CLASS,HIGH_ALTITUDE_ISR,4232.750440386602,-17.493945372539805,1369.6283783582392,0.38957799827045114,20.594406201468438,652.5613580397651,58.38060968874821,28.080758774309746,14.334373683386124,0.45521191738505573,13.71707094599912,5.800658589754118,24.505646339872218,DESCENT,HEALTHY,False,0.0,1.0,OK,42
2026-01-01T00:25:14Z,O320_CLASS-SIM-01,O320_CLASS,HIGH_ALTITUDE_ISR,4214.440461013176,-17.39066214700734,1351.9630925141787,0.3859486047131593,21.259363391250645,650.5436590745662,57.79059047420492,27.63870658925501,14.257156186224458,0.394058359983187,13.733843482168115,5.892358567491356,24.515852592536326,DESCENT,HEALTHY,False,0.0,1.0,OK,42
2026-01-01T00:25:15Z,O320_CLASS-SIM-01,O320_CLASS,HIGH_ALTITUDE_ISR,4194.57243398723,-17.349394311716495,1343.6406616676504,0.387391162071583,20.083892040196442,648.9282307230508,58.1450751376215,28.969138006579197,14.210638356736398,0.43894076063779214,13.742755272394,6.080289117794554,24.25123271231437,DESCENT,HEALTHY,False,0.0,1.0,OK,42
2026-01-01T00:25:16Z,O320_CLASS-SIM-01,O320_CLASS,HIGH_ALTITUDE_ISR,4171.9046697522945,-17.142128894426502,1334.6671614372226,0.38623705087673826,17.630603443577073,648.7875378041751,58.31119884126148,28.14540601346187,14.220891987502513,0.4155125750490978,13.747623900882147,5.553416877518503,24.64243594265001,DESCENT,HEALTHY,False,0.0,1.0,OK,42
2026-01-01T00:25:17Z,O320_CLASS-SIM-01,O320_CLASS,HIGH_ALTITUDE_ISR,4148.249081897272,-17.043941088320587,1357.5808161107452,0.3822583275112032,22.08158164317081,649.0567979930888,58.223185190543354,29.39695108718901,14.2511203779065,0.36428131298462796,13.753862552479886,5.832251942343314,24.30314679468806,DESCENT,HEALTHY,False,0.0,1.0,OK,42
2026-01-01T00:25:18Z,O320_CLASS-SIM-01,O320_CLASS,HIGH_ALTITUDE_ISR,4126.7665406883325,-16.613083877451245,1344.9509656370756,0.38523197728786635,19.720812037379176,649.2864948200108,58.44942358475418,28.760539113063242,14.233553481698637,0.3725967740121935,13.740089868874467,5.485959169698611,24.37611832519851,DESCENT,HEALTHY,False,0.0,1.0,OK,42
2026-01-01T00:25:19Z,O320_CLASS-SIM-01,O320_CLASS,HIGH_ALTITUDE_ISR,4109.63767231219,-16.58970524736951,1348.2491646866429,0.3862887080946345,18.0715696992675,653.2026273179757,58.39923132616479,30.747508649882203,14.294636316488678,0.4008185040481013,13.793970050197466,5.496432329650587,24.3916490970391,DESCENT,HEALTHY,False,0.0,1.0,OK,42
2026-01-01T00:25:20Z,O320_CLASS-SIM-01,O320_CLASS,HIGH_ALTITUDE_ISR,4085.6179184866073,-16.35181062750781,1344.3450055231688,0.38220286073184484,20.273244546609998,651.6395607753273,57.603845967072225,29.624630954628138,14.30514661790865,0.43129143374108286,13.765876923936448,5.629639976310387,24.711232714757994,DESCENT,HEALTHY,False,0.0,1.0,OK,42
2026-01-01T00:25:21Z,O320_CLASS-SIM-01,O320_CLASS,HIGH_ALTITUDE_ISR,4064.3088202774547,-16.276803949914882,1367.0399435285563,0.38559910758783134,18.80653567377845,646.8305112315584,57.769943459149744,29.785832527633886,14.251637807675818,0.47150021325836583,13.768372216695026,5.569835715921654,24.280816834666282,DESCENT,HEALTHY,False,0.0,1.0,OK,42
2026-01-01T00:25:22Z,O320_CLASS-SIM-01,O320_CLASS,HIGH_ALTITUDE_ISR,4044.627798923993,-16.279480612952693,1339.5065966699156,0.3837746799359893,18.822253725854104,648.9463386741699,57.895396891292265,28.624102749986818,14.197693134063314,0.35339622289462913,13.733844324234072,5.399099377073558,24.37833382791145,DESCENT,HEALTHY,False,0.0,1.0,OK,42
2026-01-01T00:25:23Z,O320_CLASS-SIM-01,O320_CLASS,HIGH_ALTITUDE_ISR,4020.086523765911,-16.05129809688934,1353.3445018236132,0.38592117648172763,22.295724142869037,651.7861399177467,58.076687621191006,30.07059662359299,14.238083583566642,0.38511319672781835,13.75452578280183,5.3950973803848274,24.576518189600232,DESCENT,HEALTHY,False,0.0,1.0,OK,42
2026-01-01T00:25:24Z,O320_CLASS-SIM-01,O320_CLASS,HIGH_ALTITUDE_ISR,3999.953057785214,-15.78257215385641,1359.24193834886,0.3820814300887814,21.542694565693793,643.7733981467974,58.67288365026195,28.537716645850413,14.232193531270077,0.4001461972910267,13.789159704449961,5.567752912535021,24.12878561054172,DESCENT,HEALTHY,False,0.0,1.0,OK,42
2026-01-01T00:25:25Z,O320_CLASS-SIM-01,O320_CLASS,HIGH_ALTITUDE_ISR,3978.0804967043605,-15.89358863108925,1335.7104275420795,0.3832256638528421,18.771071695700645,651.8804222275288,57.806309822411976,31.307554489405124,14.187316755799653,0.4002096501659943,13.749098779663719,5.243524187237699,24.41984093605563,DESCENT,HEALTHY,False,0.0,1.0,OK,42
2026-01-01T00:25:26Z,O320_CLASS-SIM-01,O320_CLASS,HIGH_ALTITUDE_ISR,3958.2729773046176,-15.631130100578849,1349.941296840582,0.38002299570267606,20.851313222259186,651.3889131961005,58.24606223944139,29.649649778013693,14.108598709395773,0.4042889768850987,13.755259452754542,5.996678173833204,24.45479372745621,DESCENT,HEALTHY,False,0.0,1.0,OK,42
2026-01-01T00:25:27Z,O320_CLASS-SIM-01,O320_CLASS,HIGH_ALTITUDE_ISR,3935.6460853805015,-15.519554686362959,1347.6958274561316,0.38144782379584813,19.97679762591812,648.1216991094785,57.821023702704636,31.550900756708263,14.237644897144587,0.39520477849931834,13.80212694889684,5.441951077352198,24.82398701870535,DESCENT,HEALTHY,False,0.0,1.0,OK,42
2026-01-01T00:25:28Z,O320_CLASS-SIM-01,O320_CLASS,HIGH_ALTITUDE_ISR,3913.594960509376,-15.142286258530774,1368.6506995275506,0.37903322292608815,21.871529477812985,649.7954911158284,57.689446299893596,30.549321754987897,14.127817215016659,0.40290795692159476,13.727395776398312,5.69186466737572,24.650664070199664,DESCENT,HEALTHY,False,0.0,1.0,OK,42
2026-01-01T00:25:29Z,O320_CLASS-SIM-01,O320_CLASS,HIGH_ALTITUDE_ISR,3893.436919760293,-15.35754016666361,1357.1713247249988,0.37952830935726006,19.121569202628564,649.5121688954985,58.2353533712105,30.584653868946777,14.197675090379983,0.3816777053386771,13.732019685648858,6.019045700833918,24.345630689359325,DESCENT,HEALTHY,False,0.0,1.0,OK,42
2026-01-01T00:25:30Z,O320_CLASS-SIM-01,O320_CLASS,HIGH_ALTITUDE_ISR,3872.057129853133,-15.181101412258794,1357.5289030990189,0.3809318831724233,21.409032603362697,654.1161499629375,58.32112988475766,30.516559595210246,14.141868314968493,0.49560253391593334,13.725957087135114,5.866747346260814,24.50015884361091,DESCENT,HEALTHY,False,0.0,1.0,OK,42
2026-01-01T00:25:31Z,O320_CLASS-SIM-01,O320_CLASS,HIGH_ALTITUDE_ISR,3849.9061938367354,-14.99722555903992,1349.1285181674962,0.38279855553093495,20.54406024776347,657.4472304576672,58.356924698849966,30.933647977956912,14.185114364023535,0.456244745471444,13.726636259196482,5.600182135614143,24.16411306738447,DESCENT,HEALTHY,False,0.0,1.0,OK,42
2026-01-01T00:25:32Z,O320_CLASS-SIM-01,O320_CLASS,HIGH_ALTITUDE_ISR,3829.4095893346716,-14.758488223132641,1345.4310835895637,0.3846161917820332,19.319697080841777,649.9796005087659,57.98042511515849,31.926816562282593,14.106142404234845,0.3942584224267461,13.779037505578842,5.787410096353356,24.540938205484597,DESCENT,HEALTHY,False,0.0,1.0,OK,42
2026-01-01T00:25:33Z,O320_CLASS-SIM-01,O320_CLASS,HIGH_ALTITUDE_ISR,3808.2851074761197,-14.829636980119348,1367.0841259692402,0.38132532025127425,19.908647160940564,654.2875391228841,57.68438270623272,31.038232565459587,14.105630486630709,0.48332338970723215,13.825095409292542,5.617161413672567,24.52805216296816,DESCENT,HEALTHY,False,0.0,1.0,OK,42
2026-01-01T00:25:34Z,O320_CLASS-SIM-01,O320_CLASS,HIGH_ALTITUDE_ISR,3785.722085421859,-14.659432780404131,1354.7253032598617,0.38126800347876144,18.395804152019757,651.6587695224109,57.923710768939934,31.162351488206614,14.130620303742239,0.3680859237903087,13.78212656043724,5.7774362323343125,24.659427595355044,DESCENT,HEALTHY,False,0.0,1.0,OK,42
2026-01-01T00:25:35Z,O320_CLASS-SIM-01,O320_CLASS,HIGH_ALTITUDE_ISR,3765.027808932426,-14.497498125629432,1358.8891226638045,0.37718956733231573,22.76478743309937,651.7699287405785,58.81843649432176,30.347724675876584,14.071341957589182,0.3970784928841768,13.766798869655677,5.728146665220944,24.477842720844123,DESCENT,HEALTHY,False,0.0,1.0,OK,42
2026-01-01T00:25:36Z,O320_CLASS-SIM-01,O320_CLASS,HIGH_ALTITUDE_ISR,3741.914967115753,-14.551374797683204,1356.407261357851,0.3783871969517842,18.608155416262658,650.2151974143492,58.120951696137766,32.76404429328646,14.168919292425736,0.4397196491640123,13.775576330570708,5.734733608426534,24.825787003708392,DESCENT,HEALTHY,False,0.0,1.0,OK,42
2026-01-01T00:25:37Z,O320_CLASS-SIM-01,O320_CLASS,HIGH_ALTITUDE_ISR,3719.4442880077336,-14.251270261744853,1351.648060127879,0.38254108229668493,19.10664555104377,653.1581808784713,58.184589739468116,31.95517585237331,14.152453653749781,0.44386963734297347,13.754533932378273,5.774996229055917,24.339387105456023,DESCENT,HEALTHY,False,0.0,1.0,OK,42
2026-01-01T00:25:38Z,O320_CLASS-SIM-01,O320_CLASS,HIGH_ALTITUDE_ISR,3698.5528074846006,-13.785275682309472,1348.0203479601923,0.3818381797094614,20.939465391276208,654.2699205167556,57.29349898427111,32.14814770363149,14.102531155963353,0.3582865150795805,13.748529510907632,5.901087886382069,24.559507992936407,DESCENT,HEALTHY,False,0.0,1.0,OK,42
2026-01-01T00:25:39Z,O320_CLASS-SIM-01,O320_CLASS,HIGH_ALTITUDE_ISR,3678.379543384423,-14.081580405324694,1346.1570997163894,0.38186320317699224,18.790379589168055,651.1199750066746,59.03326525655386,31.933536702818287,14.13528955920652,0.33978761866895274,13.719278890162885,5.840291000793013,24.407422908831133,DESCENT,HEALTHY,False,0.0,1.0,OK,42
2026-01-01T00:25:40Z,O320_CLASS-SIM-01,O320_CLASS,HIGH_ALTITUDE_ISR,3658.903289365206,-13.749958585784915,1383.3448749288098,0.3792140905281035,20.81250331763961,649.5129215946672,58.41773328940603,32.12902421974147,14.047866044001875,0.37348390533278014,13.800296970155378,5.978704932781407,24.252571527421722,DESCENT,HEALTHY,False,0.0,1.0,OK,42
2026-01-01T00:25:41Z,O320_CLASS-SIM-01,O320_CLASS,HIGH_ALTITUDE_ISR,3635.1653312486874,-13.34393334369831,1354.5454239721003,0.380527162489416,21.720155704377017,648.5008376390742,57.63309487604649,31.648400403197634,14.148909257354527,0.42691230845188516,13.780778988503732,5.630431696182404,24.63412287396033,DESCENT,HEALTHY,False,0.0,1.0,OK,42
2026-01-01T00:25:42Z,O320_CLASS-SIM-01,O320_CLASS,HIGH_ALTITUDE_ISR,3614.206746439458,-13.39116194100129,1363.3683891534781,0.3833555448969261,20.442955194738662,651.0077041881984,58.53108431298164,33.13560503424619,14.05426600051801,0.34186686058456783,13.795801185366726,5.254235727877635,24.210725112400773,DESCENT,HEALTHY,False,0.0,1.0,OK,42
2026-01-01T00:25:43Z,O320_CLASS-SIM-01,O320_CLASS,HIGH_ALTITUDE_ISR,3592.604700184932,-13.338205471212069,1346.982047889529,0.38000722074024645,20.733429901893267,650.5462795753265,58.79052782796793,32.43271211410566,14.125619941872213,0.3237663276042044,13.712329134177756,5.754130971880912,24.727833266365906,DESCENT,HEALTHY,False,0.0,1.0,OK,42
2026-01-01T00:25:44Z,O320_CLASS-SIM-01,O320_CLASS,HIGH_ALTITUDE_ISR,3569.9136677601164,-13.192779217310541,1345.7708396841683,0.3779278341666501,20.66893272856093,650.5987726330692,57.459028271632114,31.157365064179263,13.967659973143553,0.4010249585670373,13.774246139679342,5.7867032853084375,24.313188901955606,DESCENT,HEALTHY,False,0.0,1.0,OK,42
2026-01-01T00:25:45Z,O320_CLASS-SIM-01,O320_CLASS,HIGH_ALTITUDE_ISR,3551.508926935865,-12.968983199873396,1355.9002655237168,0.3788530091801482,19.682204634844997,652.3937884452588,58.63224031233608,33.26079557678676,14.041918875180134,0.4034533462332042,13.72332021091081,5.820533185475053,24.32489873083839,DESCENT,HEALTHY,False,0.0,1.0,OK,42
2026-01-01T00:25:46Z,O320_CLASS-SIM-01,O320_CLASS,HIGH_ALTITUDE_ISR,3529.606811913346,-12.49035345714313,1351.472467300295,0.38481386058673,21.07425899233651,650.1224348608882,57.671269754045284,34.37330000900149,14.072151986010777,0.359209376915851,13.750303780579126,5.745163657484593,24.44818260298201,DESCENT,HEALTHY,False,0.0,1.0,OK,42
2026-01-01T00:25:47Z,O320_CLASS-SIM-01,O320_CLASS,HIGH_ALTITUDE_ISR,3507.66170586227,-12.53038693693044,1347.1998134414657,0.3800591019253691,20.422780110956197,650.8320326037135,58.422440584084626,31.44303366464149,13.92195818342933,0.3907839372693986,13.752306776180673,5.298713078328219,24.19287260278172,DESCENT,HEALTHY,False,0.0,1.0,OK,42
2026-01-01T00:25:48Z,O320_CLASS-SIM-01,O320_CLASS,HIGH_ALTITUDE_ISR,3488.6102357807913,-12.58769062994892,1356.5721117019075,0.3829619183893475,21.761899147010656,656.5860169126721,57.52571570009589,31.76911146296379,14.063915063761431,0.3983298330745546,13.793986681783839,5.228684704937598,24.554961232961343,DESCENT,HEALTHY,False,0.0,1.0,OK,42
2026-01-01T00:25:49Z,O320_CLASS-SIM-01,O320_CLASS,HIGH_ALTITUDE_ISR,3465.7696172358483,-12.377431332835455,1353.353112835409,0.37941024621620806,19.63020712804537,651.513670843109,57.584656740552624,32.266956385476334,14.013798794306783,0.36205976431112397,13.73377781254818,5.310941547428524,24.743553502086126,DESCENT,HEALTHY,False,0.0,1.0,OK,42
2026-01-01T00:25:50Z,O320_CLASS-SIM-01,O320_CLASS,HIGH_ALTITUDE_ISR,3442.106298442306,-12.329076592541742,1342.726968657725,0.380889901440422,20.78756294770644,651.2195928469297,57.83191649586877,33.70029177037031,13.870981912986014,0.3486769927665318,13.753013858543754,5.60264877971902,24.82515481099527,DESCENT,HEALTHY,False,0.0,1.0,OK,42
2026-01-01T00:25:51Z,O320_CLASS-SIM-01,O320_CLASS,HIGH_ALTITUDE_ISR,3420.9221812229002,-12.090751665476473,1371.4844323224,0.3793174186477673,19.8047669434506,649.2013355419339,58.30829032035997,34.451669917496254,14.038728784783498,0.4309302668406831,13.83438968555917,5.84410771247496,24.28423333804828,DESCENT,HEALTHY,False,0.0,1.0,OK,42
2026-01-01T00:25:52Z,O320_CLASS-SIM-01,O320_CLASS,HIGH_ALTITUDE_ISR,3400.0765911482586,-11.89446772097184,1355.193720768173,0.3807891889674037,20.559798040057956,653.331730558969,57.873982701864726,33.39417510626015,14.014851125757113,0.3171984003022528,13.743428458344912,5.325926561755004,24.38823359659772,DESCENT,HEALTHY,False,0.0,1.0,OK,42
2026-01-01T00:25:53Z,O320_CLASS-SIM-01,O320_CLASS,HIGH_ALTITUDE_ISR,3377.378682916934,-11.808941109278967,1365.5642962431284,0.3786999533880321,19.1461178553878,652.3338648110753,57.47956672388315,33.27961760392957,14.029402122743644,0.42117210929531723,13.770906665969942,5.948312766240984,24.48823633331111,DESCENT,HEALTHY,False,0.0,1.0,OK,42
2026-01-01T00:25:54Z,O320_CLASS-SIM-01,O320_CLASS,HIGH_ALTITUDE_ISR,3356.7925167348453,-11.690379494973682,1364.8223962238555,0.376332608984305,21.149647290719262,651.9267903642109,57.219177870416246,33.88045334774564,13.92511145781487,0.3945648861522343,13.710707281333733,5.453246246360492,24.384207409805757,DESCENT,HEALTHY,False,0.0,1.0,OK,42
2026-01-01T00:25:55Z,O320_CLASS-SIM-01,O320_CLASS,HIGH_ALTITUDE_ISR,3337.516872869753,-11.76217011614075,1349.1646631335868,0.37791122984652686,20.462467465833264,654.7223795965506,57.62204355864965,33.827976277440726,14.106126608610902,0.3718128632338394,13.762413612802257,5.217372939018187,24.321276058343237,DESCENT,HEALTHY,False,0.0,1.0,OK,42
2026-01-01T00:25:56Z,O320_CLASS-SIM-01,O320_CLASS,HIGH_ALTITUDE_ISR,3314.9752953387797,-11.592341804232484,1362.8740900884327,0.3778340043557202,19.169561703361424,655.367680695655,57.53390890445923,33.17828948616947,13.986937422591108,0.4440131681832482,13.726740722263688,5.669025951246288,24.47260310946613,DESCENT,HEALTHY,False,0.0,1.0,OK,42
2026-01-01T00:25:57Z,O320_CLASS-SIM-01,O320_CLASS,HIGH_ALTITUDE_ISR,3293.843182823804,-11.22596684611958,1354.9205718695105,0.3788094127682402,22.376336929267172,657.3727821799538,58.235947133865295,34.04711887365173,13.944553074147445,0.32292112733100375,13.7485638012826,5.659662951675472,24.43275464693698,DESCENT,HEALTHY,False,0.0,1.0,OK,42
2026-01-01T00:25:58Z,O320_CLASS-SIM-01,O320_CLASS,HIGH_ALTITUDE_ISR,3272.325148417797,-11.482411705446713,1356.8922789678404,0.38057684060556224,22.0038143344145,654.5368612990932,58.19565327687805,33.759774390161944,13.873402126014739,0.3995142115079936,13.683495034241679,5.5496650759620225,24.44860943202899,DESCENT,HEALTHY,False,0.0,1.0,OK,42
2026-01-01T00:25:59Z,O320_CLASS-SIM-01,O320_CLASS,HIGH_ALTITUDE_ISR,3249.329214346889,-10.799292540979712,1373.1380657627599,0.3784545123562424,19.728238312003654,657.8834585863191,58.29117806810922,33.429494600337925,13.955569051471436,0.41952065586188053,13.739027076926522,5.665664547447549,24.496610949601124,DESCENT,HEALTHY,False,0.0,1.0,OK,42
2026-01-01T00:26:00Z,O320_CLASS-SIM-01,O320_CLASS,HIGH_ALTITUDE_ISR,3226.9201472691193,-11.026228212877976,1350.5352240674436,0.37792781222188965,19.778886722610245,653.8929964214524,57.49174573579176,33.407294942766214,13.887670946033225,0.36954337198160403,13.762450531021598,5.721199441801533,24.18328676967388,DESCENT,HEALTHY,False,0.0,1.0,OK,42
2026-01-01T00:26:01Z,O320_CLASS-SIM-01,O320_CLASS,HIGH_ALTITUDE_ISR,3206.889898066814,-10.959014387885098,1363.2083042590975,0.37545679082990496,20.801865569996163,651.3847143561392,58.74189235442011,33.41815446937767,13.919614347572265,0.38537915530458206,13.749543990607494,5.438507672497219,24.17735341862483,DESCENT,HEALTHY,False,0.0,1.0,OK,42
2026-01-01T00:26:02Z,O320_CLASS-SIM-01,O320_CLASS,HIGH_ALTITUDE_ISR,3184.677022287951,-10.851050583368053,1372.5649747988148,0.3803230426508469,20.86860760156318,649.81882759152,58.35148366914138,33.79113759868237,13.90498278174278,0.35587019641588435,13.742115438407208,5.540294495297025,24.252065929000242,DESCENT,HEALTHY,False,0.0,1.0,OK,42
2026-01-01T00:26:03Z,O320_CLASS-SIM-01,O320_CLASS,HIGH_ALTITUDE_ISR,3163.232693793228,-10.41486550567765,1359.0593739914552,0.3758458657782157,18.281938551546588,655.7838430764529,57.78629836784005,35.60616144917949,13.932999615392346,0.358491126075442,13.706842805686836,6.172170776220914,24.569564946727958,DESCENT,HEALTHY,False,0.0,1.0,OK,42
2026-01-01T00:26:04Z,O320_CLASS-SIM-01,O320_CLASS,HIGH_ALTITUDE_ISR,3144.151754456677,-10.155747272753537,1361.317526411335,0.3781016254995889,20.417807111098668,655.3420280473755,57.81271547066504,34.4348942346533,13.922984704824755,0.3302265139286773,13.767105187077725,5.5499563006543555,24.150931756677156,DESCENT,HEALTHY,False,0.0,1.0,OK,42
2026-01-01T00:26:05Z,O320_CLASS-SIM-01,O320_CLASS,HIGH_ALTITUDE_ISR,3120.7420785999343,-10.34104391975873,1366.544871795957,0.37576880860340023,22.7609063638852,654.8820863359092,57.847425079822,34.92229513550124,13.89358534184837,0.40039071440795776,13.759063173108588,5.470294347317016,24.45034527892144,DESCENT,HEALTHY,False,0.0,1.0,OK,42
2026-01-01T00:26:06Z,O320_CLASS-SIM-01,O320_CLASS,HIGH_ALTITUDE_ISR,3100.6917709983345,-10.30096323074528,1362.4559485202378,0.37184263380769633,22.38284680571264,654.983527900731,58.72498559283264,34.206713362128994,13.960517671193843,0.4182524553193496,13.751847676883415,5.5327636555050805,24.286274016680604,DESCENT,HEALTHY,False,0.0,1.0,OK,42
2026-01-01T00:26:07Z,O320_CLASS-SIM-01,O320_CLASS,HIGH_ALTITUDE_ISR,3076.552714024848,-10.123399433635258,1350.0717198435739,0.3779930322687685,19.286298706456716,654.1216110402755,58.251824808195614,35.517004189103645,13.918971136376157,0.41862684089440155,13.74398318428955,5.648304227278582,24.405003774703513,DESCENT,HEALTHY,False,0.0,1.0,OK,42
2026-01-01T00:26:08Z,O320_CLASS-SIM-01,O320_CLASS,HIGH_ALTITUDE_ISR,3059.096645529736,-9.556448682907364,1350.7648492813316,0.370540972917966,21.80469545583554,656.5091340197816,58.864611561555925,35.95233764750572,13.959361661546914,0.4471229557671136,13.801350474333537,5.846200598449605,24.256700002674183,DESCENT,HEALTHY,False,0.0,1.0,OK,42
2026-01-01T00:26:09Z,O320_CLASS-SIM-01,O320_CLASS,HIGH_ALTITUDE_ISR,3035.7017429305292,-9.687137064283986,1359.7165841176377,0.3743285499890643,23.035763140203926,652.0249851057055,58.40572695190912,35.74620538730808,13.839566195151226,0.3376062876421716,13.706414062071671,5.7468004652482385,24.439539508910734,DESCENT,HEALTHY,False,0.0,1.0,OK,42
2026-01-01T00:26:10Z,O320_CLASS-SIM-01,O320_CLASS,HIGH_ALTITUDE_ISR,3013.0470481407506,-9.874272911522556,1364.175837274322,0.37385889461914856,20.332383120057248,651.5908600990255,57.994968795289324,36.00008204902732,13.858818166210016,0.33307923849355625,13.75575621969616,5.886290642053215,24.455062521109223,DESCENT,HEALTHY,False,0.0,1.0,OK,42
2026-01-01T00:26:11Z,O320_CLASS-SIM-01,O320_CLASS,HIGH_ALTITUDE_ISR,2992.9597781705875,-9.502421772088173,1353.796275120588,0.3721621416752291,19.22868876565106,657.0379532356401,58.27968086002921,35.82111306029783,13.882975260960333,0.3941515343680868,13.73551011460021,5.54308758984333,24.377888589366002,DESCENT,HEALTHY,False,0.0,1.0,OK,42
2026-01-01T00:26:12Z,O320_CLASS-SIM-01,O320_CLASS,HIGH_ALTITUDE_ISR,2975.1957074538873,-9.161255408067321,1362.456425710367,0.3765414923597832,22.745009046471523,650.7175397962351,58.009865672817426,35.87310866688053,13.891655640170427,0.3715608385888607,13.754637185614776,5.5085671905322435,24.60635903030754,DESCENT,HEALTHY,False,0.0,1.0,OK,42
2026-01-01T00:26:13Z,O320_CLASS-SIM-01,O320_CLASS,HIGH_ALTITUDE_ISR,2947.8349893359077,-9.239103215735101,1346.5640871945998,0.3715518322248146,21.672835384295933,655.0932314450024,57.978045562350616,36.916406682796534,13.9216688266146,0.37770176784531895,13.765152801226773,5.510271339057175,24.543052134819824,DESCENT,HEALTHY,False,0.0,1.0,OK,42
2026-01-01T00:26:14Z,O320_CLASS-SIM-01,O320_CLASS,HIGH_ALTITUDE_ISR,2926.7803378513927,-8.7663390643074,1370.633850469608,0.3710148457048162,20.380607911930095,655.389996067527,57.97234450145685,36.58395429870463,13.828888630356442,0.44141376743796,13.757935802400187,6.228051110493809,24.53942184692151,DESCENT,HEALTHY,False,0.0,1.0,OK,42
2026-01-01T00:26:15Z,O320_CLASS-SIM-01,O320_CLASS,HIGH_ALTITUDE_ISR,2905.118750635487,-8.583454083907595,1370.5042183318326,0.3739745809644477,22.138964901697022,651.4483190132898,57.39022464393046,36.245936632443076,13.908693062534331,0.3962002097268928,13.80900859515061,5.952724226333477,24.452114788523193,DESCENT,HEALTHY,False,0.0,1.0,OK,42
2026-01-01T00:26:16Z,O320_CLASS-SIM-01,O320_CLASS,HIGH_ALTITUDE_ISR,2887.48992109628,-8.528753549264668,1361.274493961828,0.37258832189478336,21.567485657703486,648.4752615006437,58.22848542669404,36.98675410702037,13.839880536893824,0.39410951474509914,13.756476097002462,5.122672084293852,24.698416980511922,DESCENT,HEALTHY,False,0.0,1.0,OK,42
2026-01-01T00:26:17Z,O320_CLASS-SIM-01,O320_CLASS,HIGH_ALTITUDE_ISR,2863.7339710146157,-8.710522661986694,1372.9813193121256,0.37477486125438275,21.762928704197627,656.5125839479987,57.65866233410857,36.47676107079895,13.890298969864979,0.35318767017607366,13.72787740750324,5.641088893473187,24.464341954948228,DESCENT,HEALTHY,False,0.0,1.0,OK,42
2026-01-01T00:26:18Z,O320_CLASS-SIM-01,O320_CLASS,HIGH_ALTITUDE_ISR,2843.828501006903,-8.685294294157375,1341.9242941939794,0.37446151147392537,20.172338842811662,653.1483457800795,57.2517158936702,37.49088504142219,13.835985809415797,0.3926320528142117,13.76697815780903,5.105909536247125,24.30126549427528,DESCENT,HEALTHY,False,0.0,1.0,OK,42
2026-01-01T00:26:19Z,O320_CLASS-SIM-01,O320_CLASS,HIGH_ALTITUDE_ISR,2820.7509807629035,-8.451597129956173,1360.349410751993,0.37291303432599254,22.716672302774196,651.057007177884,58.12583575693442,37.372873594631145,13.76517823169446,0.3724620113362048,13.771918247532758,5.6232662788934595,24.550178397523574,DESCENT,HEALTHY,False,0.0,1.0,OK,42
2026-01-01T00:26:20Z,O320_CLASS-SIM-01,O320_CLASS,HIGH_ALTITUDE_ISR,2800.142047220577,-8.24677938094965,1353.3423630205762,0.37271655933504955,21.666303002740943,652.3596663051353,58.36655946528329,37.949066599972454,13.771295593328105,0.3510212108974754,13.735044486206238,5.200314483784558,24.749730678318777,DESCENT,HEALTHY,False,0.0,1.0,OK,42
2026-01-01T00:26:21Z,O320_CLASS-SIM-01,O320_CLASS,HIGH_ALTITUDE_ISR,2777.8981005006585,-8.189482412326443,1353.912721309677,0.3712478745910216,20.749832670394426,658.5211920843228,57.63861662242004,35.83499490270673,13.824811678299518,0.3757895343673746,13.751327936638262,5.759406558509476,24.469576212968356,DESCENT,HEALTHY,False,0.0,1.0,OK,42
2026-01-01T00:26:22Z,O320_CLASS-SIM-01,O320_CLASS,HIGH_ALTITUDE_ISR,2757.072630762567,-8.132275486717116,1349.7853834259224,0.3704245400628157,20.320951781768258,655.6833200168667,57.42300777915594,36.839194020948206,13.78149533600786,0.37844300378114315,13.770032628293388,5.537381889705181,24.3489580583896,DESCENT,HEALTHY,False,0.0,1.0,OK,42
2026-01-01T00:26:23Z,O320_CLASS-SIM-01,O320_CLASS,HIGH_ALTITUDE_ISR,2737.581005939961,-7.830147760424733,1374.686752407246,0.37097672962809547,21.641128146201634,654.7477672619217,58.23937055383106,36.992148630248394,13.787886815967983,0.4412133199819052,13.789576752567326,5.882472779911686,24.247806013620657,DESCENT,HEALTHY,False,0.0,1.0,OK,42
2026-01-01T00:26:24Z,O320_CLASS-SIM-01,O320_CLASS,HIGH_ALTITUDE_ISR,2712.5155343731644,-7.610194504443605,1369.7035192123762,0.3703903003236885,20.86236684404775,658.6636070009288,58.425630507577175,38.30552687654423,13.753942942650303,0.35913160261510757,13.78662549516193,5.552379798391146,24.357482133471336,DESCENT,HEALTHY,False,0.0,1.0,OK,42
2026-01-01T00:26:25Z,O320_CLASS-SIM-01,O320_CLASS,HIGH_ALTITUDE_ISR,2691.487348202568,-7.580265699517382,1370.7425316516938,0.3682108290167028,22.49350216977912,653.4928502607347,58.07156376819824,37.47325664259099,13.757917976516024,0.36839911135522335,13.744875756740768,5.474729851666004,24.647093155750984,DESCENT,HEALTHY,False,0.0,1.0,OK,42
2026-01-01T00:26:26Z,O320_CLASS-SIM-01,O320_CLASS,HIGH_ALTITUDE_ISR,2671.46614540268,-7.3831779582694805,1358.7892295712395,0.3702158583894847,21.008756560632524,657.2611890967125,57.858655722647214,35.92437719118213,13.764814799012894,0.3686604971674971,13.74068052547746,5.845001867804262,24.03911696567581,DESCENT,HEALTHY,False,0.0,1.0,OK,42
2026-01-01T00:26:27Z,O320_CLASS-SIM-01,O320_CLASS,HIGH_ALTITUDE_ISR,2652.3643660974553,-7.066798335932877,1359.126953621003,0.36993176478996737,22.423300123170552,656.7603340428726,57.910961382325354,36.55907845243363,13.860532619020018,0.4180331292799471,13.763007579451696,5.660585152478262,24.542361588689207,DESCENT,HEALTHY,False,0.0,1.0,OK,42
2026-01-01T00:26:28Z,O320_CLASS-SIM-01,O320_CLASS,HIGH_ALTITUDE_ISR,2629.6830235004973,-7.398669287337488,1361.549672120733,0.369725260722512,21.664537627203035,657.4437782653896,57.452908142560894,36.90431708118829,13.713713731976073,0.385914132666027,13.783313652923196,6.02400250580291,24.40623137781637,DESCENT,HEALTHY,False,0.0,1.0,OK,42
2026-01-01T00:26:29Z,O320_CLASS-SIM-01,O320_CLASS,HIGH_ALTITUDE_ISR,2608.388578507297,-6.839904199688725,1368.8956088303905,0.37038794605683156,21.419392695107,652.937828403974,57.720736490397016,38.39243273311139,13.73803728037997,0.3630723161495488,13.778342118433997,5.565581476980109,24.312229452459643,DESCENT,HEALTHY,False,0.0,1.0,OK,42
2026-01-01T00:26:30Z,O320_CLASS-SIM-01,O320_CLASS,HIGH_ALTITUDE_ISR,2585.3145386107435,-6.68404838006168,1356.5800962905412,0.37065664887317035,21.87323900741699,653.7838693542999,58.060473487449336,36.988562287823086,13.739202265148453,0.3250556989318059,13.79061903038854,5.592244586623936,24.363457438349833,DESCENT,HEALTHY,False,0.0,1.0,OK,42
2026-01-01T00:26:31Z,O320_CLASS-SIM-01,O320_CLASS,HIGH_ALTITUDE_ISR,2566.0265532778035,-6.822634469490888,1358.9930243485678,0.36638118921561924,23.55242213391256,660.4526597512202,57.51282479749577,37.72443728572424,13.73017721770625,0.3589697831579174,13.75755459692127,5.585373935064098,24.510386769978208,DESCENT,HEALTHY,False,0.0,1.0,OK,42
2026-01-01T00:26:32Z,O320_CLASS-SIM-01,O320_CLASS,HIGH_ALTITUDE_ISR,2541.4156946162125,-6.4996724810347954,1356.2520916800709,0.3690175540092067,19.938522150379153,654.8437605782228,57.95762267414016,39.26307037834257,13.71669425801867,0.3844503317157309,13.757868698393198,5.08203374066023,24.149737898073163,DESCENT,HEALTHY,False,0.0,1.0,OK,42
2026-01-01T00:26:33Z,O320_CLASS-SIM-01,O320_CLASS,HIGH_ALTITUDE_ISR,2520.9505549785017,-6.347501716059652,1363.5091507484458,0.3679147391929903,21.77620040468599,655.1220869341415,58.50278160831053,39.21777963448401,13.684961704220969,0.3775060093898729,13.766876528786819,5.720011383727862,24.697196738112662,DESCENT,HEALTHY,False,0.0,1.0,OK,42
2026-01-01T00:26:34Z,O320_CLASS-SIM-01,O320_CLASS,HIGH_ALTITUDE_ISR,2499.9577785529905,-6.07468827936904,1356.3147062310336,0.36816909679534304,19.543881210195988,656.4027710420064,58.45465976594371,36.72621740978672,13.715026370048363,0.403624293999987,13.77505604775566,5.314426138469427,24.56530354831111,DESCENT,HEALTHY,False,0.0,1.0,OK,42
2026-01-01T00:26:35Z,O320_CLASS-SIM-01,O320_CLASS,HIGH_ALTITUDE_ISR,2478.5853853175104,-6.022058642876831,1364.7961431972049,0.3700081064801427,23.48058852486163,655.5991877346815,58.31376924741952,39.90150738737968,13.691934622704933,0.3343930574906027,13.77896866186694,5.9716537539069625,24.642682946785047,DESCENT,HEALTHY,False,0.0,1.0,OK,42
2026-01-01T00:26:36Z,O320_CLASS-SIM-01,O320_CLASS,HIGH_ALTITUDE_ISR,2458.2153387923513,-6.323052209042338,1360.9243164627053,0.3678784180723015,22.2463221191444,660.4146774339747,57.77239506571107,40.826626114185174,13.672468276364276,0.34868599900929786,13.784092036301045,5.843555148558339,24.546888662890776,DESCENT,HEALTHY,False,0.0,1.0,OK,42
2026-01-01T00:26:37Z,O320_CLASS-SIM-01,O320_CLASS,HIGH_ALTITUDE_ISR,2434.5601025140777,-5.756838637982002,1357.9508243364967,0.367254714621246,22.121948509542243,654.228913170644,58.63020265973001,38.70150750301377,13.673554877578756,0.3441073911805543,13.789912794476448,5.445493865332036,24.6207308360748,DESCENT,HEALTHY,False,0.0,1.0,OK,42
2026-01-01T00:26:38Z,O320_CLASS-SIM-01,O320_CLASS,HIGH_ALTITUDE_ISR,2415.8885296636395,-5.759748285498941,1366.665272386942,0.36770337569765776,22.93430868012027,655.8774851036512,58.046609973409296,39.332167012950954,13.598464390721094,0.37623478702645485,13.778321542752382,5.64608752616295,24.59221153718385,DESCENT,HEALTHY,False,0.0,1.0,OK,42
2026-01-01T00:26:39Z,O320_CLASS-SIM-01,O320_CLASS,HIGH_ALTITUDE_ISR,2392.2911957253546,-5.622465035420385,1357.6983567144753,0.36764089114528353,24.68249869037397,657.1373974398882,57.98389385852247,38.62149735064337,13.590650615492128,0.34600649189833405,13.781657750630293,5.504366103711263,24.305772508180752,DESCENT,HEALTHY,False,0.0,1.0,OK,42
2026-01-01T00:26:40Z,O320_CLASS-SIM-01,O320_CLASS,HIGH_ALTITUDE_ISR,2370.156295752524,-5.316863594294748,1366.1961177274509,0.36699955942554807,21.99768118521029,662.0481569632855,58.71047089868374,40.73250344561059,13.575978415880305,0.37313178491436294,13.739587112235924,5.7466360042783275,24.608505855834455,DESCENT,HEALTHY,False,0.0,1.0,OK,42
2026-01-01T00:26:41Z,O320_CLASS-SIM-01,O320_CLASS,HIGH_ALTITUDE_ISR,2350.489639319381,-5.405870506398925,1361.7677635343975,0.3692966972878213,23.27648792177397,656.9707747245803,58.2790585697708,39.72889855114381,13.670049396929876,0.4077680798970469,13.777884674272716,5.616126013084225,24.442215299885657,DESCENT,HEALTHY,False,0.0,1.0,OK,42
2026-01-01T00:26:42Z,O320_CLASS-SIM-01,O320_CLASS,HIGH_ALTITUDE_ISR,2328.4404811078257,-5.2527638823442615,1360.9216268384619,0.3689450554067491,21.601942300735736,658.7382076727979,58.21113285004981,40.47567912830381,13.681457965582489,0.4128007262638416,13.744737726112671,5.712010006136655,24.56029513324864,DESCENT,HEALTHY,False,0.0,1.0,OK,42
2026-01-01T00:26:43Z,O320_CLASS-SIM-01,O320_CLASS,HIGH_ALTITUDE_ISR,2304.81586709376,-4.741174554296255,1385.603791645205,0.3695533067477258,23.469757467839877,658.2602833153892,58.10683152022037,39.86307420904039,13.690850232979773,0.3401088533923205,13.727256264970594,5.510010123452686,24.548090466449352,DESCENT,HEALTHY,False,0.0,1.0,OK,42
2026-01-01T00:26:44Z,O320_CLASS-SIM-01,O320_CLASS,HIGH_ALTITUDE_ISR,2284.4153814768783,-4.890955267180485,1366.833410695406,0.3654365789830486,19.620624158427443,654.3071539447071,58.34510156674533,40.47133766630433,13.660372612600913,0.4033745724361937,13.740335076607034,5.398749203331932,24.505953078555493,DESCENT,HEALTHY,False,0.0,1.0,OK,42
2026-01-01T00:26:45Z,O320_CLASS-SIM-01,O320_CLASS,HIGH_ALTITUDE_ISR,2263.9680891803587,-4.581795349475226,1370.9487848606693,0.3698295458875705,22.035675497955392,659.6273540862724,59.05916659256528,40.25663451188634,13.653648790765471,0.3417248041011808,13.785997848257194,5.890726876313572,24.37556961918574,DESCENT,HEALTHY,False,0.0,1.0,OK,42
2026-01-01T00:26:46Z,O320_CLASS-SIM-01,O320_CLASS,HIGH_ALTITUDE_ISR,2243.7363822137563,-4.536500517744746,1371.2353916095499,0.36868753154502265,23.26329896552099,656.6961668028541,58.58317121118038,41.234347963057694,13.594007252948954,0.3788283531342109,13.706164674677087,5.753924479169993,24.63324978269275,DESCENT,HEALTHY,False,0.0,1.0,OK,42
2026-01-01T00:26:47Z,O320_CLASS-SIM-01,O320_CLASS,HIGH_ALTITUDE_ISR,2221.0426285873395,-4.4192702906105215,1366.559188027346,0.3660972869173277,22.96585147003467,655.1681827106894,58.1603054815401,39.75245003676704,13.644208851782333,0.3884243491626274,13.746337705056728,5.616859069629195,24.416719236961676,DESCENT,HEALTHY,False,0.0,1.0,OK,42
2026-01-01T00:26:48Z,O320_CLASS-SIM-01,O320_CLASS,HIGH_ALTITUDE_ISR,2201.7158427558616,-4.366151847301531,1373.6130894813828,0.3652562520960501,23.71128305420604,659.8072405739365,58.69278950244313,41.784137040399635,13.622419856310506,0.42832732213122504,13.808049702179796,5.326642489344603,24.35938951187805,DESCENT,HEALTHY,False,0.0,1.0,OK,42
2026-01-01T00:26:49Z,O320_CLASS-SIM-01,O320_CLASS,HIGH_ALTITUDE_ISR,2176.3278775071567,-4.001542667005595,1356.6767782529628,0.3629085692872926,21.46460028352402,652.9534189318423,58.372428059134165,39.87092722164536,13.516330586349305,0.3770892745576822,13.759887202678227,5.139277782759278,24.342868592791138,DESCENT,HEALTHY,False,0.0,1.0,OK,42
2026-01-01T00:26:50Z,O320_CLASS-SIM-01,O320_CLASS,HIGH_ALTITUDE_ISR,2157.030899014898,-4.074952062449055,1366.3218075428751,0.3686284152273135,25.404922063982507,656.6012100386962,57.73939721877794,40.68213773389014,13.603611060420002,0.37658794245964033,13.7777441906639,6.159270624778291,24.19300550288264,DESCENT,HEALTHY,False,0.0,1.0,OK,42
2026-01-01T00:26:51Z,O320_CLASS-SIM-01,O320_CLASS,HIGH_ALTITUDE_ISR,2134.9536662137366,-3.650971380538639,1364.9942757257943,0.36765041558257744,23.63406705991503,660.5619481450212,59.0380778271471,41.26751032008315,13.499661142745452,0.35065779768614513,13.825054735379656,5.252315391818408,24.524545805522642,DESCENT,HEALTHY,False,0.0,1.0,OK,42
2026-01-01T00:26:52Z,O320_CLASS-SIM-01,O320_CLASS,HIGH_ALTITUDE_ISR,2110.513950449614,-3.9455412201405826,1376.4794347357863,0.3659449377136754,22.473493856110434,655.5191856876943,57.47872411459487,41.68702987450704,13.56585604956109,0.31775460184599486,13.760428592698378,5.750750155336385,24.41997628048724,DESCENT,HEALTHY,False,0.0,1.0,OK,42
2026-01-01T00:26:53Z,O320_CLASS-SIM-01,O320_CLASS,HIGH_ALTITUDE_ISR,2093.0311318821146,-3.597852406248331,1363.9432032652476,0.36578312240120286,23.856040922173136,660.2270472160224,58.598239160331,40.72348482411889,13.604889396683173,0.3972031136186572,13.738281500631306,5.488935048341972,24.552085137517626,DESCENT,HEALTHY,False,0.0,1.0,OK,42
2026-01-01T00:26:54Z,O320_CLASS-SIM-01,O320_CLASS,HIGH_ALTITUDE_ISR,2073.4939336577854,-3.7360364989828168,1382.9320054072439,0.36780450982800683,23.261596922942502,657.1240438390979,58.44273418266265,40.88237411980733,13.557263939955233,0.3195387497798247,13.707376998238017,6.187666745103231,24.459647616332052,DESCENT,HEALTHY,False,0.0,1.0,OK,42
2026-01-01T00:26:55Z,O320_CLASS-SIM-01,O320_CLASS,HIGH_ALTITUDE_ISR,2050.3055335315044,-3.3296099189666357,1363.403605168428,0.3646636535582512,23.181271664082935,657.3196721910336,57.990300163726886,41.909685681180434,13.568641423915839,0.39421163363700684,13.780824030402924,5.561537733035412,24.42490962639178,DESCENT,HEALTHY,False,0.0,1.0,OK,42
2026-01-01T00:26:56Z,O320_CLASS-SIM-01,O320_CLASS,HIGH_ALTITUDE_ISR,2030.7951074148089,-3.327316567050667,1355.251352760402,0.3661904424834801,22.36613085136251,655.2033581435676,58.64990397730183,41.5415532604854,13.489124067048351,0.4558487860787968,13.71140217364219,5.582079507211979,24.166909106553586,DESCENT,HEALTHY,False,0.0,1.0,OK,42
2026-01-01T00:26:57Z,O320_CLASS-SIM-01,O320_CLASS,HIGH_ALTITUDE_ISR,2007.548844493638,-3.14259487646015,1377.0095418269823,0.364846179608339,24.791900098724135,656.9079536013285,57.658625597541615,41.97865921718891,13.532758064448599,0.3056362882387851,13.728111505155107,5.419048156128381,24.68366725723505,DESCENT,HEALTHY,False,0.0,1.0,OK,42
2026-01-01T00:26:58Z,O320_CLASS-SIM-01,O320_CLASS,HIGH_ALTITUDE_ISR,1986.775454413644,-2.959303131561788,1374.437564374321,0.36060361992281964,22.543416138143083,659.0702649480813,58.371235475976526,41.488444955618434,13.536558794017996,0.39188688948461786,13.759542441719859,5.818166185451175,24.498225510657715,DESCENT,HEALTHY,False,0.0,1.0,OK,42
2026-01-01T00:26:59Z,O320_CLASS-SIM-01,O320_CLASS,HIGH_ALTITUDE_ISR,1965.0525749913593,-2.5108239246226316,1377.5062466378438,0.3679660438768889,22.465450697214877,654.1723152132404,58.253621284407664,41.87074137493194,13.604537769666416,0.3331167614208121,13.757507076913498,5.703795731474112,24.46549733392849,DESCENT,HEALTHY,False,0.0,1.0,OK,42
2026-01-01T00:27:00Z,O320_CLASS-SIM-01,O320_CLASS,HIGH_ALTITUDE_ISR,1942.5998483862859,-2.5747861605904836,1379.7348922012427,0.36735720522815957,23.361871661538203,656.1993442364726,58.928202909394315,41.32040539736615,13.614193470533321,0.4320400663848244,13.804605789678787,5.773436061212143,24.133671534167906,DESCENT,HEALTHY,False,0.0,1.0,OK,42
2026-01-01T00:27:01Z,O320_CLASS-SIM-01,O320_CLASS,HIGH_ALTITUDE_ISR,1919.8698901819605,-2.443252481181771,1365.9131756179845,0.3634567418306259,24.10893737397391,657.8996670043938,57.831443714783084,43.02233791860183,13.543511743993621,0.36827105076070504,13.78131226756463,5.625439332246409,24.650313617648482,DESCENT,HEALTHY,False,0.0,1.0,OK,42
2026-01-01T00:27:02Z,O320_CLASS-SIM-01,O320_CLASS,HIGH_ALTITUDE_ISR,1900.2268118283394,-2.151410850012919,1356.545694610352,0.3648073269353126,22.94750627607171,656.2626547549567,58.787121876584976,43.15638479419861,13.410549463767701,0.4068070742153986,13.777849255326494,5.420500669536784,24.32537956111113,DESCENT,HEALTHY,False,0.0,1.0,OK,42
2026-01-01T00:27:03Z,O320_CLASS-SIM-01,O320_CLASS,HIGH_ALTITUDE_ISR,1876.185565734535,-2.261344070299855,1370.331906140589,0.3652844697511933,23.79987694203103,655.8462268995422,58.423948056492264,42.37318752556208,13.457243302234492,0.3145634430053876,13.778819521555075,5.712460572247818,24.534257536564407,DESCENT,HEALTHY,False,0.0,1.0,OK,42
2026-01-01T00:27:04Z,O320_CLASS-SIM-01,O320_CLASS,HIGH_ALTITUDE_ISR,1856.0504904926202,-2.04576659211331,1360.9661067134405,0.3615188978683597,23.56908528549571,659.2376302193787,57.68155483300191,41.86170221840988,13.478830913079596,0.41644108965601045,13.735733022055008,5.635599601665672,24.487619421400307,DESCENT,HEALTHY,False,0.0,1.0,OK,42
2026-01-01T00:27:05Z,O320_CLASS-SIM-01,O320_CLASS,HIGH_ALTITUDE_ISR,1835.339747975702,-1.8919398514189507,1361.4272222784894,0.36198207639652685,25.30212956019249,662.4294458886166,58.67494092727793,43.71937099163723,13.398925586860818,0.3401092361394608,13.750843816143155,6.20396251452932,24.403917584940913,DESCENT,HEALTHY,False,0.0,1.0,OK,42
2026-01-01T00:27:06Z,O320_CLASS-SIM-01,O320_CLASS,HIGH_ALTITUDE_ISR,1815.4030707351517,-1.7361013386189335,1375.2534041310978,0.3630481768481637,22.19345324472416,652.0004454145842,58.85520722241494,42.477183386292914,13.389990683029296,0.39553236722916013,13.772791379442628,5.791623117075873,24.618308504033113,DESCENT,HEALTHY,False,0.0,1.0,OK,42
2026-01-01T00:27:07Z,O320_CLASS-SIM-01,O320_CLASS,HIGH_ALTITUDE_ISR,1791.4786633032268,-1.7848186845717011,1370.072972454997,0.3645401057649358,21.16322346699933,659.1597282180267,58.7200235121517,43.81439627915019,13.511904278974392,0.4204909256603139,13.677863125145036,6.002616970643102,24.500584170280177,DESCENT,HEALTHY,False,0.0,1.0,OK,42
2026-01-01T00:27:08Z,O320_CLASS-SIM-01,O320_CLASS,HIGH_ALTITUDE_ISR,1773.4305483360886,-1.6904808858227205,1358.8104879488342,0.36627116806842397,22.627763274293503,658.1479829505903,58.56286813327327,43.85135509148131,13.523531520754311,0.3868634536279879,13.728700313939523,5.775509466622431,24.55948042401237,DESCENT,HEALTHY,False,0.0,1.0,OK,42
2026-01-01T00:27:09Z,O320_CLASS-SIM-01,O320_CLASS,HIGH_ALTITUDE_ISR,1747.2774476632221,-1.162197273752006,1353.1633233729278,0.3645688312731877,23.032157221358002,660.7748074445307,58.560682385515086,43.33468750623476,13.485304199047459,0.37442728641430545,13.781799174727567,6.144772508903564,24.249986064079206,DESCENT,HEALTHY,False,0.0,1.0,OK,42
2026-01-01T00:27:10Z,O320_CLASS-SIM-01,O320_CLASS,HIGH_ALTITUDE_ISR,1723.789209079523,-1.2980654257561837,1369.4068676228299,0.36154645095079135,22.73516153402989,661.2780834279996,57.80879826849976,43.85635055739975,13.487816969272892,0.390501218223307,13.775046082399943,5.835376390240169,24.45928290992898,DESCENT,HEALTHY,False,0.0,1.0,OK,42
2026-01-01T00:27:11Z,O320_CLASS-SIM-01,O320_CLASS,HIGH_ALTITUDE_ISR,1706.6231122222716,-1.0234730056348598,1378.3014717673,0.36388253664561215,21.846114353047682,658.7241692410845,57.939914994024726,44.07585241192847,13.485377633908822,0.3668235476136062,13.738604953643407,5.7469072144449775,24.431339281724952,DESCENT,HEALTHY,False,0.0,1.0,OK,42
2026-01-01T00:27:12Z,O320_CLASS-SIM-01,O320_CLASS,HIGH_ALTITUDE_ISR,1687.8539857074747,-0.6911998990204606,1381.7240173082398,0.36237007671685817,26.146070111215053,659.8708346206236,58.179123911153155,43.218163434692975,13.407020255248195,0.3775028614865948,13.774426881232673,5.2434855951280905,24.384065557556617,DESCENT,HEALTHY,False,0.0,1.0,OK,42
2026-01-01T00:27:13Z,O320_CLASS-SIM-01,O320_CLASS,HIGH_ALTITUDE_ISR,1664.6049908066357,-0.7213132024830126,1373.7310534750345,0.3621953654740059,22.523844049539683,657.0756387542386,58.351202780375566,44.29823706964617,13.446918332462753,0.3437623960334571,13.75348877514161,5.9748446582883235,24.533123303694,DESCENT,HEALTHY,False,0.0,1.0,OK,42
2026-01-01T00:27:14Z,O320_CLASS-SIM-01,O320_CLASS,HIGH_ALTITUDE_ISR,1642.6133432921094,-0.8324469428293829,1368.451892156377,0.36152111723240465,24.396193168459348,660.8551218074773,58.53549467608406,43.72497264686922,13.402960439188748,0.4595527704926592,13.743943047930644,5.2735711329931725,24.2057583728582,DESCENT,HEALTHY,False,0.0,1.0,OK,42
2026-01-01T00:27:15Z,O320_CLASS-SIM-01,O320_CLASS,HIGH_ALTITUDE_ISR,1620.8987880978789,-0.39828814118570244,1369.7720237177543,0.3642645528934103,24.11159844934912,662.3012518889163,58.08197178481441,43.55875908418594,13.426235172799638,0.39693336914197175,13.755319857277268,5.669227143803936,24.539921615941324,DESCENT,HEALTHY,False,0.0,1.0,OK,42
2026-01-01T00:27:16Z,O320_CLASS-SIM-01,O320_CLASS,HIGH_ALTITUDE_ISR,1597.8692414803436,-0.4511406173783945,1370.4512071822955,0.3601708667958694,24.664162095607473,658.3515626303074,57.587795836646315,44.09469345066771,13.361634482043778,0.3974425525967509,13.784911065485725,5.052019028893205,24.335597942312468,DESCENT,HEALTHY,False,0.0,1.0,OK,42
2026-01-01T00:27:17Z,O320_CLASS-SIM-01,O320_CLASS,HIGH_ALTITUDE_ISR,1579.1014881065573,-0.4720455559945189,1381.08333416224,0.36301133148242287,24.037354370630876,657.7649727262708,57.47037334136959,45.06650969447643,13.508158226322106,0.44937353570991806,13.754942605475737,5.322174489058795,24.57746171713375,DESCENT,HEALTHY,False,0.0,1.0,OK,42
2026-01-01T00:27:18Z,O320_CLASS-SIM-01,O320_CLASS,HIGH_ALTITUDE_ISR,1556.9525539786298,-0.04970881288206268,1377.4657575516524,0.36090029264264534,25.522144729205614,662.4501734505895,58.19030565450416,43.808185754164974,13.276256882290152,0.3636593713564118,13.728043785493892,5.69976160801842,24.401524672722726,DESCENT,HEALTHY,False,0.0,1.0,OK,42
2026-01-01T00:27:19Z,O320_CLASS-SIM-01,O320_CLASS,HIGH_ALTITUDE_ISR,1535.373142738842,0.1396520572199103,1378.443794697485,0.3602824928959997,26.368083669626547,661.7176632073365,58.23782354936104,44.38106458235769,13.433817664190222,0.38557811522676055,13.727260552049996,5.818261256546978,24.640577471064237,DESCENT,HEALTHY,False,0.0,1.0,OK,42
2026-01-01T00:27:20Z,O320_CLASS-SIM-01,O320_CLASS,HIGH_ALTITUDE_ISR,1516.0577975877252,0.3885552073700119,1392.0416716763584,0.36377737838810614,24.809900289964766,659.4375449905639,57.67712118937204,44.81815813172676,13.413546201326628,0.379164988577013,13.704300590255805,5.522550109655254,24.548881673683095,DESCENT,HEALTHY,False,0.0,1.0,OK,42
2026-01-01T00:27:21Z,O320_CLASS-SIM-01,O320_CLASS,HIGH_ALTITUDE_ISR,1491.318270304701,0.3212822582141261,1379.1637475779462,0.3623549829010992,26.51325346069548,659.1004094464498,58.48726560221407,45.112921055262,13.413253579066236,0.3988777043803612,13.803749337508872,5.01100539477946,24.514875549550652,DESCENT,HEALTHY,False,0.0,1.0,OK,42
2026-01-01T00:27:22Z,O320_CLASS-SIM-01,O320_CLASS,HIGH_ALTITUDE_ISR,1472.159687942108,0.4004299008347902,1357.8216136061326,0.3597986426990877,23.66276140414883,664.3262592518199,58.568686771893866,44.435884923826016,13.271352747634175,0.4009651203533876,13.781935670506398,5.539511223631881,24.542815526647296,DESCENT,HEALTHY,False,0.0,1.0,OK,42
2026-01-01T00:27:23Z,O320_CLASS-SIM-01,O320_CLASS,HIGH_ALTITUDE_ISR,1449.4775942073059,0.7350822912752182,1384.0984447457538,0.3564443714794164,22.898796881746627,665.2960073963027,58.79626312067073,44.19378026234689,13.28867088698322,0.3856102513022797,13.726833830324374,5.513906175450479,24.445265436329553,DESCENT,HEALTHY,False,0.0,1.0,OK,42
2026-01-01T00:27:24Z,O320_CLASS-SIM-01,O320_CLASS,HIGH_ALTITUDE_ISR,1428.4357709881342,0.8832664565530715,1391.0586045168034,0.3585659738181452,23.274113274695736,661.276387113135,59.08079775442151,45.012530438966564,13.402917458961223,0.3437730240805429,13.76179360378389,5.302226763119795,24.454076527114452,DESCENT,HEALTHY,False,0.0,1.0,OK,42
2026-01-01T00:27:25Z,O320_CLASS-SIM-01,O320_CLASS,HIGH_ALTITUDE_ISR,1406.9681746747872,0.9447898634457179,1390.8289495389267,0.35854760598357815,22.28938983361384,659.8855169525074,58.55276064632953,45.62804535460677,13.345742738880915,0.43672624799555104,13.76529414275223,5.566144302248724,24.335891493999636,DESCENT,HEALTHY,False,0.0,1.0,OK,42
2026-01-01T00:27:26Z,O320_CLASS-SIM-01,O320_CLASS,HIGH_ALTITUDE_ISR,1383.094219683278,1.0422419333048076,1378.7920149443214,0.3570083230571278,24.694260845285832,660.1176893915651,58.18806802474613,44.963304660909465,13.367087072696808,0.3681445083475867,13.743530215664423,5.376558118810637,24.43314663872544,DESCENT,HEALTHY,False,0.0,1.0,OK,42
2026-01-01T00:27:27Z,O320_CLASS-SIM-01,O320_CLASS,HIGH_ALTITUDE_ISR,1365.6724396390193,1.163138868274877,1375.1562231431476,0.3595455522777083,26.443493856630166,661.7899307506033,58.54679000294389,46.24021001489249,13.332156161887134,0.3844991387361677,13.74664375045804,5.20397227181466,24.504168051465687,DESCENT,HEALTHY,False,0.0,1.0,OK,42
2026-01-01T00:27:28Z,O320_CLASS-SIM-01,O320_CLASS,HIGH_ALTITUDE_ISR,1343.3771629837972,1.228271627688025,1385.5646074244119,0.35728695208843547,22.739574975874874,658.9077201596751,57.831181992234285,46.13125391371777,13.295681569718917,0.41648356653606433,13.790278839814423,5.360003274227985,24.33162620745106,DESCENT,HEALTHY,False,0.0,1.0,OK,42
2026-01-01T00:27:29Z,O320_CLASS-SIM-01,O320_CLASS,HIGH_ALTITUDE_ISR,1322.2302309075997,1.5576902529314656,1361.4022250061246,0.35909508777180515,22.28741123543923,659.3658700725117,58.889875255358035,48.400084596834546,13.314577645981275,0.32717106005192464,13.746012645744006,5.607402131712734,24.352406901509458,DESCENT,HEALTHY,False,0.0,1.0,OK,42
2026-01-01T00:27:30Z,O320_CLASS-SIM-01,O320_CLASS,HIGH_ALTITUDE_ISR,1298.612764486034,1.485972499029126,1380.8932700013172,0.35799451545522065,23.926158489981066,659.1486911690195,58.29173063611138,45.324176280877445,13.284399727402125,0.40276095496501024,13.754560389933255,5.152152597156812,24.606787528818653,DESCENT,HEALTHY,False,0.0,1.0,OK,42
2026-01-01T00:27:31Z,O320_CLASS-SIM-01,O320_CLASS,HIGH_ALTITUDE_ISR,1279.1965083011069,1.4818157697236298,1375.0313922242024,0.35655072297680507,25.85620781555828,659.9814404587132,58.43303293983461,46.103816025116984,13.238993160351308,0.43319130480032314,13.781392600712566,5.403319777227354,24.481927933486382,DESCENT,HEALTHY,False,0.0,1.0,OK,42
2026-01-01T00:27:32Z,O320_CLASS-SIM-01,O320_CLASS,HIGH_ALTITUDE_ISR,1258.6040340151299,1.8369325804850574,1390.6345400758112,0.36377220962034357,24.95269019625401,659.5410068428937,58.07125347237614,44.61577128287755,13.36865482412477,0.3627957721905311,13.787836123960012,5.85892177238068,24.29110781592041,DESCENT,HEALTHY,False,0.0,1.0,OK,42
2026-01-01T00:27:33Z,O320_CLASS-SIM-01,O320_CLASS,HIGH_ALTITUDE_ISR,1234.3180644221693,2.2295601762746995,1377.846377078048,0.35641752016385786,23.910218832992907,660.7304885335122,59.07505651247612,47.066446050548855,13.308588153676865,0.4404365521997909,13.803501531213607,5.672984044377169,24.86977728663685,DESCENT,HEALTHY,False,0.0,1.0,OK,42
2026-01-01T00:27:34Z,O320_CLASS-SIM-01,O320_CLASS,HIGH_ALTITUDE_ISR,1213.914579552327,2.2718471317167164,1375.489625989649,0.35934537941252137,24.927026863633486,662.3243822018219,59.43284133872459,47.411047058541,13.316599341875197,0.34586791596577693,13.767328034195424,5.337099336466108,24.58651305918367,DESCENT,HEALTHY,False,0.0,1.0,OK,42
2026-01-01T00:27:35Z,O320_CLASS-SIM-01,O320_CLASS,HIGH_ALTITUDE_ISR,1194.1499593166816,2.2194832545415077,1392.1688636116435,0.36038706198000986,25.465605289150684,662.6716093231631,58.24629896671218,46.563296421487095,13.232118940448565,0.35768298457553266,13.75860247587286,5.1736563267329965,24.540097252299816,DESCENT,HEALTHY,False,0.0,1.0,OK,42
2026-01-01T00:27:36Z,O320_CLASS-SIM-01,O320_CLASS,HIGH_ALTITUDE_ISR,1172.9617638343618,2.3845266254778803,1357.5099879402467,0.35663687161402696,23.675175997811806,659.8206907600024,59.06735789029362,44.96494288157109,13.238468034771703,0.4099598084451459,13.740729398775349,5.393790475256247,24.758545909413005,DESCENT,HEALTHY,False,0.0,1.0,OK,42
2026-01-01T00:27:37Z,O320_CLASS-SIM-01,O320_CLASS,HIGH_ALTITUDE_ISR,1150.5675810901175,2.665145361654785,1383.2729061163711,0.357267839227642,26.92555062912855,666.195048425835,57.81808474195669,47.0157532511616,13.270397858345689,0.3595666176399783,13.79127211350466,5.6522715241814945,24.742617019630895,DESCENT,HEALTHY,False,0.0,1.0,OK,42
2026-01-01T00:27:38Z,O320_CLASS-SIM-01,O320_CLASS,HIGH_ALTITUDE_ISR,1130.2218281853752,2.868991079954021,1369.9501653216516,0.3551338598979977,24.60204249089927,664.8264592801543,58.109535753243016,46.425150733721814,13.209766464422552,0.4868196021432998,13.757626521162376,5.7201748927715474,24.282815874674174,DESCENT,HEALTHY,False,0.0,1.0,OK,42
2026-01-01T00:27:39Z,O320_CLASS-SIM-01,O320_CLASS,HIGH_ALTITUDE_ISR,1108.5817447427405,2.5375214347850337,1371.939694036994,0.35508487124867505,25.795138813649793,659.6229736710922,59.11092686665802,47.709573147361816,13.224635313170253,0.4165641260393569,13.750148196594813,5.439748713699812,24.588394477261673,DESCENT,HEALTHY,False,0.0,1.0,OK,42
2026-01-01T00:27:40Z,O320_CLASS-SIM-01,O320_CLASS,HIGH_ALTITUDE_ISR,1082.035048850453,3.053079702866452,1374.295500235435,0.3549199917419016,27.944546271031918,660.3647015658189,58.88862142893338,47.66189203663376,13.271551099436529,0.3665988054228077,13.75291859526718,5.9690116524397645,24.593706072506354,DESCENT,HEALTHY,False,0.0,1.0,OK,42
2026-01-01T00:27:41Z,O320_CLASS-SIM-01,O320_CLASS,HIGH_ALTITUDE_ISR,1063.536192847814,2.925261436039435,1375.5533164489807,0.35811378419089523,27.071768335080755,663.1671834314461,57.864481732455936,48.17302649093928,13.31087134139452,0.3835239335305121,13.821447549808456,5.25643026852923,24.556974394917905,DESCENT,HEALTHY,False,0.0,1.0,OK,42
2026-01-01T00:27:42Z,O320_CLASS-SIM-01,O320_CLASS,HIGH_ALTITUDE_ISR,1041.3268108194504,3.3802098576981208,1385.3611454862607,0.3595550925859064,26.31981107283826,660.8569372395754,58.31970311696376,47.50137371561936,13.213451936367454,0.43042732966982267,13.80037607531893,5.212191142794968,24.460124764806476,DESCENT,HEALTHY,False,0.0,1.0,OK,42
2026-01-01T00:27:43Z,O320_CLASS-SIM-01,O320_CLASS,HIGH_ALTITUDE_ISR,1021.5223087037745,3.24351999344417,1384.1937149579871,0.3586756699296243,26.853419436649144,665.3217880773338,58.233691716134594,47.8622393222022,13.19400629064742,0.38608159593294666,13.772043994111543,5.825954269013982,24.651513268356588,DESCENT,HEALTHY,False,0.0,1.0,OK,42
2026-01-01T00:27:44Z,O320_CLASS-SIM-01,O320_CLASS,HIGH_ALTITUDE_ISR,1001.0334657459223,3.370974520573845,1370.100093202197,0.35659559561696624,27.647226246887055,661.9793392291166,57.915075628040086,49.63236078348979,13.250064272047215,0.3833115991423402,13.727174942950395,5.589712277314979,24.55764213074166,DESCENT,HEALTHY,False,0.0,1.0,OK,42
2026-01-01T00:27:45Z,O320_CLASS-SIM-01,O320_CLASS,HIGH_ALTITUDE_ISR,979.3259596522597,3.537302645062845,1380.6910155186683,0.3541251294530693,27.907210483278593,664.3657427162136,58.3212598359916,47.161308528659696,13.232795007084615,0.3567149113941936,13.749718558904798,5.301519830600499,24.303019481812488,DESCENT,HEALTHY,False,0.0,1.0,OK,42
2026-01-01T00:27:46Z,O320_CLASS-SIM-01,O320_CLASS,HIGH_ALTITUDE_ISR,957.3868623716995,3.7385396613951154,1401.3500181602242,0.3563472370240658,24.592060483359656,658.3767430752642,58.6952295904545,47.910124145960154,13.278793052127,0.38766395207004356,13.702845901425983,5.330134118428729,24.35356103285537,DESCENT,HEALTHY,False,0.0,1.0,OK,42
2026-01-01T00:27:47Z,O320_CLASS-SIM-01,O320_CLASS,HIGH_ALTITUDE_ISR,936.3773411218405,3.7599442783798156,1382.8311109899362,0.35228801781789265,26.045656816997838,663.2282116566265,59.12553892270582,48.555617059874386,13.164702458082294,0.43607151659877086,13.756879991969361,5.778050398907758,24.363042791768763,DESCENT,HEALTHY,False,0.0,1.0,OK,42
2026-01-01T00:27:48Z,O320_CLASS-SIM-01,O320_CLASS,HIGH_ALTITUDE_ISR,914.421881675556,3.9369526669561457,1384.4176183742677,0.356369560952232,25.508875342598927,661.01297704327,58.688642341282986,47.830688182358806,13.122966772235252,0.3904412074585064,13.759198310405413,5.552114055834985,24.533262799969616,DESCENT,HEALTHY,False,0.0,1.0,OK,42
2026-01-01T00:27:49Z,O320_CLASS-SIM-01,O320_CLASS,HIGH_ALTITUDE_ISR,893.8482683857924,4.1722782876904665,1373.0894527581097,0.3532863184571498,26.869250948227577,662.8188908139757,58.33099805120626,47.99474134996471,13.223084706766151,0.3674094150877687,13.785064691896597,5.803834730980508,24.408302618449518,DESCENT,HEALTHY,False,0.0,1.0,OK,42
2026-01-01T00:27:50Z,O320_CLASS-SIM-01,O320_CLASS,HIGH_ALTITUDE_ISR,872.8530426558266,4.356475748883569,1384.4444433927865,0.3499875811748554,25.06710708882732,660.2735727604044,58.428433125712274,48.84528627279794,13.1932905541611,0.3876676727274329,13.741988883676841,5.756515079745759,24.726749452321272,DESCENT,HEALTHY,False,0.0,1.0,OK,42
2026-01-01T00:27:51Z,O320_CLASS-SIM-01,O320_CLASS,HIGH_ALTITUDE_ISR,849.4700126688281,4.375449774884941,1377.0515920604516,0.35433760231972766,25.66647304805474,658.3269493867926,57.97819394444744,49.70151785883709,13.242957078215742,0.44019578484871724,13.769380457382121,5.335623196385541,24.389782628505497,DESCENT,HEALTHY,False,0.0,1.0,OK,42
2026-01-01T00:27:52Z,O320_CLASS-SIM-01,O320_CLASS,HIGH_ALTITUDE_ISR,826.3343471189614,4.384801915854402,1384.8085166072403,0.35504627706706804,28.71286996142589,662.5325354965149,58.02276689744931,48.919395078167504,13.158088625819921,0.3565134636328925,13.772957983839552,5.279408351188386,24.475223389888956,DESCENT,HEALTHY,False,0.0,1.0,OK,42
2026-01-01T00:27:53Z,O320_CLASS-SIM-01,O320_CLASS,HIGH_ALTITUDE_ISR,808.1202020414406,4.966532094106195,1385.481888539062,0.35585608217087983,25.895835211523334,662.0670800705939,59.11005220415109,48.051234845182805,13.145403656095707,0.42126323521823805,13.75636638763167,5.5113045592280026,24.415946739255915,DESCENT,HEALTHY,False,0.0,1.0,OK,42
2026-01-01T00:27:54Z,O320_CLASS-SIM-01,O320_CLASS,HIGH_ALTITUDE_ISR,785.8900133765571,5.055769719145026,1390.625498710316,0.35359434305442644,27.805320428378277,663.7698618173653,58.91958044615876,48.45738317266903,13.245842273759514,0.3848966801988283,13.680304770445336,5.997267116048028,24.45663743457579,DESCENT,HEALTHY,False,0.0,1.0,OK,42
2026-01-01T00:27:55Z,O320_CLASS-SIM-01,O320_CLASS,HIGH_ALTITUDE_ISR,763.6924733439885,4.941290397364769,1386.980723759985,0.3515962380351413,25.86836407722758,661.6207951701496,58.4640589662716,48.99949389046749,13.194914194559265,0.38689354811706506,13.774599534206393,5.734717801405628,24.44204894758096,DESCENT,HEALTHY,False,0.0,1.0,OK,42
2026-01-01T00:27:56Z,O320_CLASS-SIM-01,O320_CLASS,HIGH_ALTITUDE_ISR,741.3266788634592,5.442204443335091,1391.1183451640734,0.35640025720247437,27.8685486991326,661.939710340842,57.646798414345206,48.559970464352325,13.177463330750896,0.3719441598204525,13.750267386748837,4.9578624659194785,24.4541791454132,DESCENT,HEALTHY,False,0.0,1.0,OK,42
2026-01-01T00:27:57Z,O320_CLASS-SIM-01,O320_CLASS,HIGH_ALTITUDE_ISR,719.8059036031958,5.202056898599379,1390.732556119432,0.35091790656802246,25.573378348101176,663.642275522695,58.93997262125582,49.352675383853814,13.21236663317761,0.32483045288992984,13.719295734095407,5.196614601119903,24.208457069731992,DESCENT,HEALTHY,False,0.0,1.0,OK,42
2026-01-01T00:27:58Z,O320_CLASS-SIM-01,O320_CLASS,HIGH_ALTITUDE_ISR,700.5048234477447,5.303331602091595,1372.8841355853242,0.353537371168049,27.749498776838863,665.893194015455,58.94618614219045,49.071955208283356,13.146183944233867,0.39581534922696643,13.748725493363088,5.622311050164537,24.26867955030321,DESCENT,HEALTHY,False,0.0,1.0,OK,42
2026-01-01T00:27:59Z,O320_CLASS-SIM-01,O320_CLASS,HIGH_ALTITUDE_ISR,677.6300283072881,5.645053810123922,1396.4602620483745,0.35488224430600873,27.620994353841915,663.553058936777,58.57103108735305,48.77996128910813,13.083982505457888,0.34378968074958743,13.780269427656059,5.81704855277339,24.567047197844246,DESCENT,HEALTHY,False,0.0,1.0,OK,42
2026-01-01T00:28:00Z,O320_CLASS-SIM-01,O320_CLASS,HIGH_ALTITUDE_ISR,658.9168567999634,5.739410061300391,1376.7710202651238,0.35228108658825386,26.025613600197836,665.0862571657725,58.46254561972521,49.99082462430224,13.15382228729528,0.34622361479527414,13.792000671977371,5.243602767913069,24.50268397858471,DESCENT,HEALTHY,False,0.0,1.0,OK,42
2026-01-01T00:28:01Z,O320_CLASS-SIM-01,O320_CLASS,HIGH_ALTITUDE_ISR,635.5779372183041,5.991958412320725,1373.8743049654324,0.34912095743695726,27.863173824329365,662.5521377409596,58.57492336773139,49.67346465459164,13.15816995042336,0.3877996688496598,13.770356091862459,5.28778864321163,24.532068561854075,DESCENT,HEALTHY,False,0.0,1.0,OK,42
2026-01-01T00:28:02Z,O320_CLASS-SIM-01,O320_CLASS,HIGH_ALTITUDE_ISR,612.7973949075812,5.908359902990646,1374.181643724325,0.3516710440349582,28.30843855048411,664.1840540699862,58.439585802382595,50.42020050695223,13.111103302042608,0.37843752441792133,13.768511065417735,5.319888732529487,24.472966123991668,DESCENT,HEALTHY,False,0.0,1.0,OK,42
2026-01-01T00:28:03Z,O320_CLASS-SIM-01,O320_CLASS,HIGH_ALTITUDE_ISR,590.2242703031925,6.232772112689167,1376.517852761185,0.3541409099460321,24.16498392722232,667.8912900811722,57.96570216505642,49.504560626781284,13.114273548123382,0.40050725560267086,13.754744401340359,5.802734049298157,24.337646117448134,DESCENT,HEALTHY,False,0.0,1.0,OK,42
2026-01-01T00:28:04Z,O320_CLASS-SIM-01,O320_CLASS,HIGH_ALTITUDE_ISR,570.8290335083994,6.240402594341924,1381.2683929785155,0.34771894443851914,27.138109604161002,663.5056586254899,59.05774611461913,49.56738308813776,13.060753347982942,0.4238623069119962,13.772099629802115,5.7166243254906215,24.525289427117208,DESCENT,HEALTHY,False,0.0,1.0,OK,42
2026-01-01T00:28:05Z,O320_CLASS-SIM-01,O320_CLASS,HIGH_ALTITUDE_ISR,550.6868074711537,6.698157499227141,1386.5438903690845,0.3493662023352034,28.002954653420232,662.464783797616,58.58758708201446,51.02391913020681,13.045063945918546,0.3552749921068654,13.777631488990002,5.441816679402154,24.603428550762736,DESCENT,HEALTHY,False,0.0,1.0,OK,42
2026-01-01T00:28:06Z,O320_CLASS-SIM-01,O320_CLASS,HIGH_ALTITUDE_ISR,527.0921921746382,6.415857057823956,1401.2963084248279,0.3481300233072903,27.27326948065357,668.5978967953528,58.62522043440785,51.936831994126,13.112168286269277,0.37536295320417085,13.759491809839163,5.048848735484659,24.409701614228446,DESCENT,HEALTHY,False,0.0,1.0,OK,42
2026-01-01T00:28:07Z,O320_CLASS-SIM-01,O320_CLASS,HIGH_ALTITUDE_ISR,507.4911849016073,6.738320865025293,1406.011318498418,0.3515539796243625,28.130678522761137,666.9696570391842,58.8579589441242,50.92222276198741,13.068902995091772,0.3615892182247679,13.77679270217704,5.535799722175112,24.551457670336386,DESCENT,HEALTHY,False,0.0,1.0,OK,42
2026-01-01T00:28:08Z,O320_CLASS-SIM-01,O320_CLASS,HIGH_ALTITUDE_ISR,484.2006547487917,6.864884411618436,1398.9378639185177,0.35034440379896115,29.655523210101336,664.5545274651225,58.624262800941864,51.216008804587716,13.050813962484353,0.29635764595818676,13.78992688832772,6.126261651403995,24.52993168809758,DESCENT,HEALTHY,False,0.0,1.0,OK,42
2026-01-01T00:28:09Z,O320_CLASS-SIM-01,O320_CLASS,HIGH_ALTITUDE_ISR,465.09769572775025,6.954753954309149,1396.0208044206547,0.35051669485831854,27.83424391719529,660.3204452170305,58.440243227674294,51.5482539439382,13.105173420283732,0.41294209208360716,13.716201553920802,5.208343517206119,24.54563918446313,DESCENT,HEALTHY,False,0.0,1.0,OK,42
2026-01-01T00:28:10Z,O320_CLASS-SIM-01,O320_CLASS,HIGH_ALTITUDE_ISR,441.7369302751377,7.255617462334824,1373.9546010279848,0.3502000055093585,27.5423947094517,665.5228295105109,58.24463610227402,49.81262303865531,13.061809131546301,0.3965664491635528,13.793856036442474,5.487857288875997,24.574523421624075,DESCENT,HEALTHY,False,0.0,1.0,OK,42
2026-01-01T00:28:11Z,O320_CLASS-SIM-01,O320_CLASS,HIGH_ALTITUDE_ISR,422.1572320909078,7.459075047371412,1386.7905866401934,0.3467386140928246,27.572426052590604,664.6310018954113,58.86950413690619,50.29155670101079,13.031080867940107,0.41019823921388293,13.760565297411027,5.500769986487855,24.744273924332706,DESCENT,HEALTHY,False,0.0,1.0,OK,42
2026-01-01T00:28:12Z,O320_CLASS-SIM-01,O320_CLASS,HIGH_ALTITUDE_ISR,398.3949937197572,7.584973206497617,1395.6417187283055,0.3495496670767661,27.684526582213994,664.4069793524328,58.7401380831782,51.173743262895464,13.018718272092265,0.36123009538951395,13.754044470511671,5.499224540761415,24.122356267094617,DESCENT,HEALTHY,False,0.0,1.0,OK,42
2026-01-01T00:28:13Z,O320_CLASS-SIM-01,O320_CLASS,HIGH_ALTITUDE_ISR,396.44276992819067,7.344953907050983,1344.7015848698938,0.29837397204425226,23.976519391841233,661.6712000988897,57.85146085282634,52.23161897923686,12.370145448864358,0.33495403529125395,13.755823500868802,5.7453447676618685,24.344625448968173,LANDING,HEALTHY,False,0.0,1.0,OK,42
2026-01-01T00:28:14Z,O320_CLASS-SIM-01,O320_CLASS,HIGH_ALTITUDE_ISR,393.15321735569626,7.387060059552897,1344.6069827061915,0.29806886292077706,21.941943799840153,657.0503329410553,57.15130028026478,51.826210476872696,12.185515114117038,0.37440901236976937,13.753802037042652,4.9068822411366355,24.170224503101448,LANDING,HEALTHY,False,0.0,1.0,OK,42
2026-01-01T00:28:15Z,O320_CLASS-SIM-01,O320_CLASS,HIGH_ALTITUDE_ISR,389.819732941336,7.644421177594315,1316.6288625261686,0.29502734123234026,26.255728861856674,657.4918578933102,57.332065084744045,51.177197392704784,12.187467793182128,0.4203230660638651,13.756528878953524,5.41472632312397,24.198989598497842,LANDING,HEALTHY,False,0.0,1.0,OK,42
2026-01-01T00:28:16Z,O320_CLASS-SIM-01,O320_CLASS,HIGH_ALTITUDE_ISR,383.6464803992499,7.3938107959023425,1303.4327879416805,0.2967318694634698,25.2056203701993,657.5846901440179,56.92497763778046,51.164185632901535,12.1506017719231,0.29949788242402026,13.712197848899068,5.32022098693142,24.11554746443639,LANDING,HEALTHY,False,0.0,1.0,OK,42
2026-01-01T00:28:17Z,O320_CLASS-SIM-01,O320_CLASS,HIGH_ALTITUDE_ISR,381.0353001919565,7.495010467923458,1309.437300680096,0.29570137571641913,22.702392058523436,655.1435663190896,56.78148471256208,52.060949582557946,12.094917762708814,0.34196448287367687,13.7455689176059,5.04506926485206,24.011374948988475,LANDING,HEALTHY,False,0.0,1.0,OK,42
2026-01-01T00:28:18Z,O320_CLASS-SIM-01,O320_CLASS,HIGH_ALTITUDE_ISR,379.43835414628614,7.472097726165667,1297.8833398925387,0.29032377395236775,23.21798968602214,653.9369279718251,56.32171026356014,53.77716602195213,12.07859846636508,0.39434571219371756,13.76825734177994,5.267671237046007,24.076029521668872,LANDING,HEALTHY,False,0.0,1.0,OK,42
2026-01-01T00:28:19Z,O320_CLASS-SIM-01,O320_CLASS,HIGH_ALTITUDE_ISR,376.4836770919418,7.69552161330499,1291.813508063694,0.2940450977674338,23.21220264964834,656.6238129578516,56.580158194402806,52.16250391228353,12.126553264968361,0.2957713207199194,13.775616636210094,4.903849829084624,24.2782847837148,LANDING,HEALTHY,False,0.0,1.0,OK,42
2026-01-01T00:28:20Z,O320_CLASS-SIM-01,O320_CLASS,HIGH_ALTITUDE_ISR,369.8702023258497,7.654505644073628,1285.8632599966402,0.2891314083458362,25.37608854511502,653.9671976641096,56.53738032105728,51.03129898674612,11.949019641942042,0.33468245572695593,13.722525932068192,4.682289873009346,24.067695769033943,LANDING,HEALTHY,False,0.0,1.0,OK,42
2026-01-01T00:28:21Z,O320_CLASS-SIM-01,O320_CLASS,HIGH_ALTITUDE_ISR,364.4438065820206,7.63548773642884,1282.4993420102696,0.2867058545976643,22.583968467309354,657.3429538973559,56.000437584390895,52.29709228901886,12.015897258549161,0.30123283273093626,13.73911905409868,5.1625899826598305,23.92904829264129,LANDING,HEALTHY,False,0.0,1.0,OK,42
2026-01-01T00:28:22Z,O320_CLASS-SIM-01,O320_CLASS,HIGH_ALTITUDE_ISR,362.65424712659114,7.813276608437911,1273.568273204507,0.291659057312345,21.845819682713806,655.6296351606343,56.5379481079727,49.977197307351474,11.94744191151855,0.358292611152514,13.745542166877886,4.809945076947585,23.88399969887361,LANDING,HEALTHY,False,0.0,1.0,OK,42
2026-01-01T00:28:23Z,O320_CLASS-SIM-01,O320_CLASS,HIGH_ALTITUDE_ISR,360.20195658255096,7.61645380418654,1282.0830759701855,0.29057526108584986,22.538005979788075,658.5824342740631,56.06313288931165,52.86529148983282,12.021204402461134,0.3823850192774603,13.732717901682346,5.563198906804709,24.06284469844914,LANDING,HEALTHY,False,0.0,1.0,OK,42
2026-01-01T00:28:24Z,O320_CLASS-SIM-01,O320_CLASS,HIGH_ALTITUDE_ISR,355.9171402738257,7.6855796871031705,1266.2462893046031,0.2914790353636585,22.325662585038984,658.0754972247857,56.71214157375014,52.40680853388987,11.902312679180284,0.3260585281555951,13.657254079507805,4.884421635816598,24.15172383321248,LANDING,HEALTHY,False,0.0,1.0,OK,42
2026-01-01T00:28:25Z,O320_CLASS-SIM-01,O320_CLASS,HIGH_ALTITUDE_ISR,351.4955942332296,7.62445091912436,1270.6630847879426,0.2903936949036011,22.887572053224872,660.30140627333,55.971740708195,52.10840290395446,11.897588725736195,0.4220457387621112,13.742435006714805,5.433547750748363,23.960172819421214,LANDING,HEALTHY,False,0.0,1.0,OK,42
2026-01-01T00:28:26Z,O320_CLASS-SIM-01,O320_CLASS,HIGH_ALTITUDE_ISR,350.43951691193075,7.754737542878062,1277.640280987579,0.28459761508121895,23.313112417590855,652.8674162632245,56.25763402901756,50.72971788659769,11.897325558541828,0.3822867788478166,13.752980924823776,4.581668235947048,23.730759191359304,LANDING,HEALTHY,False,0.0,1.0,OK,42
2026-01-01T00:28:27Z,O320_CLASS-SIM-01,O320_CLASS,HIGH_ALTITUDE_ISR,345.1898613151358,7.998290930414872,1261.2390518123536,0.29030591926746385,22.830877843890093,650.5296425865948,55.487395603378566,52.56963215010556,11.891592336016105,0.39716992224858183,13.700144735024093,4.9088680081427265,24.00918121221196,LANDING,HEALTHY,False,0.0,1.0,OK,42
2026-01-01T00:28:28Z,O320_CLASS-SIM-01,O320_CLASS,HIGH_ALTITUDE_ISR,340.5262189561552,7.727794100888134,1264.1256117408918,0.285534476833746,23.146517939175077,655.945880845928,56.55266914900622,51.0013926807115,11.77784847229697,0.37799505222109436,13.707333930346609,4.773799366363463,23.90923613759099,LANDING,HEALTHY,False,0.0,1.0,OK,42
2026-01-01T00:28:29Z,O320_CLASS-SIM-01,O320_CLASS,HIGH_ALTITUDE_ISR,336.0867685538999,7.590519653525517,1260.5999797317768,0.2855579214838184,22.724297765619497,656.4652397149454,55.83149777287273,52.69299271960475,11.8265111792991,0.25242165740507394,13.744701827222308,5.050183314557525,23.91021818655021,LANDING,HEALTHY,False,0.0,1.0,OK,42
2026-01-01T00:28:30Z,O320_CLASS-SIM-01,O320_CLASS,HIGH_ALTITUDE_ISR,335.13214273444663,7.7057295051776045,1268.6885866983366,0.2868228852176478,22.719349832700544,654.5284064240415,55.94812860527364,53.28125970200476,11.855702331031345,0.42198849371707425,13.74315285515058,4.684736345047691,23.899752943760358,LANDING,HEALTHY,False,0.0,1.0,OK,42
2026-01-01T00:28:31Z,O320_CLASS-SIM-01,O320_CLASS,HIGH_ALTITUDE_ISR,329.7220405278691,7.5512090150119535,1257.7163264077979,0.2815018117393079,22.909809631697932,659.8406829035456,55.97337063036612,50.44805296999307,11.773609916631143,0.3461749803310976,13.737143633314057,5.2442804695242575,24.12455373170703,LANDING,HEALTHY,False,0.0,1.0,OK,42
2026-01-01T00:28:32Z,O320_CLASS-SIM-01,O320_CLASS,HIGH_ALTITUDE_ISR,327.3210991365928,7.848911517658603,1268.5218999905312,0.27968963522908696,23.73124299185529,654.172323410379,55.33370772735658,52.46801266995882,11.873011834822725,0.3188874625511613,13.780819603236866,4.414261399516222,23.794350193629658,LANDING,HEALTHY,False,0.0,1.0,OK,42
2026-01-01T00:28:33Z,O320_CLASS-SIM-01,O320_CLASS,HIGH_ALTITUDE_ISR,322.0021331595944,7.849940972666399,1252.6182298644521,0.2808229109931921,21.882580666670417,653.8737548125948,55.986031118687606,51.46635546521924,11.781735353671799,0.30880185393425497,13.697354290119549,5.009326906711175,24.22341177215774,LANDING,HEALTHY,False,0.0,1.0,OK,42
2026-01-01T00:28:34Z,O320_CLASS-SIM-01,O320_CLASS,HIGH_ALTITUDE_ISR,320.11537651112997,7.979387041908823,1251.0591280356537,0.2790557921812643,23.73323742002853,648.960794858027,55.69132201488319,52.59438664691543,11.714085335804945,0.3510337804834725,13.744420994424395,4.445030229474102,23.97369653390447,LANDING,HEALTHY,False,0.0,1.0,OK,42
2026-01-01T00:28:35Z,O320_CLASS-SIM-01,O320_CLASS,HIGH_ALTITUDE_ISR,313.8886469128133,8.01611850508623,1259.7925475861425,0.2795015815712502,22.500134051168928,655.2804466188318,55.32831222344355,51.98897430870259,11.715192043892317,0.3748369753488321,13.753198466902544,4.968970326610034,24.21110547656986,LANDING,HEALTHY,False,0.0,1.0,OK,42
2026-01-01T00:28:36Z,O320_CLASS-SIM-01,O320_CLASS,HIGH_ALTITUDE_ISR,310.6161449139107,7.895426674946149,1249.8530567014413,0.27457330496210136,20.533198637188733,656.0051736705707,55.20289695130971,51.15992338809305,11.733995276492042,0.3165654000836321,13.758862009034564,4.804277605227452,23.82776155273018,LANDING,HEALTHY,False,0.0,1.0,OK,42
2026-01-01T00:28:37Z,O320_CLASS-SIM-01,O320_CLASS,HIGH_ALTITUDE_ISR,308.86485692202234,8.111170559577667,1239.6449214272882,0.27735638514117195,21.452127206087617,652.4933279090766,56.4710441257824,52.1253648860007,11.712313643167732,0.3359332190175671,13.758111525301384,4.604082579621668,23.86136795639563,LANDING,HEALTHY,False,0.0,1.0,OK,42
2026-01-01T00:28:38Z,O320_CLASS-SIM-01,O320_CLASS,HIGH_ALTITUDE_ISR,304.6887108909237,7.798467532352368,1257.1120731441488,0.2727155664562789,21.964253101165713,650.2446816493568,55.263070269840114,53.07001102922232,11.759564135450747,0.3780700875736741,13.688007061124452,4.5070655213076165,23.98545003699664,LANDING,HEALTHY,False,0.0,1.0,OK,42
2026-01-01T00:28:39Z,O320_CLASS-SIM-01,O320_CLASS,HIGH_ALTITUDE_ISR,301.07297623526966,7.930072947235201,1242.80906452946,0.2727373047078829,24.19824517318711,652.9495342281173,55.6604513138504,52.10457551214481,11.746812265470913,0.2934017552373204,13.76611725999774,4.440516309321315,24.102808557424527,LANDING,HEALTHY,False,0.0,1.0,OK,42
2026-01-01T00:28:40Z,O320_CLASS-SIM-01,O320_CLASS,HIGH_ALTITUDE_ISR,293.72334691863927,8.058390726293858,1258.6993428126932,0.27546858629056536,22.66323602544156,651.4113521989732,55.316396160987594,53.11882686869574,11.69937607368988,0.3665946894785808,13.732876178216872,4.680149174079436,24.03643704439436,LANDING,HEALTHY,False,0.0,1.0,OK,42
2026-01-01T00:28:41Z,O320_CLASS-SIM-01,O320_CLASS,HIGH_ALTITUDE_ISR,292.9816221442768,8.07265414798494,1232.6396703534408,0.2750559647427874,22.63538332460609,652.4124990650515,56.04441020290068,52.243892905711725,11.67319369619945,0.3658258398763276,13.750316601530507,4.814403092947578,23.886641974632784,LANDING,HEALTHY,False,0.0,1.0,OK,42
2026-01-01T00:28:42Z,O320_CLASS-SIM-01,O320_CLASS,HIGH_ALTITUDE_ISR,291.864385120241,8.012152099092617,1248.1755675660697,0.27205450388947766,22.602823033952735,656.9077682342585,55.41047416262938,52.53573999299967,11.657602313506773,0.30430418940179205,13.76759145496087,4.909199450285956,23.84324291881193,LANDING,HEALTHY,False,0.0,1.0,OK,42
2026-01-01T00:28:43Z,O320_CLASS-SIM-01,O320_CLASS,HIGH_ALTITUDE_ISR,286.84057585104284,8.021583348785336,1240.2323616298227,0.2704378486271842,22.908761850223193,652.5213444699397,55.80089470477515,52.53517427403158,11.609898182503466,0.4026320770330266,13.707084522179308,4.369581687426186,24.030339043626626,LANDING,HEALTHY,False,0.0,1.0,OK,42
2026-01-01T00:28:44Z,O320_CLASS-SIM-01,O320_CLASS,HIGH_ALTITUDE_ISR,278.257369570301,8.39414289431996,1239.533737024037,0.26751640022076006,20.81925477063058,649.5319580681896,55.613046841961406,51.00332820890316,11.638136385334832,0.31673839238070295,13.714773673863062,4.839618418818143,23.988952254690446,LANDING,HEALTHY,False,0.0,1.0,OK,42
2026-01-01T00:28:45Z,O320_CLASS-SIM-01,O320_CLASS,HIGH_ALTITUDE_ISR,279.4964820858461,8.09937769400985,1236.7368203343171,0.26817379017938164,22.10342434761583,651.5683641267364,55.252641128567504,51.73484068413751,11.612106096860757,0.3285383808802965,13.743816617248035,4.6759930227486555,23.80196631552075,LANDING,HEALTHY,False,0.0,1.0,OK,42
2026-01-01T00:28:46Z,O320_CLASS-SIM-01,O320_CLASS,HIGH_ALTITUDE_ISR,274.3609984199606,8.080940927009891,1239.7837907531984,0.2679475881425889,22.103891281674038,653.961336972115,56.025276458648115,52.380426953814464,11.58553973244882,0.30021499600112855,13.752292011234205,4.625664195137552,23.653612887658202,LANDING,HEALTHY,False,0.0,1.0,OK,42
2026-01-01T00:28:47Z,O320_CLASS-SIM-01,O320_CLASS,HIGH_ALTITUDE_ISR,270.07773803697876,8.271316061747822,1226.9373010835513,0.26735623198237324,21.723517777376554,653.1689746959295,55.84088453534535,51.030978402275444,11.668044116151503,0.3260868741657897,13.745219584573688,4.715660951080626,23.617038925331915,LANDING,HEALTHY,False,0.0,1.0,OK,42
2026-01-01T00:28:48Z,O320_CLASS-SIM-01,O320_CLASS,HIGH_ALTITUDE_ISR,265.0818001841885,8.188025284720993,1239.6894695652454,0.2638980243951674,20.73344138776659,653.6186170034932,55.49853009798859,52.43941964709831,11.501663313787727,0.26297189431244045,13.743577721867796,5.032481885165121,23.81765650088481,LANDING,HEALTHY,False,0.0,1.0,OK,42
2026-01-01T00:28:49Z,O320_CLASS-SIM-01,O320_CLASS,HIGH_ALTITUDE_ISR,261.24593323623697,8.226258692371015,1233.1460927784465,0.26527445442718744,23.400187195427364,655.4169395574061,55.345472058108086,50.52676356564001,11.50079425598008,0.3044627153310628,13.704600025395212,4.712417791558862,23.89467897637575,LANDING,HEALTHY,False,0.0,1.0,OK,42
2026-01-01T00:28:50Z,O320_CLASS-SIM-01,O320_CLASS,HIGH_ALTITUDE_ISR,256.7481469570266,8.435504524123985,1228.3759588094306,0.26553009764183205,22.556773931444678,651.0853882581631,55.73763754821338,51.98173321846004,11.595612903066796,0.29011916459788495,13.769738357678317,4.4292404869978865,24.2387923510391,LANDING,HEALTHY,False,0.0,1.0,OK,42
2026-01-01T00:28:51Z,O320_CLASS-SIM-01,O320_CLASS,HIGH_ALTITUDE_ISR,254.12780491047977,8.497376896957196,1223.6006729337914,0.26531893365622206,21.565978370509722,650.173313036528,54.07767045079686,54.10615414453469,11.508249053414099,0.20762890373297316,13.735261551096057,4.818169534675001,23.742727059347384,LANDING,HEALTHY,False,0.0,1.0,OK,42
2026-01-01T00:28:52Z,O320_CLASS-SIM-01,O320_CLASS,HIGH_ALTITUDE_ISR,250.78932004499694,8.359986685906962,1234.3729077219052,0.2631628832026091,23.322303242017476,655.6282897127869,55.0672044082417,50.848566749091574,11.477910767145513,0.34592383705586294,13.727572306862406,4.794927744167058,23.97301768252017,LANDING,HEALTHY,False,0.0,1.0,OK,42
2026-01-01T00:28:53Z,O320_CLASS-SIM-01,O320_CLASS,HIGH_ALTITUDE_ISR,248.94443597827265,8.345737753929184,1227.1630104240455,0.26650800550009507,19.730599855298934,653.9175894737726,55.853823826854644,51.1701959093448,11.523979925390329,0.3697484531212056,13.681062201965027,4.80497286205027,23.796324275442846,LANDING,HEALTHY,False,0.0,1.0,OK,42
2026-01-01T00:28:54Z,O320_CLASS-SIM-01,O320_CLASS,HIGH_ALTITUDE_ISR,244.35377574967976,8.362367902328156,1231.7566998797627,0.2608868690703123,20.9146993093838,651.4828371425822,54.94691899052927,51.251110227339154,11.435032958138606,0.3285625579457471,13.737090986267408,4.918465279173537,23.866686917101262,LANDING,HEALTHY,False,0.0,1.0,OK,42
2026-01-01T00:28:55Z,O320_CLASS-SIM-01,O320_CLASS,HIGH_ALTITUDE_ISR,240.0290361463457,8.28352918611294,1221.8617782387994,0.2599504436236696,21.321912616376288,653.1547808407698,55.25335123883286,52.33539045742321,11.434862612301494,0.2912972972722162,13.706167829678598,4.82010569558794,23.760522001657144,LANDING,HEALTHY,False,0.0,1.0,OK,42
2026-01-01T00:28:56Z,O320_CLASS-SIM-01,O320_CLASS,HIGH_ALTITUDE_ISR,235.01797284838128,8.633195461486093,1210.2169996884904,0.2593297534668734,21.965104081655156,652.4064600428474,54.01660918740827,52.43685317285902,11.494494643217346,0.3543114416577891,13.660423253652947,5.1304491520496605,23.61870348376999,LANDING,HEALTHY,False,0.0,1.0,OK,42
2026-01-01T00:28:57Z,O320_CLASS-SIM-01,O320_CLASS,HIGH_ALTITUDE_ISR,231.71570414386713,8.600614972363923,1219.6283497381687,0.2584940035438131,20.64523305680511,655.6257888631211,54.954390800877675,50.876670175103165,11.474603540876712,0.33111992192599843,13.757184845449212,4.732384634081933,24.16984732428481,LANDING,HEALTHY,False,0.0,1.0,OK,42
2026-01-01T00:28:58Z,O320_CLASS-SIM-01,O320_CLASS,HIGH_ALTITUDE_ISR,229.16467422194205,8.509821393605586,1220.0132981225847,0.25679982283579417,22.24469485641161,644.8306231588583,54.903252652354894,52.05179467984687,11.39087893887525,0.2867706005611522,13.7505097708496,4.453757724129827,23.834669179398144,LANDING,HEALTHY,False,0.0,1.0,OK,42
2026-01-01T00:28:59Z,O320_CLASS-SIM-01,O320_CLASS,HIGH_ALTITUDE_ISR,225.87018046635455,8.60653611265955,1223.95081722193,0.2568716891919083,22.2444117835221,652.4621158463465,54.69219548096634,52.02581444855395,11.368547825293435,0.34407410684302525,13.726116958461905,4.371936253012611,23.764859193953885,LANDING,HEALTHY,False,0.0,1.0,OK,42
2026-01-01T00:29:00Z,O320_CLASS-SIM-01,O320_CLASS,HIGH_ALTITUDE_ISR,219.9333471736084,8.52786507725799,1210.7614976409402,0.25917245195632754,22.806280059445577,649.4158143022645,54.937527298402,52.31939034235207,11.356122406076599,0.31418081061481085,13.711890086197364,5.029324978745588,23.72925281375102,LANDING,HEALTHY,False,0.0,1.0,OK,42
2026-01-01T00:29:01Z,O320_CLASS-SIM-01,O320_CLASS,HIGH_ALTITUDE_ISR,219.02992423391788,8.200275109570253,1215.5869588442554,0.2569981392441346,19.879300078002892,650.6226200670052,54.999629661993325,52.16440466196686,11.375916163559468,0.3088602263035033,13.77799759102619,4.384370246132565,24.18894497847646,LANDING,HEALTHY,False,0.0,1.0,OK,42
2026-01-01T00:29:02Z,O320_CLASS-SIM-01,O320_CLASS,HIGH_ALTITUDE_ISR,216.67770069083917,8.728520996811348,1198.9213923558411,0.2555230684710938,21.82025685344189,646.5049228302747,54.21938479171097,52.439847267916974,11.330920186057897,0.29919304529956203,13.75405902563416,4.321529817608423,23.71045234941659,LANDING,HEALTHY,False,0.0,1.0,OK,42
2026-01-01T00:29:03Z,O320_CLASS-SIM-01,O320_CLASS,HIGH_ALTITUDE_ISR,210.14056642908574,8.704303166459738,1191.7357895349107,0.25178243407407697,18.982202999423063,650.9236477774151,55.03262910521864,52.75138795881958,11.286226818497719,0.3406881444214972,13.715726436863795,4.873427157029999,23.75277517898774,LANDING,HEALTHY,False,0.0,1.0,OK,42
2026-01-01T00:29:04Z,O320_CLASS-SIM-01,O320_CLASS,HIGH_ALTITUDE_ISR,202.94783636398282,8.786054003158496,1200.0643428475926,0.251303451947553,21.406815670119077,648.0462300318046,54.73544343447142,52.59121324347619,11.325865579788337,0.29490189704139946,13.750629957408655,4.274475089425568,23.67197387733052,LANDING,HEALTHY,False,0.0,1.0,OK,42
2026-01-01T00:29:05Z,O320_CLASS-SIM-01,O320_CLASS,HIGH_ALTITUDE_ISR,203.49970155041336,8.720246179816701,1199.3859104225373,0.2533830997239292,21.31243271910595,651.6995837808654,54.77179687955164,52.75490619727201,11.304790819774627,0.24598314302798924,13.753147792547056,4.544472906324,23.862063952719755,LANDING,HEALTHY,False,0.0,1.0,OK,42
2026-01-01T00:29:06Z,O320_CLASS-SIM-01,O320_CLASS,HIGH_ALTITUDE_ISR,199.39108471095082,8.425992518086959,1181.9955394148305,0.24811126442128456,21.533419435648288,654.6578810128829,54.750679218170966,51.33178797109859,11.23866963990178,0.37230059841220836,13.680729497704313,5.030714192668177,24.034276964394518,LANDING,HEALTHY,False,0.0,1.0,OK,42
2026-01-01T00:29:07Z,O320_CLASS-SIM-01,O320_CLASS,HIGH_ALTITUDE_ISR,199.49837940110183,8.781179297196736,1195.7386158010388,0.24978676660637733,21.957740520222405,649.6892043007615,54.15154563911516,51.95143337407574,11.224418294950883,0.3670109809195413,13.701150304601214,4.51991002327913,23.893864110990776,LANDING,HEALTHY,False,0.0,1.0,OK,42
2026-01-01T00:29:08Z,O320_CLASS-SIM-01,O320_CLASS,HIGH_ALTITUDE_ISR,194.5123560581115,8.779432040426355,1199.7886204750935,0.24611416689314122,22.0500737317359,654.3782182862578,53.80600979921077,53.59397757778339,11.213192609669399,0.3406677941604023,13.721560176880319,4.471646171814248,23.70896842615901,LANDING,HEALTHY,False,0.0,1.0,OK,42
2026-01-01T00:29:09Z,O320_CLASS-SIM-01,O320_CLASS,HIGH_ALTITUDE_ISR,187.40004389085385,8.850796423819418,1192.6687674693355,0.2446033775795735,19.535562065030103,647.8918363019834,54.3064267837971,52.57676574169143,11.19789563981158,0.3554080476824938,13.715246894742,4.405141148033241,23.736000419244927,LANDING,HEALTHY,False,0.0,1.0,OK,42
2026-01-01T00:29:10Z,O320_CLASS-SIM-01,O320_CLASS,HIGH_ALTITUDE_ISR,187.27791758282012,8.590595492504947,1206.450372560504,0.24821661651414567,20.70693640276926,653.984333609378,54.34937371493634,52.42232262328375,11.191640834163401,0.35455800902816176,13.697195533760398,4.455414420934877,23.828897300260493,LANDING,HEALTHY,False,0.0,1.0,OK,42
2026-01-01T00:29:11Z,O320_CLASS-SIM-01,O320_CLASS,HIGH_ALTITUDE_ISR,183.05376594371438,8.697197114105034,1197.4662921163015,0.24340640020811816,18.10807809250731,649.0607033614377,54.77431456863002,52.18912943669928,11.177255733767282,0.31762754312089897,13.718674933645415,4.614506715752906,23.47881225190786,LANDING,HEALTHY,False,0.0,1.0,OK,42
2026-01-01T00:29:12Z,O320_CLASS-SIM-01,O320_CLASS,HIGH_ALTITUDE_ISR,177.62424834252602,8.863086035175673,1178.759411596765,0.2416862796019752,20.206570058758835,650.8565419059581,54.40734457584231,51.758977603986466,11.159467028894868,0.29911155604801815,13.726548206518903,4.760974737375823,23.38105286016965,LANDING,HEALTHY,False,0.0,1.0,OK,42
2026-01-01T00:29:13Z,O320_CLASS-SIM-01,O320_CLASS,HIGH_ALTITUDE_ISR,175.00857725602702,8.851845769339494,1192.1287748085467,0.24588960519304057,19.694007952034607,653.1006372374612,53.862972467588556,52.31132061681406,11.162570097404615,0.3162807777406694,13.687511003985126,4.549839429751925,23.945600524301447,LANDING,HEALTHY,False,0.0,1.0,OK,42
2026-01-01T00:29:14Z,O320_CLASS-SIM-01,O320_CLASS,HIGH_ALTITUDE_ISR,168.91258506414616,8.921039420842074,1193.0100419172502,0.2419991111362618,22.188763645029205,649.5705746512872,54.280123034175055,51.41993499058031,11.166421679965454,0.3140622987115646,13.735848417300023,4.272377784746619,23.598904520181176,LANDING,HEALTHY,False,0.0,1.0,OK,42
2026-01-01T00:29:15Z,O320_CLASS-SIM-01,O320_CLASS,HIGH_ALTITUDE_ISR,167.36040484351716,9.126245240177846,1189.4346358141743,0.24536149116388908,21.17898762711943,651.8482232143151,54.56039721929476,53.410245157599434,11.207400938346796,0.2700588255681147,13.740378052522697,4.488590775589368,23.66564642820637,LANDING,HEALTHY,False,0.0,1.0,OK,42
2026-01-01T00:29:16Z,O320_CLASS-SIM-01,O320_CLASS,HIGH_ALTITUDE_ISR,160.3035692297775,8.709716604201695,1179.7257492128354,0.23781155772387144,20.056630439836407,652.2413153747314,54.01832453348881,52.29176267609869,11.07748915452271,0.3249180127940319,13.73119374203796,4.0573520404637495,23.575517939451952,LANDING,HEALTHY,False,0.0,1.0,OK,42
2026-01-01T00:29:17Z,O320_CLASS-SIM-01,O320_CLASS,HIGH_ALTITUDE_ISR,157.3585038581483,9.041197034337493,1182.191908616381,0.2397153912263437,20.271913987477724,651.1682975884452,54.349862494650715,51.83384916315376,11.08470527188519,0.3101216729711526,13.709846586157473,4.9191016939520225,23.624267272356878,LANDING,HEALTHY,False,0.0,1.0,OK,42
2026-01-01T00:29:18Z,O320_CLASS-SIM-01,O320_CLASS,HIGH_ALTITUDE_ISR,155.99005352372737,9.05877786213136,1190.3218553950996,0.2372665197053967,21.99033550153133,649.8987424005855,55.17526265868444,52.525746653965726,11.040571055279583,0.30411008649237187,13.755215534969556,4.4151735127529,23.66645963655812,LANDING,HEALTHY,False,0.0,1.0,OK,42
2026-01-01T00:29:19Z,O320_CLASS-SIM-01,O320_CLASS,HIGH_ALTITUDE_ISR,152.93034759765376,8.961213309362828,1175.6690361448723,0.23607361394309997,22.414442191797505,647.1170010448809,54.204501728601755,52.62496197556423,11.086901393225972,0.26135766782578795,13.68475322286393,4.516286069768053,23.551974910404628,LANDING,HEALTHY,False,0.0,1.0,OK,42
2026-01-01T00:29:20Z,O320_CLASS-SIM-01,O320_CLASS,HIGH_ALTITUDE_ISR,145.040122314416,9.095083785455397,1168.6116142983856,0.2382994755841777,20.055203532125613,649.4555718890178,54.11958865955813,51.33568540518092,11.031911767902661,0.3006317579385597,13.679974413635756,4.554991376708509,23.616404702426518,LANDING,HEALTHY,False,0.0,1.0,OK,42
2026-01-01T00:29:21Z,O320_CLASS-SIM-01,O320_CLASS,HIGH_ALTITUDE_ISR,142.2702895419681,8.977256764292758,1174.6373087136824,0.23521893020408732,20.734412488986678,651.4220426026792,55.021339637070994,53.17245792869682,10.977000411489708,0.2961367551028851,13.7058938884719,4.511196295801925,23.516029764808316,LANDING,HEALTHY,False,0.0,1.0,OK,42
2026-01-01T00:29:22Z,O320_CLASS-SIM-01,O320_CLASS,HIGH_ALTITUDE_ISR,139.94386249444344,8.898523403798785,1167.2451080956223,0.23405525409068106,19.836703098002086,646.9277944470854,54.415423776374496,52.635213375711274,10.972045977640043,0.31110310142937964,13.666523774847219,4.693895557782327,23.891741439708422,LANDING,HEALTHY,False,0.0,1.0,OK,42
2026-01-01T00:29:23Z,O320_CLASS-SIM-01,O320_CLASS,HIGH_ALTITUDE_ISR,136.95343109620458,8.981362484156056,1164.9840595487,0.23335177509470773,20.041986164239674,653.2276505008753,54.36679596715271,53.03978324266515,11.038718946296658,0.26343863938605516,13.689967882017259,4.3644264368951315,23.463019059236814,LANDING,HEALTHY,False,0.0,1.0,OK,42
2026-01-01T00:29:24Z,O320_CLASS-SIM-01,O320_CLASS,HIGH_ALTITUDE_ISR,133.789307759162,9.254101861544882,1172.8953919514495,0.2343437122791701,17.888700380282703,653.0425414900902,53.31953067682751,52.14635564280351,11.046853803134557,0.32344672936114965,13.674322523578969,4.065590619973354,23.679805088159906,LANDING,HEALTHY,False,0.0,1.0,OK,42
2026-01-01T00:29:25Z,O320_CLASS-SIM-01,O320_CLASS,HIGH_ALTITUDE_ISR,130.39589715028453,8.99132683071548,1169.9072186979956,0.22937686044801944,20.835759134157147,647.4074985737126,53.94060755612135,52.204250607088895,11.059730109992417,0.3183085453209634,13.694272455797583,4.421007492433027,23.95166798202432,LANDING,HEALTHY,False,0.0,1.0,OK,42
2026-01-01T00:29:26Z,O320_CLASS-SIM-01,O320_CLASS,HIGH_ALTITUDE_ISR,127.03611030785623,9.172606429421426,1158.3308564740062,0.23024849848026607,20.860927562276053,647.3108233312884,53.87138283470821,53.42991633531622,10.995021503142075,0.2649793846219389,13.77716871297061,4.76267004261616,23.699045510846993,LANDING,HEALTHY,False,0.0,1.0,OK,42
2026-01-01T00:29:27Z,O320_CLASS-SIM-01,O320_CLASS,HIGH_ALTITUDE_ISR,124.13585533923109,9.165508603385408,1169.0281123761572,0.2297084759451941,18.377073430684323,655.9136384179759,53.26958504906427,52.52355915093312,10.98763437765802,0.32830698836888966,13.708730383210371,4.293205497104801,23.63819519695411,LANDING,HEALTHY,False,0.0,1.0,OK,42
2026-01-01T00:29:28Z,O320_CLASS-SIM-01,O320_CLASS,HIGH_ALTITUDE_ISR,119.23832124053011,9.229357175415092,1160.9177371137666,0.22698740974375098,22.37881703377339,650.6818573782996,53.87764370869204,51.79166952212402,10.90903251144939,0.34158912865452185,13.706212541246215,4.459255407485947,23.40817670495198,LANDING,HEALTHY,False,0.0,1.0,OK,42
2026-01-01T00:29:29Z,O320_CLASS-SIM-01,O320_CLASS,HIGH_ALTITUDE_ISR,117.1350970807803,9.388910319015116,1159.0477076428706,0.22963895454054967,20.810620912226703,645.909211219127,54.42708026710646,52.683622391189836,10.909914799961545,0.2628497075787978,13.740208714384686,4.347761653663227,23.67695652601429,LANDING,HEALTHY,False,0.0,1.0,OK,42
2026-01-01T00:29:30Z,O320_CLASS-SIM-01,O320_CLASS,HIGH_ALTITUDE_ISR,111.15110794294624,9.127366224401365,1161.996167351761,0.22738270749947706,19.854594760893757,655.1034979160521,54.06543344486563,53.04423551179576,11.067086777277472,0.32162082960475913,13.713774245267691,4.116163875524152,23.53025215421285,LANDING,HEALTHY,False,0.0,1.0,OK,42
2026-01-01T00:29:31Z,O320_CLASS-SIM-01,O320_CLASS,HIGH_ALTITUDE_ISR,104.33675175758519,9.420415352672837,1146.0223056075158,0.2286573238157634,19.78839195975324,649.390741952379,53.662702664640335,53.41753308840522,10.977507456557113,0.30460751750127957,13.682800001544335,4.507943089125806,23.44551860571155,LANDING,HEALTHY,False,0.0,1.0,OK,42
2026-01-01T00:29:32Z,O320_CLASS-SIM-01,O320_CLASS,HIGH_ALTITUDE_ISR,101.37141176702674,9.400678406199082,1164.135473983939,0.22511575559033825,20.285033923352852,647.9412900974016,53.93027898574195,53.19058742256179,10.889900804342927,0.26418514494488676,13.665646177997205,4.499409238122372,23.41479117154806,LANDING,HEALTHY,False,0.0,1.0,OK,42
2026-01-01T00:29:33Z,O320_CLASS-SIM-01,O320_CLASS,HIGH_ALTITUDE_ISR,100.558036361804,9.466611060266375,1148.6064528379559,0.2246675782996402,20.958244616371456,646.8701450578207,53.23941657135475,52.132981172446925,10.952982431292948,0.3692454114597011,13.705980445222261,4.0809842333773245,23.73846600627499,LANDING,HEALTHY,False,0.0,1.0,OK,42
2026-01-01T00:29:34Z,O320_CLASS-SIM-01,O320_CLASS,HIGH_ALTITUDE_ISR,93.79235292380616,9.411215702196284,1150.4943043772532,0.226661729761123,21.393384588087805,646.4447384593649,53.63217974708927,51.86998166598273,10.86049716644316,0.3290393743544782,13.698483819398566,4.298534683926147,23.716013681262986,LANDING,HEALTHY,False,0.0,1.0,OK,42
2026-01-01T00:29:35Z,O320_CLASS-SIM-01,O320_CLASS,HIGH_ALTITUDE_ISR,94.86533517828656,9.441450169869565,1150.015913390023,0.22093356782918447,21.582480240775435,649.9510182710654,53.581393649552616,52.400516175470266,10.879306949003361,0.3347439783185666,13.73498373360178,4.643803618018168,23.60240154863159,LANDING,HEALTHY,False,0.0,1.0,OK,42
2026-01-01T00:29:36Z,O320_CLASS-SIM-01,O320_CLASS,HIGH_ALTITUDE_ISR,91.52019071778719,9.580880714144605,1146.820347621521,0.21888747476533563,19.74254627753513,652.5189412706861,53.1785811567879,52.4044993821223,10.855679960325562,0.34108671778243743,13.69606931325637,4.014818151918838,23.64507538352,LANDING,HEALTHY,False,0.0,1.0,OK,42
2026-01-01T00:29:37Z,O320_CLASS-SIM-01,O320_CLASS,HIGH_ALTITUDE_ISR,84.07010465662916,9.170970493474979,1160.2514138901672,0.22315035762057148,21.86047589184048,650.719035198177,53.722602923719904,52.64025117547071,10.824296337969603,0.3234160131863727,13.690692994450883,3.9559288373844037,23.503319348676243,LANDING,HEALTHY,False,0.0,1.0,OK,42
2026-01-01T00:29:38Z,O320_CLASS-SIM-01,O320_CLASS,HIGH_ALTITUDE_ISR,83.41871991850913,9.285509367331578,1134.0227761620974,0.22155298869579615,19.063044432767967,649.6592728764309,53.80815820601001,52.719983118122144,10.788198205712577,0.353779998848229,13.72913982599742,4.221026207824815,23.543495330701816,LANDING,HEALTHY,False,0.0,1.0,OK,42
2026-01-01T00:29:39Z,O320_CLASS-SIM-01,O320_CLASS,HIGH_ALTITUDE_ISR,78.33876658699394,9.447646889405695,1128.9311734975124,0.22094475993696797,20.350947986002943,642.6046776783971,53.57823169544223,53.76211959091152,10.749675292751872,0.29906269264547375,13.701002719822208,4.620516389725882,23.7084557114743,LANDING,HEALTHY,False,0.0,1.0,OK,42
2026-01-01T00:29:40Z,O320_CLASS-SIM-01,O320_CLASS,HIGH_ALTITUDE_ISR,72.75644985430554,9.569836297022297,1158.6275203763632,0.21726910272023628,19.469778276824005,649.5531935521668,53.09167314540975,53.773712124894566,10.768704512078974,0.24596543844877383,13.690298638940076,4.3597736133834335,23.414169807841372,LANDING,HEALTHY,False,0.0,1.0,OK,42
2026-01-01T00:29:41Z,O320_CLASS-SIM-01,O320_CLASS,HIGH_ALTITUDE_ISR,70.82366945367131,9.62697515861384,1128.7594335834867,0.21646518815740423,19.863223090545446,649.937813756451,53.08190280099561,52.49082576304445,10.764455819958878,0.3301741517189042,13.721216285422997,4.094264023339737,23.599246145324674,LANDING,HEALTHY,False,0.0,1.0,OK,42
2026-01-01T00:29:42Z,O320_CLASS-SIM-01,O320_CLASS,HIGH_ALTITUDE_ISR,66.04776910897803,9.635270959820136,1140.4254549869272,0.2214087597238038,19.00242721327699,647.7412455546898,53.00023292392682,51.549448660794624,10.742178299540377,0.3271982762916017,13.727343368952784,4.252681898944903,23.47669984489069,LANDING,HEALTHY,False,0.0,1.0,OK,42
2026-01-01T00:29:43Z,O320_CLASS-SIM-01,O320_CLASS,HIGH_ALTITUDE_ISR,62.222900484067345,9.453216164171433,1130.4236203854741,0.21315048462247635,20.997044141719027,652.600204246692,52.44647732432793,52.61345975826605,10.76501859793143,0.3084815063675525,13.687022705308685,4.42552853914824,23.57622254921308,LANDING,HEALTHY,False,0.0,1.0,OK,42
2026-01-01T00:29:44Z,O320_CLASS-SIM-01,O320_CLASS,HIGH_ALTITUDE_ISR,60.810441890204984,9.504188017902894,1122.0363109527184,0.21568462587397885,18.173942195419027,650.5570086378547,52.33185846297074,52.01359975805188,10.707004565641931,0.2863697985001262,13.712223385949892,4.260108021901468,23.604199338307627,LANDING,HEALTHY,False,0.0,1.0,OK,42
2026-01-01T00:29:45Z,O320_CLASS-SIM-01,O320_CLASS,HIGH_ALTITUDE_ISR,56.68803510199016,9.613160048788123,1148.1938898710087,0.21666306955680292,18.91713735826418,647.4917848093496,53.01096013086915,52.685495054534755,10.675654404041824,0.26761987859749536,13.638954672132286,4.052543996593452,23.661541685815273,LANDING,HEALTHY,False,0.0,1.0,OK,42
2026-01-01T00:29:46Z,O320_CLASS-SIM-01,O320_CLASS,HIGH_ALTITUDE_ISR,51.623700321627986,9.648538671741012,1131.7714388688623,0.2109584880973728,19.2841030912252,649.9735275093874,53.22846446493955,53.183854162539646,10.773942505794857,0.3252422842162437,13.68215976127547,4.057346006883927,23.785141611993964,LANDING,HEALTHY,False,0.0,1.0,OK,42
2026-01-01T00:29:47Z,O320_CLASS-SIM-01,O320_CLASS,HIGH_ALTITUDE_ISR,48.61940091814135,9.714180525502895,1120.887830651629,0.2118541147258065,20.0758320435357,647.6988280827619,52.8597355407,52.17792144209135,10.756845766465975,0.3249880472128357,13.719166958059946,4.244782055302334,23.31155563086076,LANDING,HEALTHY,False,0.0,1.0,OK,42
2026-01-01T00:29:48Z,O320_CLASS-SIM-01,O320_CLASS,HIGH_ALTITUDE_ISR,44.852968074568984,9.871312232695626,1123.9009013799966,0.21306596723583293,19.83306740850769,649.6451812441736,53.049496746489496,53.12364864889021,10.610572982870945,0.29914156909237105,13.72412104303127,4.199828904318578,23.64694687800703,LANDING,HEALTHY,False,0.0,1.0,OK,42
2026-01-01T00:29:49Z,O320_CLASS-SIM-01,O320_CLASS,HIGH_ALTITUDE_ISR,40.5050925029466,9.653066894234426,1111.0958704926677,0.2096392521844394,19.76184420770437,649.3930810392266,52.431070912191245,53.36123200855528,10.621672556095689,0.2925095452211898,13.685250818330331,4.221269800949166,23.490309105557227,LANDING,HEALTHY,False,0.0,1.0,OK,42
2026-01-01T00:29:50Z,O320_CLASS-SIM-01,O320_CLASS,HIGH_ALTITUDE_ISR,38.05398987009205,10.035829951437915,1125.6109152497725,0.2081058999819908,19.657863166167246,652.2682437650028,53.214891914011126,53.18416042617547,10.577335276639738,0.3123711508122773,13.69385935644423,3.938140202359796,23.466446229911423,LANDING,HEALTHY,False,0.0,1.0,OK,42
2026-01-01T00:29:51Z,O320_CLASS-SIM-01,O320_CLASS,HIGH_ALTITUDE_ISR,33.496284305279495,9.689674548034533,1122.1548584930986,0.20798635913773567,19.910679997830425,647.889443910167,53.06432348116115,53.217791509398396,10.671416360218812,0.2961939729095419,13.638876586128841,4.227828260461601,23.326602626786254,LANDING,HEALTHY,False,0.0,1.0,OK,42
2026-01-01T00:29:52Z,O320_CLASS-SIM-01,O320_CLASS,HIGH_ALTITUDE_ISR,29.500272892579748,9.86306445519637,1129.5298612757801,0.21109205301030798,17.92565119074925,643.9462360342253,53.005826994829754,52.6349409342898,10.570263205268578,0.29531537646135975,13.718994875159007,3.7830939074309113,23.30780196777521,LANDING,HEALTHY,False,0.0,1.0,OK,42
2026-01-01T00:29:53Z,O320_CLASS-SIM-01,O320_CLASS,HIGH_ALTITUDE_ISR,24.959686022883282,9.799642444130965,1122.6353092962813,0.20582852013433114,19.06103970177911,652.7669994652106,52.4545896588833,51.925363644945364,10.650983836397554,0.33504417865943265,13.713096851567732,4.534120013521797,23.498208181936217,LANDING,HEALTHY,False,0.0,1.0,OK,42
2026-01-01T00:29:54Z,O320_CLASS-SIM-01,O320_CLASS,HIGH_ALTITUDE_ISR,19.25806669695763,9.870104908672658,1110.7330036747626,0.20832317905326683,20.11594116998526,643.0932648507979,53.3388022923289,53.20605427596117,10.5876126390596,0.2919285366524866,13.742002181523189,3.5802571086821855,23.511000867507345,LANDING,HEALTHY,False,0.0,1.0,OK,42
2026-01-01T00:29:55Z,O320_CLASS-SIM-01,O320_CLASS,HIGH_ALTITUDE_ISR,20.158632971206366,9.866322675022824,1118.7009136051531,0.20483593870274536,17.981464176479385,644.9611288790019,53.0449957137958,51.95283847381224,10.514397008471576,0.2995067288332947,13.684428338894282,3.764625681085146,23.44855601598761,LANDING,HEALTHY,False,0.0,1.0,OK,42
2026-01-01T00:29:56Z,O320_CLASS-SIM-01,O320_CLASS,HIGH_ALTITUDE_ISR,15.965729924945787,9.906726213332412,1103.2038974610928,0.20466731082851095,20.128604008821064,652.4327766800003,53.298498198782426,51.664003057049946,10.620354456948135,0.3044171144396346,13.664841584179499,4.126629774110868,23.719199498514058,LANDING,HEALTHY,False,0.0,1.0,OK,42
2026-01-01T00:29:57Z,O320_CLASS-SIM-01,O320_CLASS,HIGH_ALTITUDE_ISR,12.904907427190468,9.775760306842278,1110.059177793474,0.20376112663839163,16.774822939861387,642.5783594207631,52.74513593890259,52.60935787009859,10.472367590526417,0.3092212831897202,13.731597083785244,3.99239442219507,23.433975212376048,LANDING,HEALTHY,False,0.0,1.0,OK,42
2026-01-01T00:29:58Z,O320_CLASS-SIM-01,O320_CLASS,HIGH_ALTITUDE_ISR,8.264524982433818,10.01770624329596,1094.815502091016,0.20004160946762461,18.340159729672557,644.5819239606293,53.23158404465189,52.98976881005527,10.49571443429733,0.2846759048848803,13.732483476603456,3.8767094447942183,23.546347830331268,LANDING,HEALTHY,False,0.0,1.0,OK,42
2026-01-01T00:29:59Z,O320_CLASS-SIM-01,O320_CLASS,HIGH_ALTITUDE_ISR,5.778473239544905,10.15834707062291,1107.8221833780512,0.20342797592055656,18.153160322860334,652.8660078798092,52.70263593072234,53.40663580733509,10.520026376981363,0.31277371843745966,13.714458992804829,3.7973708877575953,23.268451910831892,LANDING,HEALTHY,False,0.0,1.0,OK,42
