timestamp,engine_id,model_id,mission_id,altitude,ambient_temp,rpm,throttle,cht,egt,oil_pressure,oil_temp,fuel_flow,vibration_rms,battery_voltage,alternator_current,injection_timing,mission_phase,fault_label,fault_active,fault_severity,data_quality,sensor_status,simulation_seed,health_index,rul,cht_residual,egt_residual,oil_pressure_residual,fuel_flow_residual,rpm_residual,vibration_rms_residual
2026-01-01T00:00:00Z,O320_CLASS-SIM-01,O320_CLASS,RAPID_RESPONSE,0.457075619631647,17.844002384063927,1221.2036095664516,0.9218811294327824,61.57179860694873,718.5933512328442,55.00388616126691,54.19045765945847,18.747346608791453,0.3881756206748346,13.749928605912551,6.132023201635014,24.48589127130085,TAKEOFF,HEALTHY,False,0.0,1.0,OK,42,91.9,3600.0,-2.235,-3.34481,0.028641,-0.030844,4.960368,-0.034707
2026-01-01T00:00:01Z,O320_CLASS-SIM-01,O320_CLASS,RAPID_RESPONSE,3.6353062548964936,18.057487512448915,1579.4752668365945,0.9211819460126095,76.80867458083908,749.7043588744801,62.93569302661692,55.94199260735904,21.85192405355808,0.5861926130391805,13.805512357063856,8.39810788808771,25.790924071000507,TAKEOFF,HEALTHY,False,0.0,1.0,OK,42,91.87,3600.0,-1.376358,1.951819,-0.044259,-0.05541,-8.000777,0.048364
2026-01-01T00:00:02Z,O320_CLASS-SIM-01,O320_CLASS,RAPID_RESPONSE,4.687352667218912,18.029538831876835,1857.0847550642275,0.9217505308949048,90.66912566744872,765.0163711450775,68.51729656394348,57.183238633773236,24.1824954862594,0.6772323393724236,13.869130918243693,10.36531544016231,26.70604025325425,TAKEOFF,HEALTHY,False,0.0,1.0,OK,42,91.83,3600.0,2.347034,-1.283625,-0.232404,0.004752,2.026182,0.044476
2026-01-01T00:00:03Z,O320_CLASS-SIM-01,O320_CLASS,RAPID_RESPONSE,6.809222515070385,18.07357145901385,2050.885630727962,0.920002313918756,95.70320831475752,779.7079800499932,72.96600273998062,60.30191215792377,25.80035811595993,0.7337652412795851,13.919553464620353,12.25493952491116,27.635453495783256,TAKEOFF,HEALTHY,False,0.0,1.0,OK,42,91.84,3600.0,0.158808,0.367728,0.084207,0.034041,4.193632,0.027427
2026-01-01T00:00:04Z,O320_CLASS-SIM-01,O320_CLASS,RAPID_RESPONSE,5.592044047994277,17.90149376199085,2181.768316797847,0.9205000220812911,100.39236917248715,792.8343389651718,75.52918616754178,62.12786670481881,26.889920482788753,0.7502156206705463,13.954839894827327,13.54887374879118,28.160526041530133,TAKEOFF,HEALTHY,False,0.0,1.0,OK,42,91.89,3600.0,-0.073507,4.048611,-0.334311,-0.051827,-3.205468,-0.012789
2026-01-01T00:00:05Z,O320_CLASS-SIM-01,O320_CLASS,RAPID_RESPONSE,10.91224307502211,17.884496794718288,2282.1113968593772,0.9239381739847365,104.33020198597491,792.9207193008488,77.58446779341355,62.31268325309913,27.857751508627352,0.8121530424828279,13.99407027656886,14.207788029198074,28.448152526212937,TAKEOFF,HEALTHY,False,0.0,1.0,OK,42,92.0,3600.0,-0.318272,-3.476876,-0.464798,-0.016771,-4.231363,0.004962
2026-01-01T00:00:06Z,O320_CLASS-SIM-01,O320_CLASS,RAPID_RESPONSE,12.605052257617672,17.877764685708634,2361.87065912343,0.9213428147845334,106.90900517760568,800.2466609128753,79.12070650063468,65.05971130263724,28.433358505736393,0.8388111723853783,14.004672906452537,15.102500767369,28.79205919752636,TAKEOFF,HEALTHY,False,0.0,1.0,OK,42,92.17,3600.0,-0.208328,-0.654595,-0.470176,0.007434,4.032642,0.001047
2026-01-01T00:00:07Z,O320_CLASS-SIM-01,O320_CLASS,RAPID_RESPONSE,13.463382884346974,17.848033030971155,2409.916601637981,0.9197364422431951,107.63491863440484,801.6007988857418,80.32867938315971,66.5273474144252,28.866270081993044,0.8467140580201495,14.041439529976135,15.400478842422448,28.996842239602117,TAKEOFF,HEALTHY,False,0.0,1.0,OK,42,92.36,3600.0,-1.185517,-2.482673,-0.352369,0.0477,1.520153,-0.013137
2026-01-01T00:00:08Z,O320_CLASS-SIM-01,O320_CLASS,RAPID_RESPONSE,14.155129035540739,17.868073255208742,2440.842809159397,0.9228774894037545,111.86044419983013,803.2983754383216,81.71832133438991,67.84496497500136,29.214645382952796,0.8213173670048663,14.013467248537774,15.72398986864977,29.061853822694935,TAKEOFF,HEALTHY,False,0.0,1.0,OK,42,92.45,3600.0,1.232165,-4.020147,0.21478,0.003065,-5.698251,-0.056752
2026-01-01T00:00:09Z,O320_CLASS-SIM-01,O320_CLASS,RAPID_RESPONSE,17.532778218285163,18.126516833698137,2474.013281977535,0.9219530050147563,112.15436315058221,810.157265560201,82.68087526847584,69.67823775408793,29.507183968897763,0.9504276990809374,13.982053671336356,15.966218182741029,28.990376345571434,TAKEOFF,HEALTHY,False,0.0,1.0,OK,42,92.46,3600.0,0.006387,0.863973,0.597917,0.085587,0.600723,0.06032
2026-01-01T00:00:10Z,O320_CLASS-SIM-01,O320_CLASS,RAPID_RESPONSE,18.85972973971079,17.667108188977664,2501.0039226708705,0.923999999050247,110.97797015189703,808.5413028420984,82.69373908324522,70.94505476596103,29.77089880587893,1.017827675614376,14.034814249854096,16.077613106041667,28.8843674346495,TAKEOFF,HEALTHY,False,0.0,1.0,OK,42,92.3,3600.0,-1.191315,-2.102513,0.169541,0.127982,7.128049,0.117646
2026-01-01T00:00:11Z,O320_CLASS-SIM-01,O320_CLASS,RAPID_RESPONSE,21.790456082404642,17.739031057925676,2507.2012111968343,0.9236646952907692,113.17349635028451,814.8452957176713,82.94599467079087,71.32372006537409,29.755426028671582,0.8412149661891023,14.011199712226064,16.458733873207837,29.52430218300937,TAKEOFF,HEALTHY,False,0.0,1.0,OK,42,92.12,3600.0,0.296592,3.164696,0.109558,-0.005632,-1.155261,-0.065602
2026-01-01T00:00:12Z,O320_CLASS-SIM-01,O320_CLASS,RAPID_RESPONSE,23.528745115542662,17.99574425998679,2517.247894718471,0.9229634458004993,112.63671333822346,811.1987639735513,83.96567411358907,71.88498647942542,29.95244863982927,0.8772354165765572,14.05623705093781,16.67810087097662,29.276244943615364,TAKEOFF,HEALTHY,False,0.0,1.0,OK,42,91.97,3600.0,-1.12278,-1.313115,0.913721,0.121039,-1.103539,-0.034026
2026-01-01T00:00:13Z,O320_CLASS-SIM-01,O320_CLASS,RAPID_RESPONSE,25.216633988574625,17.737476290130036,2532.7331137759525,0.9248678108170962,112.6705701338762,810.4549770861478,83.35414547812715,74.81659086675529,29.998189515639226,0.9124679964164935,14.038713175959698,16.99088761614591,29.36297133403813,TAKEOFF,HEALTHY,False,0.0,1.0,OK,42,91.92,3600.0,-1.064581,-2.743517,0.124862,0.051165,6.157633,-0.003248
2026-01-01T00:00:14Z,O320_CLASS-SIM-01,O320_CLASS,RAPID_RESPONSE,26.60583137597161,17.988998862064538,2538.5037710414113,0.9292937342062143,114.63129269192888,811.0872645147102,82.86526339774753,75.80972166252596,30.1390036211917,0.9129611389973659,14.020021581590456,17.092631702339148,29.186910341214194,TAKEOFF,HEALTHY,False,0.0,1.0,OK,42,91.92,3600.0,-0.447134,-3.797561,-0.544412,0.0165,3.562318,-0.008085
2026-01-01T00:00:15Z,O320_CLASS-SIM-01,O320_CLASS,RAPID_RESPONSE,27.824576138232924,17.906915685870022,2536.3765992452295,0.9266564229332266,114.43041505669683,815.3905997598822,84.07168254944403,75.42634370451628,30.135377411050047,0.8403895500933416,14.031096250661985,16.565159398385198,29.18770546266713,TAKEOFF,HEALTHY,False,0.0,1.0,OK,42,91.85,3600.0,-0.383567,0.765312,0.564523,0.034478,-3.085895,-0.081953
2026-01-01T00:00:16Z,O320_CLASS-SIM-01,O320_CLASS,RAPID_RESPONSE,29.793882560717982,17.747659261672656,2550.276732635399,0.924458325675632,114.83884166800796,813.662162329949,83.45127962114961,76.9549749556473,30.171608966601354,0.9776604656415313,14.02871971582503,16.640438346643435,29.35066150187998,TAKEOFF,HEALTHY,False,0.0,1.0,OK,42,91.74,3600.0,0.497922,-0.538352,-0.098612,0.103024,8.832483,0.055063
2026-01-01T00:00:17Z,O320_CLASS-SIM-01,O320_CLASS,RAPID_RESPONSE,33.41930074246239,17.811624892656944,2536.9390172849976,0.9277365351188114,115.22297858819593,821.440123258424,84.3905423471807,76.20769570163992,30.16549241972969,0.8670440834508711,14.016255418015762,16.924396904801036,29.57606096214206,TAKEOFF,HEALTHY,False,0.0,1.0,OK,42,91.6,3600.0,0.230252,6.298647,0.7721,-0.010551,-7.684378,-0.058135
2026-01-01T00:00:18Z,O320_CLASS-SIM-01,O320_CLASS,RAPID_RESPONSE,33.90637424338459,17.674378033989832,2530.5593307066056,0.9276746681589102,113.8006946351603,814.0591980192282,83.33484861472407,77.49547391411487,30.122550880053474,0.8680641878221915,14.098349530047903,16.5493874028571,29.239612912888628,TAKEOFF,HEALTHY,False,0.0,1.0,OK,42,91.45,3600.0,-0.979369,-1.093542,-0.331969,-0.071681,-16.307553,-0.058155
2026-01-01T00:00:19Z,O320_CLASS-SIM-01,O320_CLASS,RAPID_RESPONSE,39.69981473692641,18.19562118649717,2540.099011811795,0.9277079465308684,115.59716393583639,819.9139063329827,83.32823735429291,78.00254548687438,30.27658073779282,0.9451185414146417,14.023592011659655,16.859697948283856,29.20540790282973,TAKEOFF,HEALTHY,False,0.0,1.0,OK,42,91.37,3600.0,-0.456477,4.081086,-0.371016,0.062518,-8.272157,0.018108
2026-01-01T00:00:20Z,O320_CLASS-SIM-01,O320_CLASS,RAPID_RESPONSE,38.53162827292689,17.70726409872088,2552.7822445784905,0.9277782344512508,115.85421033455447,818.3138896802445,83.81648957383054,79.05932193940826,30.265273707985504,0.928581805742567,14.013569065601393,16.991424134602877,29.403526639595835,TAKEOFF,HEALTHY,False,0.0,1.0,OK,42,91.41,3600.0,0.827959,2.885515,0.092471,0.041038,3.26256,0.001024
2026-01-01T00:00:21Z,O320_CLASS-SIM-01,O320_CLASS,RAPID_RESPONSE,43.97308579672923,17.97058656870462,2555.2629589221065,0.9278072189139438,114.04688375380962,818.9359176713135,83.88639871150077,79.69617065612462,30.198580395434423,0.9664318775170868,14.049140386996816,16.6518497235398,29.35312366725419,TAKEOFF,HEALTHY,False,0.0,1.0,OK,42,91.44,3600.0,-1.657207,3.143593,0.146825,-0.038346,5.02187,0.038456
2026-01-01T00:00:22Z,O320_CLASS-SIM-01,O320_CLASS,RAPID_RESPONSE,43.17335358431256,17.72981446419788,2550.9446141087337,0.9295708012416459,115.16731521240422,816.5053751720806,84.39373956046796,77.7513340715836,30.295932513442192,0.937082606475229,14.044645615862816,16.85220327632204,29.165540800883143,TAKEOFF,HEALTHY,False,0.0,1.0,OK,42,91.52,3600.0,-0.24506,0.516016,0.621325,0.005546,-0.819541,0.007836
2026-01-01T00:00:23Z,O320_CLASS-SIM-01,O320_CLASS,RAPID_RESPONSE,45.214215447793386,17.968408087680185,2542.0120911662025,0.9319498782496186,115.1594148031482,816.1293435660747,83.3300608588969,79.99139938646694,30.393859897136497,0.9539670412274344,14.08796871072359,17.25422912671308,29.49972282093133,TAKEOFF,HEALTHY,False,0.0,1.0,OK,42,91.62,3600.0,-1.143551,-0.738458,-0.413621,0.025111,-12.132624,0.022812
2026-01-01T00:00:24Z,O320_CLASS-SIM-01,O320_CLASS,RAPID_RESPONSE,49.28256845591835,17.76251564047741,2561.832396433196,0.9300735247595974,115.71461969459031,814.6925950179519,84.04479422518692,79.73532310239158,30.38842420415991,0.9236382149567612,14.071352727375075,17.161547047260626,29.711489685380457,TAKEOFF,HEALTHY,False,0.0,1.0,OK,42,91.76,3600.0,-0.018407,-1.682883,0.411635,0.054396,7.113584,-0.007239
2026-01-01T00:00:25Z,O320_CLASS-SIM-01,O320_CLASS,RAPID_RESPONSE,49.707273147819066,17.448221739429794,2555.543985882114,0.9287670967259215,115.09191532052024,820.3640083715734,83.8099755528535,80.50529937940378,30.31861565114571,0.9331535790871923,13.99992177148047,16.81946654828828,29.489527173141976,TAKEOFF,HEALTHY,False,0.0,1.0,OK,42,91.95,3600.0,0.189004,4.572982,0.288569,0.017581,1.151374,0.002843
2026-01-01T00:00:26Z,O320_CLASS-SIM-01,O320_CLASS,RAPID_RESPONSE,52.2885236097156,17.762703109722555,2538.581220402298,0.9321642890136161,115.877923926531,817.7677858142966,84.11529586733701,79.7703756651061,30.35941626033842,0.9560383369915222,13.989164859859635,17.369279288001696,29.502168346154104,TAKEOFF,HEALTHY,False,0.0,1.0,OK,42,92.1,3600.0,-0.166033,0.876046,0.665982,-0.037915,-17.416903,0.02385
2026-01-01T00:00:27Z,O320_CLASS-SIM-01,O320_CLASS,RAPID_RESPONSE,53.76987597876511,17.57310845077173,2564.2253153590095,0.9341369431119781,116.14753322132833,817.4642871036281,83.49819859620683,81.05923025608962,30.401033115266227,0.9268478641455153,14.048302030626436,17.263015463999086,29.29222002520045,TAKEOFF,HEALTHY,False,0.0,1.0,OK,42,92.29,3600.0,0.204994,0.214502,0.096822,-0.063351,6.002365,-0.007042
2026-01-01T00:00:28Z,O320_CLASS-SIM-01,O320_CLASS,RAPID_RESPONSE,54.25693089896507,17.868329443259956,2552.549789773941,0.9307999444098639,116.18670711540376,819.1331234281492,83.32281689698462,83.11662252023088,30.470522660914654,0.9671588461218831,14.053606477347426,17.60754510487967,29.424237318857237,TAKEOFF,HEALTHY,False,0.0,1.0,OK,42,92.43,3600.0,-0.046246,2.245074,0.019819,0.086412,-5.399728,0.034461
2026-01-01T00:00:29Z,O320_CLASS-SIM-01,O320_CLASS,RAPID_RESPONSE,53.38360545078911,17.874110376449796,2555.6054812160974,0.9331046497775749,117.5907413420624,813.1594333859049,82.75224619742134,81.05260619588634,30.40713318676181,0.9516020503371941,14.05288795317259,17.10713410932983,29.24705430865523,TAKEOFF,HEALTHY,False,0.0,1.0,OK,42,92.56,3600.0,1.070759,-4.248306,-0.487377,-0.039736,-3.454412,0.017653
2026-01-01T00:00:30Z,O320_CLASS-SIM-01,O320_CLASS,RAPID_RESPONSE,54.86817817838436,17.62898637114189,2556.250823802387,0.9342521048767666,116.9366025111499,817.6529386603019,83.49763901426054,82.77566056213273,30.492418722209084,0.9063553846246528,14.03195083173507,17.09959516011275,29.58596763947271,TAKEOFF,HEALTHY,False,0.0,1.0,OK,42,92.67,3600.0,0.758056,0.158351,0.303602,0.00486,-4.216225,-0.028646
2026-01-01T00:00:31Z,O320_CLASS-SIM-01,O320_CLASS,RAPID_RESPONSE,59.68716601944092,17.68636953280426,2558.648591299733,0.9335426934431216,117.16440788219417,812.4664732568494,82.62126576822936,81.64540961678354,30.368253697105807,0.9079340371629175,14.059997254040011,16.991446726788894,29.49644846947282,TAKEOFF,HEALTHY,False,0.0,1.0,OK,42,92.75,3600.0,0.849211,-5.024695,-0.512892,-0.112221,-2.326933,-0.027142
2026-01-01T00:00:32Z,O320_CLASS-SIM-01,O320_CLASS,RAPID_RESPONSE,63.8560484672884,17.79470847539571,2560.966898546257,0.9369293940013611,116.35409412296208,815.4971018257764,82.8535391405192,81.86737851495242,30.459508428230183,0.9212638144562119,14.06179555105364,17.505078880911242,29.263324546990926,TAKEOFF,HEALTHY,False,0.0,1.0,OK,42,92.84,3600.0,-0.698274,-2.942,-0.256112,-0.123907,-2.172364,-0.015977
2026-01-01T00:00:33Z,O320_CLASS-SIM-01,O320_CLASS,RAPID_RESPONSE,64.75590786905653,17.426835075793036,2566.058233956665,0.9344044933652912,114.12090082383526,820.0526036627169,82.80553003783041,82.82857535073029,30.46938273857965,0.909931303798958,14.050697533245604,17.039761245358378,29.523808748055153,TAKEOFF,HEALTHY,False,0.0,1.0,OK,42,92.91,3600.0,-1.873528,2.45172,-0.252112,-0.056599,2.791373,-0.026571
2026-01-01T00:00:34Z,O320_CLASS-SIM-01,O320_CLASS,RAPID_RESPONSE,66.65399389200438,17.768377026107004,2560.256075398638,0.9321573954774196,117.67303101590655,817.0442718741511,83.45401978534052,83.75086236037146,30.535252720217898,0.9505706264055944,14.096563328545086,17.61848151675354,29.488764200507948,TAKEOFF,HEALTHY,False,0.0,1.0,OK,42,92.99,3600.0,1.187017,-0.396099,0.478565,0.070509,-1.805207,0.015336
2026-01-01T00:00:35Z,O320_CLASS-SIM-01,O320_CLASS,RAPID_RESPONSE,68.29584144553117,17.719074912508848,2556.968625892999,0.9362216963007921,116.43566590413523,818.7988165490694,82.63956838716645,82.34678194622782,30.457090418646054,0.8924403573128029,14.02444432142135,17.03808855458777,29.772782114630413,TAKEOFF,HEALTHY,False,0.0,1.0,OK,42,93.02,3600.0,-0.447842,0.514545,-0.310869,-0.116966,-6.457121,-0.044767
2026-01-01T00:00:36Z,O320_CLASS-SIM-01,O320_CLASS,RAPID_RESPONSE,71.65899005486095,17.40068633254876,2567.249542369752,0.9351858435272994,116.19978464439332,818.6183762750179,83.18908090101024,83.50824926714351,30.632857784662157,0.8919737676913659,14.038566009312566,17.772946630063107,29.519494740705866,TAKEOFF,HEALTHY,False,0.0,1.0,OK,42,93.01,3600.0,0.066791,0.801111,0.27342,0.076726,3.495429,-0.045099
2026-01-01T00:00:37Z,O320_CLASS-SIM-01,O320_CLASS,RAPID_RESPONSE,74.0942662043537,17.546089137837093,2569.8468727352615,0.9363308780556592,116.41085052195236,816.3473633923508,83.08549857238984,83.24763553922477,30.631869218115572,0.9815779887766788,14.049542761944062,17.06410352601975,29.557959397566897,TAKEOFF,HEALTHY,False,0.0,1.0,OK,42,92.97,3600.0,-0.228164,-1.914388,0.195291,0.038997,5.271948,0.043716
2026-01-01T00:00:38Z,O320_CLASS-SIM-01,O320_CLASS,RAPID_RESPONSE,73.42587930556927,17.660054291041995,2551.2813040562287,0.9362176741526516,114.30069335910638,814.6994363092215,83.43408477592153,84.78317263071936,30.581542350029046,0.878581358351722,13.949781730501737,17.01192804945983,29.856756125903686,TAKEOFF,HEALTHY,False,0.0,1.0,OK,42,92.84,3600.0,-2.588867,-3.687093,0.574529,-0.012604,-13.836465,-0.059492
2026-01-01T00:00:39Z,O320_CLASS-SIM-01,O320_CLASS,RAPID_RESPONSE,76.48565974052882,17.42314749042591,2570.384419039733,0.9342114166273444,116.40722577417971,818.8268277243102,82.8322054602091,84.82766331622,30.6536785056426,0.9659294016793855,14.01823704625128,17.38439282168481,29.741862046362765,TAKEOFF,HEALTHY,False,0.0,1.0,OK,42,92.76,3600.0,0.239655,1.095076,0.021353,0.110396,6.064506,0.028839
2026-01-01T00:00:40Z,O320_CLASS-SIM-01,O320_CLASS,RAPID_RESPONSE,76.32255349830065,17.36129009608726,2578.0807574587834,0.9373950898043877,118.52296933509882,817.6128778013493,83.4294806604961,84.41884895547895,30.66829235667658,1.0022998947375128,14.028205598322595,16.936797842629634,29.43406338501307,TAKEOFF,HEALTHY,False,0.0,1.0,OK,42,92.61,3600.0,2.110785,-0.755223,0.623309,0.039664,12.554639,0.063617
2026-01-01T00:00:41Z,O320_CLASS-SIM-01,O320_CLASS,RAPID_RESPONSE,80.40072314818693,17.24694169472848,2573.22454625679,0.9371446795869868,118.29015674531836,812.874694467778,82.51614851579004,83.07452446485007,30.63300984664633,0.9501326233698572,14.03385231634481,17.12087682639292,29.481296086290584,TAKEOFF,HEALTHY,False,0.0,1.0,OK,42,92.51,3600.0,2.075542,-5.409752,-0.278232,0.000332,7.06163,0.011175
2026-01-01T00:00:42Z,O320_CLASS-SIM-01,O320_CLASS,RAPID_RESPONSE,81.97174902759659,17.3178862603752,2574.5095425676495,0.9399919986074377,117.4492560478232,820.3928576625501,82.93495160892147,86.15388197761665,30.688913429794024,0.9284575100209139,14.016793613192053,16.938302651709314,29.32232843147317,TAKEOFF,HEALTHY,False,0.0,1.0,OK,42,92.48,3600.0,0.677728,1.331851,0.125382,-0.030144,6.334656,-0.012392
2026-01-01T00:00:43Z,O320_CLASS-SIM-01,O320_CLASS,RAPID_RESPONSE,82.27791514126474,17.445925720529967,2572.2588000968717,0.9392133952282155,116.14303043920305,821.3932189788428,83.09987323888893,84.49294851071592,30.679576053831504,0.9631928719452433,14.04520891007399,16.84648842619965,29.502627336714635,TAKEOFF,HEALTHY,False,0.0,1.0,OK,42,92.48,3600.0,-0.872001,2.280921,0.296977,-0.030121,3.076687,0.022113
2026-01-01T00:00:44Z,O320_CLASS-SIM-01,O320_CLASS,RAPID_RESPONSE,85.94860927366713,17.308934670915725,2571.832648173821,0.93664591058504,118.73959320338504,822.4039236216782,82.69277052211449,84.99957705708549,30.610686743181404,0.8955168493948622,14.030926542636031,16.952644141113648,29.623808967885843,TAKEOFF,HEALTHY,False,0.0,1.0,OK,42,92.44,3600.0,2.278556,3.950214,-0.072673,-0.035509,3.440669,-0.044409
2026-01-01T00:00:45Z,O320_CLASS-SIM-01,O320_CLASS,RAPID_RESPONSE,90.49594479612199,17.254757792085602,2564.3434537021344,0.9404708967366199,119.14404237442608,816.3694636269852,82.88485134080288,86.24783821878472,30.667563376773828,0.8910430865308012,14.027201872690965,17.10269298020609,29.642364863388227,TAKEOFF,HEALTHY,False,0.0,1.0,OK,42,92.35,3600.0,2.278105,-2.911626,0.109359,-0.086742,-5.510932,-0.050869
2026-01-01T00:00:46Z,O320_CLASS-SIM-01,O320_CLASS,RAPID_RESPONSE,89.8069340241757,17.152366802164792,2575.895523328988,0.9392893666697331,118.81460959195378,817.9978424757085,82.5236972616337,85.30002270915399,30.807273846801028,0.9607250367212755,13.989512269836471,17.379517126905824,29.36915377041867,TAKEOFF,HEALTHY,False,0.0,1.0,OK,42,92.31,3600.0,2.293752,-0.975345,-0.244325,0.078145,5.631735,0.019008
2026-01-01T00:00:47Z,O320_CLASS-SIM-01,O320_CLASS,RAPID_RESPONSE,91.7418030562713,17.192412056912364,2576.0717310872333,0.9392756910802741,115.82071870044416,821.4928358065475,82.8696229387633,84.44704112737213,30.860670481668272,0.9256902882542175,14.041213499464067,17.32441121427785,29.435175586013127,TAKEOFF,HEALTHY,False,0.0,1.0,OK,42,92.32,3600.0,-0.823381,2.448766,0.112344,0.12763,5.564463,-0.016163
2026-01-01T00:00:48Z,O320_CLASS-SIM-01,O320_CLASS,RAPID_RESPONSE,94.04003777343323,17.313315481258627,2569.9368068299627,0.94405861861294,116.185822206286,813.8178718055688,83.41335563159711,87.04399475760995,30.786840015834564,0.8663583072419596,14.031105793842583,17.197807464670557,29.503462628890063,TAKEOFF,HEALTHY,False,0.0,1.0,OK,42,92.19,3600.0,-1.373408,-6.491009,0.618553,-0.086223,-3.361513,-0.078395
2026-01-01T00:00:49Z,O320_CLASS-SIM-01,O320_CLASS,RAPID_RESPONSE,93.607695714895,17.467628615815915,2578.154585588846,0.9387889665381393,118.34824488172406,825.1231358357069,82.83506293008136,84.79657116732903,30.81900325036329,0.9689576678313508,13.98867017470498,17.322647323437906,29.47720760198115,TAKEOFF,HEALTHY,False,0.0,1.0,OK,42,92.1,3600.0,1.04909,5.750083,0.079305,0.079253,5.776021,0.026348
2026-01-01T00:00:50Z,O320_CLASS-SIM-01,O320_CLASS,RAPID_RESPONSE,99.99395974165627,17.341929645484814,2588.030100085149,0.9400147408266583,118.28864150461288,820.9315887733335,82.41713731348763,85.26618981333044,30.90573732655927,0.9319114244887744,13.99000142033735,17.289351541579162,29.40424000125036,TAKEOFF,HEALTHY,False,0.0,1.0,OK,42,92.09,3600.0,1.05317,1.401659,-0.319963,0.130972,15.77425,-0.011119
2026-01-01T00:00:51Z,O320_CLASS-SIM-01,O320_CLASS,RAPID_RESPONSE,98.65315525867084,17.3431785012139,2561.770117658709,0.9394353499880252,118.23717093284273,818.9680203832687,81.73842071674115,85.80625785919776,30.87774592354069,0.916823924354912,14.001425338591847,17.514893020810376,29.595832626970697,TAKEOFF,HEALTHY,False,0.0,1.0,OK,42,92.08,3600.0,1.093936,-0.412606,-0.976349,0.121485,-10.104558,-0.02582
2026-01-01T00:00:52Z,O320_CLASS-SIM-01,O320_CLASS,RAPID_RESPONSE,104.68501453513721,17.405806067586518,2579.245163285025,0.942777255250894,118.71362063566123,821.979323623899,83.26556843168372,84.81200142119111,30.86138121643855,0.9267307456645789,14.064824210538186,17.69273968487994,29.478430835848847,TAKEOFF,HEALTHY,False,0.0,1.0,OK,42,92.11,3600.0,0.93568,1.734378,0.53753,0.006662,5.917922,-0.017763
2026-01-01T00:00:53Z,O320_CLASS-SIM-01,O320_CLASS,RAPID_RESPONSE,102.41839496386591,17.37725047246936,2574.905517666104,0.9454596628618354,115.10619443204794,818.4917061396476,82.45338945101982,83.42029487966663,30.854001944086246,0.9098047145667791,14.035236902619882,17.608598828509802,29.514325004489116,TAKEOFF,HEALTHY,False,0.0,1.0,OK,42,92.1,3600.0,-2.963484,-2.410422,-0.311608,-0.084392,-1.01439,-0.03676
2026-01-01T00:00:54Z,O320_CLASS-SIM-01,O320_CLASS,RAPID_RESPONSE,103.45377941959327,17.30895681881797,2585.9929404598042,0.9420480823677703,116.79051368558848,822.0967640399772,82.68006291256947,85.8391835424915,30.920541938343998,0.9749937240413653,14.010387551926044,17.339553743569073,29.523308114252767,TAKEOFF,HEALTHY,False,0.0,1.0,OK,42,92.1,3600.0,-0.776525,1.920582,-0.071184,0.062479,10.131791,0.029546
2026-01-01T00:00:55Z,O320_CLASS-SIM-01,O320_CLASS,RAPID_RESPONSE,105.12060805828823,17.07033941893081,2583.8133570402783,0.9437425396800084,116.73138239564766,820.6019320122294,83.22298221173787,83.53855087264603,30.865440900259912,0.9105280720752368,14.085445084445162,17.42544548538962,29.673837042796336,TAKEOFF,HEALTHY,False,0.0,1.0,OK,42,92.08,3600.0,-0.543067,0.259843,0.460815,-0.042203,7.087595,-0.035901
2026-01-01T00:00:56Z,O320_CLASS-SIM-01,O320_CLASS,RAPID_RESPONSE,107.17864751019953,17.124291840931644,2582.637560036297,0.9450054375507598,118.69155935549655,820.5152544751536,82.88684293660289,85.52912547971547,30.99821791332661,0.9802403457295756,13.9931833519055,16.805211726662545,29.712829435814772,TAKEOFF,HEALTHY,False,0.0,1.0,OK,42,92.08,3600.0,1.08444,-0.234646,0.106932,0.047157,4.631923,0.032765
2026-01-01T00:00:57Z,O320_CLASS-SIM-01,O320_CLASS,RAPID_RESPONSE,112.61492097322623,17.126489880406336,2564.9039254728473,0.9455314029753478,119.2250715570397,825.6205357832013,82.98657123402965,85.14248691125003,30.933737879380484,0.9489346841322945,14.03297133425266,17.12549831482365,29.873709474569548,TAKEOFF,HEALTHY,False,0.0,1.0,OK,42,92.15,3600.0,1.4384,4.642302,0.193029,-0.045372,-14.193088,0.000697
2026-01-01T00:00:58Z,O320_CLASS-SIM-01,O320_CLASS,RAPID_RESPONSE,115.45553038088597,17.437351746977757,2573.143237286591,0.9474878164263724,118.9506491778806,822.3750960191131,83.28498815404335,85.98330974062664,31.034468150116407,0.9744696352960843,14.052342751682845,16.945605240363015,29.582768122275784,TAKEOFF,HEALTHY,False,0.0,1.0,OK,42,92.23,3600.0,0.15183,0.552003,0.47107,-0.010142,-7.765303,0.024696
2026-01-01T00:00:59Z,O320_CLASS-SIM-01,O320_CLASS,RAPID_RESPONSE,113.88793428394854,17.062329411909552,2594.6918788156363,0.9496802129039937,119.8892329070898,822.0490129610289,83.33099634231088,85.51789741662891,31.026688494024175,0.9057714142346801,14.054198453169253,17.41885354690245,29.378656311003773,TAKEOFF,HEALTHY,False,0.0,1.0,OK,42,92.26,3600.0,1.614792,0.004249,0.472785,-0.090763,11.221691,-0.045916
2026-01-01T00:01:00Z,O320_CLASS-SIM-01,O320_CLASS,RAPID_RESPONSE,116.58987099894176,17.229707232088145,2596.345014478693,0.9484550933236935,118.34701232052706,822.1752601485274,82.81456510279354,85.37740884624876,30.98151662828568,0.9439852127116861,14.02007544150105,17.10343353639071,29.654566903597285,TAKEOFF,HEALTHY,False,0.0,1.0,OK,42,92.36,3600.0,-0.25168,0.100014,-0.054379,-0.119397,11.774602,-0.007867
2026-01-01T00:01:01Z,O320_CLASS-SIM-01,O320_CLASS,RAPID_RESPONSE,119.19800810101097,16.961021651072564,2581.7101014058508,0.949102513882911,119.67949479891051,824.2602614430219,82.8190476838445,84.8935733877989,31.000550572401917,0.9643286364857246,14.054006436015646,17.75010687291412,29.746710417532796,TAKEOFF,HEALTHY,False,0.0,1.0,OK,42,92.48,3600.0,1.532218,2.226976,-0.066979,-0.128278,-3.953859,0.011709
2026-01-01T00:01:02Z,O320_CLASS-SIM-01,O320_CLASS,RAPID_RESPONSE,120.3572125707588,17.02975800705976,2580.8656533065982,0.9479900179451767,118.24111385154107,820.3933765427844,82.91166903915527,85.19482755836655,31.042437904004004,0.963519839890121,14.030737874015417,17.501568186524565,29.626524248154386,TAKEOFF,HEALTHY,False,0.0,1.0,OK,42,92.63,3600.0,0.03709,-1.511701,0.029114,-0.062396,-4.939513,0.011179
2026-01-01T00:01:03Z,O320_CLASS-SIM-01,O320_CLASS,RAPID_RESPONSE,120.79085649836266,17.131563831420188,2595.647523505011,0.9456758409745315,116.01885475837715,817.326006428957,82.8295873643146,85.64974578913957,31.08707452954212,1.0001467396507266,13.962782205536904,17.551799875025626,29.82358988630434,TAKEOFF,HEALTHY,False,0.0,1.0,OK,42,92.7,3600.0,-2.124559,-4.14786,-0.021262,0.047381,11.039752,0.049124
2026-01-01T00:01:04Z,O320_CLASS-SIM-01,O320_CLASS,RAPID_RESPONSE,122.75277329710686,17.13414013434263,2578.84884896409,0.9466557523522894,118.24259096093446,825.6919050472153,83.5606897724356,85.38202297422158,31.207330117544927,0.9535197593020716,14.095747527138146,17.441772386281666,29.612863678110546,TAKEOFF,HEALTHY,False,0.0,1.0,OK,42,92.82,3600.0,-0.024755,4.03349,0.724062,0.145241,-5.398181,0.002325
2026-01-01T00:01:05Z,O320_CLASS-SIM-01,O320_CLASS,RAPID_RESPONSE,126.93710059785312,17.655300274127352,2592.4088197011615,0.947474359828986,119.87220700049312,821.3612480518842,82.63796063673381,86.40226325581757,31.13276159172626,0.9637574242782642,14.043725881513186,17.561529799867547,29.66078107409211,TAKEOFF,HEALTHY,False,0.0,1.0,OK,42,92.96,3600.0,0.290608,-1.020806,-0.18176,0.045606,8.06053,0.012193
2026-01-01T00:01:06Z,O320_CLASS-SIM-01,O320_CLASS,RAPID_RESPONSE,125.42788293427519,17.26581923362476,2578.4688050878754,0.9464487350622145,118.71465917234583,822.6184844930926,82.5648905487636,86.3637540473107,31.083236930944423,0.936854458954999,14.025929600056198,17.478030499383458,29.642697354747714,TAKEOFF,HEALTHY,False,0.0,1.0,OK,42,93.11,3600.0,0.152134,0.871863,-0.237547,0.026266,-5.415403,-0.014135
2026-01-01T00:01:07Z,O320_CLASS-SIM-01,O320_CLASS,RAPID_RESPONSE,128.76593835334245,17.26183684606288,2587.555279331964,0.945993885271154,116.50982496483054,822.5205013786898,82.76262006580839,85.6387631444626,31.16809311517978,0.9626725574104562,14.072074782385348,17.224200721623767,29.42890383315697,TAKEOFF,HEALTHY,False,0.0,1.0,OK,42,93.27,3600.0,-2.016217,0.88544,-0.01942,0.124029,4.334214,0.012104
2026-01-01T00:01:08Z,O320_CLASS-SIM-01,O320_CLASS,RAPID_RESPONSE,130.58223643539117,17.18389305563086,2597.7370139928817,0.9493595433457432,115.93351582782414,818.4341501186358,82.5267649297574,85.29698992551151,31.168227527541333,0.9557114973696542,14.034462344900193,17.776617812346934,29.507129173893176,TAKEOFF,HEALTHY,False,0.0,1.0,OK,42,93.43,3600.0,-2.857547,-3.891546,-0.277083,0.030052,13.160381,0.003377
2026-01-01T00:01:09Z,O320_CLASS-SIM-01,O320_CLASS,RAPID_RESPONSE,132.87318972745334,17.199747997444735,2576.2183476630457,0.9514460500773066,119.13407932746041,822.4684237540946,83.5045001472845,85.26625654306002,31.310824760781106,0.9456692167760182,14.005673652969465,17.54407510258665,29.45092752509095,TAKEOFF,HEALTHY,False,0.0,1.0,OK,42,93.6,3600.0,-0.030516,-0.449401,0.665348,0.102015,-10.44397,-0.008372
2026-01-01T00:01:10Z,O320_CLASS-SIM-01,O320_CLASS,RAPID_RESPONSE,134.98347733939087,17.1748327727801,2593.6740649082612,0.9498667757106026,120.27140046524039,825.873762118666,83.45313845545155,86.20764508695355,31.29515235393443,0.8799728935719247,14.034616332120926,17.32216252741657,29.634081057557992,TAKEOFF,HEALTHY,False,0.0,1.0,OK,42,93.61,3600.0,1.279307,3.229891,0.608422,0.116637,6.437401,-0.073858
2026-01-01T00:01:11Z,O320_CLASS-SIM-01,O320_CLASS,RAPID_RESPONSE,137.19838172676043,17.07771521259643,2605.012605970451,0.9512161159627148,119.65860277329587,822.5423471857755,82.91853113880612,85.80832336153514,31.268576360680157,1.002335621685148,14.093744701544825,17.62864383440714,29.708462422509424,TAKEOFF,HEALTHY,False,0.0,1.0,OK,42,93.58,3600.0,0.664194,-0.366863,0.055354,0.045577,16.661612,0.047503
2026-01-01T00:01:12Z,O320_CLASS-SIM-01,O320_CLASS,RAPID_RESPONSE,138.27370323622165,17.076818488637656,2598.2031961644675,0.9537319372768344,119.49156028998651,825.4820982398676,83.09436409202068,86.78251095785025,31.27981552749433,0.9420140108142774,14.054567443145249,16.830921532395372,29.681296799344416,TAKEOFF,HEALTHY,False,0.0,1.0,OK,42,93.57,3600.0,0.128295,1.91623,0.192225,-0.023669,7.673885,-0.014696
2026-01-01T00:01:13Z,O320_CLASS-SIM-01,O320_CLASS,RAPID_RESPONSE,136.47182520662224,16.818841600000297,2595.02057758883,0.953399503118978,117.91832960805466,821.6290161110563,83.45625371203181,85.45321002358328,31.3966891709725,0.9566839060597221,14.056902585355408,17.980126380119206,29.647351893763602,TAKEOFF,HEALTHY,False,0.0,1.0,OK,42,93.63,3600.0,-0.860377,-1.700875,0.524529,0.090649,3.066804,-0.000578
2026-01-01T00:01:14Z,O320_CLASS-SIM-01,O320_CLASS,RAPID_RESPONSE,142.3853729178527,17.04826310446808,2591.8469660786654,0.9501594055844858,119.08190010693322,821.6970139010056,83.28791467291478,85.88575185751854,31.28960712726162,0.9530323132612609,14.05152442601143,17.742455327962123,29.48157521774233,TAKEOFF,HEALTHY,False,0.0,1.0,OK,42,93.74,3600.0,0.087303,-1.213698,0.378958,0.062437,0.8059,-0.002814
2026-01-01T00:01:15Z,O320_CLASS-SIM-01,O320_CLASS,RAPID_RESPONSE,144.2709518844014,17.217785215643712,2589.5584550594654,0.9504996491481397,119.99716720592558,824.854206617718,82.31616120358368,86.05877999513588,31.35973800258235,0.9727740723771937,14.063959446188164,17.249534846166416,29.685022639353136,TAKEOFF,HEALTHY,False,0.0,1.0,OK,42,93.84,3600.0,0.579136,1.727892,-0.574645,0.126792,-0.971942,0.017036
2026-01-01T00:01:16Z,O320_CLASS-SIM-01,O320_CLASS,RAPID_RESPONSE,147.3238481385721,16.96702592063575,2600.546767894022,0.9567363267991263,121.69356829516504,827.1261547953495,82.89495901768483,86.17404751790093,31.380520098877987,0.9631648896005607,14.049092134341699,17.818897093102052,29.630309121704578,TAKEOFF,HEALTHY,False,0.0,1.0,OK,42,93.97,3600.0,2.005705,2.785266,-0.053695,-0.031836,6.983046,0.003897
2026-01-01T00:01:17Z,O320_CLASS-SIM-01,O320_CLASS,RAPID_RESPONSE,148.62829181766173,16.964634595680177,2599.378653965035,0.9542282088046221,120.02434738875345,825.6577512842482,82.79944024559502,86.51312841088651,31.380349367083276,0.9094445389419592,14.088607530288991,17.50013566211859,29.39477245816904,TAKEOFF,HEALTHY,False,0.0,1.0,OK,42,94.01,3600.0,0.562566,1.744555,-0.161121,0.019903,5.056375,-0.049387
2026-01-01T00:01:18Z,O320_CLASS-SIM-01,O320_CLASS,RAPID_RESPONSE,150.09910110228722,16.86100989256492,2595.4496803899315,0.9541189656555742,119.28770715311522,825.6752912036972,83.09595985071364,86.17684264624461,31.40113511589784,0.9840018733717859,13.982268934976167,17.546581673080972,29.3198408296343,TAKEOFF,HEALTHY,False,0.0,1.0,OK,42,94.05,3600.0,0.032052,1.841885,0.127284,0.037664,0.675594,0.024969
2026-01-01T00:01:19Z,O320_CLASS-SIM-01,O320_CLASS,RAPID_RESPONSE,153.6652010013078,17.000832831944127,2604.1213499394,0.9574863798965534,120.0110845798703,823.0186817577062,83.16480654024191,85.51719219636047,31.399818691284032,0.9993214969800317,14.028943514359904,17.85148663589279,29.75231846298336,TAKEOFF,HEALTHY,False,0.0,1.0,OK,42,94.05,3600.0,-0.056464,-1.798425,0.15911,-0.067112,7.23003,0.038123
2026-01-01T00:01:20Z,O320_CLASS-SIM-01,O320_CLASS,RAPID_RESPONSE,154.12336782985932,17.1349730081215,2602.070295437149,0.955759407330301,118.92885428892316,822.2651826167867,82.76650048147745,86.38880030883011,31.371359871217805,0.9778962252860721,14.008593079224289,17.611431923432903,29.670991678036184,TAKEOFF,HEALTHY,False,0.0,1.0,OK,42,94.06,3600.0,-1.283765,-2.391209,-0.241714,-0.059549,4.625762,0.01699
2026-01-01T00:01:21Z,O320_CLASS-SIM-01,O320_CLASS,RAPID_RESPONSE,161.16769521758835,16.769652651671944,2608.9824292015674,0.9562996848279746,120.41297556465463,824.8527457103962,83.17036287640842,85.84667823181286,31.511104619501587,0.9426567139748578,14.07998184345496,17.51374573815332,29.649343333946803,TAKEOFF,HEALTHY,False,0.0,1.0,OK,42,94.09,3600.0,0.844055,0.355855,0.151347,0.054499,11.000073,-0.018779
2026-01-01T00:01:22Z,O320_CLASS-SIM-01,O320_CLASS,RAPID_RESPONSE,157.8365006160091,17.031864669163237,2609.4917434125273,0.9562897320848027,119.75927215593663,821.9140768354786,82.91173775958262,84.71002016583344,31.41202736724453,0.9705069593267845,14.08575423427557,18.389535039058394,29.574230283176938,TAKEOFF,HEALTHY,False,0.0,1.0,OK,42,94.12,3600.0,-0.370758,-2.847319,-0.110234,-0.044609,11.051545,0.008898
2026-01-01T00:01:23Z,O320_CLASS-SIM-01,O320_CLASS,RAPID_RESPONSE,163.54183912385705,16.98753509428247,2597.4450527921913,0.9577540777923412,120.14583941197805,825.1204169267693,82.85117365133651,84.88014735847015,31.399767338118238,0.9880854038613481,14.0380518385562,17.55061126293782,29.667331164037442,TAKEOFF,HEALTHY,False,0.0,1.0,OK,42,94.14,3600.0,-0.16427,-0.006934,-0.185575,-0.10747,-2.008666,0.025433
2026-01-01T00:01:24Z,O320_CLASS-SIM-01,O320_CLASS,RAPID_RESPONSE,164.52573171270677,16.965387924787294,2594.1307678332023,0.9597859192446313,122.04260577711689,826.2246926748469,83.41508775639024,87.00635361818327,31.552739071441433,0.9870397999444985,14.064472226455056,17.84195615552081,29.505292282086153,TAKEOFF,HEALTHY,False,0.0,1.0,OK,42,94.15,3600.0,1.476067,0.57856,0.34711,-0.020721,-7.159963,0.022824
2026-01-01T00:01:25Z,O320_CLASS-SIM-01,O320_CLASS,RAPID_RESPONSE,166.32886251306715,16.722322348775464,2593.746460226134,0.960384907913394,121.2319298144986,828.8507352396067,82.92812577561234,85.1049272098064,31.503505929058143,0.9670774423348381,14.04906042119253,18.0078750181114,29.619540321991693,TAKEOFF,HEALTHY,False,0.0,1.0,OK,42,94.19,3600.0,1.061094,3.197045,-0.171802,-0.100739,-9.15861,0.001863
2026-01-01T00:01:26Z,O320_CLASS-SIM-01,O320_CLASS,RAPID_RESPONSE,167.7502739299266,16.764761483140365,2604.429717842422,0.9582284393225935,119.4000109617476,824.6866696446979,82.97435099832457,85.82435054659969,31.62339671042943,0.9595788411665697,14.039542791938898,17.212512408836943,29.543438074740905,TAKEOFF,HEALTHY,False,0.0,1.0,OK,42,94.28,3600.0,-0.652283,-0.592568,-0.122686,0.070026,1.593863,-0.004915
2026-01-01T00:01:27Z,O320_CLASS-SIM-01,O320_CLASS,RAPID_RESPONSE,168.77205652998214,16.797538765240173,2612.6046393556435,0.9583367911158742,121.92208031693151,825.5745732267325,83.07418604987366,85.9830097355632,31.55432949661562,1.0327891053961304,13.977440239872807,17.248915327199132,29.599932184083432,TAKEOFF,HEALTHY,False,0.0,1.0,OK,42,94.24,3600.0,1.769725,0.233303,-0.020382,-0.002695,9.781771,0.068252
2026-01-01T00:01:28Z,O320_CLASS-SIM-01,O320_CLASS,RAPID_RESPONSE,171.13290293401747,16.99129344149238,2606.059350452471,0.95834261928535,121.6749988002712,828.1399337985252,83.14423515498176,86.83758394938391,31.587090159438773,0.9420987413927973,14.068131924172594,17.789388025947023,29.685447756454202,TAKEOFF,HEALTHY,False,0.0,1.0,OK,42,94.21,3600.0,1.051758,2.587603,0.05759,0.027771,3.296631,-0.022443
2026-01-01T00:01:29Z,O320_CLASS-SIM-01,O320_CLASS,RAPID_RESPONSE,175.2649859138399,16.507508069607873,2591.6567290651415,0.9571814147028068,120.09247164142805,825.0721235736669,82.47903834572708,85.29259490457443,31.5497422012876,1.0633759164850096,14.101418505665244,17.6712367414705,29.634548596176064,TAKEOFF,HEALTHY,False,0.0,1.0,OK,42,94.02,3600.0,0.661054,0.252872,-0.597301,0.020599,-10.32274,0.099536
2026-01-01T00:01:30Z,O320_CLASS-SIM-01,O320_CLASS,RAPID_RESPONSE,173.27619400421756,16.576280438016212,2602.7865858213027,0.9580042960335119,120.50284072906473,821.8523931421486,82.7885711858191,86.21275147944272,31.630429330963313,0.9822988546105734,14.00792037684822,18.000291249281553,29.572893985181402,TAKEOFF,HEALTHY,False,0.0,1.0,OK,42,93.89,3600.0,0.858231,-3.175823,-0.290065,0.084291,0.868217,0.018246
2026-01-01T00:01:31Z,O320_CLASS-SIM-01,O320_CLASS,RAPID_RESPONSE,177.8937313163554,16.84826530961838,2593.4338275635278,0.9598120490352821,121.11941370341766,827.5296500426906,83.04839055793964,87.33227800719906,31.681837132597167,0.9558549681580681,14.070207470793877,18.28252028083774,29.990838419493947,TAKEOFF,HEALTHY,False,0.0,1.0,OK,42,93.81,3600.0,0.563302,1.771604,-0.043502,0.07936,-9.339551,-0.009265
2026-01-01T00:01:32Z,O320_CLASS-SIM-01,O320_CLASS,RAPID_RESPONSE,177.04688906765514,16.69824225554865,2617.0474534804653,0.9587723267872136,119.17028259511476,824.926145152409,83.28433040471583,86.03782989788073,31.618284333314172,0.9396739239656928,14.026502445477824,17.591652968775733,30.04285099051456,TAKEOFF,HEALTHY,False,0.0,1.0,OK,42,93.75,3600.0,-0.923653,-0.474022,0.191337,0.041291,14.216886,-0.025121
2026-01-01T00:01:33Z,O320_CLASS-SIM-01,O320_CLASS,RAPID_RESPONSE,181.27959994011164,16.957597191494045,2601.978534488379,0.9609614199789612,119.97746081468726,819.6568185912505,82.57651639278771,84.68404177010889,31.557682423235796,0.9193494861240336,14.087789939702558,17.812886175690057,29.898031292746442,TAKEOFF,HEALTHY,False,0.0,1.0,OK,42,93.62,3600.0,-1.048597,-6.554798,-0.532735,-0.087148,-2.012704,-0.046781
2026-01-01T00:01:34Z,O320_CLASS-SIM-01,O320_CLASS,RAPID_RESPONSE,183.3942516431291,16.929328268301717,2599.4069047633466,0.9628256796861632,121.7846152045268,824.9889952099285,83.36304036499071,86.59818247544534,31.66206125658746,0.9227746634803077,14.012686102212399,17.858092821716664,29.75733921820684,TAKEOFF,HEALTHY,False,0.0,1.0,OK,42,93.48,3600.0,0.517194,-1.712739,0.224129,-0.046326,-6.407297,-0.044877
2026-01-01T00:01:35Z,O320_CLASS-SIM-01,O320_CLASS,RAPID_RESPONSE,183.53343347653535,16.80329335675447,2611.9011789824795,0.9634586036515528,122.84888569201868,829.767654596377,82.75023305083242,87.50471119368638,31.682365515837642,1.0100020019316711,14.050418204743318,17.74590668885467,29.440974558514025,TAKEOFF,HEALTHY,False,0.0,1.0,OK,42,93.32,3600.0,1.731054,2.944944,-0.41769,-0.05624,4.425994,0.041338
2026-01-01T00:01:36Z,O320_CLASS-SIM-01,O320_CLASS,RAPID_RESPONSE,186.40931990134214,16.552759181370824,2615.797954052253,0.9657002519809451,120.1068466767608,827.4747835117867,82.87213747411532,85.66758643785292,31.76702270779021,0.9671873805825293,14.100736671963215,17.740869891305703,29.865871227131464,TAKEOFF,HEALTHY,False,0.0,1.0,OK,42,93.26,3600.0,-0.819692,0.261751,-0.343922,-0.050176,5.947682,-0.003402
2026-01-01T00:01:37Z,O320_CLASS-SIM-01,O320_CLASS,RAPID_RESPONSE,188.75723123054777,16.893394479239415,2605.204851912971,0.963011993436008,121.001090415491,824.7744330730492,83.43868814428532,86.70303448538922,31.777367517182807,1.0307294917694527,14.092196170443797,17.780182197978398,29.7757706550802,TAKEOFF,HEALTHY,False,0.0,1.0,OK,42,93.14,3600.0,-0.450991,-2.280907,0.227245,0.020935,-4.808161,0.060914
2026-01-01T00:01:38Z,O320_CLASS-SIM-01,O320_CLASS,RAPID_RESPONSE,189.6201545216682,16.76489218630607,2604.706546148127,0.9667956961738277,121.65271494735224,826.4642873104781,83.66287949669241,84.45873953776524,31.66638464104292,1.0016064992850293,14.050698446516439,17.949026688578158,29.52469576223338,TAKEOFF,HEALTHY,False,0.0,1.0,OK,42,93.02,3600.0,-0.017879,-1.378143,0.41277,-0.202089,-7.505461,0.029469
2026-01-01T00:01:39Z,O320_CLASS-SIM-01,O320_CLASS,RAPID_RESPONSE,192.46514943372443,17.049276411560204,2616.8204428616805,0.9643394130902856,120.76603945952785,826.167777338372,82.34534279265293,86.41368225836602,31.82877209326586,0.9072704003332331,14.029210423941567,17.60955208380562,29.582695209373757,TAKEOFF,HEALTHY,False,0.0,1.0,OK,42,92.86,3600.0,-1.334155,-1.509755,-0.895816,0.015029,4.454918,-0.064172
2026-01-01T00:01:40Z,O320_CLASS-SIM-01,O320_CLASS,RAPID_RESPONSE,194.52466688467726,16.42345078786284,2615.8631891945706,0.9659521545843118,121.0682469180025,821.0973525979523,82.81005611353913,87.20617646628246,31.667014569766668,0.9569165901297977,14.013821415973112,18.112570332555094,29.63007384717178,TAKEOFF,HEALTHY,False,0.0,1.0,OK,42,92.74,3600.0,0.152497,-6.361356,-0.453437,-0.196662,2.538884,-0.015549
2026-01-01T00:01:41Z,O320_CLASS-SIM-01,O320_CLASS,RAPID_RESPONSE,196.9948199199923,16.80829128509759,2626.3608878415143,0.9644830050015382,121.8975280253184,823.7314646483546,83.69640086071342,85.6236848116508,31.79730110066447,0.9704501008480626,14.00250338856866,17.981136168294494,29.88030427295111,TAKEOFF,HEALTHY,False,0.0,1.0,OK,42,92.71,3600.0,0.233974,-3.829921,0.442884,-0.032054,13.218918,-0.001477
2026-01-01T00:01:42Z,O320_CLASS-SIM-01,O320_CLASS,RAPID_RESPONSE,198.77273406857924,16.472498698706524,2611.402537885944,0.9668173911392923,119.26943190571313,824.9022328541095,83.58247364300281,86.46036181211188,31.86537009234401,1.0462424237718344,14.06361495287799,18.100937957846405,30.145639893821468,TAKEOFF,HEALTHY,False,0.0,1.0,OK,42,92.6,3600.0,-1.951651,-2.882956,0.30499,-0.03256,-2.863395,0.072977
2026-01-01T00:01:43Z,O320_CLASS-SIM-01,O320_CLASS,RAPID_RESPONSE,199.95707094064204,16.57851202990167,2616.5371902537986,0.9666557598365556,120.96774248145321,825.1532649522973,84.16742237799082,86.51791467866808,31.827598128037966,1.0090225951567182,14.046452436568986,17.88577427977043,29.827213069046024,TAKEOFF,HEALTHY,False,0.0,1.0,OK,42,92.5,3600.0,-0.523198,-2.767037,0.877716,-0.073981,1.579032,0.035458
2026-01-01T00:01:44Z,O320_CLASS-SIM-01,O320_CLASS,RAPID_RESPONSE,200.28439881987467,16.73844963614313,2629.140140096629,0.9671545775466168,121.22516783681296,826.6116689835237,83.09098351665423,86.06538897914665,31.8647711340406,1.009560725054311,13.99789891061851,18.177029733663513,29.689763573887824,TAKEOFF,HEALTHY,False,0.0,1.0,OK,42,92.41,3600.0,-0.721317,-1.626404,-0.20836,-0.056136,13.414181,0.035455
2026-01-01T00:01:45Z,O320_CLASS-SIM-01,O320_CLASS,RAPID_RESPONSE,204.7320883452097,16.503868480136536,2625.187108505613,0.9691579365870104,122.90499128329202,824.2377850002277,83.59840825952368,86.60453079771803,31.822855141790725,0.9724593891268674,14.060999581997521,18.11309001448799,29.777150513068563,TAKEOFF,HEALTHY,False,0.0,1.0,OK,42,92.41,3600.0,1.149727,-4.316319,0.268606,-0.165734,7.898792,-0.003127
2026-01-01T00:01:46Z,O320_CLASS-SIM-01,O320_CLASS,RAPID_RESPONSE,206.54795823638216,16.881319486615745,2625.0877653846087,0.9613770012035456,121.44945555791968,827.758349198504,82.57756517922344,86.36805248377797,31.985022016333385,0.9304917198544583,14.060323910118605,17.75766319860271,29.6536196008944,TAKEOFF,HEALTHY,False,0.0,1.0,OK,42,92.39,3600.0,-0.218591,0.5883,-0.67924,0.211735,11.035224,-0.040983
2026-01-01T00:01:47Z,O320_CLASS-SIM-01,O320_CLASS,RAPID_RESPONSE,210.27164600681058,16.566255215872115,2619.6985039797446,0.9638131193234336,124.14210094783964,829.8219777841454,83.21705300230157,86.76517730975345,31.871566760125837,1.0217789463360296,14.040680644350893,17.948155959643394,29.684503499761153,TAKEOFF,HEALTHY,False,0.0,1.0,OK,42,92.32,3600.0,2.916081,2.529698,-0.018824,0.044514,6.70905,0.049965
2026-01-01T00:01:48Z,O320_CLASS-SIM-01,O320_CLASS,RAPID_RESPONSE,209.12902289588163,16.739200591744265,2618.769244688025,0.9693034962828061,121.97374317513915,829.7437811712771,83.13416450004564,88.10053720172922,31.883142995105047,1.0254386246772091,14.091605687828638,17.7986943076375,30.096488662374902,TAKEOFF,HEALTHY,False,0.0,1.0,OK,42,92.22,3600.0,-0.320948,1.032766,-0.143077,-0.096191,3.471933,0.050711
2026-01-01T00:01:49Z,O320_CLASS-SIM-01,O320_CLASS,RAPID_RESPONSE,213.4376798688624,16.768031962134547,2617.6672290894853,0.9680099921280071,121.81002201514647,829.5826081846046,83.87383153240289,86.4737948747495,31.935457299814026,1.008501761913263,14.078371234430275,18.18796596386901,29.877768576868082,TAKEOFF,HEALTHY,False,0.0,1.0,OK,42,92.15,3600.0,-0.507223,0.999002,0.585607,-0.025096,1.525445,0.033732
2026-01-01T00:01:50Z,O320_CLASS-SIM-01,O320_CLASS,RAPID_RESPONSE,213.48249669365214,16.470373847152636,2611.2184417701505,0.9656179623919732,122.42270562203223,828.5432248618038,83.14901623185736,83.97622273396081,31.938161753419422,1.0208819857450702,14.030966150815004,18.127022477363706,29.561187387889532,TAKEOFF,HEALTHY,False,0.0,1.0,OK,42,92.06,3600.0,1.075446,0.783555,-0.126729,0.041973,-4.203046,0.04725
2026-01-01T00:01:51Z,O320_CLASS-SIM-01,O320_CLASS,RAPID_RESPONSE,217.9913915568722,16.575479184325133,2621.2051259544073,0.9739848929170968,124.03518896376646,828.1310629693859,83.09937815332393,86.09224078433475,32.045528866347944,0.9723632071514097,14.039215796299153,18.4162497520424,29.756505521600666,TAKEOFF,HEALTHY,False,0.0,1.0,OK,42,92.05,3600.0,1.30815,-1.727833,-0.253796,-0.094903,1.76417,-0.006046
2026-01-01T00:01:52Z,O320_CLASS-SIM-01,O320_CLASS,RAPID_RESPONSE,221.22716141733372,16.59805582900727,2633.888039478211,0.970492416623199,123.44814595892184,827.2316446740366,83.00681748135261,86.73238727595147,32.08897612435191,0.9787063779689165,14.01264948148985,17.72197613609004,29.5634136895923,TAKEOFF,HEALTHY,False,0.0,1.0,OK,42,92.12,3600.0,0.966544,-2.050276,-0.35988,0.021627,13.565318,0.000978
2026-01-01T00:01:53Z,O320_CLASS-SIM-01,O320_CLASS,RAPID_RESPONSE,217.07078905281315,16.58822835947262,2629.3264092439076,0.9701953906483726,119.65726686203705,828.7120315105411,83.29485599882462,88.05335579903284,31.986214256369387,0.9619930916608844,14.102584993919391,18.18712800983565,29.8658285971583,TAKEOFF,HEALTHY,False,0.0,1.0,OK,42,92.19,3600.0,-2.730922,-0.505859,-0.079537,-0.074187,8.437608,-0.015855
2026-01-01T00:01:54Z,O320_CLASS-SIM-01,O320_CLASS,RAPID_RESPONSE,221.83854332220247,16.608658197465257,2627.267375691598,0.9690476940288811,123.5006450359784,825.9022505568541,83.5029761956352,86.53147412714779,32.047787369072275,0.9772369951098456,14.032901311958218,17.819307199816866,29.73213725284341,TAKEOFF,HEALTHY,False,0.0,1.0,OK,42,92.34,3600.0,1.134157,-3.125512,0.139333,0.012775,6.71768,-0.000133
2026-01-01T00:01:55Z,O320_CLASS-SIM-01,O320_CLASS,RAPID_RESPONSE,221.95512815805358,16.594947397391767,2612.5661331379088,0.9725350651570932,121.10644889960889,828.0649113277738,83.13343957216262,87.46051513408982,32.1146555741065,0.9701993968347606,14.066707173886687,17.57303996358651,29.782557595424276,TAKEOFF,HEALTHY,False,0.0,1.0,OK,42,92.48,3600.0,-1.679155,-1.767003,-0.259779,-0.0204,-9.671078,-0.009147
2026-01-01T00:01:56Z,O320_CLASS-SIM-01,O320_CLASS,RAPID_RESPONSE,228.55182682226268,16.55374086484929,2623.030316178203,0.9726518123148399,123.67623798108119,824.6329374829521,82.72200036641658,86.58054045590357,32.08194448414931,1.0316742346682408,14.042458404162574,17.628817298886755,29.602674058045388,TAKEOFF,HEALTHY,False,0.0,1.0,OK,42,92.55,3600.0,0.829432,-5.322722,-0.689839,-0.073794,-0.334036,0.051649
2026-01-01T00:01:57Z,O320_CLASS-SIM-01,O320_CLASS,RAPID_RESPONSE,223.37548597055414,16.48613116940756,2621.7000076617455,0.9711510745804361,123.9734933108158,832.7689244865339,83.33842331692087,84.71645676417917,32.16810780895935,1.0019322409655527,14.06136339926334,18.370438267703218,29.622000784807316,TAKEOFF,HEALTHY,False,0.0,1.0,OK,42,92.6,3600.0,1.518752,3.217979,-0.073609,0.053999,-1.763273,0.022428
2026-01-01T00:01:58Z,O320_CLASS-SIM-01,O320_CLASS,RAPID_RESPONSE,232.45757752372216,16.36469694813983,2629.9208101030945,0.9690697490556177,121.6398864797718,833.709632274559,83.31386382753213,87.10804987994223,32.16865509953053,0.9760442456074547,14.093165149307929,18.078528388594417,29.53346347893561,TAKEOFF,HEALTHY,False,0.0,1.0,OK,42,92.7,3600.0,-0.390367,4.708338,-0.073664,0.106227,7.750008,-0.002267
2026-01-01T00:01:59Z,O320_CLASS-SIM-01,O320_CLASS,RAPID_RESPONSE,230.1840287509613,16.578650981527474,2627.81092172195,0.969754772388418,121.9643975860988,828.6105581305045,83.28367800148341,85.3472779670908,32.144960557514906,0.9516230248094666,14.075563595862768,18.352604605360664,29.782552164325885,TAKEOFF,HEALTHY,False,0.0,1.0,OK,42,92.79,3600.0,-0.578826,-0.684071,-0.09049,0.072998,6.138487,-0.026641
2026-01-01T00:02:00Z,O320_CLASS-SIM-01,O320_CLASS,RAPID_RESPONSE,232.74527363952723,16.504321980139203,2618.8339464062174,0.9710396691689985,121.7827865266787,828.6240445234288,82.97611510852984,86.58955150397844,32.23244486229989,0.9178085168841007,14.053339389031848,18.107977931780614,29.85949991610047,TAKEOFF,HEALTHY,False,0.0,1.0,OK,42,92.8,3600.0,-0.779589,-0.896011,-0.402299,0.123621,-3.13298,-0.06106
2026-01-01T00:02:01Z,O320_CLASS-SIM-01,O320_CLASS,RAPID_RESPONSE,235.25836962562238,16.2526545524547,2615.9870075083777,0.9738366249289477,124.22307131091776,824.8218900205017,83.59143047589667,87.42349540592181,32.207895933550724,1.0038256857507464,14.03166135601622,18.145764355543783,29.56898680810236,TAKEOFF,HEALTHY,False,0.0,1.0,OK,42,92.8,3600.0,1.829203,-5.150685,0.175508,0.012746,-7.684459,0.023166
2026-01-01T00:02:02Z,O320_CLASS-SIM-01,O320_CLASS,RAPID_RESPONSE,233.7057072595939,16.599470425739348,2618.925613378682,0.9733111665322154,121.40232459368372,826.9787802908774,83.39523614732731,85.9000297911754,32.25404210926853,1.0004443919337025,14.062546789709849,18.24790655129541,30.052639631601092,TAKEOFF,HEALTHY,False,0.0,1.0,OK,42,92.83,3600.0,-1.750299,-3.293976,-0.034558,0.064715,-5.717753,0.019507
2026-01-01T00:02:03Z,O320_CLASS-SIM-01,O320_CLASS,RAPID_RESPONSE,237.5652760130993,16.43717643673623,2636.586418563049,0.9771957462853428,121.43749886804227,829.869227131472,84.01964697918183,86.9020491789964,32.26451122640479,0.9741608689468462,14.041575115561841,18.272967992622863,29.78196918964667,TAKEOFF,HEALTHY,False,0.0,1.0,OK,42,92.89,3600.0,-1.93525,-1.253506,0.537562,-0.048931,9.179335,-0.009467
2026-01-01T00:02:04Z,O320_CLASS-SIM-01,O320_CLASS,RAPID_RESPONSE,241.04724317954444,16.444567583695036,2622.819531295831,0.976175369858874,126.71830763297068,826.3541254116885,83.61762657521265,85.89932951529084,32.30323090281975,0.9852560893456733,14.076112600710156,18.50745317100282,29.85253972619909,TAKEOFF,HEALTHY,False,0.0,1.0,OK,42,92.98,3600.0,3.333622,-4.703315,0.112613,-0.001589,-5.931059,0.001263
2026-01-01T00:02:05Z,O320_CLASS-SIM-01,O320_CLASS,RAPID_RESPONSE,244.7536339881768,16.06849420482059,2641.6868017877605,0.9763056798593401,124.59226374605058,827.8934440104794,83.16733214739872,86.63612993612685,32.293129762437516,0.9952421998536422,14.085960197622267,17.784941176464685,29.973601012123634,TAKEOFF,HEALTHY,False,0.0,1.0,OK,42,93.09,3600.0,1.969596,-2.91769,-0.361291,-0.02785,11.98263,0.010688
2026-01-01T00:02:06Z,O320_CLASS-SIM-01,O320_CLASS,RAPID_RESPONSE,245.01242286493692,16.376932720831316,2617.913217795064,0.9770060973367537,120.47959881756367,832.7107248522664,82.91441162475759,86.57404599466527,32.30765228204278,1.0312267803117998,14.048232844185952,18.06538777345872,29.755389682581356,TAKEOFF,HEALTHY,False,0.0,1.0,OK,42,93.11,3600.0,-2.981006,1.369922,-0.631814,-0.040408,-12.859652,0.045914
2026-01-01T00:02:07Z,O320_CLASS-SIM-01,O320_CLASS,RAPID_RESPONSE,248.85376859757642,16.475305656488246,2627.315932498015,0.9759715516045154,121.57363110378978,832.2075968677112,82.8189366885246,87.1446204259262,32.33967905477921,1.0804492566296997,14.020756160269984,18.22593948112967,30.104975520591463,TAKEOFF,HEALTHY,False,0.0,1.0,OK,42,92.99,3600.0,-2.062987,0.932539,-0.723295,0.011396,-3.564091,0.095375
2026-01-01T00:02:08Z,O320_CLASS-SIM-01,O320_CLASS,RAPID_RESPONSE,250.67597334932597,16.277790414485235,2632.911420900873,0.9768928876017191,123.87034487978327,829.6364469076783,83.49873881984864,85.27664869637792,32.35964958343056,1.0034980739240038,14.047105343297924,17.86053130472768,29.987364766307774,TAKEOFF,HEALTHY,False,0.0,1.0,OK,42,92.92,3600.0,0.540745,-1.681743,-0.053045,0.001789,1.48606,0.017825
2026-01-01T00:02:09Z,O320_CLASS-SIM-01,O320_CLASS,RAPID_RESPONSE,251.38012089032256,16.26068106867819,2629.5934634957734,0.9743319945277698,122.37929876339497,830.1854213552693,84.03743416724585,86.05539946923678,32.40455771411947,0.9644907933005556,14.061534022475334,18.241640610310196,29.97389644135824,TAKEOFF,HEALTHY,False,0.0,1.0,OK,42,92.89,3600.0,-0.598271,-0.533604,0.506842,0.117842,-0.789535,-0.019831
2026-01-01T00:02:10Z,O320_CLASS-SIM-01,O320_CLASS,RAPID_RESPONSE,251.9755607704499,16.121065206944078,2621.5011369183426,0.9767140227898923,122.18875087980008,832.7023465761644,83.3713521567739,88.47860369768524,32.30532310654163,0.9946950950526259,14.020424646100988,18.166341045859266,29.868004179933003,TAKEOFF,HEALTHY,False,0.0,1.0,OK,42,92.9,3600.0,-0.757711,1.601042,-0.173048,-0.045279,-9.43714,0.009302
2026-01-01T00:02:11Z,O320_CLASS-SIM-01,O320_CLASS,RAPID_RESPONSE,251.23416515991076,16.379829473073762,2648.4983274976726,0.977315345625485,124.07726304939355,834.3860526786815,83.50366619954214,86.12607168542165,32.29809200628358,1.0127158552044175,14.051035796861346,18.04922875150095,29.86963441627058,TAKEOFF,HEALTHY,False,0.0,1.0,OK,42,92.91,3600.0,0.445812,2.856967,-0.051698,-0.073127,16.809937,0.026766
2026-01-01T00:02:12Z,O320_CLASS-SIM-01,O320_CLASS,RAPID_RESPONSE,255.79114613145737,16.252402746999337,2638.843612239296,0.975989901844019,125.10018158851064,828.476530040891,83.3157496967031,88.14112365244496,32.48792473994474,0.9915069766618504,14.02638252623273,18.182796410997533,29.865490201009276,TAKEOFF,HEALTHY,False,0.0,1.0,OK,42,92.95,3600.0,1.853568,-2.679083,-0.232792,0.14645,7.454985,0.006081
2026-01-01T00:02:13Z,O320_CLASS-SIM-01,O320_CLASS,RAPID_RESPONSE,258.66739595962053,16.30539713833388,2634.464714658683,0.9786823608917009,122.19097723247918,830.8265306908373,83.95825692194583,85.52003195159553,32.441765587096334,0.9553393823275176,14.058106500328593,18.230677407308406,30.079962291041678,TAKEOFF,HEALTHY,False,0.0,1.0,OK,42,92.97,3600.0,-1.566151,-1.035371,0.388382,0.020154,1.867443,-0.031613
2026-01-01T00:02:14Z,O320_CLASS-SIM-01,O320_CLASS,RAPID_RESPONSE,261.3154302868409,16.109618414022307,2640.7991672644375,0.9780062518430314,123.30694338429022,833.049482289609,83.40727965697434,87.34092288784694,32.432212406021904,0.9638985318478118,14.035242386600247,18.199153673613115,30.02708665556932,TAKEOFF,HEALTHY,False,0.0,1.0,OK,42,93.01,3600.0,0.02116,1.462431,-0.1729,0.020069,7.76755,-0.023079
2026-01-01T00:02:15Z,O320_CLASS-SIM-01,O320_CLASS,RAPID_RESPONSE,263.4431944404154,16.55024159310181,2654.288341851389,0.9779385659361353,124.16186814073812,829.4716262372002,83.30450177446838,86.13451751995534,32.437782897624366,0.9471078894393498,14.050772479229106,18.049117859101724,29.9923819906031,TAKEOFF,HEALTHY,False,0.0,1.0,OK,42,93.0,3600.0,-0.180517,-2.5784,-0.270933,0.02274,21.030838,-0.039987
2026-01-01T00:02:16Z,O320_CLASS-SIM-01,O320_CLASS,RAPID_RESPONSE,263.06781413831817,16.702546456625573,2633.2538343388937,0.9805884797282786,122.60102076652272,836.8246138107764,84.07490405372855,86.8880682382108,32.4430114321311,0.9981371737727198,14.021625547607025,18.731626829077758,29.99129752464542,TAKEOFF,HEALTHY,False,0.0,1.0,OK,42,93.03,3600.0,-2.449328,3.973937,0.479718,-0.051313,-1.64227,0.009363
2026-01-01T00:02:17Z,O320_CLASS-SIM-01,O320_CLASS,RAPID_RESPONSE,266.5320474466205,15.903015872735123,2629.7151805507433,0.9822644111520886,125.6889944584426,835.4796314288325,83.0018522568601,86.90373637074771,32.58084642483377,0.9239043262274639,14.055198783160808,18.44724561045668,29.828659339001106,TAKEOFF,HEALTHY,False,0.0,1.0,OK,42,92.95,3600.0,2.180463,2.910793,-0.639573,0.022924,-7.20797,-0.066471
2026-01-01T00:02:18Z,O320_CLASS-SIM-01,O320_CLASS,RAPID_RESPONSE,265.5550905502315,16.206978616822276,2635.681540107618,0.9810371885242379,123.63551099752954,831.7465641004543,83.63432259295455,87.02842439327569,32.53457661670261,0.9743791737555794,14.058373950642554,17.911309476878817,29.94918535148445,TAKEOFF,HEALTHY,False,0.0,1.0,OK,42,92.94,3600.0,-0.464473,-0.931507,-0.020747,0.000551,-2.044402,-0.015967
2026-01-01T00:02:19Z,O320_CLASS-SIM-01,O320_CLASS,RAPID_RESPONSE,270.27693313209335,16.24914847343408,2646.70320994553,0.9778721467176813,122.02125758165448,833.686056779948,83.65889992047865,86.8225758598884,32.54642707851437,1.0178667917259423,14.083749876902848,18.52529393075975,29.842362213209814,TAKEOFF,HEALTHY,False,0.0,1.0,OK,42,92.93,3600.0,-1.847098,1.652526,0.032331,0.09604,10.26104,0.029139
2026-01-01T00:02:20Z,O320_CLASS-SIM-01,O320_CLASS,RAPID_RESPONSE,269.0606881408006,16.345940986761125,2649.5083935443395,0.9835113390461901,123.41250766647346,834.8335509343287,84.01749395256523,87.94546850641116,32.54547160027622,0.982762107041115,14.078356226517709,18.431417227139615,29.717744085216484,TAKEOFF,HEALTHY,False,0.0,1.0,OK,42,92.95,3600.0,-1.375296,1.418968,0.352451,-0.061925,10.840729,-0.00892
2026-01-01T00:02:21Z,O320_CLASS-SIM-01,O320_CLASS,RAPID_RESPONSE,274.78859109420677,16.304715911738942,2641.1553729390102,0.9831058365210266,124.23589068610029,836.9923451742226,83.32453439927589,86.24054788678893,32.609578223361,1.0275062289719474,14.011184194509783,18.102263328578058,29.58354103698724,TAKEOFF,HEALTHY,False,0.0,1.0,OK,42,92.96,3600.0,-0.548717,3.555483,-0.359743,-0.006034,1.24331,0.035268
2026-01-01T00:02:22Z,O320_CLASS-SIM-01,O320_CLASS,RAPID_RESPONSE,276.16015394899097,16.037531905196797,2638.0922512951465,0.9844338674908945,123.85478452556173,834.0225008786294,83.57659906012059,87.2600928887508,32.6525453894266,0.9651986292064761,14.051213132905554,18.70355262856166,29.95206427546437,TAKEOFF,HEALTHY,False,0.0,1.0,OK,42,92.97,3600.0,-0.538502,0.454525,-0.139832,-0.011898,-3.41874,-0.028288
2026-01-01T00:02:23Z,O320_CLASS-SIM-01,O320_CLASS,RAPID_RESPONSE,275.96011246892886,16.290981598064597,2633.208626485115,0.9863805816954775,125.93189125284063,834.3167226012841,83.77074401258301,86.56718067403803,32.68248340937645,0.9785728911870826,14.063507048794271,18.673386091887366,29.81264453941771,TAKEOFF,HEALTHY,False,0.0,1.0,OK,42,93.02,3600.0,0.642288,-0.060826,0.016791,-0.049977,-10.535558,-0.01666
2026-01-01T00:02:24Z,O320_CLASS-SIM-01,O320_CLASS,RAPID_RESPONSE,279.07571089001397,16.000845177891332,2634.0864656965155,0.9803432093771169,125.65714287710927,838.2620734601028,84.28949276414325,85.44555217219211,32.70457635869921,1.0508164445712223,14.042902891699795,18.49355653870036,29.599589683673535,TAKEOFF,HEALTHY,False,0.0,1.0,OK,42,92.97,3600.0,1.738334,5.493399,0.570494,0.133198,-7.852201,0.058446
2026-01-01T00:02:25Z,O320_CLASS-SIM-01,O320_CLASS,RAPID_RESPONSE,282.34454869640945,16.007827151695906,2644.9159409505564,0.9813220386000667,125.511192714222,836.4489120913729,83.4175931745067,85.84890335261787,32.580317074071495,0.9838039534906693,14.039326582826579,18.09323847002554,29.972584919502054,TAKEOFF,HEALTHY,False,0.0,1.0,OK,42,92.96,3600.0,1.453233,3.509439,-0.28589,-0.011356,3.811634,-0.00853
2026-01-01T00:02:26Z,O320_CLASS-SIM-01,O320_CLASS,RAPID_RESPONSE,283.21393331609187,15.993361828425437,2639.598771673909,0.9870314979667482,125.66174051977629,833.7104736522842,83.99000464427513,85.84174199581265,32.70952952027044,1.0008818239972999,14.042846486626145,18.602663012110387,29.791425897118742,TAKEOFF,HEALTHY,False,0.0,1.0,OK,42,93.01,3600.0,0.891417,-0.558541,0.235822,-0.046631,-4.043182,0.005379
2026-01-01T00:02:27Z,O320_CLASS-SIM-01,O320_CLASS,RAPID_RESPONSE,286.5980643949975,16.224862149063025,2621.4144389844596,0.9877139447403537,121.35954927768768,832.6433897514893,84.16399292070874,86.52868092107482,32.65440269329796,0.9517680158522099,14.087915906596628,18.026233865065,30.081698734304965,TAKEOFF,HEALTHY,False,0.0,1.0,OK,42,92.99,3600.0,-4.167933,-2.184593,0.374308,-0.142085,-24.353004,-0.045057
2026-01-01T00:02:28Z,O320_CLASS-SIM-01,O320_CLASS,RAPID_RESPONSE,287.6951246292143,15.95058514487808,2640.8030415910553,0.9837433290955745,126.13470959095265,836.1626204560712,83.07767384572351,86.47168404395916,32.70436187483852,1.0477865961952781,14.01677288429575,18.92048530966549,29.911215356749302,TAKEOFF,HEALTHY,False,0.0,1.0,OK,42,92.9,3600.0,1.700274,2.44904,-0.698597,0.010567,-4.272887,0.052616
2026-01-01T00:02:29Z,O320_CLASS-SIM-01,O320_CLASS,RAPID_RESPONSE,287.9793206126521,16.015214427954163,2639.7711326404046,0.9836729854181913,125.28760139892509,831.4098657789649,82.90466990229628,86.50287278870496,32.67719570221069,0.9664885934373557,14.030169866127428,18.314448519128597,30.220213876188346,TAKEOFF,HEALTHY,False,0.0,1.0,OK,42,92.84,3600.0,0.727692,-2.316156,-0.859866,-0.010237,-4.761379,-0.028396
2026-01-01T00:02:30Z,O320_CLASS-SIM-01,O320_CLASS,RAPID_RESPONSE,291.75128401742097,16.14097231801597,2632.6888952797185,0.9853587403993929,125.5107809625569,832.066501205998,84.15151307823959,85.85652179699377,32.772845748050244,0.9736619248054657,14.062539638833229,18.384960992297945,29.883295555004782,TAKEOFF,HEALTHY,False,0.0,1.0,OK,42,92.79,3600.0,0.394367,-2.192339,0.382207,0.035319,-12.29677,-0.022063
2026-01-01T00:02:31Z,O320_CLASS-SIM-01,O320_CLASS,RAPID_RESPONSE,293.2569159734441,15.981369614169083,2651.496707998356,0.9875878878607859,125.2247285322851,833.6999115965764,84.11837055288132,86.64208572255968,32.7916629221946,1.0018206853598908,14.108674657134213,18.222831902505842,30.043268666067778,TAKEOFF,HEALTHY,False,0.0,1.0,OK,42,92.84,3600.0,0.150525,-0.975651,0.319694,-0.016489,4.987206,0.004578
2026-01-01T00:02:32Z,O320_CLASS-SIM-01,O320_CLASS,RAPID_RESPONSE,292.71579881369837,16.111479862623185,2660.932372216376,0.9885328926044902,125.61450163990635,833.5232328103481,83.8236302436296,86.64118594036651,32.78754087705655,0.9865672847948791,14.063895500391077,18.37896060438654,29.81070873706508,TAKEOFF,HEALTHY,False,0.0,1.0,OK,42,92.92,3600.0,0.071148,-1.590298,-0.002665,-0.058232,12.790475,-0.011789
2026-01-01T00:02:33Z,O320_CLASS-SIM-01,O320_CLASS,RAPID_RESPONSE,295.45963484361175,16.124858753913333,2653.4099254107546,0.988463320888473,126.64668123362871,835.2923897381646,83.97946756387712,87.09799829734702,32.84211281666853,0.9774587930020273,14.124535624313928,18.47062751795815,29.835630576658097,TAKEOFF,HEALTHY,False,0.0,1.0,OK,42,93.01,3600.0,0.993381,0.073812,0.137456,-0.015091,4.195365,-0.021442
2026-01-01T00:02:34Z,O320_CLASS-SIM-01,O320_CLASS,RAPID_RESPONSE,300.09545917961964,16.091389273405362,2638.5245138572113,0.990689800953572,125.45420706476641,832.4438221823209,84.30962204428116,87.36757012794887,32.80332101774161,1.070308467888908,14.07804191850654,18.59392310144685,30.177906622513646,TAKEOFF,HEALTHY,False,0.0,1.0,OK,42,92.99,3600.0,-0.516516,-3.374938,0.435587,-0.131769,-12.58479,0.06966
2026-01-01T00:02:35Z,O320_CLASS-SIM-01,O320_CLASS,RAPID_RESPONSE,301.6278355646333,16.036759760956617,2645.1958294657306,0.9900525897675031,126.21796684345172,835.4063446575801,83.52955243352588,86.98308407329596,32.88292466745781,0.9464118010928972,14.014290549885517,18.750623820150878,29.552952468028458,TAKEOFF,HEALTHY,False,0.0,1.0,OK,42,92.92,3600.0,0.382667,-0.316848,-0.359254,-0.047278,-6.889538,-0.054526
2026-01-01T00:02:36Z,O320_CLASS-SIM-01,O320_CLASS,RAPID_RESPONSE,303.64144912377526,15.956620874670259,2661.659464666664,0.9883463969150257,126.51626588038147,834.5259192056625,83.90247816405895,87.48072919075466,32.88316150023795,1.040142720172396,14.02880087844285,18.69585351048098,30.0854939326776,TAKEOFF,HEALTHY,False,0.0,1.0,OK,42,92.85,3600.0,1.039846,-0.769817,0.021824,-0.004708,9.86156,0.039891
2026-01-01T00:02:37Z,O320_CLASS-SIM-01,O320_CLASS,RAPID_RESPONSE,306.2678340154633,16.303161175954756,2645.80111598193,0.9870194792750806,124.61056304533408,837.3179348402417,84.06757334037184,86.98519437376076,32.87002430300234,1.031485098836611,14.022037537125248,18.924819000759562,30.379576342146727,TAKEOFF,HEALTHY,False,0.0,1.0,OK,42,92.78,3600.0,-1.532258,1.994502,0.21703,0.020957,-4.995075,0.032136
2026-01-01T00:02:38Z,O320_CLASS-SIM-01,O320_CLASS,RAPID_RESPONSE,307.7718989420795,16.090521775904218,2648.680768398274,0.9866017955800486,125.15942110225879,833.0832800512561,83.30102092297425,88.29341542706096,32.95970634105159,1.0165279239740719,14.049674846572316,18.60474662244222,30.09950613095683,TAKEOFF,HEALTHY,False,0.0,1.0,OK,42,92.76,3600.0,-0.419305,-1.88293,-0.526066,0.12821,-1.128259,0.017784
2026-01-01T00:02:39Z,O320_CLASS-SIM-01,O320_CLASS,RAPID_RESPONSE,309.1181609886238,16.070020757370376,2651.770505545092,0.9899823608852026,124.27334531013648,831.0199003440426,83.78660989036467,86.97287264183325,32.90165596349031,1.0004915711035627,14.060724902872881,18.12185166362204,29.82141812525875,TAKEOFF,HEALTHY,False,0.0,1.0,OK,42,92.81,3600.0,-1.699562,-4.704378,-0.059309,-0.025201,0.835508,3.8e-05
2026-01-01T00:02:40Z,O320_CLASS-SIM-01,O320_CLASS,RAPID_RESPONSE,311.72200695171426,16.035836587187138,2644.8239113536115,0.9914280072121106,127.26752775732375,838.0557753600257,83.86452553205706,86.56545147646555,32.954402681960964,1.0211136332604556,14.065132225020742,18.831100424574007,29.982331537408864,TAKEOFF,HEALTHY,False,0.0,1.0,OK,42,92.88,3600.0,1.110487,1.933436,-0.00872,-0.025543,-7.659637,0.019373
2026-01-01T00:02:41Z,O320_CLASS-SIM-01,O320_CLASS,RAPID_RESPONSE,314.2837014810767,15.979327768832544,2661.045468578514,0.9932972010962888,125.15424271418836,831.7416179253955,84.53143547347776,87.15732620851276,32.920061243124906,0.974378469552457,14.082602085835967,18.616732460635724,29.88960523958881,TAKEOFF,HEALTHY,False,0.0,1.0,OK,42,92.92,3600.0,-1.203162,-4.882796,0.619822,-0.128429,6.474282,-0.029059
2026-01-01T00:02:42Z,O320_CLASS-SIM-01,O320_CLASS,RAPID_RESPONSE,317.1013227904694,15.795406928042429,2649.09725758891,0.9924227729500965,126.6672949764833,837.6517858266889,84.28992531136637,87.12303830635246,33.0501785576322,0.9930934177980989,14.061493528802322,18.726443947892378,30.00254350577716,TAKEOFF,HEALTHY,False,0.0,1.0,OK,42,93.0,3600.0,0.75866,1.289973,0.358657,0.011092,-6.427845,-0.010562
2026-01-01T00:02:43Z,O320_CLASS-SIM-01,O320_CLASS,RAPID_RESPONSE,318.1032541558186,16.023132963402833,2656.550623541618,0.9908261924745624,126.35906775770039,836.4898990959075,84.01408775704651,88.74158135905647,33.019452735800776,1.020884018871936,14.091833135771626,18.736976106583448,30.32482023215507,TAKEOFF,HEALTHY,False,0.0,1.0,OK,42,93.1,3600.0,0.083668,0.23031,0.092023,0.020656,1.244138,0.01786
2026-01-01T00:02:44Z,O320_CLASS-SIM-01,O320_CLASS,RAPID_RESPONSE,318.32182995129165,15.97583560557023,2650.5207221218557,0.9921858394186024,126.6557349313995,838.8247841510749,84.0758313509659,87.99584824035837,33.06083331469102,0.9912365180306801,14.141065492437281,18.82395675794784,29.870086257300354,TAKEOFF,HEALTHY,False,0.0,1.0,OK,42,93.2,3600.0,0.312969,2.291268,0.145682,0.022718,-5.374299,-0.012539
2026-01-01T00:02:45Z,O320_CLASS-SIM-01,O320_CLASS,RAPID_RESPONSE,319.7919376899612,15.773181346153631,2665.1178810146866,0.9926045787475468,126.58903999994067,836.6993978670216,84.25216192558328,86.32336590237007,33.03175136304985,1.0140260837843171,14.078141354646823,18.821458635368554,29.860455800879027,TAKEOFF,HEALTHY,False,0.0,1.0,OK,42,93.33,3600.0,0.630357,0.223481,0.308597,-0.024228,8.602278,0.009781
2026-01-01T00:02:46Z,O320_CLASS-SIM-01,O320_CLASS,RAPID_RESPONSE,323.79400504091484,15.7903653053801,2654.1670526497523,0.9918898707283338,128.07682463552865,838.5909340849532,84.21292710328173,88.0107447199112,33.24611902874195,0.9372162107433641,14.038127886995563,18.597216493163817,29.858116634146935,TAKEOFF,HEALTHY,False,0.0,1.0,OK,42,93.33,3600.0,2.097127,2.208688,0.269898,0.203386,-2.306841,-0.066824
2026-01-01T00:02:47Z,O320_CLASS-SIM-01,O320_CLASS,RAPID_RESPONSE,323.1058473508166,15.844357595947251,2649.3204453084422,0.994892306957297,126.65674098704372,838.3592276958202,84.18537916308861,87.5076050831021,33.10678090049157,1.0909621855121638,14.067478697668305,18.298580280398927,29.839249279199947,TAKEOFF,HEALTHY,False,0.0,1.0,OK,42,93.2,3600.0,0.15781,1.197618,0.211436,-0.024648,-8.797715,0.085106
2026-01-01T00:02:48Z,O320_CLASS-SIM-01,O320_CLASS,RAPID_RESPONSE,324.055912183125,15.879266861039364,2658.7926240726683,0.9937298152708678,129.08712151500268,838.6784541436907,84.28407838900894,86.29257445728439,33.095467075991664,1.008119994956514,14.06580252955809,18.31307127998587,29.96642599758342,TAKEOFF,HEALTHY,False,0.0,1.0,OK,42,93.16,3600.0,2.598586,1.669101,0.302728,-0.013137,0.154905,0.002385
2026-01-01T00:02:49Z,O320_CLASS-SIM-01,O320_CLASS,RAPID_RESPONSE,328.63221923542136,15.831755402912108,2653.9736110414,0.9940320407472688,126.54112511964958,837.682403065974,84.24690016622407,87.91436150615122,33.150688100022904,0.9889329837870707,14.073908508218736,18.94281460456503,29.932208742439006,TAKEOFF,HEALTHY,False,0.0,1.0,OK,42,93.16,3600.0,0.042826,0.584358,0.259028,0.025056,-5.097692,-0.017184
2026-01-01T00:02:50Z,O320_CLASS-SIM-01,O320_CLASS,RAPID_RESPONSE,331.7411457710048,15.998326690062285,2671.5277722103747,0.9991121973689951,125.79304154878913,837.639619703395,84.02083232201598,86.98347064516528,33.15293169846824,0.9482883391691959,14.06372571549406,18.610975166387878,30.014104932513554,TAKEOFF,HEALTHY,False,0.0,1.0,OK,42,93.09,3600.0,-1.842602,-0.914032,-0.019891,-0.130666,9.412611,-0.061097
2026-01-01T00:02:51Z,O320_CLASS-SIM-01,O320_CLASS,RAPID_RESPONSE,331.3089346874517,15.67380124812335,2663.7820912120146,0.996301843053613,127.60730283383727,843.2190698946883,84.13856798240319,87.46225754938774,33.15151432905598,0.9567662403459322,14.108596681079966,18.58516134584445,29.848481749296827,TAKEOFF,HEALTHY,False,0.0,1.0,OK,42,92.97,3600.0,1.03583,5.514369,0.084723,-0.067883,1.016713,-0.051987
2026-01-01T00:02:52Z,O320_CLASS-SIM-01,O320_CLASS,RAPID_RESPONSE,334.38579606261965,15.812582249104503,2655.4009538494142,0.9958344980070183,128.4668776707253,835.889027881412,83.48150731445226,87.84053935966689,33.25001298514063,0.9839536427870904,14.013813224226414,18.642849166636584,30.000735490833137,TAKEOFF,HEALTHY,False,0.0,1.0,OK,42,92.88,3600.0,1.564558,-1.898621,-0.571613,0.037202,-7.502259,-0.024754
2026-01-01T00:02:53Z,O320_CLASS-SIM-01,O320_CLASS,RAPID_RESPONSE,338.1373970237146,15.657984925991773,2662.658026177997,0.9982391782086787,124.21360712929946,840.6381438752522,83.57731342499079,87.36434288882887,33.25774623425495,1.0526898238684632,14.077972374647162,18.24766260472229,29.895092412443745,TAKEOFF,HEALTHY,False,0.0,1.0,OK,42,92.76,3600.0,-2.703385,2.380793,-0.502011,-0.031751,-1.583483,0.042452
2026-01-01T00:02:54Z,O320_CLASS-SIM-01,O320_CLASS,RAPID_RESPONSE,338.5406410273632,15.771586350415365,2667.868128183535,0.9989120664446727,127.88080993404947,837.6677227787992,83.32306939845567,86.74665324144704,33.286252614790854,0.9662205896305253,14.080549265117591,19.082070282494342,30.035707836016883,TAKEOFF,HEALTHY,False,0.0,1.0,OK,42,92.65,3600.0,0.556673,-0.944406,-0.77872,-0.032786,2.301166,-0.044909
2026-01-01T00:02:55Z,O320_CLASS-SIM-01,O320_CLASS,RAPID_RESPONSE,335.6821079783092,15.596481190037673,2679.8496905446787,0.996684702191721,124.84927467882781,841.4413254144075,84.07825018814106,88.00729210404668,33.29931246532554,1.0287130876039818,14.072667652129223,19.04233727691817,30.362161193895513,TAKEOFF,HEALTHY,False,0.0,1.0,OK,42,92.57,3600.0,-1.756805,3.498879,-0.020227,0.041016,14.4905,0.018481
2026-01-01T00:02:56Z,O320_CLASS-SIM-01,O320_CLASS,RAPID_RESPONSE,343.678731726161,15.538504657878725,2669.046282173655,1.0,128.75310499240175,837.4365564238957,84.55018267429162,87.87784484044217,33.4341289213572,0.9809030260033924,14.046721680386652,18.80443518944396,29.950882488215612,TAKEOFF,HEALTHY,False,0.0,1.0,OK,42,92.5,3600.0,1.729321,-1.309059,0.421159,0.069826,2.195324,-0.031307
2026-01-01T00:02:57Z,O320_CLASS-SIM-01,O320_CLASS,RAPID_RESPONSE,342.8316355420212,15.348515340815606,2662.7080849103622,0.9994053827860665,126.7976540680141,843.4914489085418,84.10084535878299,88.18079511735488,33.33862078204504,1.044491891996374,14.070487238781375,19.23616737563891,30.036676244505827,TAKEOFF,HEALTHY,False,0.0,1.0,OK,42,92.44,3600.0,0.274196,5.00621,-0.048347,-0.017001,-4.908804,0.032114
2026-01-01T00:02:58Z,O320_CLASS-SIM-01,O320_CLASS,RAPID_RESPONSE,346.85529217324427,15.805227717825286,2664.5919655864623,0.9999210757489604,130.1504788145613,838.1269957937178,84.27456431803238,88.16652573899735,33.40261733150339,1.0124368912808044,13.990774597069958,19.036159703534118,29.69923408169772,TAKEOFF,HEALTHY,False,0.0,1.0,OK,42,92.45,3600.0,2.386796,-1.013724,0.117745,0.022352,-3.766097,-0.000542
2026-01-01T00:02:59Z,O320_CLASS-SIM-01,O320_CLASS,RAPID_RESPONSE,350.2604614019674,15.763059969567877,2675.6080878934754,0.9977513332791934,125.68594016445371,839.6049314404069,84.10461349893902,86.77941038270488,33.369900831880315,1.1231984360234004,14.087478262092453,19.18237794827305,30.16261598005552,TAKEOFF,HEALTHY,False,0.0,1.0,OK,42,92.31,3600.0,-1.756246,0.972492,-0.032004,0.046397,7.993551,0.111274
2026-01-01T00:03:00Z,O320_CLASS-SIM-01,O320_CLASS,RAPID_RESPONSE,352.21919321577826,15.696489249064888,2651.884929716875,0.999622827733988,128.60280457282582,836.6786669560211,84.05877819289377,86.63157748173586,33.46084052535514,1.043012177501781,14.08215492332758,19.0884294413697,30.034308631682595,TAKEOFF,HEALTHY,False,0.0,1.0,OK,42,92.2,3600.0,1.060492,-2.320322,-0.083108,0.084183,-16.180511,0.030202
2026-01-01T00:03:01Z,O320_CLASS-SIM-01,O320_CLASS,RAPID_RESPONSE,357.8580628188529,15.498071078352252,2623.5418654239543,0.9502075696680974,121.32255868661906,829.9798685585828,84.22675875491714,88.29798702992305,31.85615711300883,0.9687339035171748,14.070651155835698,18.781145804434914,30.04799908062156,CLIMB,HEALTHY,False,0.0,1.0,OK,42,92.13,3600.0,0.76204,3.139824,0.608652,-0.057402,-17.464975,-0.014182
2026-01-01T00:03:02Z,O320_CLASS-SIM-01,O320_CLASS,RAPID_RESPONSE,366.80255253312095,15.568529337531805,2614.0990797083523,0.9513926305815813,118.8082940015363,824.919676334789,83.17972161804161,88.16346550170165,31.71858191083033,0.8756694613935054,14.066738430673311,17.769187334126336,29.758932263283906,CLIMB,HEALTHY,False,0.0,1.0,OK,42,91.94,3600.0,-1.417659,-0.926992,-0.081688,-0.06547,-7.878696,-0.098512
2026-01-01T00:03:03Z,O320_CLASS-SIM-01,O320_CLASS,RAPID_RESPONSE,372.555128133922,15.536490696923632,2612.9618485297315,0.9466564924655168,118.91651413588869,826.1713787672102,82.7207217371987,85.44498294947672,31.647285433830852,1.0112088836231043,14.04686593934165,17.305607336894326,29.80486045058609,CLIMB,HEALTHY,False,0.0,1.0,OK,42,91.75,3600.0,-0.145346,2.441533,-0.24305,0.11792,7.423948,0.046472
2026-01-01T00:03:04Z,O320_CLASS-SIM-01,O320_CLASS,RAPID_RESPONSE,377.7570817581174,15.574714953255619,2588.86107151933,0.9473099510580957,118.56754835220987,823.2268744032059,82.53024523550299,87.04542874572819,31.503147547445792,1.0004171683606136,14.054159377463334,17.513407620160642,29.52981171527597,CLIMB,HEALTHY,False,0.0,1.0,OK,42,91.6,3600.0,-0.266924,0.122139,-0.235319,0.054572,-5.084318,0.040975
2026-01-01T00:03:05Z,O320_CLASS-SIM-01,O320_CLASS,RAPID_RESPONSE,385.33739752673733,15.522853803840519,2585.2158594876605,0.94479264598091,118.12613019030812,820.8568054409069,83.29730780245113,85.05675450924912,31.389501112265904,1.0018775026763118,14.084581825359242,17.422251759254387,29.53593184816963,CLIMB,HEALTHY,False,0.0,1.0,OK,42,91.46,3600.0,-0.031387,-1.048413,0.692818,0.080813,1.172491,0.047914
2026-01-01T00:03:06Z,O320_CLASS-SIM-01,O320_CLASS,RAPID_RESPONSE,396.29472346520026,15.081027623050797,2567.2494016157775,0.948882977642743,120.37939664670199,821.588688101614,82.62731997280956,87.17422217005897,31.520692647609692,0.9316380332831733,14.04199398687609,18.00531374330351,29.380876696195372,CLIMB,HEALTHY,False,0.0,1.0,OK,42,91.37,3600.0,2.831603,-0.40433,0.078608,0.146388,-11.673199,-0.021361
2026-01-01T00:03:07Z,O320_CLASS-SIM-01,O320_CLASS,RAPID_RESPONSE,404.47347037126275,15.228194028170504,2578.481370327454,0.9488666137570513,117.17762917317661,819.8928389561605,82.64621712055697,86.91653380326355,31.37536137200988,0.9554417361847557,14.058589593313211,17.26299071989108,29.703965250178904,CLIMB,HEALTHY,False,0.0,1.0,OK,42,91.39,3600.0,-0.666511,-2.032861,0.134009,0.026706,3.43696,0.004196
2026-01-01T00:03:08Z,O320_CLASS-SIM-01,O320_CLASS,RAPID_RESPONSE,411.72284180608347,15.722334068269353,2571.209624801651,0.948343095655923,119.09889057270287,824.1458021267662,82.29052155414212,85.6557368504345,31.384565214656128,0.9179562006560956,14.02833495396898,17.49501947558662,29.730054426972693,CLIMB,HEALTHY,False,0.0,1.0,OK,42,91.42,3600.0,0.211168,2.002102,-0.184356,0.069176,-0.593025,-0.031665
2026-01-01T00:03:09Z,O320_CLASS-SIM-01,O320_CLASS,RAPID_RESPONSE,417.14865763128614,15.00628121958429,2556.1873159400016,0.9466478405332543,116.47886660766795,821.512880071282,82.01195759332718,85.27973074045526,31.301062196308074,0.9322189885348258,14.079696485604396,17.612477624314778,29.57350596925808,CLIMB,HEALTHY,False,0.0,1.0,OK,42,91.51,3600.0,-0.537646,0.617478,-0.438686,0.050417,-12.228067,-0.015302
2026-01-01T00:03:10Z,O320_CLASS-SIM-01,O320_CLASS,RAPID_RESPONSE,424.92574452974594,15.168502755827536,2571.980066670964,0.9502424122207787,116.86540992234835,821.830803594431,81.66747248745081,85.88051896150894,31.364882950701734,0.9376733313794172,14.094012698696853,17.20654897835689,29.59612091368531,CLIMB,HEALTHY,False,0.0,1.0,OK,42,91.64,3600.0,-0.994302,0.047143,-0.806848,0.024812,4.199533,-0.010822
2026-01-01T00:03:11Z,O320_CLASS-SIM-01,O320_CLASS,RAPID_RESPONSE,433.12527522568007,15.169291769636576,2566.6678244616965,0.9491956915415004,118.88735224520649,825.0521005432008,82.47836219287542,86.23806350398478,31.28211773040504,0.9787360234565011,14.016242814706528,17.6833481499323,29.88895638082979,CLIMB,HEALTHY,False,0.0,1.0,OK,42,91.75,3600.0,1.070127,3.491612,-0.005198,-0.03114,0.102323,0.031054
2026-01-01T00:03:12Z,O320_CLASS-SIM-01,O320_CLASS,RAPID_RESPONSE,440.55761490878365,14.806303661564074,2561.7003937990594,0.9513526391574675,118.45980612521394,822.1183402634331,82.88618497723658,85.85329998055661,31.370986951506282,0.9842296171160221,14.084404174943947,17.48705491506531,29.688039694921528,CLIMB,HEALTHY,False,0.0,1.0,OK,42,91.85,3600.0,0.877222,0.423286,0.360718,-0.003712,-5.010354,0.035675
2026-01-01T00:03:13Z,O320_CLASS-SIM-01,O320_CLASS,RAPID_RESPONSE,447.84177852617364,14.995814828883434,2578.4421741975943,0.9492287056489416,118.69624262185505,821.7082049630742,82.2543136936649,85.35947317778161,31.37656939707395,0.9691130076295116,13.987106346258743,17.332268271229662,29.815231097075575,CLIMB,HEALTHY,False,0.0,1.0,OK,42,91.96,3600.0,1.09828,0.267828,-0.278157,0.055708,12.955817,0.021741
2026-01-01T00:03:14Z,O320_CLASS-SIM-01,O320_CLASS,RAPID_RESPONSE,455.54350223808916,14.766810912289257,2578.7799527378543,0.9500684887233293,117.58636821680057,820.3835528642009,82.92971052505462,84.80680082651496,31.35812923784575,0.9681110133195328,14.045522088817329,17.412658630391643,29.517815374431684,CLIMB,HEALTHY,False,0.0,1.0,OK,42,92.09,3600.0,0.039905,-1.015353,0.374793,0.013753,13.88499,0.020645
2026-01-01T00:03:15Z,O320_CLASS-SIM-01,O320_CLASS,RAPID_RESPONSE,464.9943861062398,14.857930056666207,2549.6118364700933,0.949839991356896,118.38772493602454,822.4334629680125,82.66859294372405,84.87812040057028,31.336957286301917,0.9441704488565892,14.023323615255315,17.289571843757553,29.843717339529192,CLIMB,HEALTHY,False,0.0,1.0,OK,42,92.27,3600.0,0.669778,0.963229,0.099671,-0.005685,-14.521985,-0.002983
2026-01-01T00:03:16Z,O320_CLASS-SIM-01,O320_CLASS,RAPID_RESPONSE,468.3851901979193,15.013548462557951,2548.181142704811,0.9483020518418724,117.12006625571588,815.9464677398902,82.67020361728362,84.72886206985694,31.19015196646953,0.9791809647593839,14.080760124769022,17.732107562312894,29.59130486331868,CLIMB,HEALTHY,False,0.0,1.0,OK,42,92.39,3600.0,-0.594154,-5.299417,0.106918,-0.106225,-14.485279,0.033186
2026-01-01T00:03:17Z,O320_CLASS-SIM-01,O320_CLASS,RAPID_RESPONSE,478.618469923915,15.088652505480049,2574.15409140005,0.9506930633316771,116.52295339271947,821.5924784782098,82.69948014837293,83.48742794907214,31.31658631303692,1.0361492875775382,14.056693590274731,17.720514739451072,29.561940030399995,CLIMB,HEALTHY,False,0.0,1.0,OK,42,92.36,3600.0,-1.770405,-0.287323,0.115936,-0.048939,11.459062,0.089224
2026-01-01T00:03:18Z,O320_CLASS-SIM-01,O320_CLASS,RAPID_RESPONSE,486.00128362513533,14.897468486289926,2553.288562511922,0.9464057829588645,119.18634387385028,824.4528577113103,82.13607795844383,85.61536255679485,31.287119520676388,0.9584720476717676,14.051096766845406,17.593733311276402,29.544097369505394,CLIMB,HEALTHY,False,0.0,1.0,OK,42,92.36,3600.0,1.657505,3.725058,-0.420625,0.038676,-6.911875,0.01404
2026-01-01T00:03:19Z,O320_CLASS-SIM-01,O320_CLASS,RAPID_RESPONSE,495.7880824991258,14.837538469173866,2563.957122051169,0.9465742155576662,120.27231849710434,822.1314710078273,82.82617669479741,83.46360595730056,31.24892866727952,0.9940586842481206,14.045698251385442,16.859973390789143,29.684725007585662,CLIMB,HEALTHY,False,0.0,1.0,OK,42,92.3,3600.0,2.7219,1.487024,0.284734,0.002645,5.676487,0.050357
2026-01-01T00:03:20Z,O320_CLASS-SIM-01,O320_CLASS,RAPID_RESPONSE,500.41889369470533,14.953672856523482,2557.429950974662,0.9485575615201891,119.11268108421729,818.6495381715539,82.1518152965134,84.50524625959761,31.330196360037643,0.8909816956066913,13.98685657716414,17.537829806755855,29.435902668925618,CLIMB,HEALTHY,False,0.0,1.0,OK,42,92.22,3600.0,1.180356,-2.510737,-0.400457,0.034647,-0.453348,-0.053239
2026-01-01T00:03:21Z,O320_CLASS-SIM-01,O320_CLASS,RAPID_RESPONSE,508.20795727691575,14.41430251378305,2551.8846886679157,0.9480404209622932,118.83103160359465,818.9026043091718,83.2193501315753,84.0299549712867,31.253584869635862,1.0053916723381955,14.043050993313555,17.187525824734717,29.500502450732483,CLIMB,HEALTHY,False,0.0,1.0,OK,42,92.08,3600.0,1.412122,-1.628869,0.652168,-0.03158,-5.257012,0.06159
2026-01-01T00:03:22Z,O320_CLASS-SIM-01,O320_CLASS,RAPID_RESPONSE,518.3876350576711,14.863603262450026,2549.9769176722834,0.9478780953428046,117.8398822498613,818.3032420934204,82.54101975643263,84.4996575285278,31.34374351301853,0.9918801612979226,14.026643012774066,17.265785982230977,29.62087932010618,CLIMB,HEALTHY,False,0.0,1.0,OK,42,91.96,3600.0,-0.122967,-2.670263,-0.025922,0.058733,-6.317203,0.048401
2026-01-01T00:03:23Z,O320_CLASS-SIM-01,O320_CLASS,RAPID_RESPONSE,523.0419704130293,14.682817627698883,2555.0106917377784,0.9459315732148931,116.60096289094201,824.3251937504601,82.50706628836603,85.7279218207356,31.260110755208597,0.9549209739333824,14.108113555205785,17.04874990085539,29.23405556205261,CLIMB,HEALTHY,False,0.0,1.0,OK,42,91.91,3600.0,-0.964615,4.004561,-0.044372,0.032561,0.495399,0.012863
2026-01-01T00:03:24Z,O320_CLASS-SIM-01,O320_CLASS,RAPID_RESPONSE,533.4113666784122,14.42134900456141,2554.7568167695085,0.9466059413568746,118.08870838734335,818.2703007936115,82.50345849742428,84.69797966014315,31.234483957096536,0.9149618259137299,14.025727090784594,16.949773670447886,29.45285725293412,CLIMB,HEALTHY,False,0.0,1.0,OK,42,91.9,3600.0,0.608096,-1.926,-0.049872,-0.010602,1.381313,-0.02691
2026-01-01T00:03:25Z,O320_CLASS-SIM-01,O320_CLASS,RAPID_RESPONSE,539.2214046863975,14.436286794564205,2551.96431333026,0.947645381843372,116.99797983972351,822.3136719786725,83.15510385648182,83.89118503946973,31.308300021462312,0.9330750174160543,14.04692952958169,17.692346544647613,29.59006977484849,CLIMB,HEALTHY,False,0.0,1.0,OK,42,91.95,3600.0,-0.67911,1.876916,0.586989,0.035184,-1.031492,-0.009032
2026-01-01T00:03:26Z,O320_CLASS-SIM-01,O320_CLASS,RAPID_RESPONSE,543.9448164633903,14.515167245951613,2563.2143391152517,0.9471494002525963,118.99776205226438,818.800301903764,81.99127838276387,84.30209631078242,31.195381186324212,0.9327649564846183,14.074387268018748,16.817417147999436,29.31938749900656,CLIMB,HEALTHY,False,0.0,1.0,OK,42,92.05,3600.0,1.253988,-1.610697,-0.582621,-0.065264,10.86728,-0.008933
2026-01-01T00:03:27Z,O320_CLASS-SIM-01,O320_CLASS,RAPID_RESPONSE,552.6186182989243,14.388418687710024,2549.6442622042537,0.9502982727633922,118.96648458539431,821.703492351857,82.6480587245813,84.43197549300018,31.239288055783767,0.976341508032304,14.002238338216756,17.497682415152102,29.686783385929825,CLIMB,HEALTHY,False,0.0,1.0,OK,42,92.14,3600.0,0.837513,0.649802,0.033349,-0.116192,-3.767026,0.032994
2026-01-01T00:03:28Z,O320_CLASS-SIM-01,O320_CLASS,RAPID_RESPONSE,562.0446919648604,14.32233347325447,2554.9929427660113,0.941684370667206,118.20235820962742,820.1217472785864,82.57342799815258,84.61246770282987,31.277843100970006,0.896143051235435,14.031175694691795,17.29972564926788,29.52365880787661,CLIMB,HEALTHY,False,0.0,1.0,OK,42,92.19,3600.0,1.111748,1.047654,0.021742,0.155981,5.732398,-0.042541
2026-01-01T00:03:29Z,O320_CLASS-SIM-01,O320_CLASS,RAPID_RESPONSE,569.5330025077177,14.455519554268648,2542.324147821005,0.9476662157271445,119.40604494833545,816.0084993594346,82.66899979980816,83.51027975390517,31.26224901080232,0.9052579981380626,14.030149710852886,17.737163464967253,29.314316084310036,CLIMB,HEALTHY,False,0.0,1.0,OK,42,92.22,3600.0,1.416475,-4.444228,0.099232,-0.01265,-7.053444,-0.035533
2026-01-01T00:03:30Z,O320_CLASS-SIM-01,O320_CLASS,RAPID_RESPONSE,575.0974368481336,14.055172777438438,2564.05493266911,0.9462975428111796,117.84593091328871,819.2780188633045,82.22245170420001,83.72317516365246,31.402905700783545,0.9968327096144723,14.009466835620652,17.432767054942147,29.37681825822856,CLIMB,HEALTHY,False,0.0,1.0,OK,42,92.18,3600.0,0.357758,-0.495456,-0.355293,0.161758,15.463138,0.056789
2026-01-01T00:03:31Z,O320_CLASS-SIM-01,O320_CLASS,RAPID_RESPONSE,581.7490287886443,14.354238366044756,2558.7404821089012,0.9492217341317254,117.33150706469169,819.8080219718827,82.90285225200924,84.15846861550197,31.25952477091632,0.876087075800266,14.038290195002602,17.53465894050111,29.319477800734326,CLIMB,HEALTHY,False,0.0,1.0,OK,42,92.09,3600.0,-0.907868,-0.959494,0.293018,-0.067201,9.263046,-0.06542
2026-01-01T00:03:32Z,O320_CLASS-SIM-01,O320_CLASS,RAPID_RESPONSE,592.9334477144891,14.201891748097214,2554.6859175659088,0.948780988036475,117.0807077080363,816.1225738476941,82.39193516253825,84.49171204592002,31.25132235713061,0.9127887204434605,13.980052593749607,17.697108905305754,29.620545229893683,CLIMB,HEALTHY,False,0.0,1.0,OK,42,92.02,3600.0,-1.126581,-4.511798,-0.236809,-0.07856,5.057306,-0.028793
2026-01-01T00:03:33Z,O320_CLASS-SIM-01,O320_CLASS,RAPID_RESPONSE,600.691881008949,14.24816806727618,2552.5241203793316,0.9464557867340853,117.73633842321216,819.0360904866811,83.66133286432525,84.16134780270592,31.25445024983714,0.9588712059670008,14.004186371611272,17.629120550759875,29.395102321733,CLIMB,HEALTHY,False,0.0,1.0,OK,42,92.0,3600.0,-0.320626,-1.156117,1.045766,-0.016176,4.226078,0.01858
2026-01-01T00:03:34Z,O320_CLASS-SIM-01,O320_CLASS,RAPID_RESPONSE,607.8503935810324,14.213754669152829,2550.214975037838,0.9470407918354911,117.96467280211078,819.9039399947011,82.37857077219681,83.29422362369016,31.35083862183579,0.9356110904961961,14.01075803814483,17.11797189073855,29.656894860359895,CLIMB,HEALTHY,False,0.0,1.0,OK,42,92.07,3600.0,-0.193499,-0.371171,-0.23438,0.065332,2.712451,-0.004587
2026-01-01T00:03:35Z,O320_CLASS-SIM-01,O320_CLASS,RAPID_RESPONSE,615.6739037769072,14.088756166858296,2544.3036247094155,0.947905984199605,117.19835527719601,819.3360571657039,82.99872742533212,84.29133030795523,31.22698304948906,0.9054330305522175,14.037412616587897,17.672636787357927,29.202082914216792,CLIMB,HEALTHY,False,0.0,1.0,OK,42,92.12,3600.0,-1.032415,-1.030285,0.376256,-0.085565,-2.926772,-0.035021
2026-01-01T00:03:36Z,O320_CLASS-SIM-01,O320_CLASS,RAPID_RESPONSE,622.6397216315779,13.749149055819583,2540.5166674638685,0.9459378098305382,117.48499872707204,818.5906571023099,82.61500611551374,83.10263477054033,31.2021753553502,0.9705506984944638,14.056557471943949,17.445959242008453,29.25588765125569,CLIMB,HEALTHY,False,0.0,1.0,OK,42,92.18,3600.0,-0.233047,-1.004292,-0.000758,-0.057992,-5.292041,0.031324
2026-01-01T00:03:37Z,O320_CLASS-SIM-01,O320_CLASS,RAPID_RESPONSE,630.23232784616,14.007801149358693,2536.5697439415967,0.9465924205704382,117.86912953242978,824.4705813671128,83.3830204558502,82.13905184522834,31.39921424023291,0.9024489887567562,14.063211382943948,17.471856396191683,29.335226024789836,CLIMB,HEALTHY,False,0.0,1.0,OK,42,92.19,3600.0,-0.255868,4.48514,0.769796,0.122357,-8.406343,-0.036695
2026-01-01T00:03:38Z,O320_CLASS-SIM-01,O320_CLASS,RAPID_RESPONSE,638.0855807031044,13.841123024779844,2548.482548244199,0.9469428260862427,119.46335751417531,819.9937628688131,82.54696975715946,84.28779148233505,31.302757147626544,0.9680329249998133,14.013673578413906,16.961986490152132,29.397004487456694,CLIMB,HEALTHY,False,0.0,1.0,OK,42,92.21,3600.0,1.375926,0.082294,-0.071432,0.013984,4.086556,0.028947
2026-01-01T00:03:39Z,O320_CLASS-SIM-01,O320_CLASS,RAPID_RESPONSE,643.9761753288865,13.926031742149789,2551.0848155511258,0.946078628309824,119.76401287722928,823.1664971961726,82.71219108498009,82.69447882587862,31.35172529960279,0.9360223273670591,14.03721624262764,17.132475104409536,29.34627896983464,CLIMB,HEALTHY,False,0.0,1.0,OK,42,92.29,3600.0,1.642728,3.3646,0.100594,0.08635,7.705956,-0.002376
2026-01-01T00:03:40Z,O320_CLASS-SIM-01,O320_CLASS,RAPID_RESPONSE,650.2661766569961,13.853880865817544,2536.2392457187384,0.95241535875429,116.76284058922855,816.5419268351415,82.8194288919349,84.51709229714929,31.275404628210122,0.9610556055207422,13.977945083444551,17.04207642665286,29.31629128749108,CLIMB,HEALTHY,False,0.0,1.0,OK,42,92.35,3600.0,-2.182974,-4.676161,0.142815,-0.17271,-9.721348,0.019276
2026-01-01T00:03:41Z,O320_CLASS-SIM-01,O320_CLASS,RAPID_RESPONSE,657.188295422609,13.727346417819632,2523.793812135948,0.9435593117715287,117.44077381702344,817.5472267762493,82.7743222604456,83.48030431822643,31.316083250879853,0.967964396474689,14.067296218072903,17.20505635974144,29.520441198264102,CLIMB,HEALTHY,False,0.0,1.0,OK,42,92.41,3600.0,-0.374544,-1.633183,0.145047,0.10155,-19.051726,0.03047
2026-01-01T00:03:42Z,O320_CLASS-SIM-01,O320_CLASS,RAPID_RESPONSE,668.3598631454714,13.681896652756802,2537.7893196494106,0.9454462260424316,117.1236722474693,820.6195404005517,82.57839455062545,82.6480052653263,31.23749868001119,0.8891564847288699,14.062257510867155,17.21927565816397,29.343090042846462,CLIMB,HEALTHY,False,0.0,1.0,OK,42,92.43,3600.0,-0.957364,1.126274,-0.037091,-0.021717,-3.597551,-0.048408
2026-01-01T00:03:43Z,O320_CLASS-SIM-01,O320_CLASS,RAPID_RESPONSE,676.3671426120573,13.52742959211109,2528.9457678843505,0.9480609630969568,117.479620258648,818.4833058752106,82.63258243976601,84.0357847767384,31.27082979545038,0.8893113815179564,14.049029123800135,17.072462681300845,29.75328887459176,CLIMB,HEALTHY,False,0.0,1.0,OK,42,92.39,3600.0,-0.86105,-1.451497,-0.004505,-0.06196,-12.639186,-0.049307
2026-01-01T00:03:44Z,O320_CLASS-SIM-01,O320_CLASS,RAPID_RESPONSE,682.7143697997191,13.227090354327546,2542.2880460350466,0.9498151215104464,120.03469361546236,824.0229926954435,82.20819503983805,83.79503229142355,31.232944589954943,0.9459515196859251,13.994344889931295,17.026688601129855,29.36625484611345,CLIMB,HEALTHY,False,0.0,1.0,OK,42,92.42,3600.0,1.66762,3.919504,-0.470625,-0.15775,-0.255211,0.006221
2026-01-01T00:03:45Z,O320_CLASS-SIM-01,O320_CLASS,RAPID_RESPONSE,691.6256106979916,13.633302312694893,2540.8754896923565,0.9431324904972226,117.78913284487584,817.520367079479,82.96384693582061,83.95184886149447,31.321079339304987,0.9064752872637865,13.95016822376478,16.740158032456424,29.678528799464942,CLIMB,HEALTHY,False,0.0,1.0,OK,42,92.44,3600.0,-0.24551,-1.5203,0.336508,0.109695,1.470107,-0.029697
2026-01-01T00:03:46Z,O320_CLASS-SIM-01,O320_CLASS,RAPID_RESPONSE,697.2376237638598,13.351434517136775,2551.0344702971765,0.9482710606317173,118.2120077967433,818.5921996987643,82.56291168008096,83.13538397177264,31.3474775103748,0.9532871235726597,14.053955948179434,17.468315515855064,29.287427578423774,CLIMB,HEALTHY,False,0.0,1.0,OK,42,92.5,3600.0,-0.209008,-1.254405,-0.09008,0.002443,11.216814,0.015166
2026-01-01T00:03:47Z,O320_CLASS-SIM-01,O320_CLASS,RAPID_RESPONSE,706.5335274066123,13.3707066621094,2516.9971316437636,0.9413918090641765,116.98055564239128,820.5938123807791,82.66095398346316,83.04583303989787,31.36423674002221,0.8853294460517097,14.031173041123473,17.24620985451246,29.350033555912844,CLIMB,HEALTHY,False,0.0,1.0,OK,42,92.51,3600.0,-0.683287,2.268675,0.065095,0.20728,-19.177118,-0.048936
2026-01-01T00:03:48Z,O320_CLASS-SIM-01,O320_CLASS,RAPID_RESPONSE,713.0054530805875,13.125748340628089,2547.6382963601473,0.9441923264504947,120.65966272579618,819.1246130650688,83.02625181039365,82.80068986156547,31.264366119903702,0.9124367022353164,14.035390828759441,17.243707126056528,29.34043260720981,CLIMB,HEALTHY,False,0.0,1.0,OK,42,92.53,3600.0,2.887118,0.530758,0.43409,0.044025,12.705863,-0.02224
2026-01-01T00:03:49Z,O320_CLASS-SIM-01,O320_CLASS,RAPID_RESPONSE,720.3371247342346,13.225074676264274,2553.989959947308,0.9452835014231397,120.09600520223636,818.656785251655,82.71826305740622,81.73151540887336,31.242762748355783,0.9439243476892565,14.079218399319885,17.213813110997023,29.663227610387253,CLIMB,HEALTHY,False,0.0,1.0,OK,42,92.59,3600.0,2.014819,-0.278585,0.11811,-0.007768,19.517862,0.009014
2026-01-01T00:03:50Z,O320_CLASS-SIM-01,O320_CLASS,RAPID_RESPONSE,729.0475134183905,13.511548472524645,2534.3543571408463,0.9501508157916739,117.67905364991856,817.1697263024253,82.12997245084966,84.59896038576849,31.305301139994093,0.921843456767449,14.068930243044704,17.324353906148144,29.748188159847626,CLIMB,HEALTHY,False,0.0,1.0,OK,42,92.64,3600.0,-1.445272,-3.238226,-0.520992,-0.091156,-2.23971,-0.015779
2026-01-01T00:03:51Z,O320_CLASS-SIM-01,O320_CLASS,RAPID_RESPONSE,733.3263988990382,13.178483020789898,2530.3610174958385,0.9413304124249605,119.55378263898257,818.3499268886509,82.9092256936993,84.56773090128226,31.24587827437099,0.9180677316235918,14.034840869090777,17.393359615427272,29.365862876741076,CLIMB,HEALTHY,False,0.0,1.0,OK,42,92.7,3600.0,1.818708,0.218978,0.310076,0.087269,-2.880572,-0.015138
2026-01-01T00:03:52Z,O320_CLASS-SIM-01,O320_CLASS,RAPID_RESPONSE,742.2634341475115,13.327714193005342,2536.3252426067465,0.9410957286591755,116.83083920931576,822.7190428905539,82.77346375025364,82.01614894705938,31.25423098582705,0.9351491219215693,14.053174430678814,16.801102315501165,29.32232955809611,CLIMB,HEALTHY,False,0.0,1.0,OK,42,92.81,3600.0,-1.045134,4.6099,0.21735,0.115946,5.817407,0.003198
2026-01-01T00:03:53Z,O320_CLASS-SIM-01,O320_CLASS,RAPID_RESPONSE,751.1810385705667,13.105009380826917,2537.1063863072454,0.9426335777978734,118.74984168272051,821.634944780779,82.80668381292257,82.68338949137448,31.257167608888054,0.9009316519292697,14.028764061890909,17.44971848049951,29.428221056949706,CLIMB,HEALTHY,False,0.0,1.0,OK,42,92.88,3600.0,0.850049,3.469021,0.260606,0.084012,7.924887,-0.03101
2026-01-01T00:03:54Z,O320_CLASS-SIM-01,O320_CLASS,RAPID_RESPONSE,756.9986273493106,12.996996270018524,2533.3741450996704,0.9442529720056383,118.92368769377548,820.1531251731421,82.96676307195806,83.65732799638862,31.310964355020406,0.8966624171749574,14.003639679904387,17.109976464002195,29.376003737961742,CLIMB,HEALTHY,False,0.0,1.0,OK,42,92.91,3600.0,0.874865,1.743409,0.406922,0.094296,4.395006,-0.035788
2026-01-01T00:03:55Z,O320_CLASS-SIM-01,O320_CLASS,RAPID_RESPONSE,764.1875716379537,12.955428329639483,2527.207513867667,0.943563711927885,117.98247148864145,821.7321704648982,82.6900322099944,84.4424790440322,31.268905766478493,0.9221358688881965,14.030691497191526,17.18717310340053,29.506574147292113,CLIMB,HEALTHY,False,0.0,1.0,OK,42,92.97,3600.0,-0.025643,3.48864,0.126546,0.066998,-1.097145,-0.009864
2026-01-01T00:03:56Z,O320_CLASS-SIM-01,O320_CLASS,RAPID_RESPONSE,776.5718571122454,12.845732794450894,2537.1127048739477,0.945230316010043,116.49625538950444,820.652815384006,83.11651139120404,81.72599939379351,31.25914191007973,0.864431087618934,13.992625218038125,17.37919173598915,29.368930892623915,CLIMB,HEALTHY,False,0.0,1.0,OK,42,92.92,3600.0,-1.776376,2.076873,0.532216,0.002192,8.657732,-0.068345
2026-01-01T00:03:57Z,O320_CLASS-SIM-01,O320_CLASS,RAPID_RESPONSE,779.3553140561112,12.957798684298398,2525.298200218692,0.9437805789066712,119.2889764669281,815.7617576370349,82.24640230683205,82.48185803062941,31.30726664670327,0.9826786663135993,14.010259564978853,17.345666270684585,29.3188806410915,CLIMB,HEALTHY,False,0.0,1.0,OK,42,92.84,3600.0,1.055698,-2.610613,-0.336858,0.088794,-2.419633,0.050688
2026-01-01T00:03:58Z,O320_CLASS-SIM-01,O320_CLASS,RAPID_RESPONSE,791.3195609339404,12.704162741248771,2539.34293735233,0.9433166574159921,120.83795234124032,820.0844129729805,82.20119303453484,81.88778998381126,31.297062078089645,0.974965264772722,14.027912057183665,17.116627738710303,29.547864857555922,CLIMB,HEALTHY,False,0.0,1.0,OK,42,92.72,3600.0,2.777213,2.033017,-0.379519,0.085998,12.664672,0.043463
2026-01-01T00:03:59Z,O320_CLASS-SIM-01,O320_CLASS,RAPID_RESPONSE,796.3396729491581,12.631051431593072,2521.4493655518672,0.9450072769233404,119.9009657157711,822.5860848341547,82.91843060543873,82.48252266723004,31.294649879411487,0.9058969252955055,14.02525880800035,16.89357507745005,29.24441172877346,CLIMB,HEALTHY,False,0.0,1.0,OK,42,92.64,3600.0,1.647942,4.229263,0.318009,0.036848,-5.287548,-0.026251
2026-01-01T00:04:00Z,O320_CLASS-SIM-01,O320_CLASS,RAPID_RESPONSE,804.204027221158,12.803752921913636,2532.6928719541243,0.9455366681062293,118.75394908075837,819.8776855632461,82.5885355839752,82.53022522786853,31.220107438586602,0.9470629047518966,14.049730582710126,16.926335437600667,29.437110452357214,CLIMB,HEALTHY,False,0.0,1.0,OK,42,92.62,3600.0,0.146089,1.166488,-0.027637,-0.06051,5.796663,0.014564
2026-01-01T00:04:01Z,O320_CLASS-SIM-01,O320_CLASS,RAPID_RESPONSE,810.3300283343214,12.64779868688061,2517.4311547756743,0.9468834017021849,119.76204628057174,819.7697411586178,83.3934506120864,81.99584135575455,31.40720755915115,0.9228814364887503,14.037156271463196,16.988462798248204,29.482798287305886,CLIMB,HEALTHY,False,0.0,1.0,OK,42,92.66,3600.0,1.038775,0.845868,0.748399,0.080986,-10.176345,-0.010474
2026-01-01T00:04:02Z,O320_CLASS-SIM-01,O320_CLASS,RAPID_RESPONSE,820.0805828856567,12.66053599783216,2539.8837289077223,0.9447375578285262,118.82831368454686,816.093672405974,82.77091111176613,81.9874373924866,31.224411537438513,0.9006318188778819,14.109475894423216,17.016192889378726,29.206016753891355,CLIMB,HEALTHY,False,0.0,1.0,OK,42,92.69,3600.0,0.224257,-2.439337,0.130499,-0.05304,13.134679,-0.031742
2026-01-01T00:04:03Z,O320_CLASS-SIM-01,O320_CLASS,RAPID_RESPONSE,825.3415566992901,12.620737046300789,2529.2831296506315,0.9452762597101172,119.33623492640696,816.6940234867634,82.73860497623352,81.34132067895132,31.223044765887963,0.8946908548183841,13.993493952819646,17.342272940222575,29.525472733062003,CLIMB,HEALTHY,False,0.0,1.0,OK,42,92.7,3600.0,0.652005,-1.916874,0.094466,-0.069199,2.974018,-0.03772
2026-01-01T00:04:04Z,O320_CLASS-SIM-01,O320_CLASS,RAPID_RESPONSE,835.415615338918,12.585217947557965,2530.3645207546265,0.940551495264789,119.58062788006043,818.6889789281511,82.85217006818449,82.29377677606712,31.20387685387115,0.8711862776427843,14.007606722152708,17.211611693141247,29.523312397571004,CLIMB,HEALTHY,False,0.0,1.0,OK,42,92.64,3600.0,1.442358,1.185445,0.257349,0.042278,7.142019,-0.058351
2026-01-01T00:04:05Z,O320_CLASS-SIM-01,O320_CLASS,RAPID_RESPONSE,839.4604322629393,12.383004847966191,2517.6048817369633,0.9432668713609478,116.93114646501492,814.6310525231291,82.27147153340331,82.00642543988339,31.19340189640821,0.9261846191572033,14.060547763503303,16.739102679863734,29.386450824668024,CLIMB,HEALTHY,False,0.0,1.0,OK,42,92.66,3600.0,-1.334223,-3.176038,-0.323622,-0.030463,-4.775946,-0.003895
2026-01-01T00:04:06Z,O320_CLASS-SIM-01,O320_CLASS,RAPID_RESPONSE,850.6112091747001,12.41827825996395,2518.0425598177853,0.9462158805175018,118.21890883893678,820.8874195693289,82.77065495808816,81.61087928872392,31.275617446781848,0.9433438668179377,14.05924059867716,16.921629905582357,29.421218896622957,CLIMB,HEALTHY,False,0.0,1.0,OK,42,92.73,3600.0,-0.610106,2.316786,0.146114,-0.038282,-5.085972,0.011802
2026-01-01T00:04:07Z,O320_CLASS-SIM-01,O320_CLASS,RAPID_RESPONSE,856.5435289497287,12.537489505196586,2513.6720757419175,0.9458302503927719,119.16674905862624,814.7738668695392,83.08122239983815,83.62022505575476,31.300925230468323,0.9873146392447951,14.030998293617488,16.63751216824825,29.136041511436133,CLIMB,HEALTHY,False,0.0,1.0,OK,42,92.7,3600.0,0.165026,-3.904752,0.442689,-0.012016,-9.659158,0.055726
2026-01-01T00:04:08Z,O320_CLASS-SIM-01,O320_CLASS,RAPID_RESPONSE,864.5801539299991,12.29391922822322,2513.7989326301113,0.9435782103357664,119.36671946113559,814.3742807105008,82.41720147274137,82.98870062867351,31.19626902942964,0.9647352936912433,14.013718370486767,17.18351237645318,29.574881591316775,CLIMB,HEALTHY,False,0.0,1.0,OK,42,92.66,3600.0,0.794913,-3.593286,-0.21092,-0.059942,-8.290247,0.034366
2026-01-01T00:04:09Z,O320_CLASS-SIM-01,O320_CLASS,RAPID_RESPONSE,872.8711819097367,12.469938755146897,2511.1452695293406,0.9458384305245937,117.62570740596729,818.5950214886249,82.6988743775062,82.11680890466678,31.266080503235106,0.8959022798438312,13.987587515117001,17.259330072837425,29.43578183090024,CLIMB,HEALTHY,False,0.0,1.0,OK,42,92.61,3600.0,-1.506595,-0.073661,0.058617,-0.05507,-11.091744,-0.035384
2026-01-01T00:04:10Z,O320_CLASS-SIM-01,O320_CLASS,RAPID_RESPONSE,881.0450529157578,12.277703640118732,2508.359619006154,0.9454507778805268,118.22547594277081,818.7411656860854,82.33540488326213,82.99210802889971,31.204602953588065,0.9158675565063207,14.031130345655617,16.762379713358218,29.455110044800083,CLIMB,HEALTHY,False,0.0,1.0,OK,42,92.6,3600.0,-0.781124,0.293118,-0.31171,-0.11364,-13.59954,-0.015266
2026-01-01T00:04:11Z,O320_CLASS-SIM-01,O320_CLASS,RAPID_RESPONSE,889.3005817655841,12.161693021574955,2522.005433468595,0.9379270551538488,118.6442467265602,817.043538763153,82.26579287583401,82.48982795119092,31.231316840288233,0.9219759495527277,14.016414548303473,16.55040714327922,29.23336091223674,CLIMB,HEALTHY,False,0.0,1.0,OK,42,92.66,3600.0,0.666955,0.44925,-0.306981,0.125489,4.479774,-0.00471
2026-01-01T00:04:12Z,O320_CLASS-SIM-01,O320_CLASS,RAPID_RESPONSE,895.8860846736249,11.869618514079114,2511.957565848903,0.9425338932207539,120.80440872161857,819.6876387918024,82.36911852704641,82.6163209567091,31.209800366957637,0.9691495780067311,13.986787569973004,17.292114806948916,29.339866884954752,CLIMB,HEALTHY,False,0.0,1.0,OK,42,92.65,3600.0,2.5373,2.487177,-0.208038,-0.006585,-4.719405,0.041273
2026-01-01T00:04:13Z,O320_CLASS-SIM-01,O320_CLASS,RAPID_RESPONSE,900.4634164780941,12.104388334581765,2519.551080292864,0.9422512438796893,119.3979670818147,816.2486270307135,82.83892304011178,81.87456826622238,31.242976442735998,0.9108410644137077,14.031923766805814,17.155556442116684,29.70768614829752,CLIMB,HEALTHY,False,0.0,1.0,OK,42,92.69,3600.0,0.896255,-1.105739,0.264586,0.036184,3.735111,-0.016596
2026-01-01T00:04:14Z,O320_CLASS-SIM-01,O320_CLASS,RAPID_RESPONSE,910.977031867265,12.234207134447685,2541.285102878254,0.9441800651016838,119.33601522111648,819.4061292462744,82.18596844714271,81.11378506949808,31.219909873335496,0.9541119210534882,14.021976064374549,17.046744937545487,29.559165101402638,CLIMB,HEALTHY,False,0.0,1.0,OK,42,92.73,3600.0,0.321426,1.440636,-0.402247,-0.046613,25.274032,0.025816
2026-01-01T00:04:15Z,O320_CLASS-SIM-01,O320_CLASS,RAPID_RESPONSE,918.4243557376857,12.014399256951222,2510.462163038942,0.9453261050188619,119.70439235594111,813.5704267911789,82.46306824547266,81.5494668490771,31.283354867269516,0.9643226605995733,14.035542342258523,17.152700454185265,29.403299350405206,CLIMB,HEALTHY,False,0.0,1.0,OK,42,92.75,3600.0,0.643047,-4.507168,-0.150816,-0.024374,-6.14765,0.035273
2026-01-01T00:04:16Z,O320_CLASS-SIM-01,O320_CLASS,RAPID_RESPONSE,923.6805804924205,11.950316514183319,2515.2196116074524,0.9428936044629257,116.53437524249101,816.5323352289579,82.6095820431895,81.14013634428603,31.23126653976039,0.9471497280281044,13.994480410215218,16.593580921265648,29.33908657106227,CLIMB,HEALTHY,False,0.0,1.0,OK,42,92.79,3600.0,-2.223942,-0.973119,0.001855,-0.014551,-0.399387,0.019295
2026-01-01T00:04:17Z,O320_CLASS-SIM-01,O320_CLASS,RAPID_RESPONSE,933.3992580280058,12.1934878941946,2520.570705908762,0.9399338428506326,118.53962174656242,818.1076016983328,82.65690185837516,81.74488122120033,31.196948933548974,0.9299395024245084,14.039282876892353,17.201215527617055,29.268088811602283,CLIMB,HEALTHY,False,0.0,1.0,OK,42,92.9,3600.0,-0.165009,1.045602,0.092362,0.034625,7.464867,0.004113
2026-01-01T00:04:18Z,O320_CLASS-SIM-01,O320_CLASS,RAPID_RESPONSE,939.2970795139505,11.485631051692701,2508.5884214939992,0.9417289479918356,117.61642070644079,817.8200157476068,82.56224917250505,79.45429691561112,31.252769733720854,0.88992075252626,14.04106802946379,16.668544700918126,29.391083300843633,CLIMB,HEALTHY,False,0.0,1.0,OK,42,92.96,3600.0,-0.630734,1.135194,-0.006547,0.049499,-3.548733,-0.036112
2026-01-01T00:04:19Z,O320_CLASS-SIM-01,O320_CLASS,RAPID_RESPONSE,946.9517982165468,11.887517751878352,2513.80457182712,0.9421748568351422,117.01791505773751,813.6529325338822,82.34983139189562,81.20329773698812,31.210774195161203,0.9517743667014973,14.017945004265027,16.74196746212886,29.342504945445445,CLIMB,HEALTHY,False,0.0,1.0,OK,42,93.01,3600.0,-1.76979,-3.53935,-0.219056,-0.005971,2.287581,0.025789
2026-01-01T00:04:20Z,O320_CLASS-SIM-01,O320_CLASS,RAPID_RESPONSE,955.2770613594129,11.84163394239159,2527.081341941625,0.9412547739125857,118.79484725450614,818.3512268212693,82.57277323215624,80.75770209202798,31.162915293684613,0.9060449114984247,13.993934933025125,16.545785508324396,29.262505917629284,CLIMB,HEALTHY,False,0.0,1.0,OK,42,93.08,3600.0,0.080485,1.399093,0.013795,-0.030592,16.682367,-0.01922
2026-01-01T00:04:21Z,O320_CLASS-SIM-01,O320_CLASS,RAPID_RESPONSE,960.9293624188501,11.831317981793944,2516.110797549145,0.9406922414208383,118.59238726065958,812.5802722488637,82.3831606046956,81.42567673079056,31.280815909511855,0.8976690474136269,14.057526127147453,16.592734136211728,29.192353212948127,CLIMB,HEALTHY,False,0.0,1.0,OK,42,93.13,3600.0,-0.08008,-4.207348,-0.163228,0.105821,6.93903,-0.026907
2026-01-01T00:04:22Z,O320_CLASS-SIM-01,O320_CLASS,RAPID_RESPONSE,971.1262211935185,11.945266949716586,2514.4977111798103,0.9423267226343394,116.29214130521473,812.1097206492589,82.63141294400452,80.76835374726339,31.183467420834532,0.9285251029507006,14.029249000589246,17.20198442230905,29.397628647962215,CLIMB,HEALTHY,False,0.0,1.0,OK,42,93.21,3600.0,-2.823355,-5.181575,0.081112,-0.040015,5.547199,0.003388
2026-01-01T00:04:23Z,O320_CLASS-SIM-01,O320_CLASS,RAPID_RESPONSE,979.4660483426251,11.64664663529652,2508.8762059768123,0.9444434391873092,117.7739932032397,824.1419137401124,82.72850345901345,81.30779658890314,31.264203445766157,1.0007023597596487,14.04939496240174,16.55884319750307,29.585301068964288,CLIMB,HEALTHY,False,0.0,1.0,OK,42,93.17,3600.0,-1.44343,6.604148,0.148069,-0.026687,-0.875204,0.074388
2026-01-01T00:04:24Z,O320_CLASS-SIM-01,O320_CLASS,RAPID_RESPONSE,984.6738403160176,11.612369557222197,2498.8139228313607,0.94327462625847,118.18829390382291,817.2961734489239,82.46351138308569,82.49148803766013,31.336250431246988,0.927190760353902,14.02736385408311,16.860976584140992,29.538324943059347,CLIMB,HEALTHY,False,0.0,1.0,OK,42,93.19,3600.0,-0.933168,-0.008623,-0.126854,0.069359,-10.775854,0.001267
2026-01-01T00:04:25Z,O320_CLASS-SIM-01,O320_CLASS,RAPID_RESPONSE,992.2535337747469,11.48394447053154,2516.126203980357,0.9410530314389963,118.94651819743883,813.0324240736245,82.85757717387425,82.45253004403811,31.272386755930714,0.9835157645937582,13.99988634349792,17.00765192400306,29.22859478040709,CLIMB,HEALTHY,False,0.0,1.0,OK,42,93.12,3600.0,0.15568,-3.660976,0.281772,0.064185,8.006172,0.058914
2026-01-01T00:04:26Z,O320_CLASS-SIM-01,O320_CLASS,RAPID_RESPONSE,999.9669936569367,11.61382554876337,2508.3619700032223,0.9392117549918345,117.43573095322348,813.4727402956589,82.7712319812779,82.4993237827549,31.303635772252317,0.8489181855979812,14.067726672665051,17.176907877710743,29.135919827903674,CLIMB,HEALTHY,False,0.0,1.0,OK,42,92.95,3600.0,-1.296318,-2.88912,0.228593,0.151476,2.451383,-0.074141
2026-01-01T00:04:27Z,O320_CLASS-SIM-01,O320_CLASS,RAPID_RESPONSE,1007.4155679453047,11.613170954316963,2511.2012545546963,0.9393262543396685,119.76865862216272,811.5218451517413,82.48427214304387,81.70695716441338,31.23561924513439,0.9045141183406852,14.051599871122187,17.180736037284326,29.56186810457378,CLIMB,HEALTHY,False,0.0,1.0,OK,42,92.82,3600.0,0.984579,-4.799114,-0.035458,0.08788,6.977078,-0.017884
2026-01-01T00:04:28Z,O320_CLASS-SIM-01,O320_CLASS,RAPID_RESPONSE,1016.7436124081014,11.561897577115266,2511.9118734134627,0.9423829091500848,119.16524156460518,816.2123912793796,82.08720419842707,79.98073712014292,31.219784785935587,0.9338439643801588,14.067969052429383,16.920842474596057,29.51353220472496,CLIMB,HEALTHY,False,0.0,1.0,OK,42,92.78,3600.0,-0.066674,-0.752639,-0.448438,-0.013858,7.459158,0.010219
2026-01-01T00:04:29Z,O320_CLASS-SIM-01,O320_CLASS,RAPID_RESPONSE,1024.6128006451418,11.315823103803472,2510.0573820261275,0.9412722031758095,120.66651720197098,818.3350902726386,82.0947092039615,80.82261073728706,31.31547639500371,0.9166511249310264,14.038001418314389,17.062008574951715,29.205167215505785,CLIMB,HEALTHY,False,0.0,1.0,OK,42,92.8,3600.0,1.714669,1.813623,-0.444591,0.105505,6.201865,-0.006431
2026-01-01T00:04:30Z,O320_CLASS-SIM-01,O320_CLASS,RAPID_RESPONSE,1031.3216174793756,11.092313616083697,2499.546559536234,0.943818112601655,119.5302457363746,815.9242261691753,82.7482392257243,80.5937312120343,31.23288428994433,0.9498878261370411,14.002574330003963,16.9298734346615,29.31147158861323,CLIMB,HEALTHY,False,0.0,1.0,OK,42,92.84,3600.0,0.375108,-0.989236,0.173732,-0.053024,-5.102049,0.025513
2026-01-01T00:04:31Z,O320_CLASS-SIM-01,O320_CLASS,RAPID_RESPONSE,1035.7388788887167,11.114169290883595,2516.3493324640044,0.9423435207032445,117.53607704029078,812.7744709192491,82.52354250442397,81.83917679825716,31.222101336864778,0.9756100161770176,14.034778781998307,17.03185579719919,29.15560618626811,CLIMB,HEALTHY,False,0.0,1.0,OK,42,92.8,3600.0,-1.52538,-3.884018,-0.061427,-0.030167,12.01329,0.051808
2026-01-01T00:04:32Z,O320_CLASS-SIM-01,O320_CLASS,RAPID_RESPONSE,1047.0852967283035,11.152846614162048,2509.9609852409717,0.9398531415175092,119.35914784836149,817.4452978198459,82.50554931840577,80.86229417406469,31.217302569317354,0.8970828228880777,14.072210958793306,17.1705386284081,29.23948827250137,CLIMB,HEALTHY,False,0.0,1.0,OK,42,92.79,3600.0,0.450492,1.277544,-0.057548,0.029172,7.423256,-0.025204
2026-01-01T00:04:33Z,O320_CLASS-SIM-01,O320_CLASS,RAPID_RESPONSE,1054.0934071991328,11.04253335698001,2492.831769188769,0.9434565077716868,117.12413558579658,818.8223611979183,82.46482981557557,80.31785844538902,31.25029246405315,0.9460085742337884,13.999081862174013,17.081992420607516,29.368278562592074,CLIMB,HEALTHY,False,0.0,1.0,OK,42,92.8,3600.0,-2.21466,1.961223,-0.123924,-0.036879,-10.193353,0.022224
2026-01-01T00:04:34Z,O320_CLASS-SIM-01,O320_CLASS,RAPID_RESPONSE,1058.9183869465005,11.079302778080322,2512.6129149668445,0.9446494858927877,120.05230072728078,813.4692910724135,82.76091927929929,81.11622884357855,31.265272082584968,0.9538744316006071,14.034595851707312,16.878721915745004,29.257674130467137,CLIMB,HEALTHY,False,0.0,1.0,OK,42,92.8,3600.0,0.428001,-3.769699,0.141151,-0.064061,8.699969,0.029218
2026-01-01T00:04:35Z,O320_CLASS-SIM-01,O320_CLASS,RAPID_RESPONSE,1065.517294253112,11.106578981056385,2502.3049776512257,0.9423188553893533,117.60891858470352,817.9976172918987,83.38525416979672,80.44675077215791,31.225084497986412,0.9345522219299361,14.084493973551778,16.635180415399805,29.37706784246113,CLIMB,HEALTHY,False,0.0,1.0,OK,42,92.84,3600.0,-1.842638,1.191349,0.769606,-0.048293,-0.860483,0.010926
2026-01-01T00:04:36Z,O320_CLASS-SIM-01,O320_CLASS,RAPID_RESPONSE,1074.7264397924791,10.924430773354734,2499.674139831002,0.9438057575943383,121.39770923355725,817.4453540999084,82.41155983377034,82.32663797466637,31.205970420416946,0.8990627878596407,13.970101576531253,17.23438597475771,29.489482462842197,CLIMB,HEALTHY,False,0.0,1.0,OK,42,92.87,3600.0,1.814501,0.446991,-0.219346,-0.113938,-3.554814,-0.025199
2026-01-01T00:04:37Z,O320_CLASS-SIM-01,O320_CLASS,RAPID_RESPONSE,1087.1143626251621,10.748901744080863,2510.9909712555177,0.9411587895552508,120.22645138725042,812.1454764462983,83.14819415064792,80.91012171434053,31.224582323117733,0.9474290575820588,14.000211115421058,16.734777156833584,29.27238902671283,CLIMB,HEALTHY,False,0.0,1.0,OK,42,92.88,3600.0,1.006009,-4.137195,0.533644,-0.029934,9.392674,0.024643
2026-01-01T00:04:38Z,O320_CLASS-SIM-01,O320_CLASS,RAPID_RESPONSE,1088.270290923514,11.037442786476184,2508.1135310975924,0.9395232376263982,119.69964653964837,815.5409860612228,82.69103693235512,79.72731275748784,31.18153554709085,0.9634240998323621,14.021086064955897,17.379441878797703,29.346513580782315,CLIMB,HEALTHY,False,0.0,1.0,OK,42,92.87,3600.0,0.451368,-0.563881,0.10886,-0.015866,8.588124,0.042133
2026-01-01T00:04:39Z,O320_CLASS-SIM-01,O320_CLASS,RAPID_RESPONSE,1097.2219940505854,11.04306890924317,2502.8827955498864,0.9422870790607262,120.73325676849548,814.5127618469659,82.50759428740731,80.04068534784416,31.16034775757947,0.9105142811554456,14.062919875724873,16.927529994874078,29.135320526030384,CLIMB,HEALTHY,False,0.0,1.0,OK,42,92.91,3600.0,1.033634,-2.201245,-0.079252,-0.111687,3.560095,-0.011701
2026-01-01T00:04:40Z,O320_CLASS-SIM-01,O320_CLASS,RAPID_RESPONSE,1103.8390803886753,11.059592952022118,2496.3698886488,0.9394459203293375,118.99854017015154,812.3913959116474,83.12650437321997,79.81187760140722,31.292432739660992,0.9228409667451416,14.065540862074249,16.926653284427736,29.462878534919984,CLIMB,HEALTHY,False,0.0,1.0,OK,42,93.0,3600.0,-0.412245,-3.700365,0.568294,0.098287,-1.149695,0.002319
2026-01-01T00:04:41Z,O320_CLASS-SIM-01,O320_CLASS,RAPID_RESPONSE,1114.8132074703672,10.85421896857977,2499.132397261439,0.940182446715917,121.64870761391242,813.7572329296632,82.55776260500271,80.08670714432257,31.243361578935463,0.9033132313527965,14.031923804171283,16.814556564922754,29.09526593859638,CLIMB,HEALTHY,False,0.0,1.0,OK,42,93.11,3600.0,2.240808,-2.280706,0.010402,0.029876,2.747261,-0.017057
2026-01-01T00:04:42Z,O320_CLASS-SIM-01,O320_CLASS,RAPID_RESPONSE,1121.3106247256815,10.546489274119553,2481.7307500540887,0.9408293021969344,119.95856311332639,817.2812279687525,82.78168368361344,78.47720917837259,31.154364871838805,0.9991504614792431,13.990891765633547,17.00376837929547,29.22718462342619,CLIMB,HEALTHY,False,0.0,1.0,OK,42,93.07,3600.0,0.711212,1.415026,0.228308,-0.076246,-14.047035,0.07877
2026-01-01T00:04:43Z,O320_CLASS-SIM-01,O320_CLASS,RAPID_RESPONSE,1128.9775338002596,10.567434709165134,2499.355513874538,0.9407365111975964,118.8581339774159,813.2789574085257,82.65259709774483,79.00159049281754,31.242965246103697,1.0249866947642188,14.062639844619962,17.024939360171,29.31505189152229,CLIMB,HEALTHY,False,0.0,1.0,OK,42,92.88,3600.0,-0.488062,-2.605164,0.101345,0.012201,4.225004,0.104843
2026-01-01T00:04:44Z,O320_CLASS-SIM-01,O320_CLASS,RAPID_RESPONSE,1133.511624145914,10.414928645553246,2504.383309522211,0.9387908582101208,118.58001933608305,815.4301637329227,82.10466484035634,78.93883861669549,31.21824226474527,0.8839840419711653,13.99973100149709,16.64435225341335,29.40391600611148,CLIMB,HEALTHY,False,0.0,1.0,OK,42,92.72,3600.0,-0.388067,0.163019,-0.412102,0.044139,10.852076,-0.03483
2026-01-01T00:04:45Z,O320_CLASS-SIM-01,O320_CLASS,RAPID_RESPONSE,1143.6332929457383,10.537334575186293,2498.1547492173654,0.9399936985613119,119.10831908629333,816.960315392651,82.78076775013669,79.75108558176683,31.223970430000527,0.8880917598648007,13.995967984514142,17.026237859429987,29.389973538918554,CLIMB,HEALTHY,False,0.0,1.0,OK,42,92.6,3600.0,-0.24408,1.303988,0.279546,0.016453,5.344454,-0.030907
2026-01-01T00:04:46Z,O320_CLASS-SIM-01,O320_CLASS,RAPID_RESPONSE,1152.2261575341681,10.557097288111299,2493.00745671848,0.9415780089668306,120.58751754403818,818.0021564624998,82.45719205403574,80.92683183487547,31.230536446414657,0.9443767925753577,14.03007813051117,16.890006985203147,29.21054095345006,CLIMB,HEALTHY,False,0.0,1.0,OK,42,92.53,3600.0,0.894193,1.932194,-0.047188,-0.025884,0.050701,0.024681
2026-01-01T00:04:47Z,O320_CLASS-SIM-01,O320_CLASS,RAPID_RESPONSE,1160.156964529122,10.892612060470714,2488.898551272212,0.9402345820234425,118.95316586517569,814.4439310026357,83.09930695345582,79.22735640358644,31.19458205786626,0.8553006344464869,13.998714261033523,16.3954630078143,29.413347245573036,CLIMB,HEALTHY,False,0.0,1.0,OK,42,92.4,3600.0,-1.007189,-1.704554,0.611669,-0.030855,-3.281741,-0.063693
2026-01-01T00:04:48Z,O320_CLASS-SIM-01,O320_CLASS,RAPID_RESPONSE,1170.8662124994225,10.361664847619089,2477.8223624287093,0.9417999993288594,118.63958917394584,818.8522397481752,82.3527488141939,79.2087783508429,31.20856017087608,0.9488302468427324,14.014447213785612,16.692692824323526,29.28642585450388,CLIMB,HEALTHY,False,0.0,1.0,OK,42,92.29,3600.0,-1.137802,2.833949,-0.136006,-0.06677,-14.409753,0.029163
2026-01-01T00:04:49Z,O320_CLASS-SIM-01,O320_CLASS,RAPID_RESPONSE,1172.3206122849772,10.427070172442864,2476.1225596055974,0.9390191644986764,120.44651016976192,816.301382149619,82.68573125812848,79.61069400039325,31.275116622587607,0.9552261995544621,14.034481383677248,17.043074807491497,29.42648944722966,CLIMB,HEALTHY,False,0.0,1.0,OK,42,92.21,3600.0,0.96911,0.86344,0.228777,0.078905,-14.634756,0.037143
2026-01-01T00:04:50Z,O320_CLASS-SIM-01,O320_CLASS,RAPID_RESPONSE,1181.13092818677,10.116779360777164,2493.039648046626,0.9409069932764776,120.86722501688318,813.1428446274248,82.07108252058664,79.97915218796639,31.2122415265404,0.8425270485905509,14.032177820155265,16.342400339652922,29.169814014568836,CLIMB,HEALTHY,False,0.0,1.0,OK,42,92.04,3600.0,1.356369,-2.411583,-0.380705,-0.036927,2.521949,-0.076174
2026-01-01T00:04:51Z,O320_CLASS-SIM-01,O320_CLASS,RAPID_RESPONSE,1191.3793739111418,10.542944815634032,2479.2123107736966,0.9390634391473969,119.63327833909759,819.8765988560059,82.22056859548948,79.17822785263485,31.292406013743975,0.9026854540684279,14.042418149004005,16.43054137238007,29.2835954324826,CLIMB,HEALTHY,False,0.0,1.0,OK,42,91.96,3600.0,-0.186338,4.276654,-0.201731,0.089237,-9.93781,-0.014902
2026-01-01T00:04:52Z,O320_CLASS-SIM-01,O320_CLASS,RAPID_RESPONSE,1194.4241849894238,10.061746661251707,2494.9124150206703,0.9395298188474561,119.2227391439158,813.4915385453833,82.31352428582292,79.74913023172209,31.263284703197666,0.8123908855939748,13.995626885747322,16.833925557410428,29.292129986218384,CLIMB,HEALTHY,False,0.0,1.0,OK,42,91.77,3600.0,-0.181491,-1.684691,-0.091533,0.052857,6.561948,-0.105013
2026-01-01T00:04:53Z,O320_CLASS-SIM-01,O320_CLASS,RAPID_RESPONSE,1205.080373005765,10.211041536746144,2485.0215352882874,0.9384833306450627,119.33466106518917,818.1751468914504,82.09306338785778,79.40650035865494,31.222474457666817,0.9795307483335246,14.01139819716443,17.028180879944955,29.489436735692436,CLIMB,HEALTHY,False,0.0,1.0,OK,42,91.57,3600.0,-0.200849,3.068883,-0.282797,0.038222,-1.974874,0.062969
2026-01-01T00:04:54Z,O320_CLASS-SIM-01,O320_CLASS,RAPID_RESPONSE,1211.941405639551,10.090151412397747,2484.090154161924,0.9389327981759592,120.67800966686882,815.8206917118675,82.46407159121274,78.50507427089258,31.164100594051327,1.0025747674936143,14.01490049773361,16.589117269928725,29.516986333008955,CLIMB,HEALTHY,False,0.0,1.0,OK,42,91.32,3600.0,1.14442,0.755704,0.107147,-0.030385,-2.028107,0.08619
2026-01-01T00:04:55Z,O320_CLASS-SIM-01,O320_CLASS,RAPID_RESPONSE,1220.021478255124,10.159331262221038,2484.880743393991,0.9387145056706983,119.47313939146395,811.726194432096,82.31888318615103,79.59058808518836,31.30416530724825,0.9199972654334936,13.95003788339948,16.75364829523933,29.71092997178703,CLIMB,HEALTHY,False,0.0,1.0,OK,42,91.22,3600.0,-0.187861,-3.363194,-0.018292,0.114625,-0.321562,0.00401
2026-01-01T00:04:56Z,O320_CLASS-SIM-01,O320_CLASS,RAPID_RESPONSE,1228.4600431796378,9.90182344855217,2489.976939460124,0.9377752324094798,118.07585750430543,814.2519868731491,82.37477245906517,77.80454687572013,31.15335052516953,0.9166913584417565,14.007646025100756,16.870185185495274,29.11548825636175,CLIMB,HEALTHY,False,0.0,1.0,OK,42,91.23,3600.0,-1.28881,-0.364911,0.066356,-0.010384,6.108332,0.001529
2026-01-01T00:04:57Z,O320_CLASS-SIM-01,O320_CLASS,RAPID_RESPONSE,1235.7933928450523,9.796741690996525,2497.653359777842,0.9357351500979101,118.41320723972741,816.1062050434816,82.98797220372452,79.50281638520087,31.238117026171704,0.9167002695968489,13.988927392961088,16.643288822514265,29.11358746038999,CLIMB,HEALTHY,False,0.0,1.0,OK,42,91.32,3600.0,-0.623952,2.099236,0.726911,0.135829,15.980937,0.00314
2026-01-01T00:04:58Z,O320_CLASS-SIM-01,O320_CLASS,RAPID_RESPONSE,1240.3658856656189,9.985416658885615,2474.789889971324,0.9397131820875207,118.1859933072517,815.7436006691332,82.11093217683167,80.32458600793417,31.225325011554325,0.9651511911834956,13.996878171733783,16.774203612024586,29.14589751619588,CLIMB,HEALTHY,False,0.0,1.0,OK,42,91.35,3600.0,-1.593993,0.694628,-0.159575,0.018025,-7.320598,0.050027
2026-01-01T00:04:59Z,O320_CLASS-SIM-01,O320_CLASS,RAPID_RESPONSE,1249.2252711482288,9.836687453008059,2477.2327067551205,0.93655047576379,118.07593053881696,809.0931352377787,81.86800219707445,79.64980119687905,31.12837837275482,0.8607162676499869,14.073102857391799,16.59539145534799,29.3389054207165,CLIMB,HEALTHY,False,0.0,1.0,OK,42,91.34,3600.0,-1.253512,-5.141703,-0.369127,0.002126,-3.329815,-0.052762
2026-01-01T00:05:00Z,O320_CLASS-SIM-01,O320_CLASS,RAPID_RESPONSE,1258.370883127158,9.926230771319045,2470.1257473742016,0.9384267695290899,117.85431185493537,820.9981599047875,81.63673552692987,78.25804721027706,31.155436784981156,0.8552962923546171,14.059782144910479,17.35447845531847,29.217075338081187,CLIMB,HEALTHY,False,0.0,1.0,OK,42,91.25,3600.0,-1.911248,6.252262,-0.593774,-0.023155,-10.129757,-0.058768
2026-01-01T00:05:01Z,O320_CLASS-SIM-01,O320_CLASS,RAPID_RESPONSE,1262.9885010822022,9.44216179247505,2479.6165099542295,0.9381635654499734,119.03872507414833,815.3756604421666,82.41690900695933,79.30330004360493,31.190823408100165,0.8708195918356314,14.039007848198098,16.746349251466526,29.41938177785318,CLIMB,HEALTHY,False,0.0,1.0,OK,42,91.2,3600.0,-0.262889,1.161821,0.196236,0.017808,-0.182815,-0.043004
2026-01-01T00:05:02Z,O320_CLASS-SIM-01,O320_CLASS,RAPID_RESPONSE,1273.715977521739,9.515285072358983,2469.361150090089,0.9371926222662227,118.57692044198362,816.6502061131196,82.38352699999913,79.87269537380641,31.225616111971785,0.9229524253450866,14.05485337655193,16.855010295370406,29.294034992613117,CLIMB,HEALTHY,False,0.0,1.0,OK,42,91.21,3600.0,-0.802163,2.545985,0.18582,0.074301,-9.373081,0.009809
2026-01-01T00:05:03Z,O320_CLASS-SIM-01,O320_CLASS,RAPID_RESPONSE,1282.3132721434886,9.696675280621067,2477.666180300941,0.9369354645935558,120.71229071020159,817.7945547069653,82.206940806514,79.98819605701586,31.106452434151944,0.912110507370883,14.017487363836267,16.550190831359203,29.639091957889967,CLIMB,HEALTHY,False,0.0,1.0,OK,42,91.32,3600.0,1.097363,3.569738,0.032531,-0.037982,0.012387,-0.000553
2026-01-01T00:05:04Z,O320_CLASS-SIM-01,O320_CLASS,RAPID_RESPONSE,1287.5550320386214,9.56908729783958,2479.5750085607447,0.9345128910414668,118.98110266021611,817.0998772653649,81.95977951555068,78.2272793968046,31.269590177291175,0.9676612417210273,14.034028753550599,16.612524368112602,29.243286350952637,CLIMB,HEALTHY,False,0.0,1.0,OK,42,91.36,3600.0,-0.206555,3.598297,-0.167828,0.1979,4.091756,0.056738
2026-01-01T00:05:05Z,O320_CLASS-SIM-01,O320_CLASS,RAPID_RESPONSE,1294.0098244403537,9.431879711158048,2470.2788151616032,0.9371898171123555,118.6756258396362,810.6723608419823,82.28330986405683,79.02657250657258,31.28831353798615,0.8870401770806284,14.027230985337916,16.798849434677933,29.23882683881744,CLIMB,HEALTHY,False,0.0,1.0,OK,42,91.42,3600.0,-0.776143,-3.251057,0.161656,0.147584,-4.928335,-0.024711
2026-01-01T00:05:06Z,O320_CLASS-SIM-01,O320_CLASS,RAPID_RESPONSE,1303.8942781609023,9.648228822472053,2480.5206999256693,0.9378220539232378,119.51266466531378,811.1020824921154,81.85738206677858,78.28980704270123,31.146234611245262,0.9310935392118874,14.054075832007896,16.48802657902957,29.317115403659777,CLIMB,HEALTHY,False,0.0,1.0,OK,42,91.52,3600.0,-0.379453,-3.237961,-0.262825,-0.019738,5.380667,0.019042
2026-01-01T00:05:07Z,O320_CLASS-SIM-01,O320_CLASS,RAPID_RESPONSE,1308.7883394635446,9.437054884235671,2471.6464670874075,0.9394445320379536,119.15162772620327,816.9904591753024,82.06567048951551,78.21624758184775,31.138926530072276,0.9233478520692461,14.04486267626831,16.777746705455247,29.608121905924754,CLIMB,HEALTHY,False,0.0,1.0,OK,42,91.66,3600.0,-0.827622,2.448846,-0.069859,-0.078029,-4.204179,0.010371
2026-01-01T00:05:08Z,O320_CLASS-SIM-01,O320_CLASS,RAPID_RESPONSE,1320.0459157466069,9.38751281060109,2473.893005047414,0.9390875415871189,118.98508629254259,817.3168671074336,82.29281786240401,78.8896155991697,31.23509736473937,0.9818561802747094,14.022964012953125,16.675533807710778,29.496304318785448,CLIMB,HEALTHY,False,0.0,1.0,OK,42,91.71,3600.0,-1.081336,2.796145,0.155333,0.013867,-2.048316,0.068811
2026-01-01T00:05:09Z,O320_CLASS-SIM-01,O320_CLASS,RAPID_RESPONSE,1326.9142885869496,9.336343764683184,2475.7472649241377,0.9384463173874331,120.44948371478736,810.9494822089378,81.5154118944124,77.92305477532278,31.151669941517493,0.886913559619194,14.036705999707502,16.655942423296334,29.297156036330517,CLIMB,HEALTHY,False,0.0,1.0,OK,42,91.78,3600.0,0.421746,-3.418826,-0.613113,-0.057597,0.221485,-0.025815
2026-01-01T00:05:10Z,O320_CLASS-SIM-01,O320_CLASS,RAPID_RESPONSE,1331.188236242961,9.2660931757347,2479.672811245506,0.9391528678793166,119.17048162064766,814.68497058951,82.99618218722318,78.56740714415534,31.164403992651224,0.9054397815837466,14.020259421547832,16.65476672993893,29.26069536104463,CLIMB,HEALTHY,False,0.0,1.0,OK,42,91.9,3600.0,-0.936212,0.21357,0.867939,-0.066426,4.160067,-0.007568
2026-01-01T00:05:11Z,O320_CLASS-SIM-01,O320_CLASS,RAPID_RESPONSE,1338.4212495576812,9.141793700342046,2473.049472251153,0.9375398344303255,119.3852683419639,813.7781107347118,82.12529551597602,79.24153529260572,31.19325852327713,0.928078383878845,14.001075626924782,16.82997016747524,29.319461080938172,CLIMB,HEALTHY,False,0.0,1.0,OK,42,92.05,3600.0,-0.473844,-0.234457,0.018867,0.003001,-1.451567,0.01598
2026-01-01T00:05:12Z,O320_CLASS-SIM-01,O320_CLASS,RAPID_RESPONSE,1349.446873652918,9.34405610640371,2478.223870686336,0.9375809429604622,120.38341108886254,816.8192443834125,81.82431548896601,77.97579766454827,31.206445743622332,0.928449643101499,13.992430068352848,16.662646303862168,29.246705939203473,CLIMB,HEALTHY,False,0.0,1.0,OK,42,92.22,3600.0,0.187546,2.575902,-0.261999,0.011948,4.65568,0.016634
2026-01-01T00:05:13Z,O320_CLASS-SIM-01,O320_CLASS,RAPID_RESPONSE,1352.386956369805,9.15494670408032,2471.525701735409,0.9373645992995392,121.81343304105721,811.060800961402,81.73956124135425,76.3372869063016,31.1724826975249,0.8957371342520237,14.001683675069552,16.95265028234894,29.38760385092943,CLIMB,HEALTHY,False,0.0,1.0,OK,42,92.37,3600.0,1.824456,-2.91153,-0.328503,-0.012159,-1.19614,-0.015649
2026-01-01T00:05:14Z,O320_CLASS-SIM-01,O320_CLASS,RAPID_RESPONSE,1363.3883900246726,9.083142609870256,2480.2644473573528,0.9375530768729208,119.15732717388352,809.7494969393326,81.87715863083622,78.97927837229744,31.309509115657825,0.9137519320801665,13.993852151549305,16.37388694073991,29.339011171774033,CLIMB,HEALTHY,False,0.0,1.0,OK,42,92.54,3600.0,-0.92041,-4.223089,-0.175055,0.115285,8.277729,0.002508
2026-01-01T00:05:15Z,O320_CLASS-SIM-01,O320_CLASS,RAPID_RESPONSE,1368.1864092547567,9.172135098544068,2477.867735176413,0.9383725589064658,119.90063600054283,815.3922894692274,82.10634313611239,77.70158459528204,31.287355740700274,0.8969452055403445,14.03991531222297,16.059875257989223,29.445396531311655,CLIMB,HEALTHY,False,0.0,1.0,OK,42,92.72,3600.0,-0.4292,1.14444,0.058322,0.069946,6.07544,-0.014537
2026-01-01T00:05:16Z,O320_CLASS-SIM-01,O320_CLASS,RAPID_RESPONSE,1380.5982073453767,9.04490716683443,2475.067749397732,0.9385244377706224,119.41793205031448,815.2875600751877,81.69880815494732,77.78559855863969,31.25033451801196,0.9497237713091091,13.995281503864488,16.475538617109073,29.154795616218212,CLIMB,HEALTHY,False,0.0,1.0,OK,42,92.84,3600.0,-0.982361,1.059029,-0.342443,0.018846,3.589445,0.038181
2026-01-01T00:05:17Z,O320_CLASS-SIM-01,O320_CLASS,RAPID_RESPONSE,1387.055749473155,8.841283147075972,2472.723247285621,0.9388085084360834,120.10848372481799,816.3847273008574,81.88483802156657,78.05004026747282,31.144276578248444,0.951149860794097,13.993307280697744,16.740782818154035,29.238648149645595,CLIMB,HEALTHY,False,0.0,1.0,OK,42,92.93,3600.0,-0.213504,2.266572,-0.151923,-0.099091,1.453192,0.039529
2026-01-01T00:05:18Z,O320_CLASS-SIM-01,O320_CLASS,RAPID_RESPONSE,1391.939343923851,8.850764158056132,2480.204915179498,0.9376255373074911,119.02856745470187,814.5626997920125,81.93242740968559,80.93288272733007,31.206545903324283,0.8949632962545591,14.058733956229284,16.187491267014487,29.261205281044003,CLIMB,HEALTHY,False,0.0,1.0,OK,42,93.0,3600.0,-1.199348,0.694137,-0.085476,-0.005346,9.809392,-0.015923
2026-01-01T00:05:19Z,O320_CLASS-SIM-01,O320_CLASS,RAPID_RESPONSE,1404.071889655602,8.875548502407765,2454.5483458245917,0.9363377937008085,122.01020284423811,814.6793613441889,81.63965069323955,77.5699724094151,31.16345481146454,0.9243619485751083,14.056109326630574,16.905269789474136,29.313172026829967,CLIMB,HEALTHY,False,0.0,1.0,OK,42,93.07,3600.0,1.791109,1.057717,-0.344677,-0.015895,-14.29003,0.014471
2026-01-01T00:05:20Z,O320_CLASS-SIM-01,O320_CLASS,RAPID_RESPONSE,1406.6445081685558,8.644637283394811,2471.9540128673634,0.9343460948411713,120.01939789588236,814.4393690103589,81.50448483064808,77.24727801653361,31.185883177685156,0.9297860074057198,14.04763942900853,16.788344402681552,29.25353287405348,CLIMB,HEALTHY,False,0.0,1.0,OK,42,93.14,3600.0,0.328075,1.586828,-0.431874,0.07243,5.340252,0.021553
2026-01-01T00:05:21Z,O320_CLASS-SIM-01,O320_CLASS,RAPID_RESPONSE,1415.0844115733682,8.634039876549247,2462.8746478887547,0.9377643156144057,120.7193877543596,808.3690407308053,81.62959008153105,78.97881532128231,31.19369868113557,0.8526858214769746,14.086299023853536,16.623765896857407,29.297849906667125,CLIMB,HEALTHY,False,0.0,1.0,OK,42,93.12,3600.0,0.498929,-5.217866,-0.307411,-0.01177,-3.768879,-0.056786
2026-01-01T00:05:22Z,O320_CLASS-SIM-01,O320_CLASS,RAPID_RESPONSE,1424.3647192328328,8.690385371434,2460.4151682010706,0.9410952018219837,121.5447112582605,815.6134387537887,82.15872420113706,77.16107691958855,31.252762427917826,0.8753672729701295,14.023953614064169,16.215577415705425,28.931787655123188,CLIMB,HEALTHY,False,0.0,1.0,OK,42,93.09,3600.0,0.65335,1.117713,0.187471,-0.057981,-7.816881,-0.036056
2026-01-01T00:05:23Z,O320_CLASS-SIM-01,O320_CLASS,RAPID_RESPONSE,1431.8045972978066,8.575008566710888,2449.5969350887767,0.9378404782651535,122.91045003534158,816.9722937059953,81.80963816479425,77.91932877465021,31.232418512322127,0.9537043203555027,14.004979659422364,16.62839615728313,29.28072661498048,CLIMB,HEALTHY,False,0.0,1.0,OK,42,93.01,3600.0,2.43849,3.228169,-0.146,-0.000715,-17.910912,0.043592
2026-01-01T00:05:24Z,O320_CLASS-SIM-01,O320_CLASS,RAPID_RESPONSE,1439.7197033693071,8.627260755920533,2463.8245364261943,0.9394263313261755,121.84333089947427,814.6317140512458,82.58457489947335,77.55161775286462,31.268328444445864,0.9302466563460565,14.113247334623345,16.316161355039366,29.129951757984728,CLIMB,HEALTHY,False,0.0,1.0,OK,42,92.98,3600.0,0.998312,0.446027,0.625638,-0.01313,-3.836307,0.019443
2026-01-01T00:05:25Z,O320_CLASS-SIM-01,O320_CLASS,RAPID_RESPONSE,1447.0788140262514,8.657656095601169,2479.661697492704,0.935237324707475,121.50342534066392,816.2841369340047,82.1631655103045,77.04049924951345,31.256713576000372,0.9574460934600105,14.032935005571549,16.65980213698143,29.264990139092554,CLIMB,HEALTHY,False,0.0,1.0,OK,42,92.89,3600.0,1.114727,3.003846,0.252675,0.089655,14.247656,0.048971
2026-01-01T00:05:26Z,O320_CLASS-SIM-01,O320_CLASS,RAPID_RESPONSE,1453.8942419906532,8.645037523224318,2463.5854559613663,0.9347844315307762,119.18489438555137,811.4376778362966,81.95454352905371,77.73625373313655,31.196237980129222,0.9280328975016262,13.995958860221315,16.969566903730538,29.188638944525575,CLIMB,HEALTHY,False,0.0,1.0,OK,42,92.86,3600.0,-1.153574,-1.646642,0.087061,0.051238,0.165973,0.020551
2026-01-01T00:05:27Z,O320_CLASS-SIM-01,O320_CLASS,RAPID_RESPONSE,1460.9239335969019,8.572126454118386,2447.920511104299,0.9348078199894431,121.64623720258493,808.9139999363318,82.29711370936938,78.9152498458014,31.166142469116384,0.9194003769484377,14.0481822175143,16.480894477079715,29.356684766198075,CLIMB,HEALTHY,False,0.0,1.0,OK,42,92.84,3600.0,1.338659,-4.041798,0.463405,0.027504,-13.932662,0.012552
2026-01-01T00:05:28Z,O320_CLASS-SIM-01,O320_CLASS,RAPID_RESPONSE,1468.1290792764398,8.37897693995064,2455.49454044231,0.9369815906946859,121.88432250008661,812.7370559546325,81.32598690441843,76.7886974294387,31.203488943246033,0.9812202348077494,14.026252570816043,16.49531081281714,29.339170140534435,CLIMB,HEALTHY,False,0.0,1.0,OK,42,92.74,3600.0,1.40259,-0.503233,-0.504928,0.005727,-6.22905,0.07363
2026-01-01T00:05:29Z,O320_CLASS-SIM-01,O320_CLASS,RAPID_RESPONSE,1476.3382829108175,8.344723266778084,2453.4986223742794,0.9390206013921963,117.47358430132887,815.1317670458862,81.63340026555882,77.27511269422259,31.267517756591666,0.8786182643235226,13.993870060930442,16.553882829044927,29.284044997929612,CLIMB,HEALTHY,False,0.0,1.0,OK,42,92.65,3600.0,-3.384588,1.39532,-0.215043,0.004084,-9.037896,-0.030123
2026-01-01T00:05:30Z,O320_CLASS-SIM-01,O320_CLASS,RAPID_RESPONSE,1483.5964755858197,8.116235975234435,2453.518196246321,0.9386737788240401,120.63630455155787,814.2046152459778,81.69875055989418,77.02430960602865,31.26592278813699,0.8993839809781313,14.000802452675973,16.85496667852752,29.11134041725377,CLIMB,HEALTHY,False,0.0,1.0,OK,42,92.64,3600.0,-0.078207,0.686738,-0.155198,0.000788,-9.273604,-0.009454
2026-01-01T00:05:31Z,O320_CLASS-SIM-01,O320_CLASS,RAPID_RESPONSE,1490.9288966386598,8.30470058284945,2459.723852191575,0.9365377412143249,123.08257841566478,813.8572928723393,80.8365273848253,77.7614694871011,31.183079922284932,0.908378020782325,14.021313480598955,16.568214471017406,29.209530473939182,CLIMB,HEALTHY,False,0.0,1.0,OK,42,92.7,3600.0,2.369774,0.594977,-0.993952,-0.028021,-1.97952,0.000655
2026-01-01T00:05:32Z,O320_CLASS-SIM-01,O320_CLASS,RAPID_RESPONSE,1500.3022823640388,8.172700226099838,2451.418533312646,0.9419734888311707,119.7396142458123,813.2068019824989,81.17392391710152,77.54212771432528,31.133665541813247,0.888669683732327,14.045118612239275,16.68784264682705,29.300412768497345,CLIMB,HEALTHY,False,0.0,1.0,OK,42,92.76,3600.0,-1.729203,-1.216111,-0.697175,-0.236781,-12.168673,-0.021834
2026-01-01T00:05:33Z,O320_CLASS-SIM-01,O320_CLASS,RAPID_RESPONSE,1504.2876371868565,8.480395386585464,2448.7437289040226,0.938890454961921,121.85062811836731,814.3395462227902,81.4146422682671,77.51874758370748,31.155920935282737,0.9072589828252826,14.00610221408546,16.054647093651347,29.381149248785185,CLIMB,HEALTHY,False,0.0,1.0,OK,42,92.87,3600.0,0.397524,0.212024,-0.449014,-0.140735,-14.498311,-0.002123
2026-01-01T00:05:34Z,O320_CLASS-SIM-01,O320_CLASS,RAPID_RESPONSE,1514.3845121046822,8.082989816617873,2453.075339459216,0.9364576598934743,119.5784648697457,807.19804235815,81.90394537603578,77.76128090286022,31.16862489053802,0.8599103001477975,14.016098256268444,16.192629345510895,29.05652855668641,CLIMB,HEALTHY,False,0.0,1.0,OK,42,92.9,3600.0,-1.265121,-6.002983,0.077623,-0.063731,-8.435264,-0.047993
2026-01-01T00:05:35Z,O320_CLASS-SIM-01,O320_CLASS,RAPID_RESPONSE,1520.9418543298116,8.233149502609043,2453.9366699668212,0.9347524153245952,123.02286525123608,813.6569015992762,81.86115763929989,76.99876077179063,31.14792666364601,0.818099389207711,14.042324312724114,16.66530583102458,29.181471000298465,CLIMB,HEALTHY,False,0.0,1.0,OK,42,92.8,3600.0,2.234837,0.7604,0.083887,-0.029028,-5.299081,-0.088266
2026-01-01T00:05:36Z,O320_CLASS-SIM-01,O320_CLASS,RAPID_RESPONSE,1529.4237895768754,8.167829046746565,2443.679899334051,0.934375792892448,119.33999737978745,817.1442798773879,82.06029752973805,75.48089018136142,31.10119522005988,0.8999912677810435,13.998920895618854,16.216602067233215,29.497794220371205,CLIMB,HEALTHY,False,0.0,1.0,OK,42,92.76,3600.0,-1.37959,4.469422,0.326297,-0.057122,-13.549119,-0.005423
2026-01-01T00:05:37Z,O320_CLASS-SIM-01,O320_CLASS,RAPID_RESPONSE,1537.6601678956654,8.079478621268969,2449.8619045549362,0.936907511257319,120.27343297508126,811.946907261599,81.93892067963846,75.88836922767352,31.2558720376653,0.9123103272566533,14.051354531898129,16.27331514040581,29.065340333228388,CLIMB,HEALTHY,False,0.0,1.0,OK,42,92.77,3600.0,-0.780467,-1.185183,0.211001,0.030009,-7.08508,0.006095
2026-01-01T00:05:38Z,O320_CLASS-SIM-01,O320_CLASS,RAPID_RESPONSE,1543.0102360873532,7.996649589171332,2455.2067564578747,0.934441546731908,119.53952568537157,809.4285302529988,81.65962000635375,76.76762089717442,31.14087692706102,0.966628217902376,14.010288637330808,16.854156516962824,29.12156372251885,CLIMB,HEALTHY,False,0.0,1.0,OK,42,92.71,3600.0,-1.145257,-3.056402,-0.033689,-0.016035,-0.135124,0.061901
2026-01-01T00:05:39Z,O320_CLASS-SIM-01,O320_CLASS,RAPID_RESPONSE,1552.6819792405129,7.901632301265255,2440.379198905725,0.9381344543903056,120.6207458377045,814.4008194115578,81.36270483581194,76.95673790912942,31.13095057922241,0.9539146731859539,14.021932988479291,16.622888110656714,29.403016850369333,CLIMB,HEALTHY,False,0.0,1.0,OK,42,92.63,3600.0,-0.595278,1.158927,-0.343255,-0.131232,-15.549357,0.047582
2026-01-01T00:05:40Z,O320_CLASS-SIM-01,O320_CLASS,RAPID_RESPONSE,1561.611055155225,7.975603849556246,2441.8680671725715,0.9337938269461519,119.60485093821167,814.2933582323091,81.71628894247253,75.92472661041762,31.163991195448997,0.8444405512858886,14.010828412079311,16.11176378805324,29.276352260301547,CLIMB,HEALTHY,False,0.0,1.0,OK,42,92.49,3600.0,-1.208932,1.915624,0.054185,0.016435,-12.026595,-0.059634
2026-01-01T00:05:41Z,O320_CLASS-SIM-01,O320_CLASS,RAPID_RESPONSE,1568.0052155439894,8.097843508569932,2459.3070018416406,0.9342467640809475,121.81785249992114,808.9201116291972,81.24756004329966,77.25217377243601,31.064650419992038,0.902449139369629,13.981647704859101,16.54541910043433,29.033107819499453,CLIMB,HEALTHY,False,0.0,1.0,OK,42,92.45,3600.0,0.78803,-3.619099,-0.385317,-0.088145,6.767777,-0.001224
2026-01-01T00:05:42Z,O320_CLASS-SIM-01,O320_CLASS,RAPID_RESPONSE,1575.6363722061828,7.765399113550109,2463.0094932295005,0.9350134690682033,119.94051392527605,811.7368012197794,81.07938451829239,77.25909278383543,31.201189200431262,1.0024341532925574,13.993433118990573,16.447632351330885,29.106145859690596,CLIMB,HEALTHY,False,0.0,1.0,OK,42,92.29,3600.0,-0.937256,-0.628314,-0.537807,0.028443,11.19771,0.098753
2026-01-01T00:05:43Z,O320_CLASS-SIM-01,O320_CLASS,RAPID_RESPONSE,1582.8798989467584,7.770602345604042,2450.662538082091,0.9370800592411535,120.1492920720958,814.7591926982575,81.81701727951543,76.87308231876334,31.155082928826836,1.0004639780300562,13.987410632406492,16.583556180579393,29.077719370521802,CLIMB,HEALTHY,False,0.0,1.0,OK,42,92.05,3600.0,-1.118273,1.890937,0.190913,-0.079298,-1.56258,0.095822
2026-01-01T00:05:44Z,O320_CLASS-SIM-01,O320_CLASS,RAPID_RESPONSE,1592.8018879130555,7.797221480184077,2444.9461291065027,0.9358400048016772,121.22574987517645,810.9419345810949,81.88943194985033,77.14267388111456,31.180747056878023,0.9014516496779261,14.024685318010011,16.56091492475917,29.19686005058081,CLIMB,HEALTHY,False,0.0,1.0,OK,42,91.95,3600.0,-0.050884,-1.746769,0.275219,-0.028964,-6.727517,-0.002652
2026-01-01T00:05:45Z,O320_CLASS-SIM-01,O320_CLASS,RAPID_RESPONSE,1596.7236613112038,7.869111232410671,2441.253380029237,0.9355774946599817,120.55913906520986,816.5721007523953,81.20933043221852,76.19154230906354,31.120602865715888,0.9157984249962736,13.970395052780681,16.378434238184738,28.862886222950337,CLIMB,HEALTHY,False,0.0,1.0,OK,42,91.91,3600.0,-0.791707,3.877869,-0.391658,-0.081215,-9.806975,0.012017
2026-01-01T00:05:46Z,O320_CLASS-SIM-01,O320_CLASS,RAPID_RESPONSE,1605.607545611439,7.4908628329149565,2437.036516984963,0.9368008484355778,119.40120610320875,814.1053250787409,81.27487335622136,78.00953340559967,31.205702230702848,0.8622695071308666,13.983907083318854,16.6439492430869,29.144130648021413,CLIMB,HEALTHY,False,0.0,1.0,OK,42,91.85,3600.0,-1.862701,1.474127,-0.326555,-0.035418,-14.044233,-0.042034
2026-01-01T00:05:47Z,O320_CLASS-SIM-01,O320_CLASS,RAPID_RESPONSE,1612.5546282147766,7.70757965642631,2442.23611101404,0.9347196245813879,122.14300370368831,814.075490028609,81.47601990738828,76.44567501597561,31.080414152496168,0.860073435237068,14.02080342193081,16.45260219985058,29.19247392547616,CLIMB,HEALTHY,False,0.0,1.0,OK,42,91.79,3600.0,0.86051,1.674221,-0.099235,-0.1063,-7.630779,-0.04307
2026-01-01T00:05:48Z,O320_CLASS-SIM-01,O320_CLASS,RAPID_RESPONSE,1621.9292507848213,7.289494126233253,2445.6212501345804,0.9348218663712669,120.17956800682617,815.5711167224308,81.88788402880728,76.85742983036269,31.256196023247938,0.8420994505008942,14.010854039829065,16.573165018004758,29.04180032686525,CLIMB,HEALTHY,False,0.0,1.0,OK,42,91.7,3600.0,-0.800234,3.568,0.33437,0.066419,-3.237357,-0.060726
2026-01-01T00:05:49Z,O320_CLASS-SIM-01,O320_CLASS,RAPID_RESPONSE,1628.3831705781588,7.25245398395651,2452.3206409196837,0.9364675213881097,121.37853527036978,807.300154202825,81.12232527396196,77.02561464814843,31.166673161715256,0.794027397276692,14.048204020736529,16.510256152381682,29.053872327923486,CLIMB,HEALTHY,False,0.0,1.0,OK,42,91.48,3600.0,0.132009,-5.043741,-0.431304,-0.069938,3.456685,-0.109421
2026-01-01T00:05:50Z,O320_CLASS-SIM-01,O320_CLASS,RAPID_RESPONSE,1636.9862605568437,7.267659121520756,2440.574474306134,0.9349759645612873,123.21622233968765,815.9308386581157,81.63752969207438,76.89227867667783,31.20431625780576,0.8512406086200521,14.030076938072186,16.287088128174272,29.222256403944602,CLIMB,HEALTHY,False,0.0,1.0,OK,42,91.27,3600.0,2.042447,3.868591,0.104348,0.003606,-7.341216,-0.051386
2026-01-01T00:05:51Z,O320_CLASS-SIM-01,O320_CLASS,RAPID_RESPONSE,1642.7143541141447,7.39532013795602,2446.3132466758298,0.9280206061250241,121.3209530507722,813.4169722333612,81.65662787306935,76.3888249221464,31.24597676366835,0.9137075475955314,14.023716163428807,16.726247155443733,29.226626032360368,CLIMB,HEALTHY,False,0.0,1.0,OK,42,91.17,3600.0,0.980659,2.88801,0.219015,0.24893,2.829755,0.015347
2026-01-01T00:05:52Z,O320_CLASS-SIM-01,O320_CLASS,RAPID_RESPONSE,1649.270257320496,6.905237042254045,2440.838198066752,0.9355959651258363,120.70994008184424,813.7542520863907,81.52236827178055,77.44987008877204,31.148234497598825,0.9196900952288597,14.025596090502072,16.835045552123823,28.913995096332492,CLIMB,HEALTHY,False,0.0,1.0,OK,42,91.14,3600.0,-0.196925,2.119444,0.07103,-0.045293,-3.281844,0.018472
2026-01-01T00:05:53Z,O320_CLASS-SIM-01,O320_CLASS,RAPID_RESPONSE,1657.4913999338494,7.3491138355613606,2456.309501849608,0.9344616245067657,120.80984930596898,813.5838155409991,81.79498756096302,76.08021146551707,31.178636638263576,0.9479396851321961,14.06696698013422,16.639820439109776,29.17436635737232,CLIMB,HEALTHY,False,0.0,1.0,OK,42,91.1,3600.0,-0.520442,1.685353,0.350086,0.006712,12.487969,0.047129
2026-01-01T00:05:54Z,O320_CLASS-SIM-01,O320_CLASS,RAPID_RESPONSE,1665.6596279766839,7.256294668764229,2442.3045301845195,0.9342681698869336,119.91914741677168,814.8733732316281,80.97607110657194,75.97077499698621,31.1661261610177,0.9800913748295186,13.997406490136779,16.282192572432734,29.082879035892663,CLIMB,HEALTHY,False,0.0,1.0,OK,42,90.99,3600.0,-1.403325,3.076263,-0.458503,-0.005284,-1.038052,0.079464
2026-01-01T00:05:55Z,O320_CLASS-SIM-01,O320_CLASS,RAPID_RESPONSE,1675.7908148872193,6.7016819015913835,2434.496009707847,0.9392588737146155,121.92522812690896,808.8054756425067,81.40002532355118,76.31895167473749,31.20267727101487,0.9737654970686196,14.021577396992885,16.308279986066374,29.281321509775633,CLIMB,HEALTHY,False,0.0,1.0,OK,42,90.84,3600.0,0.287845,-3.66122,-0.07892,-0.119795,-10.904336,0.070418
2026-01-01T00:05:56Z,O320_CLASS-SIM-01,O320_CLASS,RAPID_RESPONSE,1679.81681848557,6.919382091651029,2427.7270614610534,0.9305734469147029,120.16807229590424,808.5656685233292,81.52674365411634,75.2539901960768,31.002311489590074,0.8581626754123511,13.995599021470255,16.28639843301219,29.388946033991118,CLIMB,HEALTHY,False,0.0,1.0,OK,42,90.72,3600.0,-0.542784,-2.197585,0.115315,-0.084397,-14.542085,-0.040933
2026-01-01T00:05:57Z,O320_CLASS-SIM-01,O320_CLASS,RAPID_RESPONSE,1687.5056120869922,7.157370000961362,2440.943307805279,0.9335265016597659,120.26905318771894,811.3028883885316,81.0800761222373,76.29805476004142,31.146805404062018,0.8618679704221115,14.039345702864985,16.539007873399786,29.091567628590873,CLIMB,HEALTHY,False,0.0,1.0,OK,42,90.65,3600.0,-1.123841,-0.278197,-0.312667,-0.011642,-0.459264,-0.037889
2026-01-01T00:05:58Z,O320_CLASS-SIM-01,O320_CLASS,RAPID_RESPONSE,1696.2058938915407,6.963506868688286,2433.4436945884304,0.9336595109765609,120.55406475280078,809.0272096484131,80.72168216913434,75.82367309353351,31.18608878450707,0.8716008666774478,14.08504429258493,16.648259318466383,29.35218748253056,CLIMB,HEALTHY,False,0.0,1.0,OK,42,90.63,3600.0,-0.767029,-2.401327,-0.655371,0.021999,-7.23124,-0.02797
2026-01-01T00:05:59Z,O320_CLASS-SIM-01,O320_CLASS,RAPID_RESPONSE,1704.74224723416,7.204858758586465,2433.378076803874,0.9283044511546087,120.79176379260687,812.72478703829,81.41607941193173,76.2794607475079,31.222907402131185,0.9144039083584411,14.033224676117783,16.18649057248513,28.98999104978857,CLIMB,HEALTHY,False,0.0,1.0,OK,42,90.68,3600.0,-0.088814,2.306596,0.114173,0.212054,-3.811774,0.018096
2026-01-01T00:06:00Z,O320_CLASS-SIM-01,O320_CLASS,RAPID_RESPONSE,1713.5322819956477,6.892913008049838,2433.978346674102,0.9320905443462391,120.57606884730768,809.4965365476419,80.82690601326333,74.80727003282522,31.146232618021976,0.8751391464346898,14.042306420596354,16.489196973389298,29.19186111166099,CLIMB,HEALTHY,False,0.0,1.0,OK,42,90.76,3600.0,-0.564098,-1.373853,-0.459691,0.040921,-2.501498,-0.022188
2026-01-01T00:06:01Z,O320_CLASS-SIM-01,O320_CLASS,RAPID_RESPONSE,1717.558158894841,6.81047228084288,2441.1426931093083,0.934673132220166,121.27031494550893,813.9064341851778,81.3280623533562,76.59040775767376,31.130610445621194,0.8260874335484478,14.016976862639284,16.59180857520637,29.23613013115641,CLIMB,HEALTHY,False,0.0,1.0,OK,42,90.77,3600.0,-0.204351,2.519209,0.025196,-0.048596,3.908326,-0.072485
2026-01-01T00:06:02Z,O320_CLASS-SIM-01,O320_CLASS,RAPID_RESPONSE,1726.8678478933905,6.727187263748729,2431.091634859594,0.9342516046862357,121.92275712114912,809.7460647790401,81.75334678071115,75.1983613707934,31.12504639029752,0.9637829745607506,14.03481809926862,16.315528177511737,29.1907009241445,CLIMB,HEALTHY,False,0.0,1.0,OK,42,90.73,3600.0,0.426371,-1.560008,0.447489,-0.055027,-6.28147,0.065168
2026-01-01T00:06:03Z,O320_CLASS-SIM-01,O320_CLASS,RAPID_RESPONSE,1734.0284846630818,6.3184819943274695,2429.585150102412,0.9329538623213369,121.01118814152909,811.705753817075,81.74608948054657,75.59594888454775,31.100458606459025,0.911055240951882,13.998796586389211,16.36057076655713,29.101594760033688,CLIMB,HEALTHY,False,0.0,1.0,OK,42,90.77,3600.0,0.001219,1.061576,0.455712,-0.048969,-7.070043,0.013109
2026-01-01T00:06:04Z,O320_CLASS-SIM-01,O320_CLASS,RAPID_RESPONSE,1744.7207813913744,6.345067200356481,2433.0220233202176,0.9329555849116662,120.52991928872187,813.2772440106291,81.60432804762043,75.76349755656814,31.138925729168662,0.8933183202714403,14.005286429117799,16.374552713719282,29.114929166103284,CLIMB,HEALTHY,False,0.0,1.0,OK,42,90.91,3600.0,-0.645184,2.575366,0.329643,-0.015018,-2.905383,-0.004424
2026-01-01T00:06:05Z,O320_CLASS-SIM-01,O320_CLASS,RAPID_RESPONSE,1749.2984270583083,6.745003414662453,2425.578782015586,0.9307690425719041,119.39730375165439,813.1333520798647,81.363891679948,76.15443901144836,31.08010185913161,0.9689301478667153,13.989999340834792,16.4307599407243,29.26905615639191,CLIMB,HEALTHY,False,0.0,1.0,OK,42,90.95,3600.0,-1.899947,2.559286,0.126992,-0.009287,-8.596275,0.072659
2026-01-01T00:06:06Z,O320_CLASS-SIM-01,O320_CLASS,RAPID_RESPONSE,1755.0010118477874,6.500921716593471,2436.1468216323474,0.9384927239287072,121.88517699476085,814.9229377244534,81.73077796840562,75.9931567825256,31.1012336198258,0.9396582067733891,13.963156494152184,16.783492975267784,29.168669891337345,CLIMB,HEALTHY,False,0.0,1.0,OK,42,90.98,3600.0,-0.336813,2.820134,0.436874,-0.206376,-0.671896,0.039558
2026-01-01T00:06:07Z,O320_CLASS-SIM-01,O320_CLASS,RAPID_RESPONSE,1760.0678745555958,6.4826432215476935,2439.2380296142896,0.9322111374391057,122.41020306886055,808.7216478146348,80.71087106533385,75.59011619185544,31.15138761217308,0.8830687375626546,14.044753572043543,16.165291241171605,29.18341578519417,CLIMB,HEALTHY,False,0.0,1.0,OK,42,91.07,3600.0,0.9682,-2.050434,-0.551455,0.004729,3.883759,-0.014355
2026-01-01T00:06:08Z,O320_CLASS-SIM-01,O320_CLASS,RAPID_RESPONSE,1771.7068932283505,6.251060508414156,2422.7476203453307,0.9326164146250899,123.95807182982168,812.2345532637229,80.52777434032116,73.10740582856793,31.18557721170359,0.8928918312250183,14.04200794684207,16.152235678592753,29.18674587825843,CLIMB,HEALTHY,False,0.0,1.0,OK,42,91.19,3600.0,2.559962,1.601867,-0.711402,0.026838,-11.533045,-0.004312
2026-01-01T00:06:09Z,O320_CLASS-SIM-01,O320_CLASS,RAPID_RESPONSE,1780.4359268612084,6.368297120935696,2429.1850069612947,0.9325505256621968,122.26034619384903,810.6902113336646,81.59240000857157,75.1747719001147,31.081619257668052,0.9755558536735379,13.989466182592459,16.22487989286332,29.122117774720355,CLIMB,HEALTHY,False,0.0,1.0,OK,42,91.21,3600.0,0.658018,-0.04247,0.374346,-0.075566,-4.116069,0.078719
2026-01-01T00:06:10Z,O320_CLASS-SIM-01,O320_CLASS,RAPID_RESPONSE,1786.8291667262092,6.3282628857255245,2431.748464781067,0.9323278829445512,121.84748759536014,804.771992416238,81.9399341418686,75.37501317516599,31.176183917243726,0.841089462961916,13.993310510552408,16.19348988144518,29.350222315996007,CLIMB,HEALTHY,False,0.0,1.0,OK,42,91.19,3600.0,0.253898,-5.856116,0.742302,0.026518,-0.605484,-0.055315
2026-01-01T00:06:11Z,O320_CLASS-SIM-01,O320_CLASS,RAPID_RESPONSE,1793.4114030465362,6.450826195571878,2425.9792312782783,0.931409576935507,121.37168117563887,813.8149857042191,80.41643363891195,74.3888367589604,31.048900578558342,0.8524503185722042,13.982927937274157,15.95253014594905,29.017418276224078,CLIMB,HEALTHY,False,0.0,1.0,OK,42,91.15,3600.0,-0.276586,3.290731,-0.753411,-0.073364,-5.086037,-0.043138
2026-01-01T00:06:12Z,O320_CLASS-SIM-01,O320_CLASS,RAPID_RESPONSE,1798.8297801304516,6.135264654397813,2440.081031335954,0.9330293983627845,121.92000676510231,808.0380854214484,80.54274073557909,74.47856652179449,31.14321767810951,0.9304145701541325,14.034182478412616,16.5083883367571,29.014684803281895,CLIMB,HEALTHY,False,0.0,1.0,OK,42,91.13,3600.0,0.308121,-2.519483,-0.622934,-0.022273,9.209152,0.034318
2026-01-01T00:06:13Z,O320_CLASS-SIM-01,O320_CLASS,RAPID_RESPONSE,1809.4504049955196,6.190610348889475,2428.1636373443152,0.9362038854235493,119.60941674014087,809.8979957957824,81.6266832273181,74.16570196624035,31.112302412640936,0.8742632633258619,14.000248377943912,15.946333916122974,29.212390343719314,CLIMB,HEALTHY,False,0.0,1.0,OK,42,91.12,3600.0,-2.686043,-1.526731,0.432995,-0.153648,-4.007396,-0.023609
2026-01-01T00:06:14Z,O320_CLASS-SIM-01,O320_CLASS,RAPID_RESPONSE,1817.974739565745,6.265916792579852,2422.1060672368067,0.9322100586186116,120.67332755238795,809.5928493024231,81.98818870447721,75.36349524455223,31.084224351191423,0.9023757295779834,13.966228902098699,16.04016173901402,28.96470927247519,CLIMB,HEALTHY,False,0.0,1.0,OK,42,91.19,3600.0,-1.278798,-1.086241,0.822648,-0.081379,-8.75958,0.006312
2026-01-01T00:06:15Z,O320_CLASS-SIM-01,O320_CLASS,RAPID_RESPONSE,1823.8705728587433,6.281054608597641,2432.9925570421365,0.9329904351009392,120.46285259368346,809.0107052767272,81.22042876481643,74.7328067337057,31.12879253549676,0.9125543846332841,13.996155406237495,16.39102353477383,29.357568525213626,CLIMB,HEALTHY,False,0.0,1.0,OK,42,91.31,3600.0,-1.666342,-1.835707,0.068926,-0.055895,2.777929,0.016463
2026-01-01T00:06:16Z,O320_CLASS-SIM-01,O320_CLASS,RAPID_RESPONSE,1831.8409772336183,6.268258696149239,2432.1370602561524,0.9289173678648783,120.48797135499127,808.2196487576841,80.75453005838965,75.11175470318587,31.172552518669054,0.9448443026373552,14.015699742595881,16.217686216086165,28.804105789275773,CLIMB,HEALTHY,False,0.0,1.0,OK,42,91.37,3600.0,-1.122067,-1.664723,-0.33794,0.104025,4.66021,0.051257
2026-01-01T00:06:17Z,O320_CLASS-SIM-01,O320_CLASS,RAPID_RESPONSE,1839.7663781902863,6.046072319177707,2428.422671223418,0.935971739854666,123.32829291652584,812.2059351469808,80.69647778624083,74.72211447647217,31.13618682570115,0.8633598179010561,14.021304425361745,16.412933950259383,28.950979730260325,CLIMB,HEALTHY,False,0.0,1.0,OK,42,91.45,3600.0,0.86142,0.968994,-0.428999,-0.126409,-0.584936,-0.033348
2026-01-01T00:06:18Z,O320_CLASS-SIM-01,O320_CLASS,RAPID_RESPONSE,1849.0174472858664,6.008402105626886,2412.4242265012776,0.9315639809499767,122.20613370061517,812.6149052237711,80.93117159549618,75.74338466244713,31.149394175995226,0.8415122630464771,13.963671582453076,16.59895050161384,29.291408653085323,CLIMB,HEALTHY,False,0.0,1.0,OK,42,91.46,3600.0,0.239366,2.31735,-0.164885,-0.002962,-15.218963,-0.053233
2026-01-01T00:06:19Z,O320_CLASS-SIM-01,O320_CLASS,RAPID_RESPONSE,1855.2683144628909,6.16826032916466,2434.007641735403,0.9329413315330336,120.80428874910233,814.4511347462911,81.26554514884326,74.72088679756743,31.105730877623923,0.9041243506684126,13.955831005474895,16.487835810312,28.966761734267514,CLIMB,HEALTHY,False,0.0,1.0,OK,42,91.54,3600.0,-1.577286,3.700971,0.177927,-0.083011,6.755806,0.009031
2026-01-01T00:06:20Z,O320_CLASS-SIM-01,O320_CLASS,RAPID_RESPONSE,1862.9015911755819,5.816510035816031,2422.7377930820003,0.9299676617359514,121.733631558216,814.7856473588567,81.5899197420951,75.26166474534125,31.136986246263287,0.927359806288163,14.039698178472777,16.10007301260756,29.09596905882735,CLIMB,HEALTHY,False,0.0,1.0,OK,42,91.6,3600.0,0.043875,5.064191,0.544818,0.030967,-2.542298,0.03406
2026-01-01T00:06:21Z,O320_CLASS-SIM-01,O320_CLASS,RAPID_RESPONSE,1867.1744700630552,6.014067168390987,2440.6721290442083,0.9315490541381352,119.40640689216734,811.5240574838047,80.6591404316027,74.39592578664201,31.16868564089956,0.9035128899857783,13.99099218823578,16.139739473996183,29.124249031436076,CLIMB,HEALTHY,False,0.0,1.0,OK,42,91.7,3600.0,-2.715023,1.310185,-0.371206,0.026147,16.076341,0.009958
2026-01-01T00:06:22Z,O320_CLASS-SIM-01,O320_CLASS,RAPID_RESPONSE,1876.8549374737006,5.630065047243501,2420.790633872933,0.9319754815428066,121.77207494312478,806.4076894656055,81.40129104024034,72.68407994281402,31.114143705539195,0.8682619599398689,14.009917298845252,16.437172763399992,29.272178279576504,CLIMB,HEALTHY,False,0.0,1.0,OK,42,91.78,3600.0,-0.154794,-3.548724,0.380895,-0.04457,-3.343668,-0.025339
2026-01-01T00:06:23Z,O320_CLASS-SIM-01,O320_CLASS,RAPID_RESPONSE,1883.9622568875027,5.835286733316071,2424.317302698682,0.9277806249533374,124.29589543447729,806.2841499791731,81.15836207645465,75.13562079311986,31.14934822409556,0.8730262026441333,14.030126089173194,15.90128502559685,29.091080375547932,CLIMB,HEALTHY,False,0.0,1.0,OK,42,91.88,3600.0,2.697658,-2.904262,0.194938,0.109817,2.82518,-0.018067
2026-01-01T00:06:24Z,O320_CLASS-SIM-01,O320_CLASS,RAPID_RESPONSE,1891.746780577764,5.596553456838093,2425.480765880274,0.9332660681965504,121.632856270421,811.7724144221861,80.9953662871355,74.05799080799862,31.121772481608854,0.8805694285593807,13.984245385460321,16.39312036022649,29.13394395716752,CLIMB,HEALTHY,False,0.0,1.0,OK,42,92.01,3600.0,-0.576534,1.616771,0.015042,-0.066507,3.204859,-0.012779
2026-01-01T00:06:25Z,O320_CLASS-SIM-01,O320_CLASS,RAPID_RESPONSE,1897.7683464402498,5.401268014294346,2424.7486986909603,0.9293879456609295,122.43679672814525,811.712661603659,80.4520046123836,73.59147050083112,31.217494651080997,0.9063514880221072,13.992404732348376,16.047140398244434,29.0199744358137,CLIMB,HEALTHY,False,0.0,1.0,OK,42,92.15,3600.0,0.883579,2.589655,-0.494696,0.131769,4.032127,0.01492
2026-01-01T00:06:26Z,O320_CLASS-SIM-01,O320_CLASS,RAPID_RESPONSE,1905.930190878546,5.732357505125935,2414.438064606372,0.9331129951023585,121.62324496522075,807.091575218138,80.77478970686644,72.56989060231524,31.126836898011323,0.8852238876234999,14.029561099624656,15.80367831013511,29.268615249716806,CLIMB,HEALTHY,False,0.0,1.0,OK,42,92.29,3600.0,-0.891789,-3.213163,-0.185801,-0.063985,-6.922681,-0.007827
2026-01-01T00:06:27Z,O320_CLASS-SIM-01,O320_CLASS,RAPID_RESPONSE,1916.508676720274,5.738500978999245,2419.5315646679996,0.9328611270015389,120.36822739236572,811.4221846636317,80.62177869567445,73.29662626817317,31.075769839808718,0.8919901052321054,13.979926802077879,16.36390510118024,28.820895592398156,CLIMB,HEALTHY,False,0.0,1.0,OK,42,92.46,3600.0,-2.301614,1.066986,-0.341547,-0.121177,-1.955991,-0.001168
2026-01-01T00:06:28Z,O320_CLASS-SIM-01,O320_CLASS,RAPID_RESPONSE,1919.6488598574158,5.707401324998081,2426.4854094086945,0.9286421470689131,122.15990953473687,812.1279455260692,81.08286636136945,74.6848499100775,31.185835387437013,0.8622807707510217,14.005428188747084,16.260059878228752,29.049014045508315,CLIMB,HEALTHY,False,0.0,1.0,OK,42,92.61,3600.0,0.101919,2.777047,0.165904,0.108335,7.148013,-0.028539
2026-01-01T00:06:29Z,O320_CLASS-SIM-01,O320_CLASS,RAPID_RESPONSE,1929.81652630077,5.463322210982917,2418.8323516812734,0.928551292863079,123.15552144779679,807.0778240294621,80.81284391225107,74.27857074245452,31.148082960235477,0.8064857276773749,14.03105728251434,16.089912911885413,29.270721170159433,CLIMB,HEALTHY,False,0.0,1.0,OK,42,92.63,3600.0,1.2726,-1.955656,-0.065464,0.078953,1.287638,-0.083602
2026-01-01T00:06:30Z,O320_CLASS-SIM-01,O320_CLASS,RAPID_RESPONSE,1937.2457155761888,5.395914202880639,2433.169873802189,0.9300008791379683,123.70991191201513,809.5560059813275,81.05126484406529,74.51928566739981,31.171669735519206,0.863569441554938,13.974645780921806,16.09415805164361,29.10048275127424,CLIMB,HEALTHY,False,0.0,1.0,OK,42,92.65,3600.0,1.623722,0.296531,0.18776,0.065994,16.311663,-0.026768
2026-01-01T00:06:31Z,O320_CLASS-SIM-01,O320_CLASS,RAPID_RESPONSE,1945.1934631796992,5.460630737643517,2427.6003430627807,0.9285112862884929,121.37254770962586,805.8073979822566,81.68221537537562,74.65557805741113,31.152365922972635,0.8371233965081152,14.003969481204775,16.375758833276095,29.045413255052452,CLIMB,HEALTHY,False,0.0,1.0,OK,42,92.6,3600.0,-0.653535,-3.177635,0.84928,0.087885,12.159868,-0.05217
2026-01-01T00:06:32Z,O320_CLASS-SIM-01,O320_CLASS,RAPID_RESPONSE,1954.6999781903257,5.6517129404513655,2408.8893008303826,0.928326195878417,121.23004177401819,813.3530947276439,81.2719860136407,74.25194385238959,31.129301720913496,0.8578112175605793,14.030542835536627,16.148119254589894,29.04211733577119,CLIMB,HEALTHY,False,0.0,1.0,OK,42,92.57,3600.0,-1.057217,4.237042,0.467097,0.071603,-5.250492,-0.030938
2026-01-01T00:06:33Z,O320_CLASS-SIM-01,O320_CLASS,RAPID_RESPONSE,1961.561332805442,5.2275877963245545,2413.889799268556,0.9302989281888359,123.26790699557772,813.3934268516732,81.07422492350506,74.95154111957014,31.11657824306242,0.8619024834412518,14.02329914331758,16.280555923745275,28.865537621009473,CLIMB,HEALTHY,False,0.0,1.0,OK,42,92.55,3600.0,1.046397,4.261092,0.270453,0.004293,-0.198179,-0.027554
2026-01-01T00:06:34Z,O320_CLASS-SIM-01,O320_CLASS,RAPID_RESPONSE,1967.7177721080714,5.194201248946904,2410.9899976223915,0.9331486563742695,122.91948751239588,812.6497258256979,80.93039591045608,74.32252362866204,31.07883754130446,0.8904332191177206,14.00390880523394,15.890621385124193,28.995807092390574,CLIMB,HEALTHY,False,0.0,1.0,OK,42,92.61,3600.0,0.207282,2.838047,0.098315,-0.121474,-4.410863,-0.000639
2026-01-01T00:06:35Z,O320_CLASS-SIM-01,O320_CLASS,RAPID_RESPONSE,1975.2866810404971,5.219506499509594,2418.069004155535,0.9289299556286622,122.936593152475,808.7011826051228,79.66218199784421,73.81817533688871,31.178712627545643,0.8224256516109361,14.006735650106384,16.623372427802792,28.960449756666723,CLIMB,HEALTHY,False,0.0,1.0,OK,42,92.58,3600.0,0.672328,-0.256393,-1.140205,0.086052,4.045242,-0.066722
2026-01-01T00:06:36Z,O320_CLASS-SIM-01,O320_CLASS,RAPID_RESPONSE,1983.3365569539749,4.912730894749146,2426.7010042392862,0.9298333347460068,122.46023966390455,812.4817195161327,81.05963438983083,73.45395756273079,31.09149433981608,0.9092371822096872,13.984469104539505,15.692406691963685,29.06436225813904,CLIMB,HEALTHY,False,0.0,1.0,OK,42,92.58,3600.0,0.289098,3.640301,0.271948,-0.025116,13.35901,0.020009
2026-01-01T00:06:37Z,O320_CLASS-SIM-01,O320_CLASS,RAPID_RESPONSE,1988.6747427367077,5.301624361799992,2414.402816986136,0.9280970572939202,121.59633530957119,804.3120598297663,80.3402801190372,74.91604267966446,31.234541860697437,0.9182380425783297,14.00026937754764,16.108391197459817,28.926681875096197,CLIMB,HEALTHY,False,0.0,1.0,OK,42,92.56,3600.0,-0.760541,-4.503788,-0.4153,0.168559,2.549805,0.0302
2026-01-01T00:06:38Z,O320_CLASS-SIM-01,O320_CLASS,RAPID_RESPONSE,2001.5464389724664,4.981718558917875,2429.2193240208103,0.932601853834035,120.37621424540522,807.3102552771928,80.49747747884341,73.98763057715327,31.11903043488174,1.0087742015593704,13.970551830354495,16.268290170340453,29.160441467908626,CLIMB,HEALTHY,False,0.0,1.0,OK,42,92.37,3600.0,-2.49127,-2.25526,-0.279651,-0.079292,16.366978,0.11864
2026-01-01T00:06:39Z,O320_CLASS-SIM-01,O320_CLASS,RAPID_RESPONSE,2006.0161605118149,4.977406716296833,2403.241992226942,0.9299351946114276,123.10939358535884,809.7337172113149,80.97821535322616,75.13011752093327,31.167987345251575,0.8915190814506038,13.967554024232493,16.05571613449963,29.03283088269183,CLIMB,HEALTHY,False,0.0,1.0,OK,42,92.28,3600.0,0.545331,0.721328,0.217051,0.03687,-8.869988,0.002546
2026-01-01T00:06:40Z,O320_CLASS-SIM-01,O320_CLASS,RAPID_RESPONSE,2013.958765660592,4.839978480836821,2403.4211840804633,0.927253232251389,120.54491544700093,808.2669154889999,80.14731708176616,73.14813416554477,31.100536071427175,2.2889855247599513,14.013937543912213,16.38544610556526,28.981172940316668,CLIMB,ABNORMAL_VIBRATION,True,0.65,1.0,OK,42,91.64,3600.0,-1.573302,0.017215,-0.569272,0.045807,-6.623539,1.401747
2026-01-01T00:06:41Z,O320_CLASS-SIM-01,O320_CLASS,RAPID_RESPONSE,2020.4864343472268,4.943191626014691,2404.502083266795,0.9279715692138425,123.99281011059426,811.0043351036168,80.96086032565081,74.63759390217304,31.020458651800695,2.62868430855728,14.014145140441268,16.447761689917403,29.119473886144082,CLIMB,ABNORMAL_VIBRATION,True,0.65,1.0,OK,42,90.58,3600.0,1.63317,2.552517,0.271106,-0.046845,-4.2981,1.741704
2026-01-01T00:06:42Z,O320_CLASS-SIM-01,O320_CLASS,RAPID_RESPONSE,2028.7770909407236,4.77212954407162,2412.458601295493,0.9288209486266353,123.62921571681483,804.7672946612968,80.48867584070348,75.48146027504863,31.08710926376706,2.3016604104682683,13.975744242798259,16.273706882188534,28.948773699266848,CLIMB,ABNORMAL_VIBRATION,True,0.65,1.0,OK,42,89.19,3600.0,1.225999,-3.699821,-0.187733,-0.003635,4.277317,1.414585
2026-01-01T00:06:43Z,O320_CLASS-SIM-01,O320_CLASS,RAPID_RESPONSE,2035.9870156965549,4.891604671763286,2403.2391488174967,0.9309290740903823,123.6052613865968,811.3103940296061,80.74659723409005,76.38713238736361,31.17022994631689,2.4786723754932156,13.975782427350085,16.160162916382895,29.270977479680646,CLIMB,ABNORMAL_VIBRATION,True,0.65,1.0,OK,42,87.56,3600.0,0.671235,2.211499,0.059415,0.016027,-5.441749,1.590587
2026-01-01T00:06:44Z,O320_CLASS-SIM-01,O320_CLASS,RAPID_RESPONSE,2046.3914624172664,4.936872821856158,2414.4190119483037,0.9267479388466681,123.23407162196492,805.5090623689364,80.08047579487213,73.93397550054785,31.142752483855148,2.561459556332557,14.016812831026959,16.31200954003991,28.907146731928385,CLIMB,ABNORMAL_VIBRATION,True,0.65,1.0,OK,42,85.8,3600.0,0.709756,-2.738278,-0.563781,0.098188,7.728842,1.675534
2026-01-01T00:06:45Z,O320_CLASS-SIM-01,O320_CLASS,RAPID_RESPONSE,2051.231423861862,4.439904704377051,2391.4191450115923,0.9306479520863529,121.77668889245902,810.7333760886592,81.103895520286,73.19571809716498,31.145196591469105,2.253955424627944,13.946361056638779,16.204628850372217,28.98203090975406,CLIMB,ABNORMAL_VIBRATION,True,0.65,1.0,OK,42,83.95,3600.0,-0.849566,2.13665,0.449326,-0.003763,-15.749306,1.366472
2026-01-01T00:06:46Z,O320_CLASS-SIM-01,O320_CLASS,RAPID_RESPONSE,2058.2904837680703,4.9131224553311466,2394.548273750247,0.929839816344817,121.51769976705667,810.7623418705144,80.7650299767311,73.94317081634448,31.067524356148496,2.397991885062301,14.029393712129869,16.611192493292602,29.122526721160483,CLIMB,ABNORMAL_VIBRATION,True,0.65,1.0,OK,42,82.06,3600.0,-1.586535,1.812256,0.114925,-0.067139,-12.413134,1.510782
2026-01-01T00:06:47Z,O320_CLASS-SIM-01,O320_CLASS,RAPID_RESPONSE,2065.1662145978553,4.618510531455731,2425.484344332299,0.9291863271029194,124.49677740219883,806.5804204384451,80.61393282636239,74.0838708574819,31.13372232755616,2.3701127454891795,13.97712954214752,16.410258833215273,29.227032911499933,CLIMB,ABNORMAL_VIBRATION,True,0.65,1.0,OK,42,80.16,3600.0,1.686003,-1.952935,-0.022864,0.013645,19.140132,1.483317
2026-01-01T00:06:48Z,O320_CLASS-SIM-01,O320_CLASS,RAPID_RESPONSE,2076.342289411257,4.789108091006451,2406.451368421108,0.9282664904004256,124.39492711999829,810.1534695518552,80.22290367534745,72.70983349047951,31.13753877194164,2.3038965510657032,14.000461131041567,16.426018847214863,29.159976785864963,CLIMB,ABNORMAL_VIBRATION,True,0.65,1.0,OK,42,78.29,3600.0,1.399995,1.629721,-0.389492,0.038923,1.238793,1.417787
2026-01-01T00:06:49Z,O320_CLASS-SIM-01,O320_CLASS,RAPID_RESPONSE,2083.630612341763,4.179636867994616,2406.711847596005,0.9301856733410907,120.97307436186807,806.6731067234614,80.26481900813664,73.50262386407476,31.193420584444798,2.6887100855142094,13.976664461734723,16.28422569431722,29.127762999271894,CLIMB,ABNORMAL_VIBRATION,True,0.65,1.0,OK,42,76.48,3600.0,-1.780051,-1.681054,-0.348234,0.040242,1.468814,1.801868
2026-01-01T00:06:50Z,O320_CLASS-SIM-01,O320_CLASS,RAPID_RESPONSE,2089.7789695214697,4.4800629945936015,2406.42526176775,0.9320788439453165,124.15924644818762,805.599507544412,80.90443755754647,74.14768730447503,31.126861148698193,2.5225897563681308,14.006574462770203,16.197407287719145,29.05995269263354,CLIMB,ABNORMAL_VIBRATION,True,0.65,1.0,OK,42,74.73,3600.0,0.718053,-3.545859,0.272511,-0.087071,0.306951,1.634647
2026-01-01T00:06:51Z,O320_CLASS-SIM-01,O320_CLASS,RAPID_RESPONSE,2093.7318931305595,4.359005055728936,2397.9603805920947,0.926238215154726,124.58848772912383,809.4499545254106,80.55936149823263,72.93046917421813,31.12500543588534,2.4294842967235084,13.97596251457073,16.140790338278823,29.16980105671894,CLIMB,ABNORMAL_VIBRATION,True,0.65,1.0,OK,42,73.05,3600.0,2.067976,1.737981,-0.01989,0.072244,-5.715056,1.544535
2026-01-01T00:06:52Z,O320_CLASS-SIM-01,O320_CLASS,RAPID_RESPONSE,2101.4169859606945,4.313278115886107,2399.1835234001996,0.9282508588030085,122.29716066261528,808.4730376585886,81.32589837290534,73.07169709807539,31.123865953193004,2.697994273711579,13.98411036533389,16.590376438662602,29.03821518465243,CLIMB,ABNORMAL_VIBRATION,True,0.65,1.0,OK,42,71.46,3600.0,-0.519686,0.414517,0.765481,0.022372,-3.618422,1.812693
2026-01-01T00:06:53Z,O320_CLASS-SIM-01,O320_CLASS,RAPID_RESPONSE,2114.5555603881803,4.385292514420959,2404.386595966989,0.9282946645621528,122.1817844025456,808.2579924096381,80.90055436660073,73.26886912571219,31.092531982128737,2.3562532261047515,14.030224568522968,16.437711229515994,28.93517098849823,CLIMB,ABNORMAL_VIBRATION,True,0.65,1.0,OK,42,69.97,3600.0,-0.890023,0.080774,0.358642,-0.015528,2.442813,1.471171
2026-01-01T00:06:54Z,O320_CLASS-SIM-01,O320_CLASS,RAPID_RESPONSE,2118.4415626582736,4.2805149490611765,2413.4622655987587,0.9306253139499585,121.46000080429977,807.3478579683967,80.1545393989268,73.01387141673129,31.187665615174073,2.2145546213962493,13.951723843320424,15.918998683966354,29.07616816732343,CLIMB,ABNORMAL_VIBRATION,True,0.65,1.0,OK,42,68.57,3600.0,-1.895135,-1.255304,-0.398207,0.014078,11.01605,1.328429
2026-01-01T00:06:55Z,O320_CLASS-SIM-01,O320_CLASS,RAPID_RESPONSE,2127.937305070468,4.240077141772437,2409.9601774213374,0.9247145695522728,124.41988683298219,807.1673409182322,80.80455831751217,72.11766422635951,31.10677421634776,2.529988493466438,14.034801959770565,15.724543013575307,29.035513649389877,CLIMB,ABNORMAL_VIBRATION,True,0.65,1.0,OK,42,67.23,3600.0,1.843436,-0.082021,0.313247,0.094152,10.363122,1.646996
2026-01-01T00:06:56Z,O320_CLASS-SIM-01,O320_CLASS,RAPID_RESPONSE,2132.9400482978544,4.201133048606552,2406.085516490218,0.9307224886331643,122.38357744056559,810.2051737206922,81.04150973177246,71.81033009443509,31.136224166549077,2.4447642007013117,13.99220735805471,15.812885810113892,29.17017449882862,CLIMB,ABNORMAL_VIBRATION,True,0.65,1.0,OK,42,65.97,3600.0,-1.053082,1.694708,0.530119,-0.036636,5.557251,1.559312
2026-01-01T00:06:57Z,O320_CLASS-SIM-01,O320_CLASS,RAPID_RESPONSE,2140.330366388293,4.049404692230772,2398.8602864154614,0.9294866316589635,122.30545505516365,806.115173532502,80.52191251730969,73.87856312329795,31.219059232332576,2.231633119616355,14.009269225605104,15.838671069617567,29.17938436765669,CLIMB,ABNORMAL_VIBRATION,True,0.65,1.0,OK,42,64.8,3600.0,-0.940156,-2.049185,0.012767,0.069648,-1.56385,1.346544
2026-01-01T00:06:58Z,O320_CLASS-SIM-01,O320_CLASS,RAPID_RESPONSE,2148.283541203727,3.9258089401121614,2393.7810111489584,0.9278105650855234,123.477120597105,808.9754084434994,80.46524525761482,71.95806096175643,31.140155124066943,2.4952538430867133,14.034500918572117,15.92809883744875,28.784054194628805,CLIMB,ABNORMAL_VIBRATION,True,0.65,1.0,OK,42,63.72,3600.0,0.490356,1.287092,-0.020499,0.033604,-5.557875,1.611117
2026-01-01T00:06:59Z,O320_CLASS-SIM-01,O320_CLASS,RAPID_RESPONSE,2157.2020474157284,4.172247841514246,2399.0970185103456,0.9274710307720246,122.0768080989111,812.1000902847179,80.04092590510915,72.39018137902809,31.131345882889505,2.1477734974616944,14.037726598958837,16.25581359952681,29.157113963182677,CLIMB,ABNORMAL_VIBRATION,True,0.65,1.0,OK,42,62.72,3600.0,-1.206743,4.248551,-0.420554,0.034475,0.88348,1.264156
2026-01-01T00:07:00Z,O320_CLASS-SIM-01,O320_CLASS,RAPID_RESPONSE,2165.6519903327394,3.9045351760852482,2388.6189991726615,0.9274976268953279,121.98295254171224,808.8605785021998,80.76070225438154,74.10046666171725,31.12051018371554,2.496311525219845,13.99041463528234,15.974930905685792,29.091115160168588,CLIMB,ABNORMAL_VIBRATION,True,0.65,1.0,OK,42,61.79,3600.0,-1.130736,1.27836,0.319874,0.02331,-8.636816,1.613023
2026-01-01T00:07:01Z,O320_CLASS-SIM-01,O320_CLASS,RAPID_RESPONSE,2171.796833900801,3.919930337459951,2387.9497626045018,0.9259219298202326,123.94780950088641,809.8014284717958,80.02895994123325,73.40403414228945,31.074361918493544,2.4863116797298463,14.041677502501528,16.291109946521992,29.1372814236719,CLIMB,ABNORMAL_VIBRATION,True,0.65,1.0,OK,42,60.93,3600.0,0.998171,2.590978,-0.377096,0.024411,-7.693429,1.604206
2026-01-01T00:07:02Z,O320_CLASS-SIM-01,O320_CLASS,RAPID_RESPONSE,2182.801457142624,3.72481933341043,2387.8678152016464,0.9261483480521354,122.9120699992866,801.6378367479239,80.325491903793,72.38040901028319,31.13926286261333,2.346741275580137,13.980988558000622,16.231469373850835,29.12422750748425,CLIMB,ABNORMAL_VIBRATION,True,0.65,1.0,OK,42,60.14,3600.0,0.005906,-5.41267,-0.053514,0.084301,-6.520877,1.465004
2026-01-01T00:07:03Z,O320_CLASS-SIM-01,O320_CLASS,RAPID_RESPONSE,2186.347181315313,3.707296361692637,2377.2678277927303,0.9253186800512614,122.35873148624808,807.6491356664637,80.01555961481122,72.35382687215551,31.03788378368878,2.4513619358609953,14.0116212756051,16.17931459882768,29.015430814790577,CLIMB,ABNORMAL_VIBRATION,True,0.65,1.0,OK,42,59.43,3600.0,-0.413326,0.85929,-0.333372,0.012616,-15.726114,1.570493
2026-01-01T00:07:04Z,O320_CLASS-SIM-01,O320_CLASS,RAPID_RESPONSE,2192.750118900309,3.639105715848173,2391.128601392899,0.9266008167815662,123.37196695929275,810.967077534914,80.70380935358317,71.92309706728427,31.132145176268978,2.523533828497693,13.974508288591457,16.285686914367254,28.98735991889169,CLIMB,ABNORMAL_VIBRATION,True,0.65,1.0,OK,42,58.77,3600.0,0.418831,3.977553,0.365022,0.073522,-1.394883,1.642383
2026-01-01T00:07:05Z,O320_CLASS-SIM-01,O320_CLASS,RAPID_RESPONSE,2200.5085265551015,3.7512279395597705,2395.4394738248575,0.9268594595564431,123.26941125021884,805.5450112203646,80.60828994129383,72.62687357558923,31.10562146043472,2.340588921734909,13.96389331338893,15.844649921051827,28.67776568673716,CLIMB,ABNORMAL_VIBRATION,True,0.65,1.0,OK,42,58.18,3600.0,0.057813,-1.641556,0.277134,0.036068,3.269931,1.459422
2026-01-01T00:07:06Z,O320_CLASS-SIM-01,O320_CLASS,RAPID_RESPONSE,2211.032298572921,3.451964792734281,2394.0814641507955,0.9279641986721013,124.06961480097162,804.2721803779746,80.32344864853825,73.94638117381652,31.182088008751542,2.556039425597299,14.008496339007944,15.811697391009425,29.114892712334807,CLIMB,ABNORMAL_VIBRATION,True,0.65,1.0,OK,42,57.64,3600.0,0.831681,-2.92485,-0.01007,0.073772,1.802359,1.674331
2026-01-01T00:07:07Z,O320_CLASS-SIM-01,O320_CLASS,RAPID_RESPONSE,2217.5098817371268,3.6687243030193217,2387.275688628403,0.9267837634039497,123.5762757282487,807.837412564475,80.53228661779602,72.09532356480537,31.028280579228383,2.5902091348612446,14.072889926866385,16.169585544661388,28.80634393794689,CLIMB,ABNORMAL_VIBRATION,True,0.65,1.0,OK,42,57.15,3600.0,0.19694,0.656168,0.212716,-0.051824,-4.356558,1.709106
2026-01-01T00:07:08Z,O320_CLASS-SIM-01,O320_CLASS,RAPID_RESPONSE,2224.1488493000447,3.6118614625181373,2402.3852933049443,0.9246112557679534,123.26267814498057,807.6510390950384,80.66592182438718,72.23232135268523,31.016325864700388,2.3691920584695803,14.031797031584485,16.031841945064215,29.06357321959982,CLIMB,ABNORMAL_VIBRATION,True,0.65,1.0,OK,42,56.72,3600.0,0.193885,1.035097,0.38302,-0.001629,12.453601,1.489501
2026-01-01T00:07:09Z,O320_CLASS-SIM-01,O320_CLASS,RAPID_RESPONSE,2232.15863352623,3.3594766733837083,2399.18610813769,0.9277194361400734,124.03296968742485,810.8559853239304,79.88345509309713,72.01410384929191,31.10148433427605,2.42495685052822,14.02138819335328,16.000402511972947,28.8517529079776,CLIMB,ABNORMAL_VIBRATION,True,0.65,1.0,OK,42,56.32,3600.0,0.668887,3.798234,-0.403979,-0.002385,9.044228,1.544053
2026-01-01T00:07:10Z,O320_CLASS-SIM-01,O320_CLASS,RAPID_RESPONSE,2240.5307562782136,3.4627421736457094,2397.770895404781,0.9276381336581466,124.03062415261869,807.8409121026191,80.21541326779919,71.83127216647046,31.10709992190437,2.3679389670938944,14.048429814356938,16.377563458709396,29.09340549093803,CLIMB,ABNORMAL_VIBRATION,True,0.65,1.0,OK,42,55.96,3600.0,0.434391,0.634055,-0.070968,-0.00293,7.677872,1.486982
2026-01-01T00:07:11Z,O320_CLASS-SIM-01,O320_CLASS,RAPID_RESPONSE,2248.5615275694327,3.3748462658096168,2379.5235869746216,0.9263269148126153,123.63172098710292,807.5533064328238,80.463835734604,73.08983417002024,31.057119907926854,2.2544348217436108,14.041101968318221,16.229531909311167,28.937711939867327,CLIMB,ABNORMAL_VIBRATION,True,0.65,1.0,OK,42,55.64,3600.0,0.200161,0.696872,0.195911,-0.021102,-9.71348,1.374203
2026-01-01T00:07:12Z,O320_CLASS-SIM-01,O320_CLASS,RAPID_RESPONSE,2255.394738802127,3.3234817968876573,2389.184709232015,0.9276120328511439,126.5848961281207,807.3935359159957,80.52638801689187,70.95211115763576,31.06655148854919,2.611268468558829,14.009486955533244,14.93427955003497,29.09528018909006,CLIMB,ABNORMAL_VIBRATION,True,0.65,1.0,OK,42,55.32,3600.0,2.92669,0.287266,0.260412,-0.049158,0.037972,1.730574
2026-01-01T00:07:13Z,O320_CLASS-SIM-01,O320_CLASS,RAPID_RESPONSE,2265.9945305425604,2.9903515164030203,2400.4071583810332,0.9210301628128222,124.70143894705785,806.8369991235126,79.30669649244433,72.60672525225326,31.14740662159223,2.403731490413043,14.014803642406157,15.923413907709074,28.71281853980263,CLIMB,ABNORMAL_VIBRATION,True,0.65,1.0,OK,42,55.02,3600.0,2.232593,1.561918,-0.881232,0.215392,14.880019,1.526726
2026-01-01T00:07:14Z,O320_CLASS-SIM-01,O320_CLASS,RAPID_RESPONSE,2271.716808379185,3.5030495076700285,2396.6090456147713,0.9225057298222787,121.79097387168092,804.6831744153903,79.5948396682022,72.23368935027624,31.10860283939307,2.201552817933099,14.020414080160487,16.171386714709627,28.907654594825015,CLIMB,ABNORMAL_VIBRATION,True,0.65,1.0,OK,42,54.74,3600.0,-1.38019,-1.291029,-0.550788,0.153296,13.043696,1.324893
2026-01-01T00:07:15Z,O320_CLASS-SIM-01,O320_CLASS,RAPID_RESPONSE,2277.981957761765,2.89896500883723,2384.235044208029,0.9264036588371496,123.84442286191955,807.6847560339701,80.31508005998737,71.93538483657797,31.10230848009694,2.592172154950518,13.994076790807652,16.095290295756183,28.959805430075377,CLIMB,ABNORMAL_VIBRATION,True,0.65,1.0,OK,42,54.51,3600.0,0.642408,1.459664,0.159639,0.0414,0.214572,1.713951
2026-01-01T00:07:16Z,O320_CLASS-SIM-01,O320_CLASS,RAPID_RESPONSE,2284.832330761083,3.220715900654926,2381.7724772440197,0.9270685900982807,123.70898249364994,805.9171939461585,80.07148838308487,71.68888533509889,31.004774626818353,2.3765756093945782,14.003729737877737,16.223093030002556,28.905866344845265,CLIMB,ABNORMAL_VIBRATION,True,0.65,1.0,OK,42,54.32,3600.0,-0.044753,-0.856162,-0.095533,-0.084432,-2.785032,1.497807
2026-01-01T00:07:17Z,O320_CLASS-SIM-01,O320_CLASS,RAPID_RESPONSE,2296.2072729690794,3.0361723238719356,2378.5349514500263,0.9242163338640185,121.6275912500294,810.4480641482907,80.73654326022724,72.52450054815476,31.041325465888367,2.5419864295233108,13.986073451824787,15.938205950491083,29.1990286971013,CLIMB,ABNORMAL_VIBRATION,True,0.65,1.0,OK,42,54.13,3600.0,-1.699293,4.433488,0.597114,0.022088,-4.742923,1.664602
2026-01-01T00:07:18Z,O320_CLASS-SIM-01,O320_CLASS,RAPID_RESPONSE,2301.9142918026473,3.37414695229467,2386.8475507010257,0.9253170495119537,123.00742621877505,801.9384646472964,80.06205741296336,72.90810133119174,31.115136103947258,2.4901558920661584,13.966618780296486,16.05697064984096,29.13321800912377,CLIMB,ABNORMAL_VIBRATION,True,0.65,1.0,OK,42,53.96,3600.0,-0.874077,-4.640537,-0.06727,0.067679,4.038176,1.612556
2026-01-01T00:07:19Z,O320_CLASS-SIM-01,O320_CLASS,RAPID_RESPONSE,2309.1337332056924,3.019840522358585,2377.8044554534185,0.9277528821467426,120.01667217357556,807.4525269253211,81.18701255828317,70.7342501453074,31.07218967958155,2.3151998895763866,13.982431209470226,16.25413898671877,29.0500208866062,CLIMB,ABNORMAL_VIBRATION,True,0.65,1.0,OK,42,53.77,3600.0,-3.989852,0.629994,1.041168,-0.04929,-5.770937,1.436362
2026-01-01T00:07:20Z,O320_CLASS-SIM-01,O320_CLASS,RAPID_RESPONSE,2316.27783327487,3.065269896521074,2383.6368662334335,0.932285654903573,123.99001215896949,806.9230723489925,79.46009321101423,71.45471074042614,31.140690061155382,2.2644361153453527,13.931423952235143,15.997920366387865,29.182623353818556,CLIMB,ABNORMAL_VIBRATION,True,0.65,1.0,OK,42,53.61,3600.0,-0.914733,-1.110096,-0.744446,-0.124641,-2.6606,1.382773
2026-01-01T00:07:21Z,O320_CLASS-SIM-01,O320_CLASS,RAPID_RESPONSE,2323.6746829541553,2.8461090873838257,2367.958100549888,0.9267378415787377,124.63543593046155,801.9199871881526,80.58349869184615,72.45054952142435,31.138999266469607,2.529235318202635,14.015603215543095,16.11482083561944,29.105142130639177,CLIMB,ABNORMAL_VIBRATION,True,0.65,1.0,OK,42,53.45,3600.0,0.599169,-4.774098,0.400537,0.01105,-17.338686,1.649764
2026-01-01T00:07:22Z,O320_CLASS-SIM-01,O320_CLASS,RAPID_RESPONSE,2328.444702852487,2.6222176281666503,2376.2614837408623,0.9254811003973956,124.34125222112245,807.1254707824437,80.56194193052748,72.70531138865535,31.037825773513738,2.32349458523859,13.970399947854899,15.932381001621094,29.02100075329678,CLIMB,ABNORMAL_VIBRATION,True,0.65,1.0,OK,42,53.31,3600.0,0.685247,0.978871,0.410224,-0.050589,-7.586286,1.445043
2026-01-01T00:07:23Z,O320_CLASS-SIM-01,O320_CLASS,RAPID_RESPONSE,2333.6214997865272,3.159911914587929,2386.004758441653,0.9244567415973214,126.22198595841836,805.3846338137525,80.1535298613783,71.34534450048484,31.163105447477175,2.4123535903048916,14.000161670460763,16.275193485716066,29.05836489222977,CLIMB,ABNORMAL_VIBRATION,True,0.65,1.0,OK,42,53.2,3600.0,2.158145,-1.009148,0.037629,0.110129,3.818059,1.534937
2026-01-01T00:07:24Z,O320_CLASS-SIM-01,O320_CLASS,RAPID_RESPONSE,2346.2147741985955,2.9156327199276926,2401.1056959175116,0.9261903764531544,124.08298099581205,806.6192214135422,80.61012501147762,71.20420090901278,31.065650071167198,2.2996949766853163,13.960003457806621,15.839606167093415,28.9600665096552,CLIMB,ABNORMAL_VIBRATION,True,0.65,1.0,OK,42,53.1,3600.0,-0.150836,0.070251,0.506113,-0.037268,19.470366,1.421809
2026-01-01T00:07:25Z,O320_CLASS-SIM-01,O320_CLASS,RAPID_RESPONSE,2356.5116496800133,2.7803217602449575,2372.825941829778,0.9240070019922347,125.62636632137905,808.9486184113229,80.08265287780202,71.2780598213614,31.1348719511376,2.1971708678097426,14.007122844921028,16.53203216793161,28.997124655075396,CLIMB,ABNORMAL_VIBRATION,True,0.65,1.0,OK,42,53.0,3600.0,1.724172,3.018359,0.01527,0.090824,-7.110647,1.320655
2026-01-01T00:07:26Z,O320_CLASS-SIM-01,O320_CLASS,RAPID_RESPONSE,2360.256338867528,2.7123269103389998,2375.687638548121,0.9225821386828635,124.85178259156751,808.866114243907,79.93247854139497,71.27881429907877,31.029605666428047,2.4333549539361785,13.97833341378236,15.705923531180137,29.24801202942821,CLIMB,ABNORMAL_VIBRATION,True,0.65,1.0,OK,42,52.93,3600.0,1.242902,3.412133,-0.091423,0.035585,-2.232455,1.558185
2026-01-01T00:07:27Z,O320_CLASS-SIM-01,O320_CLASS,RAPID_RESPONSE,2369.6812207066055,2.6874796365747757,2385.840441590611,0.9268198502112973,123.54875139431887,806.6923423670682,79.93468590245243,71.8798955298433,31.09382637312614,2.382952051405513,13.95516812882148,15.990058278028373,28.931412841322576,CLIMB,ABNORMAL_VIBRATION,True,0.65,1.0,OK,42,52.88,3600.0,-0.779114,0.309908,-0.100488,-0.018116,7.397607,1.506039
2026-01-01T00:07:28Z,O320_CLASS-SIM-01,O320_CLASS,RAPID_RESPONSE,2373.7076515049803,2.628618401135778,2385.821916816259,0.9302418981356031,123.60906290651954,804.6036104964942,79.58399515481301,71.64455989327345,31.085914896692532,2.217829768809078,13.98964191218749,15.453652934356093,29.098877493126725,CLIMB,ABNORMAL_VIBRATION,True,0.65,1.0,OK,42,52.83,3600.0,-1.283157,-2.5877,-0.495107,-0.13309,5.341839,1.33881
2026-01-01T00:07:29Z,O320_CLASS-SIM-01,O320_CLASS,RAPID_RESPONSE,2382.948919382097,2.49811944852262,2366.011965357731,0.9239278853936694,123.77707976761495,805.8615894066079,80.20513062440894,72.57742811862327,31.11149095941145,2.5612161155276842,14.038115742934853,16.085569683188904,28.9522837742377,CLIMB,ABNORMAL_VIBRATION,True,0.65,1.0,OK,42,52.78,3600.0,-0.215862,0.128634,0.167202,0.055376,-12.55865,1.685033
2026-01-01T00:07:30Z,O320_CLASS-SIM-01,O320_CLASS,RAPID_RESPONSE,2393.1803345260496,2.6151180595609143,2381.9407699627154,0.9220907448059278,123.13699895207027,805.142104404787,80.31056865356626,71.35761254530968,31.1307545341054,2.5160548179455153,14.030550637487412,16.239354238175356,28.80011079601958,CLIMB,ABNORMAL_VIBRATION,True,0.65,1.0,OK,42,52.75,3600.0,-0.779252,-0.230881,0.326485,0.132731,5.867322,1.641493
2026-01-01T00:07:31Z,O320_CLASS-SIM-01,O320_CLASS,RAPID_RESPONSE,2399.9523483109115,2.313886075955457,2362.886840650589,0.9243324651432957,125.77067029530114,806.920514682516,80.79133519233014,71.46499536978666,31.195356195603164,2.3259894465480864,13.995092928854952,15.612950979919072,29.120115475747678,CLIMB,ABNORMAL_VIBRATION,True,0.65,1.0,OK,42,52.71,3600.0,1.784719,1.412549,0.824237,0.14322,-12.398868,1.450971
2026-01-01T00:07:32Z,O320_CLASS-SIM-01,O320_CLASS,RAPID_RESPONSE,2406.0369357633795,2.258807051619554,2385.6567411562405,0.9271312601524068,125.57375526907033,804.8025986627351,79.9493208628103,71.2238492519886,31.111146187557658,2.630748228885074,14.005306005873384,16.421353696760857,29.08598256458038,CLIMB,ABNORMAL_VIBRATION,True,0.65,1.0,OK,42,52.68,3600.0,1.131588,-1.309503,-0.033683,-0.022515,9.63339,1.754401
2026-01-01T00:07:33Z,O320_CLASS-SIM-01,O320_CLASS,RAPID_RESPONSE,2413.9996527606795,2.4310196738823135,2388.3823413133628,0.9287188001889048,125.6739438992849,805.7116763177579,79.86854223486972,71.68110983242738,31.154772488776814,2.398447596070368,14.00774074727559,15.935315829282485,28.900093233177614,CLIMB,ABNORMAL_VIBRATION,True,0.65,1.0,OK,42,52.66,3600.0,0.651394,-1.04166,-0.140045,-0.037117,11.172513,1.520938
2026-01-01T00:07:34Z,O320_CLASS-SIM-01,O320_CLASS,RAPID_RESPONSE,2421.670378486948,2.277875626181892,2387.8079383747886,0.924150202072568,124.34726247414973,803.4234565602154,80.22738884844426,72.26211897413859,31.151351406467672,2.3482734943470707,14.011178694126178,15.878917240284709,29.026354338087742,CLIMB,ABNORMAL_VIBRATION,True,0.65,1.0,OK,42,52.64,3600.0,0.030979,-2.205958,0.253366,0.078507,12.201059,1.472906
2026-01-01T00:07:35Z,O320_CLASS-SIM-01,O320_CLASS,RAPID_RESPONSE,2429.9462563707243,2.2171501519148826,2374.493883938716,0.9254408816038243,123.96567187302263,804.9200660973233,80.60920666597937,73.28573438927228,31.008960181345483,2.360296522154882,13.965076847859205,15.886324185117516,29.0793944085542,CLIMB,ABNORMAL_VIBRATION,True,0.65,1.0,OK,42,52.61,3600.0,-0.569595,-0.918496,0.649301,-0.097614,-0.45828,1.484705
2026-01-01T00:07:36Z,O320_CLASS-SIM-01,O320_CLASS,RAPID_RESPONSE,2437.92391645011,2.1850639297763284,2376.9524512371427,0.9230602721311878,124.06030746964353,805.4154759083226,79.2781093124019,70.13677009418662,31.012151504534625,2.40158144685597,14.00099554072485,16.059756067956055,28.66695603073667,CLIMB,ABNORMAL_VIBRATION,True,0.65,1.0,OK,42,52.58,3600.0,-0.171983,0.160196,-0.642449,-0.027047,3.825087,1.52751
2026-01-01T00:07:37Z,O320_CLASS-SIM-01,O320_CLASS,RAPID_RESPONSE,2442.373415403021,2.2095903407298327,2349.8211184454594,0.9268011105670515,122.19994748828184,807.5134755430635,79.54190452976484,71.85346245390258,31.22768839612266,2.132939700767327,14.014339758737536,15.449797577695538,29.004797715731314,CLIMB,ABNORMAL_VIBRATION,True,0.65,1.0,OK,42,52.54,3600.0,-2.654208,1.418639,-0.389359,0.087873,-23.802682,1.25736
2026-01-01T00:07:38Z,O320_CLASS-SIM-01,O320_CLASS,RAPID_RESPONSE,2451.850335581832,2.0804241384927393,2364.08689013285,0.9258203414782523,122.68464525837275,808.448604333519,79.71918932851212,69.84070810296737,31.146076998201963,2.469607028514032,14.050551167860071,16.202027783761135,28.81893977009563,CLIMB,ABNORMAL_VIBRATION,True,0.65,1.0,OK,42,52.48,3600.0,-2.058451,2.628191,-0.205277,0.023568,-9.221673,1.594379
2026-01-01T00:07:39Z,O320_CLASS-SIM-01,O320_CLASS,RAPID_RESPONSE,2459.594737520817,2.029961246505092,2382.921106546562,0.925041702093401,124.66904582624704,804.784206897366,79.84822624357074,71.95505541517369,31.065564494740258,2.2655552994213703,13.97623061058581,15.7531009635824,28.726227624385604,CLIMB,ABNORMAL_VIBRATION,True,0.65,1.0,OK,42,52.44,3600.0,-0.015101,-0.832241,-0.05975,-0.038516,10.377292,1.390839
2026-01-01T00:07:40Z,O320_CLASS-SIM-01,O320_CLASS,RAPID_RESPONSE,2466.158387654794,2.187417362335205,2368.388583095034,0.9254828974111864,121.5178803649988,806.64407564897,79.78947611368692,70.47475076796927,31.07347555857163,2.3340379095866925,13.929293407078584,16.116960741301188,28.970876204876678,CLIMB,ABNORMAL_VIBRATION,True,0.65,1.0,OK,42,52.41,3600.0,-3.472838,0.766386,-0.108808,-0.043783,-3.705736,1.459303
2026-01-01T00:07:41Z,O320_CLASS-SIM-01,O320_CLASS,RAPID_RESPONSE,2474.3747653302244,1.7685752806088861,2357.613608704606,0.9244292668956177,126.46348440792964,805.6706018992396,79.2864892167844,70.98851714476525,31.060808009200287,2.544500720323213,14.011055571383492,15.134802627894866,29.014092596465858,CLIMB,ABNORMAL_VIBRATION,True,0.65,1.0,OK,42,52.37,3600.0,1.941108,0.435132,-0.590044,-0.029445,-13.472004,1.670475
2026-01-01T00:07:42Z,O320_CLASS-SIM-01,O320_CLASS,RAPID_RESPONSE,2480.902188293151,1.6510925406345491,2367.196168416704,0.9247108311069488,122.59351443129013,806.863511897035,80.13051458378726,70.79452563352193,31.019140835302153,2.193117834324141,14.023475553610666,15.498315094750104,29.089860677637237,CLIMB,ABNORMAL_VIBRATION,True,0.65,1.0,OK,42,52.35,3600.0,-1.925563,1.69355,0.269183,-0.077909,-3.18441,1.319243
2026-01-01T00:07:43Z,O320_CLASS-SIM-01,O320_CLASS,RAPID_RESPONSE,2489.7213370637737,1.8008254423375207,2354.371135926383,0.9235028630360391,125.33381300487218,801.70042759472,80.01022709449717,70.77667532856107,31.02938035828837,2.493650096021751,13.92647399236357,15.95765645614048,29.170990371864896,CLIMB,ABNORMAL_VIBRATION,True,0.65,1.0,OK,42,52.34,3600.0,0.738852,-3.348797,0.176521,-0.0349,-14.728255,1.620652
2026-01-01T00:07:44Z,O320_CLASS-SIM-01,O320_CLASS,RAPID_RESPONSE,2499.6907789061815,1.82452039079683,2364.954668025911,0.9224320985906085,124.26918764438655,806.3403497038406,79.47347744100752,71.25992536427411,31.167271549488735,2.431146519288557,13.95205404922299,15.529668580676718,29.04244606681831,CLIMB,ABNORMAL_VIBRATION,True,0.65,1.0,OK,42,52.33,3600.0,-0.294654,1.530086,-0.324705,0.134731,-2.497271,1.559132
2026-01-01T00:07:45Z,O320_CLASS-SIM-01,O320_CLASS,RAPID_RESPONSE,2505.002973324152,1.8484227825577546,2362.4317114938017,0.9252723582061908,124.47800166516937,803.08894702195,79.62158629554413,69.64486354408436,31.15912614834467,2.2723904516839406,14.011565605940785,15.72650897615322,28.766059342281988,CLIMB,ABNORMAL_VIBRATION,True,0.65,1.0,OK,42,52.32,3600.0,-0.587935,-2.361441,-0.179817,0.050383,-5.169607,1.399312
2026-01-01T00:07:46Z,O320_CLASS-SIM-01,O320_CLASS,RAPID_RESPONSE,2512.303500221278,1.8329257935871253,2361.8679967865132,0.9217774545730597,124.88985378312758,806.1071360415665,80.42474418226666,70.83402806337597,31.090901713163728,2.505888098691231,13.957484103802818,15.614767725776407,28.759152498607,CLIMB,ABNORMAL_VIBRATION,True,0.65,1.0,OK,42,52.32,3600.0,0.271031,1.447736,0.661963,0.077212,-3.942162,1.634687
2026-01-01T00:07:47Z,O320_CLASS-SIM-01,O320_CLASS,RAPID_RESPONSE,2518.217830749178,1.7379146602429119,2367.6877116518667,0.9235849180521088,121.6274469039254,809.937640865909,79.39552384001995,72.14099847064278,30.985283175796674,2.3292364303400177,13.92583355773904,15.94100946140502,28.75443798968859,CLIMB,ABNORMAL_VIBRATION,True,0.65,1.0,OK,42,52.3,3600.0,-3.214705,5.006697,-0.356761,-0.073902,2.364361,1.457593
2026-01-01T00:07:48Z,O320_CLASS-SIM-01,O320_CLASS,RAPID_RESPONSE,2526.16827754663,1.3635673118682867,2370.920005183355,0.9247562606364684,126.94863151587077,803.0240481431266,79.82639661186253,69.41660062543502,31.04003573083075,2.234320536029789,14.005697103817202,16.099614131147955,29.06617723083319,CLIMB,ABNORMAL_VIBRATION,True,0.65,1.0,OK,42,52.27,3600.0,2.181191,-1.83372,0.072096,-0.056718,5.503172,1.362155
2026-01-01T00:07:49Z,O320_CLASS-SIM-01,O320_CLASS,RAPID_RESPONSE,2534.0752877645127,1.670063395569995,2363.6827311014035,0.9225915469489467,123.9595353539924,803.2778379799863,80.4214391140036,70.6425178455608,31.064559967802563,2.4302771798736797,14.064987621189402,16.166494750074353,28.807249767365057,CLIMB,ABNORMAL_VIBRATION,True,0.65,1.0,OK,42,52.25,3600.0,-0.902278,-1.427411,0.69237,0.023855,-0.563961,1.559261
2026-01-01T00:07:50Z,O320_CLASS-SIM-01,O320_CLASS,RAPID_RESPONSE,2542.4908119858446,1.4390052938030038,2364.5370290872143,0.9217456961628853,125.37196150111382,808.247257356481,79.18471552983763,69.44259222253766,31.030712402219653,2.3338404573651292,14.051406988669934,16.08555586547878,29.054950437099926,CLIMB,ABNORMAL_VIBRATION,True,0.65,1.0,OK,42,52.23,3600.0,0.781815,3.986096,-0.513653,0.015736,1.714138,1.463651
2026-01-01T00:07:51Z,O320_CLASS-SIM-01,O320_CLASS,RAPID_RESPONSE,2550.066414422693,1.3790437297227205,2351.091444351421,0.9246190360116513,125.47035405302549,807.7713867857585,79.61149656735958,70.1802066052261,31.062412821841697,2.383519302464946,13.947191385124768,16.014032008913617,28.908121891317368,CLIMB,ABNORMAL_VIBRATION,True,0.65,1.0,OK,42,52.23,3600.0,0.409037,2.919671,-0.092981,-0.033133,-12.014754,1.512167
2026-01-01T00:07:52Z,O320_CLASS-SIM-01,O320_CLASS,RAPID_RESPONSE,2556.4367354560945,1.0601486432747278,2360.9487254971177,0.9258583889295111,126.92649137684403,805.3841870323811,80.4663008743675,70.20779729521826,31.10061519907198,2.423983872868841,13.975704821699644,15.65553309175402,28.60001216594265,CLIMB,ABNORMAL_VIBRATION,True,0.65,1.0,OK,42,52.23,3600.0,1.869381,0.500803,0.746496,-0.038489,-2.868309,1.551823
2026-01-01T00:07:53Z,O320_CLASS-SIM-01,O320_CLASS,RAPID_RESPONSE,2567.5170581430066,1.2274434057342376,2354.964825406893,0.9205104270071451,124.70749417387839,808.843827194486,80.50468877767298,68.861976829054,31.03426635818896,2.2438567227180233,14.020637943886829,15.891454131884538,28.811502531622576,CLIMB,ABNORMAL_VIBRATION,True,0.65,1.0,OK,42,52.21,3600.0,0.130589,4.95408,0.836318,0.037473,-6.466868,1.374408
2026-01-01T00:07:54Z,O320_CLASS-SIM-01,O320_CLASS,RAPID_RESPONSE,2573.2570077690343,1.2029242438258825,2373.626517567169,0.9238716968078099,125.79244387149056,797.7071494128967,79.62614886223086,71.80575919306237,31.117333208183798,2.1370896947518165,13.981430153075664,15.514324229361437,29.16155072719603,CLIMB,ABNORMAL_VIBRATION,True,0.65,1.0,OK,42,52.18,3600.0,0.695956,-6.859281,-0.039406,0.033834,12.32544,1.266528
2026-01-01T00:07:55Z,O320_CLASS-SIM-01,O320_CLASS,RAPID_RESPONSE,2581.0762939666242,1.1102164685094187,2360.322418034508,0.9174704541270482,123.72270709493627,804.4048958867215,79.9768300409896,68.53465915275689,31.0310062459616,2.568988187305375,13.947134536315577,15.866901130112785,28.912680370057107,CLIMB,ABNORMAL_VIBRATION,True,0.65,1.0,OK,42,52.15,3600.0,-0.378354,1.408496,0.385864,0.128991,2.480495,1.702011
2026-01-01T00:07:56Z,O320_CLASS-SIM-01,O320_CLASS,RAPID_RESPONSE,2590.8431754188064,1.1417141389344907,2358.0133476723754,0.924302512098922,123.46912185055605,803.7009187910121,79.44197390806907,69.9251009490831,31.09152085020429,2.369313495485441,13.968062966317994,15.838684520723062,29.124250276537463,CLIMB,ABNORMAL_VIBRATION,True,0.65,1.0,OK,42,52.15,3600.0,-1.79101,-0.816512,-0.165553,0.00546,-0.59659,1.499628
2026-01-01T00:07:57Z,O320_CLASS-SIM-01,O320_CLASS,RAPID_RESPONSE,2594.5862847851377,1.1488583503928833,2357.178257108724,0.9223739899683264,123.14010547558794,807.7193709462315,79.30023562532351,70.80560785126792,31.017067473281802,2.2812416381768665,14.026762524102951,16.047888140238403,28.92988489682392,CLIMB,ABNORMAL_VIBRATION,True,0.65,1.0,OK,42,52.14,3600.0,-1.908274,3.586258,-0.296816,-0.021002,-0.945894,1.412366
2026-01-01T00:07:58Z,O320_CLASS-SIM-01,O320_CLASS,RAPID_RESPONSE,2604.536787553104,1.0346491817269736,2357.9943834515598,0.9210841586224798,126.21800178505372,802.3982642501934,80.1897598469309,69.6806027415653,31.04819676710532,2.538058465197338,13.99093024167946,15.719850149383594,28.891983609435197,CLIMB,ABNORMAL_VIBRATION,True,0.65,1.0,OK,42,52.15,3600.0,1.344846,-1.34978,0.618164,0.042894,1.050827,1.670025
2026-01-01T00:07:59Z,O320_CLASS-SIM-01,O320_CLASS,RAPID_RESPONSE,2612.297517653793,0.9293530308770266,2356.389602041053,0.9223353882694898,126.20693023435098,803.8215146724629,80.30474631556233,69.75655893959595,31.034321451270415,2.2754913134898214,13.950560640030082,15.53005872206573,28.814790344187596,CLIMB,ABNORMAL_VIBRATION,True,0.65,1.0,OK,42,52.16,3600.0,1.15375,-0.100996,0.740979,-0.005906,-0.1909,1.40712
2026-01-01T00:08:00Z,O320_CLASS-SIM-01,O320_CLASS,RAPID_RESPONSE,2620.2222632917938,0.9746607207253261,2352.860909677799,0.9246752917134354,127.06721972000523,807.1489115465789,79.22592848874218,69.43411055492345,31.135925989831765,2.393846729144302,13.981876736131888,15.963743595210117,29.043389624553893,CLIMB,ABNORMAL_VIBRATION,True,0.65,1.0,OK,42,52.18,3600.0,1.473581,2.595784,-0.354426,0.023128,-4.488877,1.524261
2026-01-01T00:08:01Z,O320_CLASS-SIM-01,O320_CLASS,RAPID_RESPONSE,2625.223072557188,0.9633943888547161,2363.4895001062855,0.91980905533771,125.25707595411967,801.1638053037573,79.15947853533112,69.32834896146065,31.06812797494763,2.417400123511383,13.97029876081321,15.791964380260186,28.718155877116732,CLIMB,ABNORMAL_VIBRATION,True,0.65,1.0,OK,42,52.21,3600.0,0.347115,-2.296751,-0.37813,0.088224,8.122132,1.550256
2026-01-01T00:08:02Z,O320_CLASS-SIM-01,O320_CLASS,RAPID_RESPONSE,2634.2851801353927,1.0510351747875752,2354.782734637665,0.9216317390504367,125.72691923455358,798.8179266830541,79.75339239533423,72.2088571611561,31.037170257120803,2.2649286735463,14.011905362294957,16.18533100256844,29.034352119378454,CLIMB,ABNORMAL_VIBRATION,True,0.65,1.0,OK,42,52.2,3600.0,0.360127,-5.10898,0.230386,0.010076,0.0926,1.397387
2026-01-01T00:08:03Z,O320_CLASS-SIM-01,O320_CLASS,RAPID_RESPONSE,2637.970293385828,0.9166857515753394,2375.3315463886483,0.9231893265379634,123.92987315811445,804.5329918333698,79.01215361841463,70.66211088593212,30.994541267056018,2.405995802177533,13.963709691159812,15.632310876870276,29.10893732974469,CLIMB,ABNORMAL_VIBRATION,True,0.65,1.0,OK,42,52.18,3600.0,-1.589634,0.38532,-0.515751,-0.076518,20.414225,1.537795
2026-01-01T00:08:04Z,O320_CLASS-SIM-01,O320_CLASS,RAPID_RESPONSE,2648.920617846106,0.6991443202991681,2344.9344103619005,0.9181084488790531,123.85053865215527,804.0476301633317,79.90229355589548,69.17610607787024,31.11989316270477,2.355633166992045,13.982148769610367,15.493956724670404,29.03253791634447,CLIMB,ABNORMAL_VIBRATION,True,0.65,1.0,OK,42,52.17,3600.0,-0.82149,1.242324,0.430163,0.186743,-7.396288,1.490147
2026-01-01T00:08:05Z,O320_CLASS-SIM-01,O320_CLASS,RAPID_RESPONSE,2659.473426414894,0.46960091264969517,2350.6674569164093,0.9242888189533593,123.65249613723866,805.1237528565193,79.98456887668259,69.6354895808113,31.067908980130156,2.441140294650724,14.047588039098315,15.743290070864386,28.80197703454544,CLIMB,ABNORMAL_VIBRATION,True,0.65,1.0,OK,42,52.17,3600.0,-1.866652,1.159254,0.489872,-0.036947,-2.709792,1.573023
2026-01-01T00:08:06Z,O320_CLASS-SIM-01,O320_CLASS,RAPID_RESPONSE,2662.5089187222784,0.8312668447865269,2341.8034585670234,0.9211615185906843,125.5488893082061,802.3888445754035,79.59369646507803,71.57303636099735,31.033344998455245,2.3818841089581673,14.019441409438304,15.81361170851119,29.095645265236612,CLIMB,ABNORMAL_VIBRATION,True,0.65,1.0,OK,42,52.17,3600.0,0.083758,-1.272112,0.117774,0.010256,-10.703111,1.515154
2026-01-01T00:08:07Z,O320_CLASS-SIM-01,O320_CLASS,RAPID_RESPONSE,2671.6976487136803,0.5983075064586673,2337.8491635090604,0.9183346046864507,123.25972952161493,804.5340032765214,78.92266533941344,70.47440669494817,31.03996561485186,2.3727070072854577,13.963512105687093,15.90421735999127,28.756982545418076,CLIMB,ABNORMAL_VIBRATION,True,0.65,1.0,OK,42,52.15,3600.0,-1.634671,1.7682,-0.505568,0.097908,-12.445713,1.507802
2026-01-01T00:08:08Z,O320_CLASS-SIM-01,O320_CLASS,RAPID_RESPONSE,2677.5342786729075,0.7646722411772233,2354.2976212983913,0.921011622624985,126.26926952333267,803.5472862794634,79.60657556919352,68.76498549426671,31.141000832709977,2.216662546154563,14.035354641944677,15.696375286258139,28.996635235018783,CLIMB,ABNORMAL_VIBRATION,True,0.65,1.0,OK,42,52.15,3600.0,0.762067,0.067035,0.186023,0.131076,4.35897,1.350972
2026-01-01T00:08:09Z,O320_CLASS-SIM-01,O320_CLASS,RAPID_RESPONSE,2687.675409322613,0.7092962817910267,2344.077741360542,0.9235401596914466,127.75233545632257,802.8175221134856,79.45306631442935,68.94822543353494,31.019185962101055,2.6103763218539173,13.958393601453592,15.5030055671092,29.115120387327217,CLIMB,ABNORMAL_VIBRATION,True,0.65,1.0,OK,42,52.15,3600.0,1.734333,-1.25138,0.014698,-0.070686,-6.687182,1.743358
2026-01-01T00:08:10Z,O320_CLASS-SIM-01,O320_CLASS,RAPID_RESPONSE,2695.072625107968,0.8061728213069972,2346.541690321657,0.9215488585707714,124.78092877601702,803.761802173903,78.71536718367197,69.86346524088533,31.051707607892702,2.3589702597210733,13.976656283461004,15.509792496160971,28.980557892084978,CLIMB,ABNORMAL_VIBRATION,True,0.65,1.0,OK,42,52.16,3600.0,-1.166132,-0.023539,-0.711413,0.008266,-3.685796,1.492763
2026-01-01T00:08:11Z,O320_CLASS-SIM-01,O320_CLASS,RAPID_RESPONSE,2699.9408958856425,0.5157504361901036,2366.0836681834253,0.9241747466809923,123.80479690816802,802.0009955146702,79.57941652582261,69.2077948219751,30.964589003144898,2.3225562826416777,13.987913373119,16.20701101014585,28.831333486870218,CLIMB,ABNORMAL_VIBRATION,True,0.65,1.0,OK,42,52.16,3600.0,-2.339808,-2.118349,0.134527,-0.156074,15.016324,1.455046
2026-01-01T00:08:12Z,O320_CLASS-SIM-01,O320_CLASS,RAPID_RESPONSE,2711.011264337249,0.1997515543453196,2340.6072292303456,0.9225544350307301,126.94871264231617,800.8886469828988,79.40630594676004,68.10727570006426,31.024522939188877,2.5374782420983255,13.975011882535735,15.661122589179907,28.697766447416466,CLIMB,ABNORMAL_VIBRATION,True,0.65,1.0,OK,42,52.16,3600.0,1.165494,-2.646011,-0.029784,-0.063696,-10.051998,1.670554
2026-01-01T00:08:13Z,O320_CLASS-SIM-01,O320_CLASS,RAPID_RESPONSE,2715.8484500338836,0.6043802176790654,2348.7583381173863,0.9190139029852173,125.30787064524685,799.2278445937961,78.97685824497884,70.24932942399406,31.025483706605026,2.516470212298281,13.98504705060797,15.709341140087162,28.96128897310323,CLIMB,ABNORMAL_VIBRATION,True,0.65,1.0,OK,42,52.16,3600.0,-0.368999,-3.877475,-0.412786,0.03973,0.25311,1.651632
2026-01-01T00:08:14Z,O320_CLASS-SIM-01,O320_CLASS,RAPID_RESPONSE,2720.3738346760533,0.32225324422704965,2347.1270710246117,0.9238980037129563,126.88064962910622,800.3264659943042,79.86523308560973,68.89972452002263,30.986408319475515,2.324089279963732,13.981671344013542,16.097909630029687,28.914168372367563,CLIMB,ABNORMAL_VIBRATION,True,0.65,1.0,OK,42,52.16,3600.0,0.697148,-3.564827,0.458088,-0.131215,-2.189813,1.457223
2026-01-01T00:08:15Z,O320_CLASS-SIM-01,O320_CLASS,RAPID_RESPONSE,2732.2529328257738,0.37745817353942457,2355.6063481884403,0.922400543521928,127.46390406399611,804.6216795115037,79.42130211458293,70.04943221104227,31.026108582168426,2.462391427780104,14.039248761742437,16.113734757938264,28.859770041786447,CLIMB,ABNORMAL_VIBRATION,True,0.65,1.0,OK,42,52.16,3600.0,1.238082,0.91124,0.022363,-0.063135,6.670063,1.596049
2026-01-01T00:08:16Z,O320_CLASS-SIM-01,O320_CLASS,RAPID_RESPONSE,2738.825845473548,0.4126859015744856,2352.611522584674,0.9213719032491354,125.41189043268399,803.8684899034008,79.33143040503656,68.47514235104451,31.036127169170694,2.3295704317725496,13.976186722327373,15.92917350769009,29.05224374171014,CLIMB,ABNORMAL_VIBRATION,True,0.65,1.0,OK,42,52.18,3600.0,-0.777235,0.347668,-0.047937,-0.025802,4.582886,1.463901
2026-01-01T00:08:17Z,O320_CLASS-SIM-01,O320_CLASS,RAPID_RESPONSE,2748.522747775051,0.10262138419321039,2351.599936189547,0.9208040709430683,124.35290862504326,804.6603435833582,79.38444707099738,71.02996954142884,31.10155951443076,2.3994957746715135,13.994770900008387,15.739113942174713,28.70628906701315,CLIMB,ABNORMAL_VIBRATION,True,0.65,1.0,OK,42,52.18,3600.0,-1.561678,1.574945,0.029076,0.054502,4.684194,1.534404
2026-01-01T00:08:18Z,O320_CLASS-SIM-01,O320_CLASS,RAPID_RESPONSE,2752.0211487888296,-0.03597645895482643,2344.517204196454,0.9163444769991376,125.22036016754652,802.2987559346632,79.22571277972624,68.37427041732556,31.010640453799933,2.62021293558766,14.007007444524476,15.553077408466246,28.844515028003347,CLIMB,ABNORMAL_VIBRATION,True,0.65,1.0,OK,42,52.21,3600.0,0.156786,0.451595,-0.06295,0.098874,0.69516,1.75795
2026-01-01T00:08:19Z,O320_CLASS-SIM-01,O320_CLASS,RAPID_RESPONSE,2762.1488880212128,-0.06943714222151204,2338.0918623308626,0.9224840110036164,125.40762406726297,800.1203126268746,79.28052460644224,68.94657516480703,30.928100361057933,2.2765044996238926,14.013029875647439,15.800932102884659,29.18716230559035,CLIMB,ABNORMAL_VIBRATION,True,0.65,1.0,OK,42,52.23,3600.0,-0.676809,-3.041003,-0.022328,-0.15032,-6.38828,1.411807
2026-01-01T00:08:20Z,O320_CLASS-SIM-01,O320_CLASS,RAPID_RESPONSE,2771.6297506432215,0.2139450419842338,2365.991942630548,0.9218866828939196,126.14494513347951,805.2306660983792,79.05999186566795,68.88683439394515,30.993367872128363,2.3974505071264227,13.967280686892826,15.511367713010701,28.912640997033595,CLIMB,ABNORMAL_VIBRATION,True,0.65,1.0,OK,42,52.26,3600.0,-0.310774,1.831722,-0.242947,-0.079975,21.507816,1.532834
2026-01-01T00:08:21Z,O320_CLASS-SIM-01,O320_CLASS,RAPID_RESPONSE,2777.108247653644,-0.3416744666538075,2331.2935379768583,0.9179832447948549,124.9276668006715,803.7716321489738,79.35717602038099,69.60142672066456,31.062412281479503,2.5412571857384654,14.004937417524824,15.730497672506079,29.013450851220266,CLIMB,ABNORMAL_VIBRATION,True,0.65,1.0,OK,42,52.28,3600.0,-0.425716,1.821357,0.09834,0.098795,-11.145234,1.678788
2026-01-01T00:08:22Z,O320_CLASS-SIM-01,O320_CLASS,RAPID_RESPONSE,2786.255662397487,-0.045283225731098074,2352.4536934464145,0.9154936087001784,125.67672620225504,801.9103528085049,79.71659601820755,69.95483701402529,30.951280411676727,2.402049601050666,13.951389838731103,15.387754965012741,28.81133444273974,CLIMB,ABNORMAL_VIBRATION,True,0.65,1.0,OK,42,52.29,3600.0,0.359661,0.312191,0.519858,0.067041,12.894838,1.541596
2026-01-01T00:08:23Z,O320_CLASS-SIM-01,O320_CLASS,RAPID_RESPONSE,2791.9609618967393,-0.3846113573896295,2346.8316541221366,0.9214513974420458,127.32825764789224,801.5304424791804,79.22562050559212,68.6218969851983,31.107205595689255,2.1116762736228276,13.957672616608304,15.66942784031178,28.68157209181554,CLIMB,ABNORMAL_VIBRATION,True,0.65,1.0,OK,42,52.31,3600.0,1.389645,-1.016387,0.011684,0.063908,6.475192,1.248838
2026-01-01T00:08:24Z,O320_CLASS-SIM-01,O320_CLASS,RAPID_RESPONSE,2799.612519464093,-0.2189113304554857,2335.719039835508,0.9201289378522054,126.85538946411755,801.9626632024252,79.04611475663233,68.46214439124225,31.0214497030548,2.2446097038009625,14.000075407570202,15.55027909563356,29.031569337340986,CLIMB,ABNORMAL_VIBRATION,True,0.65,1.0,OK,42,52.35,3600.0,0.807653,-0.528238,-0.163003,0.005014,-4.41395,1.382216
2026-01-01T00:08:25Z,O320_CLASS-SIM-01,O320_CLASS,RAPID_RESPONSE,2801.151130478014,-0.026209616086627585,2312.4484926643945,0.8792307716911701,118.06340611117902,791.3129281430002,79.28741094729526,69.62026184371913,29.79668014348146,2.160260687530851,13.979172651875906,15.268671912499936,28.41428777960467,CRUISE,ABNORMAL_VIBRATION,True,0.65,1.0,OK,42,52.38,3600.0,-1.529036,-1.724317,0.52232,-0.031062,-7.091978,1.320482
2026-01-01T00:08:26Z,O320_CLASS-SIM-01,O320_CLASS,RAPID_RESPONSE,2798.124600406808,-0.12999523185829207,2290.206778859864,0.8790534951348122,118.98747257542875,793.0096120889978,78.41210558408662,67.97257060336838,29.76030930084639,2.3713957907472283,13.95860928840407,14.988901050135592,28.680582763119418,CRUISE,ABNORMAL_VIBRATION,True,0.65,1.0,OK,42,52.4,3600.0,0.340194,1.241487,-0.032502,0.076346,-14.470671,1.538314
2026-01-01T00:08:27Z,O320_CLASS-SIM-01,O320_CLASS,RAPID_RESPONSE,2803.371006655828,-0.0872101799149921,2304.886837488027,0.8786994201280356,117.61458034080754,790.5833727925583,78.18218231702828,67.29689276373988,29.683184403153138,2.3909010657088183,13.96636942011038,15.037242310211154,28.616756402458574,CRUISE,ABNORMAL_VIBRATION,True,0.65,1.0,OK,42,52.42,3600.0,-0.550437,-0.378,-0.025923,0.103625,11.177588,1.56273
2026-01-01T00:08:28Z,O320_CLASS-SIM-01,O320_CLASS,RAPID_RESPONSE,2802.1379430295983,-0.40852437540715003,2286.334675851243,0.8797781028383683,118.59527142841868,789.023021147827,77.07424569353603,67.08178882577222,29.54586716318327,2.1801452379212742,14.024262435380676,14.94857255893396,28.566828681806296,CRUISE,ABNORMAL_VIBRATION,True,0.65,1.0,OK,42,52.44,3600.0,1.005778,-1.270358,-0.975639,0.0091,-0.036786,1.354881
2026-01-01T00:08:29Z,O320_CLASS-SIM-01,O320_CLASS,RAPID_RESPONSE,2801.274164407579,-0.042970376272428196,2277.238629312523,0.8795871572922437,116.25301087296617,793.7227297416675,78.11175157234908,67.23217269533701,29.491830209844807,2.389133064420121,13.964935652301948,14.615931060750045,28.43570138145373,CRUISE,ABNORMAL_VIBRATION,True,0.65,1.0,OK,42,52.45,3600.0,-1.385276,3.507348,0.17752,0.009772,-3.769224,1.566303
2026-01-01T00:08:30Z,O320_CLASS-SIM-01,O320_CLASS,RAPID_RESPONSE,2802.0957444361634,-0.26402560219906146,2274.3225759342536,0.877169146331159,117.44565099532493,789.4182744675064,77.73969441337212,67.81629473714618,29.497699339218105,2.324609281336034,13.98810413718321,14.650821977067144,28.43377124657192,CRUISE,ABNORMAL_VIBRATION,True,0.65,1.0,OK,42,52.48,3600.0,0.599781,0.264486,-0.084952,0.119181,-1.603057,1.504777
2026-01-01T00:08:31Z,O320_CLASS-SIM-01,O320_CLASS,RAPID_RESPONSE,2800.285978389868,-0.3010105131377475,2275.2071388246436,0.8782422425715098,117.31709518296971,787.2360119548141,77.1413675338925,68.18030848435995,29.409485845893474,2.0930638661075536,13.938029571309238,14.78880471412148,28.714165093115344,CRUISE,ABNORMAL_VIBRATION,True,0.65,1.0,OK,42,52.5,3600.0,0.554291,-1.844751,-0.616591,0.035508,2.374279,1.274267
2026-01-01T00:08:32Z,O320_CLASS-SIM-01,O320_CLASS,RAPID_RESPONSE,2801.5117913248932,-0.24609111995600264,2281.515299667358,0.8761674683796432,119.45244107459385,795.5975894490218,76.67778214492851,67.32276433937302,29.377482425190685,2.3180315840805914,13.957801638399445,14.86567176616973,28.483124529832676,CRUISE,ABNORMAL_VIBRATION,True,0.65,1.0,OK,42,52.49,3600.0,3.059711,7.097505,-1.009388,0.081767,11.965372,1.501322
2026-01-01T00:08:33Z,O320_CLASS-SIM-01,O320_CLASS,RAPID_RESPONSE,2801.014591559652,-0.241303964670457,2275.5252308728386,0.8773944621063742,115.03663055962524,794.3496223824661,77.47024183793617,67.17519524951055,29.37903052943031,2.2725330330529987,14.02317865432073,14.792888637398843,28.26647697641394,CRUISE,ABNORMAL_VIBRATION,True,0.65,1.0,OK,42,52.47,3600.0,-1.426304,5.741722,-0.179344,0.070645,7.718349,1.456202
2026-01-01T00:08:34Z,O320_CLASS-SIM-01,O320_CLASS,RAPID_RESPONSE,2800.56931750499,-0.277040483494806,2268.1379354816627,0.8762915471963565,117.93650145243737,786.5631641172665,78.30031508559314,68.63393554348114,29.37579055347035,2.23353601330276,13.932774470255657,14.792944490621792,28.41526588293514,CRUISE,ABNORMAL_VIBRATION,True,0.65,1.0,OK,42,52.43,3600.0,1.755741,-1.659947,0.68949,0.110445,2.128659,1.418348
2026-01-01T00:08:35Z,O320_CLASS-SIM-01,O320_CLASS,RAPID_RESPONSE,2801.27919992767,-0.26231559215328915,2265.7313965713,0.8790586759029871,118.04940342314868,787.249053166906,78.37918396992812,66.01740494433352,29.46098816269957,2.2459776864932453,13.969509658506226,14.506436635493937,28.435308151412496,CRUISE,ABNORMAL_VIBRATION,True,0.65,1.0,OK,42,52.4,3600.0,1.470605,-1.531401,0.766762,0.128734,-0.351941,1.42987
2026-01-01T00:08:36Z,O320_CLASS-SIM-01,O320_CLASS,RAPID_RESPONSE,2804.3766390291366,0.004339098949399961,2278.3688077379275,0.8788728270178561,117.09841501696357,787.206436527358,77.27534178021433,66.0676897037366,29.35231732360564,2.2135686248789677,13.912042620897054,14.611401337055295,28.711942914288173,CRUISE,ABNORMAL_VIBRATION,True,0.65,1.0,OK,42,52.37,3600.0,0.231178,-1.819874,-0.335083,0.022458,12.378095,1.397526
2026-01-01T00:08:37Z,O320_CLASS-SIM-01,O320_CLASS,RAPID_RESPONSE,2805.1220200427647,-0.3101321088334945,2257.210684579172,0.8805757452690144,114.07185483216568,791.8978111392805,77.57663097993638,68.36386448492851,29.283242496996703,2.3052282144346066,13.966274724061376,14.535702284130709,28.277309589613,CRUISE,ABNORMAL_VIBRATION,True,0.65,1.0,OK,42,52.33,3600.0,-2.759499,2.795659,-0.050396,-0.094759,-9.549978,1.488299
2026-01-01T00:08:38Z,O320_CLASS-SIM-01,O320_CLASS,RAPID_RESPONSE,2804.5973255637714,-0.12265346635754609,2282.31850476504,0.8816457301553509,116.12127025791504,786.5818335316864,77.1071616397481,67.99787033820125,29.32709594448455,2.4823355253397814,13.984960907107368,14.6974746815947,28.43541702076545,CRUISE,ABNORMAL_VIBRATION,True,0.65,1.0,OK,42,52.28,3600.0,-1.087946,-2.99203,-0.543522,-0.085905,14.460706,1.66459
2026-01-01T00:08:39Z,O320_CLASS-SIM-01,O320_CLASS,RAPID_RESPONSE,2804.9592633377574,-0.22811426521917164,2264.815335734787,0.880995184176471,116.64646952733804,787.0706711604348,77.88870067974395,66.6945054825737,29.38759779418385,2.1224354467797126,13.932872470675097,15.046063754828777,28.712398357867116,CRUISE,ABNORMAL_VIBRATION,True,0.65,1.0,OK,42,52.25,3600.0,-0.400461,-2.309413,0.228116,-0.014539,-3.501656,1.304692
2026-01-01T00:08:40Z,O320_CLASS-SIM-01,O320_CLASS,RAPID_RESPONSE,2805.558481674697,-0.2856848303193653,2265.1554749258544,0.8823413744685125,116.38289457028517,787.4644229601216,78.39311364871358,66.63946952206773,29.449249488668585,2.109267887287477,13.984642417516135,15.127910969693362,28.484043355900496,CRUISE,ABNORMAL_VIBRATION,True,0.65,1.0,OK,42,52.24,3600.0,-0.846995,-2.19578,0.711143,0.005464,-4.153308,1.290654
2026-01-01T00:08:41Z,O320_CLASS-SIM-01,O320_CLASS,RAPID_RESPONSE,2804.1013477589527,-0.4043955918725674,2276.047080346946,0.8780100083849831,116.68410836546235,785.9419487984786,78.26331883312992,67.53854903486112,29.357305283208643,2.2116933119124806,14.01513448985662,14.516897508816255,28.313128714912963,CRUISE,ABNORMAL_VIBRATION,True,0.65,1.0,OK,42,52.23,3600.0,0.247172,-2.649085,0.611998,0.030732,8.159723,1.395098
2026-01-01T00:08:42Z,O320_CLASS-SIM-01,O320_CLASS,RAPID_RESPONSE,2802.118727743196,-0.3278471507364437,2255.6113136996532,0.8782781678507638,117.68309322400049,788.0743178214942,77.77982138063066,65.977732155157,29.360473138887883,2.338818546461547,13.9585700486845,14.703012350535436,28.243520366089697,CRUISE,ABNORMAL_VIBRATION,True,0.65,1.0,OK,42,52.22,3600.0,1.210823,-0.567119,0.146949,0.037229,-11.420433,1.522534
2026-01-01T00:08:43Z,O320_CLASS-SIM-01,O320_CLASS,RAPID_RESPONSE,2807.3066142100806,-0.3042529520136874,2275.534202224593,0.8792509939058367,117.5167280578741,790.6765630952063,77.45401304505383,67.37605546115343,29.317792792770508,2.350439759293659,13.957290825547583,14.69302381246451,28.408570655194758,CRUISE,ABNORMAL_VIBRATION,True,0.65,1.0,OK,42,52.22,3600.0,0.816883,1.804157,-0.174117,-0.03129,8.722354,1.533885
2026-01-01T00:08:44Z,O320_CLASS-SIM-01,O320_CLASS,RAPID_RESPONSE,2805.365969253065,-0.3955955896452992,2269.0073343517256,0.8795592751408187,116.12847491487722,788.8488279763052,77.68636885756743,65.95961094942713,29.347973433795588,2.2041416490976395,14.03934492947948,14.869290769095272,28.518411583344037,CRUISE,ABNORMAL_VIBRATION,True,0.65,1.0,OK,42,52.24,3600.0,-0.490368,0.020002,0.057617,-0.00689,2.166683,1.387498
2026-01-01T00:08:45Z,O320_CLASS-SIM-01,O320_CLASS,RAPID_RESPONSE,2807.313724946771,-0.5329989826136774,2246.4734967828463,0.8786458623209447,115.11678187554247,788.3830794668543,77.71304718539444,67.14291769303743,29.29626971623275,2.185805015071581,13.96938317555452,14.690371374286888,28.39910108704509,CRUISE,ABNORMAL_VIBRATION,True,0.65,1.0,OK,42,52.25,3600.0,-1.251237,-0.111417,0.094394,-0.034431,-19.898816,1.369636
2026-01-01T00:08:46Z,O320_CLASS-SIM-01,O320_CLASS,RAPID_RESPONSE,2807.894808529899,-0.2533569850951462,2281.044448801754,0.8778372121106249,117.65726408859058,788.8142147521704,77.4978775270667,66.86976060811642,29.33706940115857,2.042924143713261,13.877045854207973,14.920658973790001,28.661254978144378,CRUISE,ABNORMAL_VIBRATION,True,0.65,1.0,OK,42,52.27,3600.0,1.146258,0.247467,-0.104593,0.031896,15.422645,1.227334
2026-01-01T00:08:47Z,O320_CLASS-SIM-01,O320_CLASS,RAPID_RESPONSE,2808.9156675040404,-0.24217950179259046,2256.4317293780573,0.8785523667062324,116.77469030435365,786.4350131554438,78.28671855724856,68.1159963105911,29.374840271010427,2.2733346505581826,13.930064645797708,14.988276341806552,28.48783310313123,CRUISE,ABNORMAL_VIBRATION,True,0.65,1.0,OK,42,52.26,3600.0,0.150861,-2.272638,0.688587,0.053624,-8.988871,1.457594
2026-01-01T00:08:48Z,O320_CLASS-SIM-01,O320_CLASS,RAPID_RESPONSE,2805.9154597515903,-0.16909372796865976,2262.013080235897,0.879658829711323,115.0253442156922,791.6598591550537,77.58392786488288,67.21483454551316,29.339805753345804,2.1382025847794717,13.93252685739373,14.790761187147181,28.344697472411145,CRUISE,ABNORMAL_VIBRATION,True,0.65,1.0,OK,42,52.25,3600.0,-1.792712,2.653284,-0.024092,-0.009079,-3.866083,1.321943
2026-01-01T00:08:49Z,O320_CLASS-SIM-01,O320_CLASS,RAPID_RESPONSE,2805.884123053958,-0.24283234007703647,2267.597517462305,0.8759264304581887,116.47481497054555,790.919972222788,77.47282508478497,66.07409210201291,29.356946674889183,2.3107159496367027,13.937964337193355,14.590918040047233,28.62488199522145,CRUISE,ABNORMAL_VIBRATION,True,0.65,1.0,OK,42,52.26,3600.0,0.306103,2.818994,-0.102182,0.11058,3.249384,1.496313
2026-01-01T00:08:50Z,O320_CLASS-SIM-01,O320_CLASS,RAPID_RESPONSE,2805.301542957406,-0.30088127813186627,2255.5057758270723,0.88119493321315,116.63654060947853,786.7963137103212,77.65958093470732,65.25955205938408,29.296135199144217,2.1020684000169774,13.936860349037607,14.938542159701342,28.36550886836555,CRUISE,ABNORMAL_VIBRATION,True,0.65,1.0,OK,42,52.26,3600.0,-0.244065,-2.3699,0.051462,-0.088631,-10.377999,1.285325
2026-01-01T00:08:51Z,O320_CLASS-SIM-01,O320_CLASS,RAPID_RESPONSE,2807.8421948268347,-0.37187378442195834,2272.5677478268894,0.8772335502838517,116.7901122306836,789.043972880617,78.55234462594377,66.69760200739735,29.317162634513004,2.231615865218501,14.032993245615407,14.191016750304984,28.34881570338521,CRUISE,ABNORMAL_VIBRATION,True,0.65,1.0,OK,42,52.27,3600.0,0.512363,0.760749,0.963932,0.032327,7.597874,1.416504
2026-01-01T00:08:52Z,O320_CLASS-SIM-01,O320_CLASS,RAPID_RESPONSE,2807.0520610687377,-0.31071138221943934,2263.763191376125,0.8766507947280728,118.42351168548466,785.3454382655067,77.5397092206606,67.00284965943652,29.344306721373968,2.2413552338367526,13.92837228746676,14.540154660373483,28.361349139443274,CRUISE,ABNORMAL_VIBRATION,True,0.65,1.0,OK,42,52.26,3600.0,2.223261,-2.811768,-0.02854,0.082582,-0.271554,1.426846
2026-01-01T00:08:53Z,O320_CLASS-SIM-01,O320_CLASS,RAPID_RESPONSE,2807.979804309512,-0.4600853970263502,2272.864101602749,0.8794639032791332,116.9623351381399,792.4948269161385,77.44326532684741,65.56038233504295,29.31744331096819,2.1948985281479025,13.966088343488043,14.389216408752738,28.171159356972005,CRUISE,ABNORMAL_VIBRATION,True,0.65,1.0,OK,42,52.27,3600.0,0.485362,3.886557,-0.140377,-0.018329,8.115472,1.379173
2026-01-01T00:08:54Z,O320_CLASS-SIM-01,O320_CLASS,RAPID_RESPONSE,2807.0951144351893,-0.19761345164426633,2267.3850318933237,0.8816054581460009,119.07691210599732,790.78068789187,78.16999344933436,66.7310790920892,29.42934731588393,2.3662527282068133,13.997337113726802,14.772727814456738,28.443558055718885,CRUISE,ABNORMAL_VIBRATION,True,0.65,1.0,OK,42,52.27,3600.0,1.984737,1.384977,0.551908,0.028927,1.039034,1.549156
2026-01-01T00:08:55Z,O320_CLASS-SIM-01,O320_CLASS,RAPID_RESPONSE,2808.1390522796123,-0.3039824780094157,2271.200545307318,0.8777391981051754,116.49681898585037,782.9846784531837,78.30483181321864,65.91953593076315,29.365656080276093,2.482773679170095,13.977795927354604,14.956464644933298,28.287804507391147,CRUISE,ABNORMAL_VIBRATION,True,0.65,1.0,OK,42,52.27,3600.0,0.049148,-5.508948,0.703915,0.063242,5.650765,1.667244
2026-01-01T00:08:56Z,O320_CLASS-SIM-01,O320_CLASS,RAPID_RESPONSE,2812.061673350005,-0.09195992525313809,2267.8400201184404,0.88200359781869,115.3196181437222,788.1413381894882,78.19191316241087,64.5820250822365,29.369927425810094,2.237913590445938,14.027848934546324,14.198888700421302,28.71523326110137,CRUISE,ABNORMAL_VIBRATION,True,0.65,1.0,OK,42,52.25,3600.0,-2.049501,-1.523433,0.558954,-0.050902,0.804219,1.420333
2026-01-01T00:08:57Z,O320_CLASS-SIM-01,O320_CLASS,RAPID_RESPONSE,2807.8909526154353,-0.32379745073280775,2256.3264497718023,0.8769512800520503,117.2020514501713,786.0723340783895,77.9089485634162,65.52643977662204,29.28028232744028,2.1619814738686487,13.978858462221767,14.524540169413774,28.4786443557038,CRUISE,ABNORMAL_VIBRATION,True,0.65,1.0,OK,42,52.25,3600.0,0.877542,-2.256242,0.305704,-0.00422,-9.33126,1.346658
2026-01-01T00:08:58Z,O320_CLASS-SIM-01,O320_CLASS,RAPID_RESPONSE,2810.0390201874634,-0.09610239072306734,2263.5579636455245,0.8770120850693769,116.80499057507288,790.0200880619846,77.02716990944951,65.32673672564457,29.304005600287287,2.3158600918645815,13.945911352317852,14.769891112774628,28.232467679458967,CRUISE,ABNORMAL_VIBRATION,True,0.65,1.0,OK,42,52.25,3600.0,0.260635,1.51136,-0.55454,0.025246,-1.101029,1.500931
2026-01-01T00:08:59Z,O320_CLASS-SIM-01,O320_CLASS,RAPID_RESPONSE,2806.8896812134676,-0.310268506911902,2264.5698580173394,0.8761647863283579,115.98143685348983,787.8311632926072,77.45276849340414,66.1443090569963,29.30591797506497,2.3080177701972673,13.98337365796378,14.390606099904511,28.487139629178298,CRUISE,ABNORMAL_VIBRATION,True,0.65,1.0,OK,42,52.28,3600.0,-0.128149,-0.197481,-0.105487,0.060101,0.998577,1.493868
2026-01-01T00:09:00Z,O320_CLASS-SIM-01,O320_CLASS,RAPID_RESPONSE,2809.709832501718,-0.0796965407300956,2261.1084571475703,0.8805822964430602,116.75562318162076,792.5530040388327,78.12507365728831,66.16504407493022,29.32491552140876,2.292412262496038,13.963299186387928,15.011715608222405,28.484458969134813,CRUISE,ABNORMAL_VIBRATION,True,0.65,1.0,OK,42,52.3,3600.0,-0.289191,3.322597,0.537241,-0.040744,-3.834516,1.476227
2026-01-01T00:09:01Z,O320_CLASS-SIM-01,O320_CLASS,RAPID_RESPONSE,2809.1798958395902,-0.3325666015354246,2256.1437272839607,0.8801342822773507,115.71724963211203,791.5597777800285,77.09017373640657,66.09490076039833,29.394574125264207,2.1127699044062873,14.029245835772393,14.484572472015492,28.4935785394447,CRUISE,ABNORMAL_VIBRATION,True,0.65,1.0,OK,42,52.33,3600.0,-1.046284,2.614348,-0.514333,0.032901,-9.572542,1.296394
2026-01-01T00:09:02Z,O320_CLASS-SIM-01,O320_CLASS,RAPID_RESPONSE,2810.9100838911845,-0.15642455692658286,2267.9756218919806,0.8809894781621217,117.32001527650493,793.2069326808839,77.81491038483787,67.5513740200847,29.38115056670836,1.9747612811315622,14.047016142108346,14.446563116786054,28.69647177092091,CRUISE,ABNORMAL_VIBRATION,True,0.65,1.0,OK,42,52.34,3600.0,0.188494,3.837333,0.189843,-0.011184,1.305849,1.157677
2026-01-01T00:09:03Z,O320_CLASS-SIM-01,O320_CLASS,RAPID_RESPONSE,2810.3576504821394,-0.10789995342310552,2260.2132888713804,0.8802197430544332,116.38917059038978,792.7425626985888,77.78007892038028,66.71581590041849,29.22692676351448,2.2647387727895705,13.980984810422019,14.645308564568667,28.616039805345313,CRUISE,ABNORMAL_VIBRATION,True,0.65,1.0,OK,42,52.35,3600.0,-0.695367,3.453135,0.148281,-0.149517,-6.768639,1.447768
2026-01-01T00:09:04Z,O320_CLASS-SIM-01,O320_CLASS,RAPID_RESPONSE,2810.0331542143044,-0.2614650030278744,2275.107526987282,0.8743844209349082,117.39608971469178,787.9506697233033,77.23831718398023,66.22446449795423,29.395537371997346,2.4011602255549107,13.964600075409592,14.807596014108622,28.60180254937769,CRUISE,ABNORMAL_VIBRATION,True,0.65,1.0,OK,42,52.36,3600.0,1.384995,0.139006,-0.335696,0.182305,10.805471,1.587222
2026-01-01T00:09:05Z,O320_CLASS-SIM-01,O320_CLASS,RAPID_RESPONSE,2810.7155039408212,-0.37446472830087674,2260.512450222106,0.8805910506130802,116.63416353554351,786.1602544355576,76.92793244407912,66.60957108404392,29.30586024809336,2.177379195264987,14.005829882455327,14.260685772501446,28.464547962888965,CRUISE,ABNORMAL_VIBRATION,True,0.65,1.0,OK,42,52.36,3600.0,-0.160277,-2.822538,-0.670967,-0.065665,-4.94374,1.360955
2026-01-01T00:09:06Z,O320_CLASS-SIM-01,O320_CLASS,RAPID_RESPONSE,2810.855069891783,-0.21526079087802805,2275.4442245828614,0.8762299852595641,117.36436835606335,791.3448486214996,77.52596016725771,65.82367785928811,29.353156121585823,2.333509924877882,13.986094465293297,14.7274932835692,28.32374897720665,CRUISE,ABNORMAL_VIBRATION,True,0.65,1.0,OK,42,52.37,3600.0,1.057977,3.140748,-0.043909,0.097209,11.33435,1.51906
2026-01-01T00:09:07Z,O320_CLASS-SIM-01,O320_CLASS,RAPID_RESPONSE,2812.861061122219,-0.09892432461326298,2266.956239255388,0.8758741232493346,116.53878742033005,789.2423838437566,77.141304514668,65.63565505283422,29.260799760697196,2.3317617530937502,13.973587760538429,14.174983732754594,28.523490841358672,CRUISE,ABNORMAL_VIBRATION,True,0.65,1.0,OK,42,52.38,3600.0,0.191061,1.06409,-0.403096,0.022262,4.027514,1.51792
2026-01-01T00:09:08Z,O320_CLASS-SIM-01,O320_CLASS,RAPID_RESPONSE,2811.555448219126,-0.19819923324821098,2262.271955271813,0.8772330200344928,115.74734039331453,787.401274177007,77.6053084190037,66.03281481104257,29.320766885344533,2.108648279702539,13.958052218732936,15.212617182479443,28.354888656006402,CRUISE,ABNORMAL_VIBRATION,True,0.65,1.0,OK,42,52.41,3600.0,-0.652457,-0.918441,0.064151,0.052637,-0.506359,1.294455
2026-01-01T00:09:09Z,O320_CLASS-SIM-01,O320_CLASS,RAPID_RESPONSE,2811.0678038919427,0.2166971638742704,2268.7089652957056,0.8760495624777165,117.67945041098268,786.461933540488,77.96003687263625,65.73686904239919,29.307347793175055,2.4777321079882535,13.985571574317516,14.828189882227411,28.53546171872089,CRUISE,ABNORMAL_VIBRATION,True,0.65,1.0,OK,42,52.44,3600.0,1.065611,-1.990583,0.43376,0.074009,6.620781,1.664222
2026-01-01T00:09:10Z,O320_CLASS-SIM-01,O320_CLASS,RAPID_RESPONSE,2811.502645383622,-0.1873973660617972,2274.9512304780633,0.8790525448701039,118.82606879569778,790.8535802073105,77.67983927185381,66.09848655170032,29.335234194991607,2.120740878254789,13.965862585837613,14.639495744393622,28.40753735373521,CRUISE,ABNORMAL_VIBRATION,True,0.65,1.0,OK,42,52.46,3600.0,2.15885,2.151282,0.132146,0.021288,11.869815,1.305838
2026-01-01T00:09:11Z,O320_CLASS-SIM-01,O320_CLASS,RAPID_RESPONSE,2812.9403779619197,-0.2776239822668383,2271.403694408659,0.8800828385187452,116.86055355943111,785.2996617346139,78.30996940494462,65.77587321632188,29.323362807473003,2.1301082823043203,13.953897620816669,14.969470290627697,28.67758313903125,CRUISE,ABNORMAL_VIBRATION,True,0.65,1.0,OK,42,52.47,3600.0,0.060508,-3.610478,0.736311,-0.027395,7.118076,1.314335
2026-01-01T00:09:12Z,O320_CLASS-SIM-01,O320_CLASS,RAPID_RESPONSE,2813.365002803779,-0.2986647057042904,2270.10375797851,0.8788777526936974,116.427574064407,789.5532908126206,77.41585133021857,66.08368192744182,29.336653001188388,2.3935330396294683,13.949961081232026,14.760246571992266,28.33345614772338,CRUISE,ABNORMAL_VIBRATION,True,0.65,1.0,OK,42,52.5,3600.0,-0.211515,0.873554,-0.163388,0.011674,5.559339,1.578024
2026-01-01T00:09:13Z,O320_CLASS-SIM-01,O320_CLASS,RAPID_RESPONSE,2812.104112985531,-0.3635980181311197,2256.511057175809,0.880735028270475,115.4888505326732,786.9510674611128,78.0931116852825,65.418253006809,29.316069674513315,2.113620458733207,13.993508946211465,14.793653295366745,28.579971147986125,CRUISE,ABNORMAL_VIBRATION,True,0.65,1.0,OK,42,52.52,3600.0,-1.370174,-2.096726,0.489417,-0.062203,-9.16754,1.297038
2026-01-01T00:09:14Z,O320_CLASS-SIM-01,O320_CLASS,RAPID_RESPONSE,2814.033807969804,-0.27494046932591315,2260.8291173986336,0.8770473100639167,118.19547204330566,790.6007015060139,77.31226112807467,65.89976825679278,29.30950593420173,2.075066882369323,13.97383517180327,14.477352861198243,28.32597516195643,CRUISE,ABNORMAL_VIBRATION,True,0.65,1.0,OK,42,52.54,3600.0,1.761093,2.238606,-0.268675,0.026561,-3.794023,1.260098
2026-01-01T00:09:15Z,O320_CLASS-SIM-01,O320_CLASS,RAPID_RESPONSE,2811.273364660851,-0.5222689377292619,2261.989382988103,0.8784806037099439,115.5930963037671,790.3058721272855,77.5619984609951,66.32290298748303,29.314401053555525,2.262949385106621,13.97191437860308,14.264814232420312,28.54949784751312,CRUISE,ABNORMAL_VIBRATION,True,0.65,1.0,OK,42,52.57,3600.0,-0.739093,1.934804,-0.018984,1.9e-05,-2.635913,1.447554
2026-01-01T00:09:16Z,O320_CLASS-SIM-01,O320_CLASS,RAPID_RESPONSE,2812.350889946844,-0.15168311043797048,2262.189809048156,0.8807494056569585,115.29218126367792,786.9749322349628,77.73922535256703,66.79156787817055,29.405911965326865,2.1885881459701766,14.023608441761157,14.507323594803715,28.6331236276621,CRUISE,ABNORMAL_VIBRATION,True,0.65,1.0,OK,42,52.58,3600.0,-1.787934,-2.293858,0.134212,0.026507,-3.549942,1.371972
2026-01-01T00:09:17Z,O320_CLASS-SIM-01,O320_CLASS,RAPID_RESPONSE,2812.607892525725,-0.2281074901080798,2246.1005753150116,0.8763547015745774,117.19521300488634,785.3785924733545,77.75626554909334,66.57437304921736,29.296550458673106,2.117484233824612,13.954235696107459,14.337543561844356,28.452852872428927,CRUISE,ABNORMAL_VIBRATION,True,0.65,1.0,OK,42,52.58,3600.0,0.843977,-2.866536,0.1813,0.033869,-18.245645,1.302873
2026-01-01T00:09:18Z,O320_CLASS-SIM-01,O320_CLASS,RAPID_RESPONSE,2814.4388502230463,-0.3387586613216622,2278.1656597178126,0.8771326209320546,118.30079235831519,786.0469248122618,77.61323109670973,66.78996724489139,29.377219295093322,2.293593765167281,13.985098608287947,14.68354835867287,28.38677045778317,CRUISE,ABNORMAL_VIBRATION,True,0.65,1.0,OK,42,52.56,3600.0,1.959793,-2.201813,0.052212,0.100357,14.466231,1.478998
2026-01-01T00:09:19Z,O320_CLASS-SIM-01,O320_CLASS,RAPID_RESPONSE,2815.474189455987,-0.015202893768865189,2268.4810587409916,0.8796776863031148,117.43353014873644,784.9879148614101,77.76684433366184,65.02457244106174,29.290192079831055,2.3728956143256914,13.960833890841682,14.392467043952822,28.64037515623724,CRUISE,ABNORMAL_VIBRATION,True,0.65,1.0,OK,42,52.55,3600.0,0.372642,-4.139528,0.188886,-0.055143,3.996051,1.557136
2026-01-01T00:09:20Z,O320_CLASS-SIM-01,O320_CLASS,RAPID_RESPONSE,2813.3932993105514,-0.36340916792474565,2274.636539814367,0.8786040536491344,114.74889928583237,789.990664066658,77.42280253795109,67.06456162735343,29.288412088679983,2.3437324056493223,14.02168790288075,14.364031782076129,28.438232257343305,CRUISE,ABNORMAL_VIBRATION,True,0.65,1.0,OK,42,52.52,3600.0,-1.789837,1.427604,-0.156579,-0.030168,10.085528,1.528308
2026-01-01T00:09:21Z,O320_CLASS-SIM-01,O320_CLASS,RAPID_RESPONSE,2815.6623029905813,-0.42661773589899676,2266.7431524883214,0.8780422229170516,116.32460615093109,788.7433698356169,77.60852923345375,65.95867229484372,29.287815147504805,2.2663889203683567,13.964844557348675,14.56483523115293,28.40111325662689,CRUISE,ABNORMAL_VIBRATION,True,0.65,1.0,OK,42,52.52,3600.0,-0.09971,0.355805,0.035004,-0.01705,2.463699,1.451237
2026-01-01T00:09:22Z,O320_CLASS-SIM-01,O320_CLASS,RAPID_RESPONSE,2815.8298248070446,-0.5719497120367267,2258.6737346589844,0.8779057528132028,115.58722043986047,792.6843528841093,77.58620257193614,65.96404261779804,29.29262997740659,2.1471299507836443,13.931929804507979,14.532827471082722,28.32611584651308,CRUISE,ABNORMAL_VIBRATION,True,0.65,1.0,OK,42,52.53,3600.0,-0.662626,4.487041,0.018422,-0.006708,-5.339278,1.332136
2026-01-01T00:09:23Z,O320_CLASS-SIM-01,O320_CLASS,RAPID_RESPONSE,2815.1923602313313,-0.6854425114003984,2255.430112233313,0.8813670062481821,117.60690732042912,791.89929034914,78.1323808563557,66.35623421027893,29.293183145724,2.1706192574374077,14.002774970340358,14.590680847402021,28.840496992403676,CRUISE,ABNORMAL_VIBRATION,True,0.65,1.0,OK,42,52.53,3600.0,0.940533,3.038964,0.531287,-0.101818,-10.127851,1.353855
2026-01-01T00:09:24Z,O320_CLASS-SIM-01,O320_CLASS,RAPID_RESPONSE,2815.3253689089997,-0.007240224957531904,2263.1364780890844,0.8810847956072159,118.6423313925211,786.0346515193105,77.38192766137455,64.9868238324449,29.25336444182079,2.363378075821058,13.962459005122613,14.586887593241526,28.549555905252536,CRUISE,ABNORMAL_VIBRATION,True,0.65,1.0,OK,42,52.52,3600.0,1.282924,-3.52305,-0.240068,-0.144007,-3.390844,1.546277
2026-01-01T00:09:25Z,O320_CLASS-SIM-01,O320_CLASS,RAPID_RESPONSE,2813.3514858869935,-0.11187927930061867,2261.5347349563795,0.8794510459987191,117.34702792995857,792.0093522395949,77.53261851055986,64.1097940926766,29.31675315212189,2.1631580489527877,13.93731525482052,14.609925869548745,28.411693740742106,CRUISE,ABNORMAL_VIBRATION,True,0.65,1.0,OK,42,52.51,3600.0,0.346915,2.890822,-0.087592,-0.039283,-4.90982,1.346635
2026-01-01T00:09:26Z,O320_CLASS-SIM-01,O320_CLASS,RAPID_RESPONSE,2814.3879854781926,-0.20589102236236442,2259.754364232878,0.8775470299303142,116.04294904956545,791.661391996326,77.55682960259193,65.86760395794255,29.290900087864156,2.34336828914184,14.008807846722867,14.734275638606599,28.56860302695719,CRUISE,ABNORMAL_VIBRATION,True,0.65,1.0,OK,42,52.51,3600.0,-0.573812,3.072463,-0.04124,-0.01151,-5.663376,1.527889
2026-01-01T00:09:27Z,O320_CLASS-SIM-01,O320_CLASS,RAPID_RESPONSE,2817.576011975493,-0.5153697298300045,2257.1918932875064,0.877923358546135,115.72287788689893,785.9016877724857,76.82296040113172,64.72283411392718,29.29914076072903,2.264368718685481,13.944521916969006,14.591299000454761,28.400224419271467,CRUISE,ABNORMAL_VIBRATION,True,0.65,1.0,OK,42,52.5,3600.0,-0.656001,-2.427404,-0.762036,-0.00956,-7.619521,1.449
2026-01-01T00:09:28Z,O320_CLASS-SIM-01,O320_CLASS,RAPID_RESPONSE,2818.567077312278,-0.3342967746566357,2269.708170814227,0.8787133058314677,114.9073004903695,788.3267198932366,77.07621571640848,65.70939847303445,29.273745659596802,2.185305836857647,13.928028125420717,14.574500451375645,28.550888291275857,CRUISE,ABNORMAL_VIBRATION,True,0.65,1.0,OK,42,52.5,3600.0,-1.771173,-0.3379,-0.507493,-0.054044,4.956471,1.369702
2026-01-01T00:09:29Z,O320_CLASS-SIM-01,O320_CLASS,RAPID_RESPONSE,2818.5571605497307,-0.4263976504551201,2264.2162126811418,0.8786487172262465,118.44220820035727,784.8403753452324,77.20465902520297,68.03539873333158,29.29638251695139,2.1359008378055373,13.950807476843702,13.877864022161171,28.50089055506772,CRUISE,ABNORMAL_VIBRATION,True,0.65,1.0,OK,42,52.46,3600.0,1.868476,-3.714053,-0.377432,-0.029178,-0.460462,1.32035
2026-01-01T00:09:30Z,O320_CLASS-SIM-01,O320_CLASS,RAPID_RESPONSE,2818.674994600735,-0.4502414199173762,2260.2450959828234,0.8801012765647062,114.48126896232034,785.2301077973393,77.47648868603174,65.18598272837066,29.294379235780077,2.11790899004517,13.974698611628506,14.53203142338627,28.546857522460183,CRUISE,ABNORMAL_VIBRATION,True,0.65,1.0,OK,42,52.43,3600.0,-2.298573,-3.6306,-0.120009,-0.071872,-5.099717,1.301602
2026-01-01T00:09:31Z,O320_CLASS-SIM-01,O320_CLASS,RAPID_RESPONSE,2818.025466975588,-0.2842081293372363,2252.3771122976086,0.879212696330803,116.18035862092395,788.1078755555591,77.98567525312994,65.20840521711865,29.375667015384295,2.3021886082325356,13.990837966385495,14.32344189381323,28.136261467420614,CRUISE,ABNORMAL_VIBRATION,True,0.65,1.0,OK,42,52.41,3600.0,-0.638925,-0.747015,0.388117,0.03063,-13.016908,1.48615
2026-01-01T00:09:32Z,O320_CLASS-SIM-01,O320_CLASS,RAPID_RESPONSE,2819.6076703608082,-0.30022345773155446,2257.9226764550676,0.8805481828885694,115.53939835666878,787.4543188420023,77.77496042050588,64.8892491716445,29.30166899058393,2.4391761587713656,13.974572982093683,14.879711117195063,28.633972319715184,CRUISE,ABNORMAL_VIBRATION,True,0.65,1.0,OK,42,52.38,3600.0,-1.502939,-1.703057,0.162868,-0.082707,-8.145394,1.6224
2026-01-01T00:09:33Z,O320_CLASS-SIM-01,O320_CLASS,RAPID_RESPONSE,2818.265575755601,-0.6691620001044012,2254.9747642618336,0.8797012713993722,114.70883794765896,787.6883113450153,77.69903132079604,66.95203450412868,29.277427307134367,2.1478271030298424,13.966651513617297,14.654840246578681,28.440521459462303,CRUISE,ABNORMAL_VIBRATION,True,0.65,1.0,OK,42,52.35,3600.0,-1.833871,-0.934101,0.085081,-0.086414,-11.179464,1.331298
2026-01-01T00:09:34Z,O320_CLASS-SIM-01,O320_CLASS,RAPID_RESPONSE,2820.0924210418475,-0.44024194532464034,2264.7189178061567,0.8790385735686421,116.08473084601623,790.5946536527598,77.6218573206843,66.40376426793638,29.31491877203832,2.219699981778658,13.949238361040313,14.40867658361267,28.647044478924517,CRUISE,ABNORMAL_VIBRATION,True,0.65,1.0,OK,42,52.34,3600.0,-0.61342,1.880338,0.01437,-0.032136,-1.135588,1.403493
2026-01-01T00:09:35Z,O320_CLASS-SIM-01,O320_CLASS,RAPID_RESPONSE,2819.7363344498494,-0.4755347220233064,2265.141226765229,0.8733741410146222,115.87215251497099,790.8882841637377,77.51085052588783,65.86338576542079,29.153429797771867,2.299714725145968,13.97834350790068,14.681949519187205,28.6074648928036,CRUISE,ABNORMAL_VIBRATION,True,0.65,1.0,OK,42,52.35,3600.0,0.125803,3.526777,-0.031225,-0.031231,2.320315,1.48664
2026-01-01T00:09:36Z,O320_CLASS-SIM-01,O320_CLASS,RAPID_RESPONSE,2818.732232419959,-0.34865789570314504,2252.974070274612,0.8776861950168917,115.04286105763246,783.856375999437,77.12547189882528,66.97242501820358,29.28975611226549,2.204324054791843,13.952775681396366,14.117246870541,28.603255039814943,CRUISE,ABNORMAL_VIBRATION,True,0.65,1.0,OK,42,52.34,3600.0,-1.386677,-4.452307,-0.416231,0.004053,-9.829565,1.389897
2026-01-01T00:09:37Z,O320_CLASS-SIM-01,O320_CLASS,RAPID_RESPONSE,2816.053872102386,-0.408748002047848,2263.1307823178245,0.8785297623556428,115.6808579557575,783.8714840839981,77.23774124374054,65.1629414139471,29.263664828606586,2.3043408386719646,13.931757713640904,14.639387053716055,28.486309167433294,CRUISE,ABNORMAL_VIBRATION,True,0.65,1.0,OK,42,52.33,3600.0,-0.779935,-4.554225,-0.313753,-0.04372,-0.126934,1.489477
2026-01-01T00:09:38Z,O320_CLASS-SIM-01,O320_CLASS,RAPID_RESPONSE,2821.017402192927,-0.34721845800921547,2269.8334420696197,0.8776978877661399,117.06976278935204,784.6993717321169,76.50150227226817,66.06050131101384,29.32291400946848,2.3790464043023185,13.952403049901502,14.93583044249527,28.3933094860677,CRUISE,ABNORMAL_VIBRATION,True,0.65,1.0,OK,42,52.31,3600.0,0.584905,-3.650032,-1.046264,0.032246,6.748644,1.564468
2026-01-01T00:09:39Z,O320_CLASS-SIM-01,O320_CLASS,RAPID_RESPONSE,2820.4725883707783,-0.23977282021764057,2277.191009890006,0.8773818137762933,115.76053047380367,784.7016978137046,78.17639527586152,66.09215026720203,29.32304327704176,2.4640833320868882,13.977887596245058,14.237077207135192,28.43263217455906,CRUISE,ABNORMAL_VIBRATION,True,0.65,1.0,OK,42,52.29,3600.0,-0.766613,-3.670247,0.63451,0.042869,14.378945,1.649731
2026-01-01T00:09:40Z,O320_CLASS-SIM-01,O320_CLASS,RAPID_RESPONSE,2818.643646492547,-0.3900680898752448,2260.1570673824126,0.8768153692072839,114.86829308624672,792.4186523493362,77.67362268968378,65.57123998355665,29.33730750058132,2.2857258485722856,13.9763922049633,14.733164790198758,28.481834480553324,CRUISE,ABNORMAL_VIBRATION,True,0.65,1.0,OK,42,52.27,3600.0,-1.379872,4.352029,0.141385,0.076338,-2.207563,1.471769
2026-01-01T00:09:41Z,O320_CLASS-SIM-01,O320_CLASS,RAPID_RESPONSE,2821.375702555858,-0.21944056227573921,2264.616230989532,0.8775221739759708,118.37257951337524,787.232981572036,77.70924393908957,66.0793756997158,29.267983122628547,2.2402162063058073,13.957491151632734,14.438118806937478,28.24275124872672,CRUISE,ABNORMAL_VIBRATION,True,0.65,1.0,OK,42,52.27,3600.0,1.815434,-1.158038,0.177364,-0.012085,2.268189,1.426012
2026-01-01T00:09:42Z,O320_CLASS-SIM-01,O320_CLASS,RAPID_RESPONSE,2819.657678011142,-0.29419353643179774,2273.378727999595,0.8790452906068552,113.41253074010386,790.0213320305769,77.32809283986734,66.1073768597427,29.296789677194965,2.128319416435967,13.965024870003965,14.554824726013985,28.66285814857038,CRUISE,ABNORMAL_VIBRATION,True,0.65,1.0,OK,42,52.27,3600.0,-3.284242,1.366518,-0.220537,-0.024909,10.253865,1.31331
2026-01-01T00:09:43Z,O320_CLASS-SIM-01,O320_CLASS,RAPID_RESPONSE,2820.8699806188433,-0.17301614086938213,2270.7071257825664,0.8792441440052202,114.38389946806807,791.1999918722005,77.36682812017398,66.3141883274662,29.247905242184768,2.154635905870861,14.027368833837956,14.320442853846016,28.632839974199992,CRUISE,ABNORMAL_VIBRATION,True,0.65,1.0,OK,42,52.26,3600.0,-2.513589,2.329623,-0.195551,-0.08549,6.944631,1.339271
2026-01-01T00:09:44Z,O320_CLASS-SIM-01,O320_CLASS,RAPID_RESPONSE,2821.3416516461757,-0.4005841463201609,2262.7659486227603,0.8752814088905353,116.50720663832432,785.6918971010674,77.39044623199965,66.47856734245266,29.308276880143502,2.152857320507728,13.993607045736809,14.55717153217484,28.37932276946713,CRUISE,ABNORMAL_VIBRATION,True,0.65,1.0,OK,42,52.27,3600.0,0.435619,-2.079015,-0.139062,0.08231,0.527885,1.339413
2026-01-01T00:09:45Z,O320_CLASS-SIM-01,O320_CLASS,RAPID_RESPONSE,2822.548585884435,-0.36436673983226564,2253.7359911319168,0.8815527622800421,116.49883673157234,788.1856226945102,77.38521682122347,66.6790467608964,29.26835890215492,1.9918624766698156,13.947687302575059,14.889898009483309,28.58519697113417,CRUISE,ABNORMAL_VIBRATION,True,0.65,1.0,OK,42,52.27,3600.0,-0.567681,-0.985316,-0.187587,-0.125754,-10.509987,1.175533
2026-01-01T00:09:46Z,O320_CLASS-SIM-01,O320_CLASS,RAPID_RESPONSE,2821.310598214132,-0.1350170197592172,2268.9815231476136,0.8772975091034186,116.31635953365948,789.2027180213853,77.2131392785331,65.73544796823367,29.30906399581675,2.132789753771725,13.962353253563604,14.481698234365066,28.614313942897354,CRUISE,ABNORMAL_VIBRATION,True,0.65,1.0,OK,42,52.3,3600.0,-0.358415,0.678234,-0.345557,0.022955,5.389791,1.318114
2026-01-01T00:09:47Z,O320_CLASS-SIM-01,O320_CLASS,RAPID_RESPONSE,2819.1909264669557,-0.39995077068042506,2259.0806529160723,0.879724374732076,116.4590651008338,792.8599984573566,77.80941460793575,65.40045667614802,29.30465678121587,2.2350867729401256,13.993799977070209,14.223670808338502,28.33627594220582,CRUISE,ABNORMAL_VIBRATION,True,0.65,1.0,OK,42,52.32,3600.0,-0.278839,4.090925,0.234004,-0.044132,-5.286232,1.419323
2026-01-01T00:09:48Z,O320_CLASS-SIM-01,O320_CLASS,RAPID_RESPONSE,2822.9057571000544,-0.16058097713590186,2245.25564741586,0.8805267202097586,116.33902838179948,783.6504127559842,76.34247334348275,64.5019370731803,29.290724141175353,2.140159101912319,13.986999338817773,14.418606432842177,28.293350861313186,CRUISE,ABNORMAL_VIBRATION,True,0.65,1.0,OK,42,52.31,3600.0,-0.853123,-5.605434,-1.25222,-0.088757,-20.005483,1.323708
2026-01-01T00:09:49Z,O320_CLASS-SIM-01,O320_CLASS,RAPID_RESPONSE,2821.8671429052815,-0.34112247812728497,2264.6542859465967,0.8761729933527779,117.58479605570616,786.7969467150169,77.19391278866372,65.28836169755154,29.34448694911048,2.3051830435920966,13.94715315241153,14.786763190030648,28.780695834661284,CRUISE,ABNORMAL_VIBRATION,True,0.65,1.0,OK,42,52.3,3600.0,1.248367,-1.321122,-0.368252,0.083035,0.901738,1.490788
2026-01-01T00:09:50Z,O320_CLASS-SIM-01,O320_CLASS,RAPID_RESPONSE,2823.065846702786,-0.16280722875378312,2271.0334359054928,0.876513588221551,116.53089043881414,785.1344157194654,77.45845810869338,65.2181682663095,29.26963621760245,2.166241208229772,13.959360885291007,14.687552483784307,28.441086383291992,CRUISE,ABNORMAL_VIBRATION,True,0.65,1.0,OK,42,52.3,3600.0,-0.000716,-3.166126,-0.083504,0.007607,8.217797,1.352134
2026-01-01T00:09:51Z,O320_CLASS-SIM-01,O320_CLASS,RAPID_RESPONSE,2820.2193132192397,-0.4615212593379441,2250.52632750629,0.8781865331503763,117.0987795935936,788.9724866636582,77.2241085678509,65.9134647066193,29.265310396586965,2.0495356410993963,13.990216919467512,14.7582593450606,28.601071114009574,CRUISE,ABNORMAL_VIBRATION,True,0.65,1.0,OK,42,52.32,3600.0,0.679547,0.653635,-0.322342,-0.035636,-12.497454,1.234837
2026-01-01T00:09:52Z,O320_CLASS-SIM-01,O320_CLASS,RAPID_RESPONSE,2822.3679003803745,-0.17441840441878945,2258.6695756538784,0.8789789603150348,115.87757282464057,787.7614996808553,76.56923452043516,65.47132611329815,29.292406220407287,2.2918408088575193,14.020629896564273,14.262394014320476,28.37392623407045,CRUISE,ABNORMAL_VIBRATION,True,0.65,1.0,OK,42,52.33,3600.0,-0.996113,-1.049818,-0.98817,-0.033966,-4.862237,1.476645
2026-01-01T00:09:53Z,O320_CLASS-SIM-01,O320_CLASS,RAPID_RESPONSE,2822.1876646299947,-0.43760887489164496,2270.806250817625,0.8806015662341566,115.64558607523472,786.5042753805085,77.07348957046017,66.75477310800298,29.34293757388506,2.1984583460488256,13.926046511584083,14.225603057918978,28.483784470782545,CRUISE,ABNORMAL_VIBRATION,True,0.65,1.0,OK,42,52.32,3600.0,-1.238999,-2.442614,-0.50931,-0.03257,6.096718,1.382233
2026-01-01T00:09:54Z,O320_CLASS-SIM-01,O320_CLASS,RAPID_RESPONSE,2824.633530687194,-0.6646836255150766,2259.9211809912063,0.8808556393981624,116.221395277502,792.0262287772903,77.79459487627294,64.83922118732897,29.271289439121624,2.168990107579849,13.939339373688147,14.309059891819215,28.683931981431183,CRUISE,ABNORMAL_VIBRATION,True,0.65,1.0,OK,42,52.32,3600.0,-0.558975,3.170485,0.191687,-0.121103,-5.720902,1.352248
2026-01-01T00:09:55Z,O320_CLASS-SIM-01,O320_CLASS,RAPID_RESPONSE,2822.6080331445346,-0.19471607002017893,2258.936499721777,0.8775413139328262,117.15248867200827,786.79607634695,77.76077357316657,64.06641217861224,29.306944042238822,2.0962864403349273,13.961094552493742,14.7643458766967,28.5509876337103,CRUISE,ABNORMAL_VIBRATION,True,0.65,1.0,OK,42,52.31,3600.0,0.426451,-1.807032,0.178261,0.003718,-5.759736,1.281035
2026-01-01T00:09:56Z,O320_CLASS-SIM-01,O320_CLASS,RAPID_RESPONSE,2822.3910086201813,-0.5336507176150851,2256.855715811046,0.8779385692908538,114.03582451427513,788.2497537343899,77.65681904865137,65.47404738697871,29.31026040902868,2.2030838163850825,13.951635560382545,14.065996057752102,28.477381951024825,CRUISE,ABNORMAL_VIBRATION,True,0.65,1.0,OK,42,52.31,3600.0,-2.375857,-0.053567,0.084641,0.002221,-7.361252,1.387918
2026-01-01T00:09:57Z,O320_CLASS-SIM-01,O320_CLASS,RAPID_RESPONSE,2823.1735615553293,-0.4466720286498659,2266.134803773969,0.8803743493065512,116.42434109394348,789.6583145758274,76.95309104231642,65.89382650542372,29.280034770329326,2.3279179791031055,13.951656668059533,14.488892295579612,28.61591881564617,CRUISE,ABNORMAL_VIBRATION,True,0.65,1.0,OK,42,52.32,3600.0,-0.456099,0.730079,-0.637538,-0.094344,1.062169,1.511595
2026-01-01T00:09:58Z,O320_CLASS-SIM-01,O320_CLASS,RAPID_RESPONSE,2824.729674179133,-0.527966418833301,2282.651595424894,0.875356041986554,116.38824197150069,789.1302128513809,77.63656529031917,65.54255175887059,29.272827774053404,2.3083781761492927,13.934377641064593,15.086114840131007,28.423824670505603,CRUISE,ABNORMAL_VIBRATION,True,0.65,1.0,OK,42,52.34,3600.0,0.330658,1.379979,0.087163,0.033527,19.490925,1.49447
2026-01-01T00:09:59Z,O320_CLASS-SIM-01,O320_CLASS,RAPID_RESPONSE,2826.02767162151,-0.41355771701202804,2259.337140379674,0.8765758851614333,114.601935878598,787.852279753522,77.36535076119027,66.62851329977813,29.22126653084656,2.1034270116720215,13.940887677607698,14.908451006283842,28.32613870981995,CRUISE,ABNORMAL_VIBRATION,True,0.65,1.0,OK,42,52.35,3600.0,-1.713191,-0.1971,-0.166999,-0.040872,-3.03272,1.289463
2026-01-01T00:10:00Z,O320_CLASS-SIM-01,O320_CLASS,RAPID_RESPONSE,2826.2402751639147,-0.2195551440684668,2260.9429882987406,0.8747066954584366,114.82063487603146,790.3935830742246,77.02255177989082,66.0018692116373,29.285854755142587,2.2749814858973156,13.981973670939723,14.313659117530985,28.30994742388057,CRUISE,ABNORMAL_VIBRATION,True,0.65,1.0,OK,42,52.36,3600.0,-1.365623,2.619739,-0.477355,0.081572,0.077764,1.462267
2026-01-01T00:10:01Z,O320_CLASS-SIM-01,O320_CLASS,RAPID_RESPONSE,2826.7337663625262,-0.46120063338359985,2240.0475067971347,0.8787313730296302,115.20997457076486,789.4023530813124,78.08255371991089,65.69861880037251,29.328961372940356,2.332071837134407,14.015434241948643,14.280808476898319,28.454771083653917,CRUISE,ABNORMAL_VIBRATION,True,0.65,1.0,OK,42,52.37,3600.0,-1.325703,1.025477,0.562937,0.02055,-21.731839,1.517674
2026-01-01T00:10:02Z,O320_CLASS-SIM-01,O320_CLASS,RAPID_RESPONSE,2826.935668333488,-0.39708028207002727,2271.20317116104,0.8765433283283859,118.93260203583738,793.5303477874493,77.63688939972825,66.12425683973198,29.337792453624047,2.030039288400725,13.928436597373157,14.859698457600262,28.49682828742982,CRUISE,ABNORMAL_VIBRATION,True,0.65,1.0,OK,42,52.35,3600.0,2.643276,5.540793,0.126669,0.085008,9.859625,1.216525
2026-01-01T00:10:03Z,O320_CLASS-SIM-01,O320_CLASS,RAPID_RESPONSE,2825.8507183215065,-0.3685695998059193,2242.833813175044,0.8769998277520383,115.54156903182087,790.510373916931,77.92070856192328,66.1404928030308,29.297017633548577,2.122669282251315,13.985501126222495,14.702201725159638,28.64223560614544,CRUISE,ABNORMAL_VIBRATION,True,0.65,1.0,OK,42,52.34,3600.0,-0.8156,2.417277,0.411948,0.035045,-18.442044,1.309051
2026-01-01T00:10:04Z,O320_CLASS-SIM-01,O320_CLASS,RAPID_RESPONSE,2829.632341173672,-0.6258417729934149,2258.7510574266084,0.875869964080182,116.64810213741865,788.2390404504687,77.42769909894832,66.49821003397857,29.221209828595725,2.194113631171306,13.937040312007754,14.45402888615848,28.27089487307327,CRUISE,ABNORMAL_VIBRATION,True,0.65,1.0,OK,42,52.34,3600.0,0.671011,0.644063,-0.066474,-0.011284,-1.848285,1.381109
2026-01-01T00:10:05Z,O320_CLASS-SIM-01,O320_CLASS,RAPID_RESPONSE,2826.6467194863776,-0.39850077787187665,2255.5034795085844,0.8790755748361547,116.36556119744895,790.8524953529396,77.44194769358693,65.6537533577577,29.24717727574731,2.1397360014628877,13.989119245948762,14.440535803775383,28.532671903018738,CRUISE,ABNORMAL_VIBRATION,True,0.65,1.0,OK,42,52.36,3600.0,-0.276249,2.348772,-0.077273,-0.069135,-6.257474,1.325238
2026-01-01T00:10:06Z,O320_CLASS-SIM-01,O320_CLASS,RAPID_RESPONSE,2825.7650065425582,-0.26153924056849176,2257.093083502494,0.8790049470480454,116.5060019298817,791.9886025801812,77.05697627773215,64.48915498619488,29.243541409289904,2.160565155723616,13.926255496862048,14.698015665376268,28.454009998603574,CRUISE,ABNORMAL_VIBRATION,True,0.65,1.0,OK,42,52.36,3600.0,-0.290981,3.306746,-0.479845,-0.077797,-5.484156,1.345742
2026-01-01T00:10:07Z,O320_CLASS-SIM-01,O320_CLASS,RAPID_RESPONSE,2826.529155783621,-0.43516079171221456,2256.8911598181458,0.8805758706107704,115.54609140488856,784.8712249712462,77.8356593776696,65.49448310485324,29.37532685041767,2.2167416022773168,13.99310230632368,14.812435955918387,28.376163157560466,CRUISE,ABNORMAL_VIBRATION,True,0.65,1.0,OK,42,52.37,3600.0,-1.369537,-4.045884,0.269565,0.003555,-7.043644,1.400816
2026-01-01T00:10:08Z,O320_CLASS-SIM-01,O320_CLASS,RAPID_RESPONSE,2826.3988463613637,-0.2676309991963406,2266.204928799154,0.8744274570472554,115.0704435931232,781.8258263397432,77.7540296629831,65.4546207871311,29.264316558097082,1.9805426154949228,13.93476494788035,14.421655577721415,28.353241412942133,CRUISE,ABNORMAL_VIBRATION,True,0.65,1.0,OK,42,52.38,3600.0,-1.083886,-5.920581,0.232887,0.057482,4.354826,1.167484
2026-01-01T00:10:09Z,O320_CLASS-SIM-01,O320_CLASS,RAPID_RESPONSE,2827.954531891054,-0.29303533656078434,2279.6994276444943,0.8771821881621604,117.75891758256247,786.0823112112308,76.84453221439256,65.37923960485759,29.19157392520232,2.3179037427156652,13.944279632585788,14.051836176355438,28.71422075121501,CRUISE,ABNORMAL_VIBRATION,True,0.65,1.0,OK,42,52.37,3600.0,1.245471,-2.167399,-0.673276,-0.080505,18.003975,1.504021
2026-01-01T00:10:10Z,O320_CLASS-SIM-01,O320_CLASS,RAPID_RESPONSE,2827.2359854726697,-0.6279180277167591,2268.66463635989,0.8757385384706886,117.72450158495995,786.3140992844615,77.2967875115425,65.93394783968326,29.300156930862723,2.3122143380407953,13.964986260313147,14.671816955198114,28.565388002544214,CRUISE,ABNORMAL_VIBRATION,True,0.65,1.0,OK,42,52.36,3600.0,1.792246,-1.257406,-0.203371,0.070429,7.787727,1.499156
2026-01-01T00:10:11Z,O320_CLASS-SIM-01,O320_CLASS,RAPID_RESPONSE,2828.6077320147288,-0.40539342598435396,2249.8536387068157,0.8783676604828722,116.46277866871219,787.1038876236653,78.02288900862224,64.51282003360406,29.35173374710869,2.156392967063433,13.977189278290043,14.440160532525436,28.203209512594857,CRUISE,ABNORMAL_VIBRATION,True,0.65,1.0,OK,42,52.36,3600.0,-0.10073,-1.256802,0.507692,0.052094,-11.720724,1.34218
2026-01-01T00:10:12Z,O320_CLASS-SIM-01,O320_CLASS,RAPID_RESPONSE,2828.36201372373,-0.3355025496803637,2266.7625394318975,0.8767467907459793,113.7769902330349,784.2741161923814,78.33122621650115,64.77806530748104,29.339920392546954,2.2392912371578535,13.96217529440899,14.694482446988243,28.329968026251706,CRUISE,ABNORMAL_VIBRATION,True,0.65,1.0,OK,42,52.33,3600.0,-2.620941,-3.820861,0.822528,0.081655,5.489582,1.425727
2026-01-01T00:10:13Z,O320_CLASS-SIM-01,O320_CLASS,RAPID_RESPONSE,2831.2243015396175,-0.37607460872360104,2264.9762815102285,0.8765811881003638,117.19437012716266,792.065593868669,77.45653992402833,67.03287395566501,29.23702413629234,2.2814168098380296,13.982307640859919,14.270293719428212,28.48479539849764,CRUISE,ABNORMAL_VIBRATION,True,0.65,1.0,OK,42,52.3,3600.0,0.829719,4.048863,-0.044644,-0.016753,4.051823,1.468027
2026-01-01T00:10:14Z,O320_CLASS-SIM-01,O320_CLASS,RAPID_RESPONSE,2829.1115780073046,-0.517132265594966,2264.0902344036476,0.8773825261821642,116.31266911375918,787.9375109775153,77.47168615586071,65.35195593292848,29.273631657320287,2.1172976853634715,14.047323734894455,14.184364816321857,28.364740286577696,CRUISE,ABNORMAL_VIBRATION,True,0.65,1.0,OK,42,52.3,3600.0,0.007788,-0.091014,-0.033477,0.001131,2.981214,1.303595
2026-01-01T00:10:15Z,O320_CLASS-SIM-01,O320_CLASS,RAPID_RESPONSE,2828.606466208214,-0.08479900372433519,2250.601879231611,0.8779153366594643,116.69371392389195,788.9333032088778,78.00086351309709,66.61579312282306,29.243128155883852,2.3534730852042207,13.911681628869436,14.560730304485444,28.333079045146413,CRUISE,ABNORMAL_VIBRATION,True,0.65,1.0,OK,42,52.3,3600.0,-0.127121,0.343282,0.486923,-0.045264,-10.914206,1.539429
2026-01-01T00:10:16Z,O320_CLASS-SIM-01,O320_CLASS,RAPID_RESPONSE,2829.350055990689,-0.6453983723150967,2264.338677537557,0.8736438996458858,116.56945009681594,785.0233764275766,77.16510585089019,66.56393125475249,29.29410795792811,2.2914274552765104,14.014381743798593,14.342006334812762,28.67674997564308,CRUISE,ABNORMAL_VIBRATION,True,0.65,1.0,OK,42,52.3,3600.0,0.960845,-2.053384,-0.308981,0.123087,4.670895,1.479539
2026-01-01T00:10:17Z,O320_CLASS-SIM-01,O320_CLASS,RAPID_RESPONSE,2827.6959214099115,-0.28239711913043347,2257.0897416503813,0.8751499817253033,117.12473985978183,790.4423623519103,77.86970566476346,65.80905120171738,29.270346007903854,2.2580356339222387,13.976688092384524,14.669813965311452,28.482230918196606,CRUISE,ABNORMAL_VIBRATION,True,0.65,1.0,OK,42,52.3,3600.0,1.008449,2.766087,0.407521,0.070265,-2.026061,1.445928
2026-01-01T00:10:18Z,O320_CLASS-SIM-01,O320_CLASS,RAPID_RESPONSE,2831.4229058954897,-0.6401129170143096,2259.9230010008337,0.8742164339964358,116.71528581801255,792.1751522733892,77.31260047075409,65.73598427271355,29.300608579571012,2.1286180895353386,13.95189709625603,14.624862948623505,28.01680856873166,CRUISE,ABNORMAL_VIBRATION,True,0.65,1.0,OK,42,52.31,3600.0,1.067167,5.07849,-0.129612,0.127674,1.733459,1.317171
2026-01-01T00:10:19Z,O320_CLASS-SIM-01,O320_CLASS,RAPID_RESPONSE,2828.958067683668,-0.23262262674412867,2268.933910750407,0.8777063084124122,117.43774787020718,788.5984308804901,77.72302844820483,65.37868055027782,29.267610997741297,2.0964465821436473,14.005450151953056,14.91338294914282,28.658071482032163,CRUISE,ABNORMAL_VIBRATION,True,0.65,1.0,OK,42,52.33,3600.0,0.901085,0.358883,0.256789,0.004176,9.630044,1.283432
2026-01-01T00:10:20Z,O320_CLASS-SIM-01,O320_CLASS,RAPID_RESPONSE,2830.075667545314,-0.5425370053756617,2271.0624728889757,0.8780190313363997,116.76927914501015,786.4669337086697,77.66977214024384,64.76000333082592,29.292559619952293,2.3707393234170286,14.016462259157933,14.709383207826903,28.24350811962877,CRUISE,ABNORMAL_VIBRATION,True,0.65,1.0,OK,42,52.34,3600.0,0.433873,-1.600627,0.183285,0.012065,10.819593,1.557203
2026-01-01T00:10:21Z,O320_CLASS-SIM-01,O320_CLASS,RAPID_RESPONSE,2831.2483761487997,-0.08023821458181823,2253.8345402464706,0.8767863987589414,118.0670743177658,789.5841925187275,78.49020530320986,65.03895381633231,29.21040487019749,2.4344950841603845,13.931639775511522,14.482319329196,28.440691166284225,CRUISE,ABNORMAL_VIBRATION,True,0.65,1.0,OK,42,52.35,3600.0,1.411903,1.279698,1.002818,-0.042378,-6.450109,1.621319
2026-01-01T00:10:22Z,O320_CLASS-SIM-01,O320_CLASS,RAPID_RESPONSE,2832.77091542701,-0.31076985770626475,2264.3767029612854,0.8760734451225036,117.82471700644153,798.0962617787883,77.77329179947638,65.70201181602489,29.19403568705432,2.0818591293333015,13.961090069166083,14.397120433001863,28.447853274572143,CRUISE,ABNORMAL_VIBRATION,True,0.65,1.0,OK,42,52.34,3600.0,1.487966,10.174687,0.293477,-0.040048,4.443273,1.269046
2026-01-01T00:10:23Z,O320_CLASS-SIM-01,O320_CLASS,RAPID_RESPONSE,2834.1485055966923,-0.21755459202424324,2259.386273904778,0.8744352919625201,117.96742037047913,787.8994101126592,76.80481500442161,66.18924396215999,29.309249364718355,2.030800601307263,13.942749979051202,14.502416191475861,28.560168393982146,CRUISE,ABNORMAL_VIBRATION,True,0.65,1.0,OK,42,52.34,3600.0,1.789148,0.270741,-0.65144,0.122679,0.545476,1.21897
2026-01-01T00:10:24Z,O320_CLASS-SIM-01,O320_CLASS,RAPID_RESPONSE,2830.9724118690956,-0.5311704916452954,2266.4110429333764,0.8758887520787685,117.00891172262133,785.2336009491354,76.95311820998651,66.22054201609181,29.269627239708825,2.3833609085236134,13.951494070724076,14.33051260448144,28.653826403748244,CRUISE,ABNORMAL_VIBRATION,True,0.65,1.0,OK,42,52.34,3600.0,1.00366,-2.33757,-0.502959,0.051663,7.578482,1.571107
2026-01-01T00:10:25Z,O320_CLASS-SIM-01,O320_CLASS,RAPID_RESPONSE,2829.72614386459,-0.22034967669168778,2271.094481205924,0.878519120827474,115.52894399202954,785.9614249509349,77.40866537976272,64.5773226983191,29.207952776725243,2.2014767331977696,13.986937576920806,14.266154493829225,28.550863680039843,CRUISE,ABNORMAL_VIBRATION,True,0.65,1.0,OK,42,52.32,3600.0,-1.185075,-2.515619,-0.076007,-0.083282,10.93574,1.387822
2026-01-01T00:10:26Z,O320_CLASS-SIM-01,O320_CLASS,RAPID_RESPONSE,2832.956587233742,-0.18330542160179253,2265.020291001822,0.8788896488799555,116.92267291954913,790.4429019390853,76.97647712587752,65.51298747896706,29.253124589505347,2.2698445412973296,13.980758945451774,14.686402419010058,28.508010776229593,CRUISE,ABNORMAL_VIBRATION,True,0.65,1.0,OK,42,52.33,3600.0,0.012602,1.753972,-0.531572,-0.059834,3.777444,1.455563
2026-01-01T00:10:27Z,O320_CLASS-SIM-01,O320_CLASS,RAPID_RESPONSE,2832.2742667178504,-0.5218674484847033,2269.1814452915996,0.8774454973792594,115.12370990585487,787.4992050987304,76.79264044522522,65.63570892992868,29.244191000824596,2.2104383604649414,14.014965595590388,14.23802831498387,28.55485798814162,CRUISE,ABNORMAL_VIBRATION,True,0.65,1.0,OK,42,52.34,3600.0,-1.247852,-0.574301,-0.716975,-0.034608,7.865947,1.396591
2026-01-01T00:10:28Z,O320_CLASS-SIM-01,O320_CLASS,RAPID_RESPONSE,2836.084295045631,-0.25163732767001157,2260.088404983651,0.87445143944073,114.70743857704366,786.9448896693918,77.21379637880626,65.028805033099,29.236830614002923,2.133400383436696,13.98196919198546,14.216877164045755,28.34628931248581,CRUISE,ABNORMAL_VIBRATION,True,0.65,1.0,OK,42,52.35,3600.0,-1.520831,-0.738432,-0.263377,0.03922,0.277488,1.32112
2026-01-01T00:10:29Z,O320_CLASS-SIM-01,O320_CLASS,RAPID_RESPONSE,2832.829274944549,-0.4442698689605781,2274.9688647524044,0.8771576148785695,114.40147199511303,789.0095674306028,77.70549854579248,65.5013709314731,29.191512760662313,2.485748307724985,13.935301560114286,14.690778679114562,28.478360303577908,CRUISE,ABNORMAL_VIBRATION,True,0.65,1.0,OK,42,52.36,3600.0,-1.957339,0.998122,0.221412,-0.070104,14.837302,1.672504
2026-01-01T00:10:30Z,O320_CLASS-SIM-01,O320_CLASS,RAPID_RESPONSE,2834.234549156878,-0.16063797804156837,2264.7073472334346,0.8755493382125796,117.6608370076448,786.376710687296,77.5512926738347,64.56403788189952,29.1995548594067,2.2409004450091885,13.978425923050564,14.099247414992842,28.522672677526913,CRUISE,ABNORMAL_VIBRATION,True,0.65,1.0,OK,42,52.37,3600.0,1.240013,-1.575119,0.080025,-0.019834,5.170288,1.428411
2026-01-01T00:10:31Z,O320_CLASS-SIM-01,O320_CLASS,RAPID_RESPONSE,2832.368740132986,-0.22643304103556589,2257.3352832994296,0.8743929671011117,116.42047818257574,785.6542172614,77.99208396668942,65.59596092159688,29.242671434794268,2.2144689920538623,13.93722014319433,14.201816134542856,28.509059163147384,CRUISE,ABNORMAL_VIBRATION,True,0.65,1.0,OK,42,52.38,3600.0,0.300285,-1.924483,0.541783,0.061261,-1.229397,1.402792
2026-01-01T00:10:32Z,O320_CLASS-SIM-01,O320_CLASS,RAPID_RESPONSE,2832.212927800421,-0.5851073431682394,2266.781810763987,0.8776638848337245,114.82078362512006,786.3873102743553,77.12164975683433,67.01362471064527,29.294592151287663,2.287566413663537,13.984639651933623,14.184317514154595,28.346636363252788,CRUISE,ABNORMAL_VIBRATION,True,0.65,1.0,OK,42,52.38,3600.0,-1.421595,-1.528879,-0.348756,0.027391,7.284723,1.474446
2026-01-01T00:10:33Z,O320_CLASS-SIM-01,O320_CLASS,RAPID_RESPONSE,2834.284279025897,-0.3539907844535106,2259.2448546047463,0.8770833286087301,116.41524911855062,787.5165526601858,77.36332063968955,65.24859037995674,29.259924888085713,2.2454660761347602,13.973289831461631,14.227974344950846,28.297420973755433,CRUISE,ABNORMAL_VIBRATION,True,0.65,1.0,OK,42,52.4,3600.0,-0.033148,-0.559666,-0.114559,0.001373,-0.598843,1.432355
2026-01-01T00:10:34Z,O320_CLASS-SIM-01,O320_CLASS,RAPID_RESPONSE,2834.9898571004564,-0.2027939784443389,2261.1806177063627,0.8757375097358926,116.58632013118515,785.0737885584133,78.00399266478912,65.73591105190613,29.213891553524036,2.1620618149414073,13.951513214974666,14.849800683019179,28.416651009301074,CRUISE,ABNORMAL_VIBRATION,True,0.65,1.0,OK,42,52.43,3600.0,0.176643,-2.867902,0.53545,-0.009484,1.769966,1.34956
2026-01-01T00:10:35Z,O320_CLASS-SIM-01,O320_CLASS,RAPID_RESPONSE,2834.8891332752582,-0.3392055817668569,2253.9719288991846,0.8769218104666618,116.64230041347618,784.0209911775229,77.58013055154909,65.5470599608857,29.252899149105904,2.3364660460917372,13.975084643925339,14.855478611146482,28.269787787992012,CRUISE,ABNORMAL_VIBRATION,True,0.65,1.0,OK,42,52.46,3600.0,0.19853,-4.031836,0.105551,-0.000981,-5.718712,1.523467
2026-01-01T00:10:36Z,O320_CLASS-SIM-01,O320_CLASS,RAPID_RESPONSE,2834.407406417384,-0.32699133263969826,2263.682237696867,0.8774267476146206,119.61313646206203,789.4318733216671,77.93006365665764,65.33504622938159,29.195791654906234,2.147561566384907,13.988653598983145,14.62210941889439,28.506928488276575,CRUISE,ABNORMAL_VIBRATION,True,0.65,1.0,OK,42,52.48,3600.0,3.074024,1.23885,0.445535,-0.073835,3.530181,1.334206
2026-01-01T00:10:37Z,O320_CLASS-SIM-01,O320_CLASS,RAPID_RESPONSE,2834.8636686049895,-0.4847740965256501,2258.3327431367393,0.877930432381812,117.3135827176098,785.3712768344219,77.7812621722991,65.05716151380861,29.267919814079733,2.186553503218523,14.014253696731755,14.415143482947194,28.472959447498134,CRUISE,ABNORMAL_VIBRATION,True,0.65,1.0,OK,42,52.5,3600.0,0.827838,-2.806834,0.284327,-0.01934,-2.394679,1.372781
2026-01-01T00:10:38Z,O320_CLASS-SIM-01,O320_CLASS,RAPID_RESPONSE,2836.3596251860745,-0.5615171079417092,2259.1255162939756,0.8759218566857803,115.68399955176893,786.7779200680407,77.9197676264047,65.09593286442612,29.2718306022936,2.3585678256740996,13.925355883498803,14.64871421934877,28.233867584372547,CRUISE,ABNORMAL_VIBRATION,True,0.65,1.0,OK,42,52.52,3600.0,-0.450526,-0.902504,0.43603,0.03637,-0.989865,1.545685
2026-01-01T00:10:39Z,O320_CLASS-SIM-01,O320_CLASS,RAPID_RESPONSE,2836.6564234565335,-0.5082216036124841,2259.712083719977,0.8738400115293188,116.44330037573107,790.1849503957487,77.15081228281622,65.08607504467142,29.265277754796642,2.202920379113097,13.894225155042992,15.022033204780392,28.524904488635737,CRUISE,ABNORMAL_VIBRATION,True,0.65,1.0,OK,42,52.53,3600.0,0.604329,2.95915,-0.30095,0.092401,1.079623,1.391343
2026-01-01T00:10:40Z,O320_CLASS-SIM-01,O320_CLASS,RAPID_RESPONSE,2837.024213972515,-0.455393500861736,2244.739091892235,0.8777515605246169,115.61408173657492,789.2177505312794,77.38471472104648,65.7592757633712,29.202833398792126,2.319118697170559,13.931584410140422,15.078833758803452,28.78104066741372,CRUISE,ABNORMAL_VIBRATION,True,0.65,1.0,OK,42,52.55,3600.0,-0.849874,1.120462,-0.085909,-0.070962,-14.768115,1.505913
2026-01-01T00:10:41Z,O320_CLASS-SIM-01,O320_CLASS,RAPID_RESPONSE,2838.692435621586,-0.24426016271583356,2258.8423086716703,0.8787087547871558,116.17276128306374,783.9644745511325,78.07215243814046,66.46893964144604,29.23905279551037,2.1948107990847534,13.94963500866139,14.061414829420716,28.586837411915344,CRUISE,ABNORMAL_VIBRATION,True,0.65,1.0,OK,42,52.54,3600.0,-0.713357,-4.620004,0.578282,-0.068856,-1.743,1.380812
2026-01-01T00:10:42Z,O320_CLASS-SIM-01,O320_CLASS,RAPID_RESPONSE,2834.10297305764,-0.3942769567795852,2252.7059256423117,0.8734957994592074,116.570064830968,787.0041172203167,77.80478426632448,64.54883191274067,29.201790570436405,1.9101321820127806,13.901675876429223,14.965509185849706,28.75734193828926,CRUISE,ABNORMAL_VIBRATION,True,0.65,1.0,OK,42,52.54,3600.0,0.694216,-0.267327,0.348486,0.037469,-6.136897,1.098599
2026-01-01T00:10:43Z,O320_CLASS-SIM-01,O320_CLASS,RAPID_RESPONSE,2836.911576080323,-0.5625954789071399,2257.004659217726,0.878069899727724,115.66263746078027,788.4230477939791,77.46304298383674,65.10490227642208,29.21238323601401,2.2934984268347316,13.937884881053428,14.628153312010546,28.373792281173184,CRUISE,ABNORMAL_VIBRATION,True,0.65,1.0,OK,42,52.55,3600.0,-0.750803,0.349341,-0.014308,-0.071712,-2.814532,1.480057
2026-01-01T00:10:44Z,O320_CLASS-SIM-01,O320_CLASS,RAPID_RESPONSE,2837.2280879940095,-0.23314635581545595,2257.983493766982,0.8781359049766804,114.12533035053252,786.6434032009789,77.47785766058261,67.0956534527258,29.139731858540824,2.2827354138836338,14.010877439224208,14.3182258010732,28.412330232797444,CRUISE,ABNORMAL_VIBRATION,True,0.65,1.0,OK,42,52.53,3600.0,-2.669413,-1.829167,-0.015244,-0.152935,-2.566146,1.46895
2026-01-01T00:10:45Z,O320_CLASS-SIM-01,O320_CLASS,RAPID_RESPONSE,2837.799195779171,-0.4147840344018993,2271.791974749601,0.8771667888899878,117.86496267272894,786.9096376164389,77.16920888402225,65.37344704916639,29.178810916212512,2.1841947595056284,13.955585679171401,14.345793638715024,28.51878175083955,CRUISE,ABNORMAL_VIBRATION,True,0.65,1.0,OK,42,52.52,3600.0,1.369826,-1.201608,-0.324612,-0.091741,11.208986,1.370696
2026-01-01T00:10:46Z,O320_CLASS-SIM-01,O320_CLASS,RAPID_RESPONSE,2835.850563899176,-0.3286045621015237,2255.375893965186,0.8785615791315746,115.79621545224666,789.3797806166707,77.53588086264826,66.14618398054674,29.241300042452398,2.1302437315927056,13.997411077894323,14.491080128947189,28.562137341828997,CRUISE,ABNORMAL_VIBRATION,True,0.65,1.0,OK,42,52.52,3600.0,-0.977633,0.871924,0.02584,-0.067407,-5.959349,1.315994
2026-01-01T00:10:47Z,O320_CLASS-SIM-01,O320_CLASS,RAPID_RESPONSE,2838.866057545991,-0.5618939430511742,2251.8210132688127,0.8775276414198292,115.89946698633018,790.1314277554334,77.3914124288563,66.36682735280701,29.256004567806777,2.292656702721424,13.955912185223507,14.570367793460667,28.62236478409222,CRUISE,ABNORMAL_VIBRATION,True,0.65,1.0,OK,42,52.53,3600.0,-0.551961,2.036234,-0.118087,-0.030758,-9.489124,1.478714
2026-01-01T00:10:48Z,O320_CLASS-SIM-01,O320_CLASS,RAPID_RESPONSE,2838.013914907243,-0.3679428810664677,2259.4470418672236,0.8764396842759671,118.32732393293873,790.7850279067868,77.49309125318722,65.71670001025849,29.198782482957423,2.1249150132188355,13.976399704586477,14.724174352251103,28.555546963803554,CRUISE,ABNORMAL_VIBRATION,True,0.65,1.0,OK,42,52.54,3600.0,1.869314,2.751598,-0.004646,-0.056417,-1.317606,1.311566
2026-01-01T00:10:49Z,O320_CLASS-SIM-01,O320_CLASS,RAPID_RESPONSE,2836.6958997759316,-0.30279121473683146,2258.302757879094,0.8741900384526661,117.85875784000949,791.4292487593838,77.56546546939686,66.10920897971044,29.271285151898358,2.448923552599897,13.98894507680291,14.178858984941188,28.74436194982415,CRUISE,ABNORMAL_VIBRATION,True,0.65,1.0,OK,42,52.54,3600.0,1.734059,3.882918,0.099878,0.08422,-0.970887,1.636954
2026-01-01T00:10:50Z,O320_CLASS-SIM-01,O320_CLASS,RAPID_RESPONSE,2840.222823958559,-0.5274868318491138,2250.7127341019846,0.8771471929983743,115.91704916701592,788.5863882568179,77.755966390567,65.08605808555379,29.176143993940745,2.2717963850791865,13.95108663576722,14.546565134702975,28.24111878593955,CRUISE,ABNORMAL_VIBRATION,True,0.65,1.0,OK,42,52.54,3600.0,-0.452745,0.646902,0.28306,-0.08726,-8.900325,1.458702
2026-01-01T00:10:51Z,O320_CLASS-SIM-01,O320_CLASS,RAPID_RESPONSE,2838.510614802177,-0.34553499412177624,2263.733983418555,0.8745343951693645,114.8449089553275,787.7911578664132,77.68165377870127,65.86038933640985,29.205378122258555,2.184283699533684,14.012144186255002,14.560587528591777,28.197372530910254,CRUISE,ABNORMAL_VIBRATION,True,0.65,1.0,OK,42,52.56,3600.0,-1.277353,0.25993,0.230912,0.014809,5.148871,1.372486
2026-01-01T00:10:52Z,O320_CLASS-SIM-01,O320_CLASS,RAPID_RESPONSE,2839.45823966059,-0.14790380881546095,2248.524186838764,0.8761441054083142,115.97108859180818,787.9818049763662,77.53357855523478,66.44526456371746,29.23426201848631,2.45101145371524,13.963529103349934,14.421027366289668,28.34169424942006,CRUISE,ABNORMAL_VIBRATION,True,0.65,1.0,OK,42,52.58,3600.0,-0.581203,-0.066093,0.081854,0.00432,-10.106518,1.638673
2026-01-01T00:10:53Z,O320_CLASS-SIM-01,O320_CLASS,RAPID_RESPONSE,2836.692358874309,-0.4148497194280529,2275.1921069475084,0.8769746720127728,117.06265277686263,786.6998683677198,77.35678139978478,66.31803803087753,29.32949429465855,2.348552693629517,13.991201363307779,14.516609442172483,28.47325651540229,CRUISE,ABNORMAL_VIBRATION,True,0.65,1.0,OK,42,52.59,3600.0,0.686911,-1.257933,-0.105592,0.077906,16.067531,1.535765
2026-01-01T00:10:54Z,O320_CLASS-SIM-01,O320_CLASS,RAPID_RESPONSE,2838.5522787033974,-0.6751616361319075,2249.6825103834003,0.8761313461007899,115.8840300060619,784.0491916864667,77.43822249523576,65.27261855374614,29.169453947145954,2.1406823491631455,13.957400686002455,14.352922784406553,28.580526190158356,CRUISE,ABNORMAL_VIBRATION,True,0.65,1.0,OK,42,52.6,3600.0,-0.144863,-3.492251,-0.022074,-0.063003,-9.345729,1.328184
2026-01-01T00:10:55Z,O320_CLASS-SIM-01,O320_CLASS,RAPID_RESPONSE,2837.09273760395,-0.7575259332627277,2258.6599774364845,0.8761975453840756,116.71534357838438,786.3657116115119,77.0846194436198,65.51854798162425,29.205054279197313,2.482156454564847,13.957287710439784,14.493046088041062,28.81256537935476,CRUISE,ABNORMAL_VIBRATION,True,0.65,1.0,OK,42,52.63,3600.0,0.784719,-1.094992,-0.37543,-0.027524,-0.356816,1.669658
2026-01-01T00:10:56Z,O320_CLASS-SIM-01,O320_CLASS,RAPID_RESPONSE,2839.9194998715443,-0.3779521315957985,2263.7409618530264,0.8774416392662724,116.57353475652404,788.1880969681135,77.49055982863156,65.06064393590982,29.24244594094987,2.3736871333357783,14.003320237425624,14.581582222627564,28.569354126897295,CRUISE,ABNORMAL_VIBRATION,True,0.65,1.0,OK,42,52.66,3600.0,0.021701,0.047121,0.018366,-0.027346,4.160973,1.560517
2026-01-01T00:10:57Z,O320_CLASS-SIM-01,O320_CLASS,RAPID_RESPONSE,2839.1724266130946,-0.502172061225193,2266.0900816740473,0.8789267153392973,115.29697518186539,786.4848739743416,78.3216136055263,65.59548631745785,29.316374933074894,2.223708703394398,13.97437044115123,14.428490370774474,28.582089932967378,CRUISE,ABNORMAL_VIBRATION,True,0.65,1.0,OK,42,52.69,3600.0,-1.37617,-1.898359,0.824449,0.001456,5.352016,1.409568
2026-01-01T00:10:58Z,O320_CLASS-SIM-01,O320_CLASS,RAPID_RESPONSE,2842.7774070661967,-0.6200651493359453,2255.6244763470113,0.8777560829746743,116.06242070086734,786.4507310083137,77.85151735303823,66.39827822639568,29.201761582327183,2.3470208781017865,13.930716041634652,14.280253275203357,28.459058456913315,CRUISE,ABNORMAL_VIBRATION,True,0.65,1.0,OK,42,52.7,3600.0,-0.406337,-1.629111,0.350278,-0.09049,-5.302562,1.53313
2026-01-01T00:10:59Z,O320_CLASS-SIM-01,O320_CLASS,RAPID_RESPONSE,2841.0524011866605,-0.611565805293987,2252.6530885206953,0.8737693821595598,116.75981529981142,782.7554467855999,77.04170683141857,64.02220084978723,29.244231588263712,1.9794654984271483,13.967907414603715,14.913264951407564,28.69117578542932,CRUISE,ABNORMAL_VIBRATION,True,0.65,1.0,OK,42,52.69,3600.0,0.936667,-4.419409,-0.420283,0.06466,-6.453683,1.167655
2026-01-01T00:11:00Z,O320_CLASS-SIM-01,O320_CLASS,RAPID_RESPONSE,2838.5609799160734,-0.423492528009325,2250.4059100106724,0.8734867438015954,116.07344385903178,790.7356229332814,77.68483853291889,64.93747984691336,29.257569147940593,2.0154014248520435,13.94435241813607,14.296671540455733,28.451635813937706,CRUISE,ABNORMAL_VIBRATION,True,0.65,1.0,OK,42,52.68,3600.0,0.213533,3.548981,0.253229,0.099859,-7.291913,1.204323
2026-01-01T00:11:01Z,O320_CLASS-SIM-01,O320_CLASS,RAPID_RESPONSE,2841.2301495889014,-0.49119420901652766,2256.856725913538,0.875891375328539,116.85362922491035,788.0285730357604,77.32987154481215,65.82802978752197,29.26266053404143,2.2582428364165645,13.965143963915844,14.79238158106425,28.274200636317644,CRUISE,ABNORMAL_VIBRATION,True,0.65,1.0,OK,42,52.69,3600.0,0.690074,0.419256,-0.104711,0.044368,-0.978976,1.446312
2026-01-01T00:11:02Z,O320_CLASS-SIM-01,O320_CLASS,RAPID_RESPONSE,2844.505995093326,-0.6725663679040578,2255.42836834684,0.8739197258263538,118.82684864853971,786.3872209938795,77.24191312530013,65.20707081446032,29.22517142483177,2.1086763691925183,13.96292469574984,13.61886300022801,28.4479157468315,CRUISE,ABNORMAL_VIBRATION,True,0.65,1.0,OK,42,52.69,3600.0,3.101634,-0.615485,-0.17243,0.059113,-1.468699,1.297745
2026-01-01T00:11:03Z,O320_CLASS-SIM-01,O320_CLASS,RAPID_RESPONSE,2842.090201995722,-0.317627378800839,2268.6005772141893,0.8754182346708672,117.17667526551551,784.8820248763162,77.7478238696812,65.04272787530415,29.160193357398597,2.245338385333654,14.008910727662457,14.545677455356346,28.663542032898953,CRUISE,ABNORMAL_VIBRATION,True,0.65,1.0,OK,42,52.68,3600.0,0.931066,-2.754542,0.331072,-0.040112,11.591774,1.433909
2026-01-01T00:11:04Z,O320_CLASS-SIM-01,O320_CLASS,RAPID_RESPONSE,2841.2049432573185,-0.3179546094500726,2252.8476150308843,0.8762178531101742,116.4530838045816,789.280027089608,77.53982055349135,64.90639965499237,29.262480543567644,2.4587940614982484,13.949367706242365,14.040878669258978,28.513693791108626,CRUISE,ABNORMAL_VIBRATION,True,0.65,1.0,OK,42,52.68,3600.0,0.090438,1.459795,0.112419,0.039546,-4.655046,1.646906
2026-01-01T00:11:05Z,O320_CLASS-SIM-01,O320_CLASS,RAPID_RESPONSE,2842.0958220015145,-0.4965172802451457,2262.4511243847687,0.8748279558810895,115.86630601473372,787.366350055764,78.02606328187697,65.51884179883237,29.15571850087025,2.0193481236570756,13.971043961528869,14.216590339899563,28.204177383717578,CRUISE,ABNORMAL_VIBRATION,True,0.65,1.0,OK,42,52.69,3600.0,-0.129234,0.011329,0.606251,-0.031935,5.300405,1.208044
2026-01-01T00:11:06Z,O320_CLASS-SIM-01,O320_CLASS,RAPID_RESPONSE,2843.8104468435436,-0.3758966681411311,2254.993418387189,0.8763016042965891,116.41053825100795,789.1130485722758,77.67869909764637,63.407194132903015,29.20451423472508,2.3406563978709363,13.95453862142244,14.507258686093373,28.550854960700732,CRUISE,ABNORMAL_VIBRATION,True,0.65,1.0,OK,42,52.69,3600.0,0.046457,1.309027,0.249155,-0.023705,-2.608634,1.52867
2026-01-01T00:11:07Z,O320_CLASS-SIM-01,O320_CLASS,RAPID_RESPONSE,2843.2430809715715,-0.25410309270577436,2266.891210305253,0.8754507023818878,115.94300069820108,780.4715412695373,77.3048357149323,64.40624883087422,29.226637681277804,2.277914778476168,13.987713247414437,14.846636364974167,28.43403661148312,CRUISE,ABNORMAL_VIBRATION,True,0.65,1.0,OK,42,52.67,3600.0,-0.415537,-7.280362,-0.122786,0.019884,9.378319,1.466243
2026-01-01T00:11:08Z,O320_CLASS-SIM-01,O320_CLASS,RAPID_RESPONSE,2846.806867854128,-0.4471428652275953,2247.330400075144,0.8745372319111555,115.72922381526813,789.068021001552,77.05517411944469,65.24752223347902,29.20656123045708,2.0965607783476616,13.991165292069528,14.657059849313326,28.61268916447638,CRUISE,ABNORMAL_VIBRATION,True,0.65,1.0,OK,42,52.66,3600.0,-0.343492,1.702658,-0.359943,0.023465,-9.602578,1.285393
2026-01-01T00:11:09Z,O320_CLASS-SIM-01,O320_CLASS,RAPID_RESPONSE,2843.154255879127,-0.30335102358297217,2246.8369667841084,0.8728581520329409,114.71582151236309,787.601084112318,77.91366284024447,65.00122832046972,29.189815633358474,2.290647888737353,13.983992930511745,14.376583966067935,28.35741862459204,CRUISE,ABNORMAL_VIBRATION,True,0.65,1.0,OK,42,52.65,3600.0,-1.155434,0.528026,0.524239,0.060665,-8.904419,1.480572
2026-01-01T00:11:10Z,O320_CLASS-SIM-01,O320_CLASS,RAPID_RESPONSE,2841.897251020307,-0.5712079021263021,2267.1054510515937,0.8757903176254226,115.28042173087734,790.6587667355708,77.19726373509457,66.61594554255788,29.28286773040237,2.2381295560411876,13.921836857485408,15.0676262699509,28.49524965657969,CRUISE,ABNORMAL_VIBRATION,True,0.65,1.0,OK,42,52.62,3600.0,-0.724718,3.253648,-0.205614,0.079845,10.740111,1.426866
2026-01-01T00:11:11Z,O320_CLASS-SIM-01,O320_CLASS,RAPID_RESPONSE,2843.6940636428135,-0.34375012495305224,2263.240994189571,0.8782038872817834,115.36929333172756,788.3549424246373,76.95563861435348,66.01008773660237,29.210577209717695,2.1810397206192613,13.962388108393247,14.4317647696721,28.306650657689943,CRUISE,ABNORMAL_VIBRATION,True,0.65,1.0,OK,42,52.6,3600.0,-1.298323,0.125838,-0.482185,-0.066065,5.254965,1.368283
2026-01-01T00:11:12Z,O320_CLASS-SIM-01,O320_CLASS,RAPID_RESPONSE,2845.6300897664705,-0.26543328337767147,2253.106041196478,0.8766626365654977,116.67859449016949,787.569355675969,76.81798601186514,64.43278152565185,29.171712496124318,2.117341084189185,14.009004779112978,14.585698675314255,28.43211826797598,CRUISE,ABNORMAL_VIBRATION,True,0.65,1.0,OK,42,52.59,3600.0,0.087025,-0.483085,-0.627733,-0.073608,-5.246161,1.304892
2026-01-01T00:11:13Z,O320_CLASS-SIM-01,O320_CLASS,RAPID_RESPONSE,2841.4236409800933,-0.7641890938615273,2257.477474445655,0.8794700804600685,115.31746449542759,789.6989586044666,77.2353009691267,65.51529004456661,29.27053292040073,2.1686882356859987,13.946045967387038,14.847551434244636,28.443173195638032,CRUISE,ABNORMAL_VIBRATION,True,0.65,1.0,OK,42,52.58,3600.0,-1.169684,1.506217,-0.247806,-0.053323,-2.608665,1.354636
2026-01-01T00:11:14Z,O320_CLASS-SIM-01,O320_CLASS,RAPID_RESPONSE,2846.6103526094244,-0.5951153763357433,2268.6864180152284,0.8760499000517147,116.6734459992942,787.8588894337911,77.22370959460899,65.46679166208406,29.186706369122298,2.2683222674523718,13.960642657334766,14.11816795095163,28.184153065249088,CRUISE,ABNORMAL_VIBRATION,True,0.65,1.0,OK,42,52.59,3600.0,0.415464,0.158259,-0.247673,-0.055939,9.14403,1.455537
2026-01-01T00:11:15Z,O320_CLASS-SIM-01,O320_CLASS,RAPID_RESPONSE,2842.6480180096146,-0.4013520054145292,2248.157809953906,0.8760763620278677,116.31145351364992,787.3583974206707,77.59989935219596,65.59182005503662,29.07238656574006,2.298326643087238,13.979472724392378,14.901626457266616,28.688762376802583,CRUISE,ABNORMAL_VIBRATION,True,0.65,1.0,OK,42,52.61,3600.0,-0.06218,-0.490162,0.135215,-0.164396,-11.073909,1.485712
2026-01-01T00:11:16Z,O320_CLASS-SIM-01,O320_CLASS,RAPID_RESPONSE,2843.457919732268,-0.5482259906641094,2244.777747345511,0.8784895055999556,117.35885471472331,788.3869915437749,77.4896129270063,66.56672146095465,29.267476503266263,2.287455466213771,13.980405284493008,14.403509710866759,28.550589573726697,CRUISE,ABNORMAL_VIBRATION,True,0.65,1.0,OK,42,52.62,3600.0,0.747012,0.144148,0.004134,-0.036048,-15.418374,1.473644
2026-01-01T00:11:17Z,O320_CLASS-SIM-01,O320_CLASS,RAPID_RESPONSE,2846.9912586250784,-0.5260823929255675,2254.433497223675,0.8776899069623969,118.13622969521367,785.6273854589471,77.31646205220521,65.7400024365525,29.2302774028568,2.1512189870906875,14.023195766244335,14.595601667787248,28.514955480594537,CRUISE,ABNORMAL_VIBRATION,True,0.65,1.0,OK,42,52.62,3600.0,1.538057,-2.526382,-0.174099,-0.05973,-5.9983,1.33752
2026-01-01T00:11:18Z,O320_CLASS-SIM-01,O320_CLASS,RAPID_RESPONSE,2848.6700721540137,-0.5665655929930351,2256.472857590843,0.8728901809387821,115.92833282519013,783.7689093519589,77.7195902321661,65.79229280861921,29.191131215850692,2.31500855352607,13.989519398729557,14.205389929820932,28.465600275632642,CRUISE,ABNORMAL_VIBRATION,True,0.65,1.0,OK,42,52.63,3600.0,0.099366,-3.266736,0.277527,0.033854,-1.709805,1.503798
2026-01-01T00:11:19Z,O320_CLASS-SIM-01,O320_CLASS,RAPID_RESPONSE,2847.345561005984,-0.7682670375370093,2262.5966419848514,0.8720222454438472,115.98990296593516,784.5731038180687,77.99158691853076,64.52763803601002,29.12151243362989,2.1660439752888507,13.95424957611853,14.112448779005232,28.513574507369622,CRUISE,ABNORMAL_VIBRATION,True,0.65,1.0,OK,42,52.63,3600.0,0.604655,-1.934511,0.593275,0.004527,6.443057,1.356008
2026-01-01T00:11:20Z,O320_CLASS-SIM-01,O320_CLASS,RAPID_RESPONSE,2843.573597967172,-0.6580816485329719,2252.4522184215107,0.8769483601282256,117.68144126909253,790.2288907790825,77.35641659517651,63.5085277910613,29.222601845107075,2.3748206510831817,14.003659637304212,14.603598507718875,28.256003950617973,CRUISE,ABNORMAL_VIBRATION,True,0.65,1.0,OK,42,52.61,3600.0,1.537578,2.613795,-0.06468,-0.017098,-4.758071,1.562802
2026-01-01T00:11:21Z,O320_CLASS-SIM-01,O320_CLASS,RAPID_RESPONSE,2846.037436319954,-0.21429291955322505,2245.656956261958,0.8730217778611595,117.25380389965113,786.3843907971539,76.94366191524618,66.66979087350472,29.225149277564,2.2735685500211256,13.932257939848844,14.99897409984214,28.430488736019708,CRUISE,ABNORMAL_VIBRATION,True,0.65,1.0,OK,42,52.58,3600.0,1.212276,-0.84644,-0.450766,0.087374,-10.316535,1.463309
2026-01-01T00:11:22Z,O320_CLASS-SIM-01,O320_CLASS,RAPID_RESPONSE,2849.1859391836515,-0.37203962439324034,2252.7604093090763,0.8742651230610258,117.85418265280471,791.1089361550702,76.66423545466556,65.88427771832944,29.19507304182393,2.0385530301501418,13.974468827928739,14.148984499205818,28.363915354988244,CRUISE,ABNORMAL_VIBRATION,True,0.65,1.0,OK,42,52.55,3600.0,1.769659,3.799538,-0.723187,0.028003,-2.888163,1.228006
2026-01-01T00:11:23Z,O320_CLASS-SIM-01,O320_CLASS,RAPID_RESPONSE,2846.156786755342,-0.5827729224276291,2256.2926244248793,0.8732334169407393,118.00228227441742,788.6762049873067,78.13146496567096,65.3134291480663,29.17273160614155,2.432686795349243,13.949259913357754,14.441071964010007,28.541617924903623,CRUISE,ABNORMAL_VIBRATION,True,0.65,1.0,OK,42,52.52,3600.0,2.351716,1.848234,0.759053,0.039188,1.340199,1.622804
2026-01-01T00:11:24Z,O320_CLASS-SIM-01,O320_CLASS,RAPID_RESPONSE,2845.7624589066018,-0.402829606804762,2261.468060783932,0.8777767458741709,117.17838343532024,790.6832970322656,77.36810893153677,64.74839651634457,29.30470771594995,2.140473480744017,13.923791573959862,14.62618828666754,28.677085881489788,CRUISE,ABNORMAL_VIBRATION,True,0.65,1.0,OK,42,52.5,3600.0,0.658042,2.675177,-0.042429,0.047909,4.74746,1.328382
2026-01-01T00:11:25Z,O320_CLASS-SIM-01,O320_CLASS,RAPID_RESPONSE,2848.167924152469,-0.36134783128805514,2240.7716956238905,0.874212550287278,113.85745518252705,789.3747329578433,76.79202312674344,64.41331737613655,29.223947065276473,2.23718815435832,13.961803184156645,14.626710744077243,28.5137333660185,CRUISE,ABNORMAL_VIBRATION,True,0.65,1.0,OK,42,52.46,3600.0,-2.241272,2.03251,-0.606807,0.054204,-15.405956,1.426438
2026-01-01T00:11:26Z,O320_CLASS-SIM-01,O320_CLASS,RAPID_RESPONSE,2847.8250078589845,-0.6771687853959,2261.194083196372,0.8764113765667353,117.17488428164931,788.1942262006193,76.94215368584244,65.98488429689795,29.197214129593018,2.241785407783045,13.957718413670491,14.310864699437609,28.566118880330144,CRUISE,ABNORMAL_VIBRATION,True,0.65,1.0,OK,42,52.43,3600.0,1.067995,0.695517,-0.471984,-0.030723,4.306531,1.430032
2026-01-01T00:11:27Z,O320_CLASS-SIM-01,O320_CLASS,RAPID_RESPONSE,2846.2855263123283,-0.6637054299035019,2253.9816046700903,0.8783862318552081,117.36305403114471,783.3023128764052,77.94873050880568,66.5091880889722,29.137620164672896,2.0163614393153857,13.96437610180399,14.763296506819112,28.671208787276434,CRUISE,ABNORMAL_VIBRATION,True,0.65,1.0,OK,42,52.4,3600.0,0.926214,-4.691591,0.501798,-0.149608,-4.426873,1.203334
2026-01-01T00:11:28Z,O320_CLASS-SIM-01,O320_CLASS,RAPID_RESPONSE,2847.371007780707,-0.253605250702671,2238.7251656956064,0.8743961739046165,115.59312687091582,790.2756123568865,77.92615070996582,66.19007061964811,29.127830494700046,2.222356189873286,13.981799271525636,14.064143253105645,28.122194601580453,CRUISE,ABNORMAL_VIBRATION,True,0.65,1.0,OK,42,52.36,3600.0,-0.69281,2.697834,0.498851,-0.057623,-18.772775,1.410981
2026-01-01T00:11:29Z,O320_CLASS-SIM-01,O320_CLASS,RAPID_RESPONSE,2850.49878287683,-0.545136588268579,2246.2040065456476,0.8746894762484025,116.52649120050026,787.1779970539117,76.78467334083854,66.93217703002585,29.244606330543935,2.2774377060877846,13.9576604350895,14.57108517750621,28.262530656423735,CRUISE,ABNORMAL_VIBRATION,True,0.65,1.0,OK,42,52.32,3600.0,0.470396,-0.14456,-0.63049,0.054509,-10.731109,1.466181
2026-01-01T00:11:30Z,O320_CLASS-SIM-01,O320_CLASS,RAPID_RESPONSE,2849.6903638611548,-0.7194511353703837,2255.8580292821084,0.8727422220796514,114.74380328100915,791.4897866465831,77.42779626651506,65.58669653897935,29.092863892791716,2.1730482766904795,13.980334900931732,14.529008909186729,28.10859658825547,CRUISE,ABNORMAL_VIBRATION,True,0.65,1.0,OK,42,52.3,3600.0,-0.794917,4.821903,0.041981,-0.037985,0.284006,1.363011
2026-01-01T00:11:31Z,O320_CLASS-SIM-01,O320_CLASS,RAPID_RESPONSE,2849.781606345885,-0.4665770260283921,2266.629240042443,0.8737424478150334,113.3908836797215,784.8739086409347,76.96391802817848,66.00717832765825,29.056633528971467,2.10853705598997,14.009257664487249,14.48153950674832,28.565875785348304,CRUISE,ABNORMAL_VIBRATION,True,0.65,1.0,OK,42,52.27,3600.0,-2.510507,-2.203404,-0.411472,-0.093516,11.538694,1.298393
2026-01-01T00:11:32Z,O320_CLASS-SIM-01,O320_CLASS,RAPID_RESPONSE,2847.272752235123,-0.7635788502613704,2267.793926067965,0.8752288857579695,116.20115739006344,784.5608090240438,77.44169489844228,64.49810107653693,29.25085137217632,2.588789232502341,13.980987295104507,14.320261377481271,28.051106720600416,CRUISE,ABNORMAL_VIBRATION,True,0.65,1.0,OK,42,52.25,3600.0,0.417759,-2.519352,0.056929,0.06388,12.268535,1.778011
2026-01-01T00:11:33Z,O320_CLASS-SIM-01,O320_CLASS,RAPID_RESPONSE,2847.4733038281865,-0.2917707253459282,2247.999295315715,0.874258330236627,116.85948126387994,791.0522713325335,77.32018562974382,65.08815757198006,29.1941264112909,2.1397001438011136,13.94923975091565,14.581229620502123,28.45867641089192,CRUISE,ABNORMAL_VIBRATION,True,0.65,1.0,OK,42,52.24,3600.0,0.739171,3.697934,-0.060836,0.031503,-7.352435,1.329304
2026-01-01T00:11:34Z,O320_CLASS-SIM-01,O320_CLASS,RAPID_RESPONSE,2853.461958224388,-0.4608922542242607,2265.3788394116095,0.8728309746200987,116.69914070883678,785.5294493733987,77.55683992308525,65.95974271318966,29.192076330994436,2.407438316986144,14.009278983912854,14.771832576061739,28.545252830903625,CRUISE,ABNORMAL_VIBRATION,True,0.65,1.0,OK,42,52.24,3600.0,0.887714,-1.354212,0.196037,0.066298,10.964782,1.597838
2026-01-01T00:11:35Z,O320_CLASS-SIM-01,O320_CLASS,RAPID_RESPONSE,2853.1741417556955,-0.7439845480595341,2267.0687862440195,0.8729646013230908,115.38760681177816,788.7307399217831,77.89058493173759,64.48310972658984,29.162993192634328,2.33765506189335,13.96083387482915,14.690290944361454,28.945726269066327,CRUISE,ABNORMAL_VIBRATION,True,0.65,1.0,OK,42,52.23,3600.0,-0.122647,2.151377,0.542799,0.039844,13.258431,1.528279
2026-01-01T00:11:36Z,O320_CLASS-SIM-01,O320_CLASS,RAPID_RESPONSE,2851.4226318564392,-0.6404381958830757,2245.6713022364443,0.8742701270934636,114.93237561272254,788.4864895292508,77.57674379582222,65.03247649559577,29.286905753726238,2.1018000314679988,13.96282718736875,14.635835316184245,28.563872591143692,CRUISE,ABNORMAL_VIBRATION,True,0.65,1.0,OK,42,52.23,3600.0,-0.839054,1.547344,0.223672,0.132269,-8.38421,1.291922
2026-01-01T00:11:37Z,O320_CLASS-SIM-01,O320_CLASS,RAPID_RESPONSE,2852.974565840516,-0.467603835029319,2264.387519377511,0.8735639635501241,117.15823547711669,789.5697943283429,77.99972811559306,64.06530232256272,29.141336432571,2.280394349879332,13.886854449750173,14.59830794827752,28.588762257016437,CRUISE,ABNORMAL_VIBRATION,True,0.65,1.0,OK,42,52.21,3600.0,1.29282,2.597318,0.651001,0.003811,10.53351,1.470811
2026-01-01T00:11:38Z,O320_CLASS-SIM-01,O320_CLASS,RAPID_RESPONSE,2850.4581884514255,-0.5981263836146682,2247.323969191094,0.8738246306282621,115.46131649852035,785.5912248363846,77.09814050696805,65.18028737523635,29.171577976677558,2.5053274702866952,13.95455509489926,14.560605748455114,28.342986390292626,CRUISE,ABNORMAL_VIBRATION,True,0.65,1.0,OK,42,52.21,3600.0,-0.268228,-1.285184,-0.25118,0.029941,-6.557571,1.695677
2026-01-01T00:11:39Z,O320_CLASS-SIM-01,O320_CLASS,RAPID_RESPONSE,2850.7029079235394,-0.7909730409773549,2243.2829894924503,0.8724272732819639,116.26869640620298,789.9791188963136,76.67718432792016,64.95486987837766,29.11642627989764,2.125786586514261,13.998638999355366,14.36210941803851,28.42211853721019,CRUISE,ABNORMAL_VIBRATION,True,0.65,1.0,OK,42,52.21,3600.0,0.949042,3.612122,-0.657471,0.013793,-9.918423,1.316873
2026-01-01T00:11:40Z,O320_CLASS-SIM-01,O320_CLASS,RAPID_RESPONSE,2854.0346944464404,-0.46835189746084815,2249.7100374424153,0.8751326453864863,115.05106282186163,788.3302466914539,77.59662458910958,64.29744370472531,29.19256592793487,2.2188449971336124,13.982691502115916,14.680928639683842,28.50059077722353,CRUISE,ABNORMAL_VIBRATION,True,0.65,1.0,OK,42,52.22,3600.0,-1.047668,1.03942,0.244706,0.015653,-4.291973,1.408689
2026-01-01T00:11:41Z,O320_CLASS-SIM-01,O320_CLASS,RAPID_RESPONSE,2851.6616120863328,-0.3987571106270146,2248.743124200528,0.8721473158016207,112.20563897256118,787.094046347741,77.06050836869002,65.70641522087097,29.084284747859584,2.246166163471103,13.980444543338503,14.214894733284133,28.490089108249986,CRUISE,ABNORMAL_VIBRATION,True,0.65,1.0,OK,42,52.22,3600.0,-3.481188,0.386914,-0.27266,-0.011981,-4.389341,1.437361
2026-01-01T00:11:42Z,O320_CLASS-SIM-01,O320_CLASS,RAPID_RESPONSE,2851.54541848835,-0.5453974369431873,2260.4257458924194,0.8766674988081353,116.1468351735437,785.2247302233163,77.20454984474651,65.89481613445874,29.130821117679844,2.1200763250517283,13.954745189478741,14.44577525143629,28.277035481712282,CRUISE,ABNORMAL_VIBRATION,True,0.65,1.0,OK,42,52.23,3600.0,-0.077317,-2.322289,-0.163692,-0.08703,5.666725,1.30913
2026-01-01T00:11:43Z,O320_CLASS-SIM-01,O320_CLASS,RAPID_RESPONSE,2849.8675861171846,-0.4640843748018213,2263.3143899670476,0.8711510998204534,116.4744168864295,789.9580706470149,77.62476828181761,65.04895593400153,29.133746676454724,2.2680322848259724,13.973740530767204,14.494829536900552,28.401134937511994,CRUISE,ABNORMAL_VIBRATION,True,0.65,1.0,OK,42,52.25,3600.0,1.010899,3.513729,0.289886,0.061915,10.102459,1.459527
2026-01-01T00:11:44Z,O320_CLASS-SIM-01,O320_CLASS,RAPID_RESPONSE,2851.2860753238688,-0.4805121002190166,2259.3050325804447,0.875110638959918,116.16075900819567,791.438594644616,77.13529085090015,66.40448041672782,29.14325798836573,2.395050769389746,14.003293272381615,14.396876854556117,28.677026866856906,CRUISE,ABNORMAL_VIBRATION,True,0.65,1.0,OK,42,52.26,3600.0,0.12026,4.180115,-0.217565,-0.031019,5.259555,1.584912
2026-01-01T00:11:45Z,O320_CLASS-SIM-01,O320_CLASS,RAPID_RESPONSE,2853.8781570047227,-0.6772257868060061,2252.48180322393,0.876948064294753,117.13110534458652,784.5857276531121,77.32797796967193,65.53919101557155,29.15361671805404,2.361549500810642,13.973287425363935,14.453948638423862,28.606237347892748,CRUISE,ABNORMAL_VIBRATION,True,0.65,1.0,OK,42,52.28,3600.0,0.923556,-2.95607,-0.056591,-0.079965,-3.03444,1.550159
2026-01-01T00:11:46Z,O320_CLASS-SIM-01,O320_CLASS,RAPID_RESPONSE,2852.8913331368954,-0.39624035576189903,2242.070057476161,0.8737487765635935,117.27817320004263,791.146680855305,77.07300116736538,64.66155563963976,29.206407023503917,2.2265411943702453,13.958205443016862,14.687765007523536,28.34572165230618,CRUISE,ABNORMAL_VIBRATION,True,0.65,1.0,OK,42,52.28,3600.0,1.259035,3.982905,-0.300418,0.054103,-12.92911,1.416401
2026-01-01T00:11:47Z,O320_CLASS-SIM-01,O320_CLASS,RAPID_RESPONSE,2850.7555650763998,-0.7442367394149527,2255.4284232962063,0.8709027833326839,115.65855712031879,783.7313033264533,78.03693364153395,67.10256737228407,29.124162620142627,2.2847967897283645,13.937435936382531,14.390596950460402,28.697584672823794,CRUISE,ABNORMAL_VIBRATION,True,0.65,1.0,OK,42,52.27,3600.0,0.491895,-2.394013,0.701314,0.057075,2.1823,1.476346
2026-01-01T00:11:48Z,O320_CLASS-SIM-01,O320_CLASS,RAPID_RESPONSE,2853.2682211466645,-0.5936992701292176,2247.745407750046,0.8768955533585043,112.09509042856145,786.0949095424289,77.36124221555295,64.83863180896296,29.219287542717527,2.2537393960198076,13.923872131054116,14.99055964849523,28.213302749847333,CRUISE,ABNORMAL_VIBRATION,True,0.65,1.0,OK,42,52.25,3600.0,-4.14825,-1.471976,-0.010578,-0.007059,-7.179573,1.44263
2026-01-01T00:11:49Z,O320_CLASS-SIM-01,O320_CLASS,RAPID_RESPONSE,2856.165750255318,-0.5300390727328694,2251.192897696149,0.8737579857173678,115.96665590074079,787.7133058960748,77.01017355527674,65.17738211151737,29.136614437052906,2.1903263656161975,13.941699233769976,14.178956495399454,28.363495642245397,CRUISE,ABNORMAL_VIBRATION,True,0.65,1.0,OK,42,52.26,3600.0,0.050693,0.694149,-0.352964,-0.014532,-3.329429,1.380356
2026-01-01T00:11:50Z,O320_CLASS-SIM-01,O320_CLASS,RAPID_RESPONSE,2855.1460668555574,-0.5361262511061093,2270.95413057927,0.8701293585228247,116.56594111436014,787.1986703988468,77.70314210359032,65.93474667430365,29.165936320358057,2.2462513989838078,13.943881777164508,14.619132351373564,28.144414782784764,CRUISE,ABNORMAL_VIBRATION,True,0.65,1.0,OK,42,52.26,3600.0,1.263329,1.04236,0.384834,0.120444,18.51085,1.438347
2026-01-01T00:11:51Z,O320_CLASS-SIM-01,O320_CLASS,RAPID_RESPONSE,2855.9271444198785,-0.5594283975877968,2251.1997432639596,0.874058743124916,115.8075571061932,790.4162379308219,78.6689101309544,66.33451163168957,29.14495746703325,2.211725004924013,13.986388997547266,14.233684413324198,28.23685361325274,CRUISE,ABNORMAL_VIBRATION,True,0.65,1.0,OK,42,52.24,3600.0,-0.030787,3.491866,1.340985,0.001884,-1.689544,1.402374
2026-01-01T00:11:52Z,O320_CLASS-SIM-01,O320_CLASS,RAPID_RESPONSE,2854.93153363308,-0.43651581726674166,2242.138641934084,0.8730555587620458,116.681635198709,787.2676464558464,77.94066084110452,64.22656149888549,29.289869870260684,2.1725441908978866,13.905299480319293,14.449508670900713,28.25553199161898,CRUISE,ABNORMAL_VIBRATION,True,0.65,1.0,OK,42,52.23,3600.0,0.878698,0.431506,0.616215,0.172875,-10.589284,1.363592
2026-01-01T00:11:53Z,O320_CLASS-SIM-01,O320_CLASS,RAPID_RESPONSE,2855.2328717949376,-0.5704505662347334,2253.4037841939503,0.8727860774065059,116.50950101866154,786.3603536947659,77.81425609657249,65.20839817811365,29.123067138503057,2.03505410406196,13.960996378564404,14.14619802920996,28.222933881562476,CRUISE,ABNORMAL_VIBRATION,True,0.65,1.0,OK,42,52.24,3600.0,0.884594,-0.273356,0.495319,0.014498,0.93132,1.226295
2026-01-01T00:11:54Z,O320_CLASS-SIM-01,O320_CLASS,RAPID_RESPONSE,2856.3467415192763,-0.8277616202856188,2266.204396040981,0.8747638772132356,115.93356289340444,784.5571408552869,77.6771778504084,65.34741257941373,29.136032582365388,2.1912623087067997,13.915661367773492,14.053929729874023,28.257127581462502,CRUISE,ABNORMAL_VIBRATION,True,0.65,1.0,OK,42,52.25,3600.0,0.243854,-2.264091,0.341384,-0.027424,12.950209,1.381524
2026-01-01T00:11:55Z,O320_CLASS-SIM-01,O320_CLASS,RAPID_RESPONSE,2856.3443967215203,-0.5633194361016063,2263.235555569829,0.8725780097136523,116.67163580170264,786.8497387166209,76.9928496657697,65.65502323713984,29.166074745244227,2.265417711317335,13.96739017428491,14.429641291421325,28.401829624361568,CRUISE,ABNORMAL_VIBRATION,True,0.65,1.0,OK,42,52.27,3600.0,1.035773,0.221989,-0.331617,0.05906,10.506655,1.456601
2026-01-01T00:11:56Z,O320_CLASS-SIM-01,O320_CLASS,RAPID_RESPONSE,2855.46576635979,-0.7602925453843088,2255.37871851113,0.8727861056440915,114.75350002186384,786.5230250442648,77.66231720132326,65.49230850908299,29.141856170190856,2.11614388782174,13.985189870075256,13.862102355120472,28.54421492918759,CRUISE,ABNORMAL_VIBRATION,True,0.65,1.0,OK,42,52.3,3600.0,-0.685236,0.077771,0.34345,0.033104,2.909497,1.307384
2026-01-01T00:11:57Z,O320_CLASS-SIM-01,O320_CLASS,RAPID_RESPONSE,2853.5381826868106,-0.7785810275182867,2250.603343579941,0.878705327650941,117.98665809238575,788.8813537668937,77.50996240315355,63.8510367589273,29.175289150003355,2.1453939910052906,13.941600663044994,14.499249513983363,28.353671031345993,CRUISE,ABNORMAL_VIBRATION,True,0.65,1.0,OK,42,52.32,3600.0,1.665086,1.12521,0.130875,-0.097186,-4.658697,1.333561
2026-01-01T00:11:58Z,O320_CLASS-SIM-01,O320_CLASS,RAPID_RESPONSE,2857.91770593271,-0.8583826331313199,2255.2544379623428,0.8725804298915962,115.4780519904207,787.8670603149459,76.9190612031643,65.46928470320711,29.155872311647947,2.2573461424794052,13.951968839622506,14.421173247129756,28.30888941362059,CRUISE,ABNORMAL_VIBRATION,True,0.65,1.0,OK,42,52.35,3600.0,0.037754,1.417551,-0.436027,0.034374,1.105408,1.447893
2026-01-01T00:11:59Z,O320_CLASS-SIM-01,O320_CLASS,RAPID_RESPONSE,2856.888948591295,-0.6114354879589042,2249.7009639479843,0.8774918537799752,116.46376294436264,786.139073739506,77.42296744510233,64.51348356874013,29.143688640417235,2.118756189235529,13.928667468359759,14.555912244789823,28.34795034864186,CRUISE,ABNORMAL_VIBRATION,True,0.65,1.0,OK,42,52.39,3600.0,0.052795,-1.615864,0.032062,-0.108217,-6.109125,1.307032
2026-01-01T00:12:00Z,O320_CLASS-SIM-01,O320_CLASS,RAPID_RESPONSE,2856.609657141686,-0.6567365502970762,2278.2008279379925,0.8729604839853663,113.47892267221188,783.0863846144504,77.6669832746052,66.40114254586072,29.13047537883409,2.3529804842509208,13.988304257411606,14.410966247335928,28.384452680783454,CRUISE,ABNORMAL_VIBRATION,True,0.65,1.0,OK,42,52.39,3600.0,-2.223387,-3.673522,0.298828,-0.004357,23.445783,1.543157
2026-01-01T00:12:01Z,O320_CLASS-SIM-01,O320_CLASS,RAPID_RESPONSE,2857.6787127470307,-0.4415297748250998,2257.6433400132823,0.872905642655662,115.74814646744561,792.0297335654056,77.46238672538973,66.02448147630294,29.190597524210744,2.33403581108187,13.969302796481108,14.68194651813,28.531043333747313,CRUISE,ABNORMAL_VIBRATION,True,0.65,1.0,OK,42,52.39,3600.0,-0.138134,5.117463,0.111591,0.063454,3.693398,1.524569
2026-01-01T00:12:02Z,O320_CLASS-SIM-01,O320_CLASS,RAPID_RESPONSE,2858.067797888975,-0.6789321036999058,2257.486335515897,0.8740987883598681,115.58314766468045,793.7638754187394,76.74491969252126,66.09287219222877,29.119507782880277,2.1485301807491144,14.043084727422723,14.216269229232674,28.31439348111462,CRUISE,ABNORMAL_VIBRATION,True,0.65,1.0,OK,42,52.37,3600.0,-0.231553,6.856973,-0.606041,-0.036256,3.528749,1.338677
2026-01-01T00:12:03Z,O320_CLASS-SIM-01,O320_CLASS,RAPID_RESPONSE,2857.9102373307805,-0.7036698452320034,2261.4111987692945,0.8731372903342226,116.73372608830536,783.7343233705178,76.63644665206402,65.13991471988744,29.083254012235077,2.4061305959645285,13.920118269809562,14.196702456583155,28.484744748834135,CRUISE,ABNORMAL_VIBRATION,True,0.65,1.0,OK,42,52.35,3600.0,1.09879,-2.927461,-0.70437,-0.045339,7.924049,1.596789
2026-01-01T00:12:04Z,O320_CLASS-SIM-01,O320_CLASS,RAPID_RESPONSE,2857.321512275965,-0.8060650737870163,2270.5953454398536,0.872176626573575,115.70926484037489,786.5246757844177,77.64194197922106,65.69002549751463,29.119377445093846,2.2539840714820403,13.959189974497576,14.642626688033383,28.247180871244495,CRUISE,ABNORMAL_VIBRATION,True,0.65,1.0,OK,42,52.35,3600.0,0.356028,0.21339,0.318525,0.021396,17.915121,1.445305
2026-01-01T00:12:05Z,O320_CLASS-SIM-01,O320_CLASS,RAPID_RESPONSE,2861.492774300742,-0.6939039631453724,2254.142522489937,0.8718334602740526,114.38284301205879,784.851947112625,76.96824812506406,64.98577876342388,29.110807357185276,2.1983728275539005,13.942493403928713,14.231195659523006,28.363211227102052,CRUISE,ABNORMAL_VIBRATION,True,0.65,1.0,OK,42,52.35,3600.0,-1.063075,-1.47375,-0.337432,0.024651,2.284907,1.390116
2026-01-01T00:12:06Z,O320_CLASS-SIM-01,O320_CLASS,RAPID_RESPONSE,2860.219417048203,-0.5495146057044689,2253.351888236773,0.8712608945870467,114.56524321825887,783.8323545018281,77.87783702347996,65.73867576284785,29.115712713620074,2.230636990866011,13.941209489090584,14.232446982610947,28.490929115434334,CRUISE,ABNORMAL_VIBRATION,True,0.65,1.0,OK,42,52.36,3600.0,-0.883757,-2.455776,0.590607,0.052051,2.349933,1.422947
2026-01-01T00:12:07Z,O320_CLASS-SIM-01,O320_CLASS,RAPID_RESPONSE,2858.5634046635328,-0.2712904468209894,2264.0891711910285,0.8767194897814625,116.73798121151106,785.96209305824,77.59285203788922,65.03220001812333,29.23934569084547,2.2975296889326646,13.973824279030232,14.48494324055011,28.682651334674105,CRUISE,ABNORMAL_VIBRATION,True,0.65,1.0,OK,42,52.37,3600.0,0.201011,-1.796737,0.259712,0.028794,10.958047,1.487201
2026-01-01T00:12:08Z,O320_CLASS-SIM-01,O320_CLASS,RAPID_RESPONSE,2857.108633758504,-0.309442011034873,2252.5339515613805,0.8712617761224428,115.02556056248865,782.8820841262531,77.61383756056236,64.47767275066714,29.16530343966215,2.245542187401206,13.945778234614586,14.385411974338272,28.225833794686338,CRUISE,ABNORMAL_VIBRATION,True,0.65,1.0,OK,42,52.39,3600.0,-0.662481,-3.696572,0.305689,0.09559,0.561867,1.437463
2026-01-01T00:12:09Z,O320_CLASS-SIM-01,O320_CLASS,RAPID_RESPONSE,2858.941273860383,-0.20080121811375623,2260.183538067084,0.8735181582098319,115.19004592333745,786.8928805084486,77.4030343696399,64.97009231020677,29.182411202983584,2.2141480928425823,13.93717238672645,14.544249618922155,28.245769944528448,CRUISE,ABNORMAL_VIBRATION,True,0.65,1.0,OK,42,52.41,3600.0,-0.950554,-0.258528,0.089333,0.055396,7.953892,1.405223
2026-01-01T00:12:10Z,O320_CLASS-SIM-01,O320_CLASS,RAPID_RESPONSE,2860.8818856676535,-0.5907664304838787,2239.2736910446815,0.874240162272286,113.89775487095093,788.7232309022309,77.25016757167941,66.78325644187643,29.208512091057184,2.1247644528939302,13.905287095870122,14.262188331939157,28.237604844313406,CRUISE,ABNORMAL_VIBRATION,True,0.65,1.0,OK,42,52.41,3600.0,-2.007531,1.771864,-0.07457,0.057983,-13.467764,1.315366
2026-01-01T00:12:11Z,O320_CLASS-SIM-01,O320_CLASS,RAPID_RESPONSE,2862.791517183226,-0.5918911142359379,2261.3012085750984,0.8734246471696078,115.7001890156293,786.898620368296,77.79090829361593,65.54872989371545,29.101117981108814,2.306612717402431,13.957110101930125,14.336346541055965,27.996095272360844,CRUISE,ABNORMAL_VIBRATION,True,0.65,1.0,OK,42,52.42,3600.0,-0.123188,0.09655,0.467677,-0.03125,8.629621,1.497483
2026-01-01T00:12:12Z,O320_CLASS-SIM-01,O320_CLASS,RAPID_RESPONSE,2861.2690597042024,-0.5769115961142093,2254.570158048623,0.8731626046260323,115.22138770192012,786.0465990699441,77.53219620561052,65.80776535585397,29.141471337108737,2.4126679736081824,13.963510616888497,14.323432927791632,28.450010842679823,CRUISE,ABNORMAL_VIBRATION,True,0.65,1.0,OK,42,52.44,3600.0,-0.54894,-0.698121,0.212304,0.0181,2.053418,1.603705
2026-01-01T00:12:13Z,O320_CLASS-SIM-01,O320_CLASS,RAPID_RESPONSE,2858.54293095427,-0.558875322421181,2241.3701919126975,0.8718863450218314,113.4850784579371,786.5231201337691,77.98942465724447,65.19985088455076,29.184240447544845,2.4261387344362273,13.977986793486881,14.257449515880827,28.325840660564047,CRUISE,ABNORMAL_VIBRATION,True,0.65,1.0,OK,42,52.46,3600.0,-2.052245,0.075842,0.684636,0.099899,-10.446102,1.617915
2026-01-01T00:12:14Z,O320_CLASS-SIM-01,O320_CLASS,RAPID_RESPONSE,2860.8475481588953,-0.6904368422917835,2249.179850026392,0.8758858517338628,117.13475464624433,782.8340438547305,77.0169427165018,64.91934980760206,29.181053906728213,2.281340610477721,14.046909432100692,14.331597232068884,28.357344094138888,CRUISE,ABNORMAL_VIBRATION,True,0.65,1.0,OK,42,52.47,3600.0,1.083363,-4.371699,-0.319052,-0.013111,-4.083687,1.471194
2026-01-01T00:12:15Z,O320_CLASS-SIM-01,O320_CLASS,RAPID_RESPONSE,2861.993966134568,-0.6995547300654503,2252.453749707822,0.8730588126713218,112.75324129375545,787.249720845612,77.2699055154609,66.30457928877524,29.150412279444744,2.203001018342975,13.958092704217222,13.924507908872103,28.237793182110988,CRUISE,ABNORMAL_VIBRATION,True,0.65,1.0,OK,42,52.47,3600.0,-2.911273,0.615579,-0.057797,0.025515,-0.425215,1.393905
2026-01-01T00:12:16Z,O320_CLASS-SIM-01,O320_CLASS,RAPID_RESPONSE,2862.328920327891,-0.6360428649348475,2260.898410397398,0.8699286493606778,115.6041311413757,785.7432194006221,77.72382873592575,65.82284582225253,29.181288685021674,2.319898217757035,13.954778333767067,14.780311926401708,28.26252739664458,CRUISE,ABNORMAL_VIBRATION,True,0.65,1.0,OK,42,52.46,3600.0,0.382526,-0.220606,0.435811,0.146822,9.859919,1.512592
2026-01-01T00:12:17Z,O320_CLASS-SIM-01,O320_CLASS,RAPID_RESPONSE,2860.018895015563,-0.48774938993662376,2241.417319762595,0.8749815100928168,116.01251939615378,789.6019955105655,77.31635114877452,65.32651595161084,29.173677664414374,2.1327632849119937,13.944620034764927,14.56441220985978,28.414492615577306,CRUISE,ABNORMAL_VIBRATION,True,0.65,1.0,OK,42,52.48,3600.0,-0.055787,2.446839,0.001833,0.010774,-10.850194,1.323346
2026-01-01T00:12:18Z,O320_CLASS-SIM-01,O320_CLASS,RAPID_RESPONSE,2861.2937910288056,-0.6147985673356012,2266.1486242277747,0.872923486996044,115.32037870067273,782.6441163355873,77.32182701954643,65.80422481812124,29.189062676604713,2.3304684963790487,13.994466508430941,14.627875617092078,28.585555794855765,CRUISE,ABNORMAL_VIBRATION,True,0.65,1.0,OK,42,52.48,3600.0,-0.359417,-3.986593,0.010783,0.075072,14.042252,1.52176
2026-01-01T00:12:19Z,O320_CLASS-SIM-01,O320_CLASS,RAPID_RESPONSE,2863.6457661525283,-0.36860379968444,2251.9715066344556,0.8711289526983458,116.67912332935481,788.8544732448448,77.96540584039057,66.30079153631264,29.243564768468293,2.2085121451870924,13.972641096550456,14.098085437412935,28.464555219818607,CRUISE,ABNORMAL_VIBRATION,True,0.65,1.0,OK,42,52.48,3600.0,1.007602,2.382799,0.676983,0.179396,0.914213,1.400803
2026-01-01T00:12:20Z,O320_CLASS-SIM-01,O320_CLASS,RAPID_RESPONSE,2861.6051073985554,-0.5740936038052337,2253.7020625660607,0.874700080934314,115.76172251320425,789.2310042886431,76.24678547429224,65.4247953814392,29.205454028289083,2.4088299734185625,13.98772089680252,14.864815208910189,28.443408624029324,CRUISE,ABNORMAL_VIBRATION,True,0.65,1.0,OK,42,52.47,3600.0,-0.200997,2.216471,-1.064422,0.049156,1.588099,1.599552
2026-01-01T00:12:21Z,O320_CLASS-SIM-01,O320_CLASS,RAPID_RESPONSE,2862.7027065623033,-0.5281273360555181,2253.1773092276976,0.872165443794124,115.25608952680649,784.1034352528754,77.54603758196703,65.27895526893246,29.126353645952115,2.250778520385812,13.980899025200515,14.63796976833365,28.24821861599809,CRUISE,ABNORMAL_VIBRATION,True,0.65,1.0,OK,42,52.48,3600.0,-0.406178,-2.440538,0.246029,0.033661,1.582705,1.442518
2026-01-01T00:12:22Z,O320_CLASS-SIM-01,O320_CLASS,RAPID_RESPONSE,2861.0314359582994,-0.46608276591610515,2242.1387053047692,0.8747986773713486,117.81052724077897,790.9222683987836,77.6284753530262,65.83393075648749,29.256001755560725,1.9072695250853777,13.95180254300054,14.65424398976182,28.36693016089017,CRUISE,ABNORMAL_VIBRATION,True,0.65,1.0,OK,42,52.48,3600.0,1.71307,3.751667,0.307657,0.093811,-10.420963,1.097772
2026-01-01T00:12:23Z,O320_CLASS-SIM-01,O320_CLASS,RAPID_RESPONSE,2865.087180690424,-0.6168819450253629,2254.130631123806,0.8731278993487569,115.23908136160799,785.4967705206478,77.44043243643353,64.64427252454358,29.19010507728883,2.3204432829952166,13.998700385285352,14.159153277199486,28.16232923242523,CRUISE,ABNORMAL_VIBRATION,True,0.65,1.0,OK,42,52.49,3600.0,-0.541204,-1.215837,0.124049,0.06556,1.776625,1.511521
2026-01-01T00:12:24Z,O320_CLASS-SIM-01,O320_CLASS,RAPID_RESPONSE,2863.485784858616,-0.17787832066448594,2263.1432608008276,0.8725419010337803,116.37136731079187,788.6738769013242,76.78325025050339,66.35666657307212,29.133112095639216,2.27523522554592,13.966416710917432,14.726782774121867,28.30370089887374,CRUISE,ABNORMAL_VIBRATION,True,0.65,1.0,OK,42,52.49,3600.0,0.277889,1.676339,-0.524238,0.027644,11.201762,1.466695
2026-01-01T00:12:25Z,O320_CLASS-SIM-01,O320_CLASS,RAPID_RESPONSE,2861.196158749437,-0.5659746954829804,2236.6012375281566,0.8730221314340676,117.28206006199348,788.293008761667,77.74618763035586,65.75428837831622,29.261038514088234,2.071983228162095,13.977632400827677,14.330381028979554,28.560225927035866,CRUISE,ABNORMAL_VIBRATION,True,0.65,1.0,OK,42,52.48,3600.0,1.551408,1.60892,0.439111,0.146492,-15.32116,1.263324
2026-01-01T00:12:26Z,O320_CLASS-SIM-01,O320_CLASS,RAPID_RESPONSE,2863.9288017070885,-0.35831083422096044,2248.640887522266,0.8764121366493176,116.56543644289535,786.7544858663409,77.54486182464967,65.46406023215047,29.1573580301334,2.2637810952470643,13.944626074978629,14.355406808669132,28.1639615095849,CRUISE,ABNORMAL_VIBRATION,True,0.65,1.0,OK,42,52.48,3600.0,0.045939,-0.927128,0.202705,-0.054691,-4.908435,1.453309
2026-01-01T00:12:27Z,O320_CLASS-SIM-01,O320_CLASS,RAPID_RESPONSE,2865.5486367845133,-0.8031317386834622,2251.0831529779703,0.8748675186543906,116.85680308623236,782.3893733991121,77.28978537302561,65.61988594531998,29.14119962685881,2.3872729288295576,13.941004803200528,13.92617778237706,28.53770968430463,CRUISE,ABNORMAL_VIBRATION,True,0.65,1.0,OK,42,52.49,3600.0,0.941909,-4.590494,-0.06046,-0.039268,-2.841268,1.57711
2026-01-01T00:12:28Z,O320_CLASS-SIM-01,O320_CLASS,RAPID_RESPONSE,2863.744635370837,-0.88335780921462,2251.4931458560973,0.8760060894968369,114.32948183119616,792.656357994204,76.99001170708016,65.31874036035319,29.07668074458146,2.137735989141114,13.96163185584272,14.065328099993046,28.839762358427816,CRUISE,ABNORMAL_VIBRATION,True,0.65,1.0,OK,42,52.48,3600.0,-1.67218,5.486326,-0.378937,-0.137018,-3.298696,1.326853
2026-01-01T00:12:29Z,O320_CLASS-SIM-01,O320_CLASS,RAPID_RESPONSE,2864.071809061287,-0.6954656798922012,2260.450448882596,0.8771470282852154,117.19296708842356,783.8037828358846,77.40936771864034,63.741075210091566,29.181761182421543,2.146278134123157,13.941533531389533,14.43616474460413,28.482366834335668,CRUISE,ABNORMAL_VIBRATION,True,0.65,1.0,OK,42,52.47,3600.0,0.784149,-3.86388,0.014829,-0.070132,4.471833,1.334512
2026-01-01T00:12:30Z,O320_CLASS-SIM-01,O320_CLASS,RAPID_RESPONSE,2864.687963144272,-0.39515332150594124,2258.420996678771,0.8747815130001919,114.36181956607088,791.0455180874148,77.00121785524645,66.63324868898917,29.23682426288688,2.276089272888136,13.996575244935336,13.665498759267376,28.386093030703698,CRUISE,ABNORMAL_VIBRATION,True,0.65,1.0,OK,42,52.44,3600.0,-2.024445,3.552087,-0.386135,0.043389,2.775634,1.465212
2026-01-01T00:12:31Z,O320_CLASS-SIM-01,O320_CLASS,RAPID_RESPONSE,2866.9971638037946,-0.48605890948833735,2242.8142127961946,0.8728781643858727,112.78931977123138,787.8199458100694,76.56775237874943,66.14463859108027,29.19388935356541,2.101191243391475,13.981238411130521,14.381217632818172,28.451357200925518,CRUISE,ABNORMAL_VIBRATION,True,0.65,1.0,OK,42,52.39,3600.0,-3.226707,0.857698,-0.793157,0.054597,-11.604775,1.291428
2026-01-01T00:12:32Z,O320_CLASS-SIM-01,O320_CLASS,RAPID_RESPONSE,2863.8875764736013,-0.5330811329690403,2239.379438445217,0.8697792931144946,115.68250205387771,786.2497210426815,77.42864428590941,64.71769192656065,29.228076313111675,2.3344374698260664,13.97257186808912,14.484064431367393,28.56523497644473,CRUISE,ABNORMAL_VIBRATION,True,0.65,1.0,OK,42,52.36,3600.0,0.300352,0.126126,0.11889,0.186525,-12.667151,1.526723
2026-01-01T00:12:33Z,O320_CLASS-SIM-01,O320_CLASS,RAPID_RESPONSE,2866.7370419947424,-0.5618719182183612,2258.33371521818,0.869763469138604,113.68045643696453,786.5780480765148,77.23929392322992,65.69818742353472,29.133831213028486,2.252446572068422,13.92820283846832,14.431333501974988,28.21336754562117,CRUISE,ABNORMAL_VIBRATION,True,0.65,1.0,OK,42,52.34,3600.0,-1.626765,0.597077,-0.03242,0.106158,8.051351,1.445474
2026-01-01T00:12:34Z,O320_CLASS-SIM-01,O320_CLASS,RAPID_RESPONSE,2866.717853039123,-0.9116369362486743,2255.1692465660135,0.8704482446244491,115.36029777697378,788.9958800324376,77.40795538252074,63.914853026508396,29.09824933258576,2.0226952085426158,13.914713223693305,14.462699155549956,28.498298373844154,CRUISE,ABNORMAL_VIBRATION,True,0.65,1.0,OK,42,52.32,3600.0,0.359813,3.302507,0.156277,0.062915,5.816044,1.21591
2026-01-01T00:12:35Z,O320_CLASS-SIM-01,O320_CLASS,RAPID_RESPONSE,2867.06302528319,-0.5412197343817937,2252.2244036751845,0.8728130079222884,114.5287053749198,785.6487276544722,76.78710397189349,64.55229046862168,29.135354044047904,2.3119073205898903,14.057483102249373,14.096098213455845,28.395216385963558,CRUISE,ABNORMAL_VIBRATION,True,0.65,1.0,OK,42,52.31,3600.0,-1.188717,-0.907357,-0.475396,0.039322,2.369313,1.504151
2026-01-01T00:12:36Z,O320_CLASS-SIM-01,O320_CLASS,RAPID_RESPONSE,2864.531068499861,-0.6915012147288255,2249.4798710360524,0.8750230933857995,115.2726460862688,786.2609940297302,77.14215610814087,64.10462320755508,29.09734127644644,2.131344573530434,13.967741320350552,14.571547720328835,28.37851929519263,CRUISE,ABNORMAL_VIBRATION,True,0.65,1.0,OK,42,52.31,3600.0,-0.624966,-0.662259,-0.152779,-0.062335,-1.879449,1.322261
2026-01-01T00:12:37Z,O320_CLASS-SIM-01,O320_CLASS,RAPID_RESPONSE,2866.552952535245,-0.8931748838259674,2256.511419947811,0.8719150825325782,116.70465111252177,790.0207592615172,77.23775727772075,64.40385731830668,29.128150177696575,2.2294623766818678,13.95604622685154,14.290065116241804,28.497966186597527,CRUISE,ABNORMAL_VIBRATION,True,0.65,1.0,OK,42,52.3,3600.0,1.415242,3.917423,-0.04644,0.044569,5.650088,1.421558
2026-01-01T00:12:38Z,O320_CLASS-SIM-01,O320_CLASS,RAPID_RESPONSE,2867.9421346078084,-0.6887159328215596,2238.897943110509,0.8741931796511823,114.88316781521124,787.2558786083082,77.37202620449943,63.708390169043504,29.13207792469114,2.368358089376726,13.984611682693586,14.459680010796754,28.116586037526673,CRUISE,ABNORMAL_VIBRATION,True,0.65,1.0,OK,42,52.29,3600.0,-0.976085,0.446181,0.071626,-0.013441,-12.714838,1.55939
2026-01-01T00:12:39Z,O320_CLASS-SIM-01,O320_CLASS,RAPID_RESPONSE,2869.3759390535974,-0.5768386633606755,2242.4408477264783,0.8716784421736518,116.0772866465673,788.4098530971186,77.1150182208795,65.8770102319777,29.037424249940237,2.0453311659416977,13.903551473589074,14.205251176111892,28.639103116709386,CRUISE,ABNORMAL_VIBRATION,True,0.65,1.0,OK,42,52.29,3600.0,0.45573,2.014635,-0.169543,-0.043294,-8.437348,1.237464
2026-01-01T00:12:40Z,O320_CLASS-SIM-01,O320_CLASS,RAPID_RESPONSE,2870.8115710767456,-0.6050230699770727,2246.896899938119,0.8727842334258114,116.36368253986363,782.7933073447564,77.07984377277702,66.361546188669,29.073815857658715,2.1526519428177524,13.965863487518572,14.49965194988131,28.318868532788873,CRUISE,ABNORMAL_VIBRATION,True,0.65,1.0,OK,42,52.29,3600.0,0.599391,-3.795305,-0.204651,-0.03429,-3.978226,1.344421
2026-01-01T00:12:41Z,O320_CLASS-SIM-01,O320_CLASS,RAPID_RESPONSE,2868.104864564296,-0.5507402868702997,2267.6328807271448,0.8729485694421887,115.7419748952815,790.5097573647749,77.0878172077606,64.15119115356998,29.1376525984433,2.408860359724767,13.976284376154632,14.40387642816188,28.195087740221833,CRUISE,ABNORMAL_VIBRATION,True,0.65,1.0,OK,42,52.28,3600.0,-0.060364,3.844895,-0.199384,0.026984,16.632241,1.600552
2026-01-01T00:12:42Z,O320_CLASS-SIM-01,O320_CLASS,RAPID_RESPONSE,2868.1664143860658,-0.45867755470334176,2242.005263331398,0.8726851088269966,115.32240692530138,784.9372322651957,77.40529288895638,65.56235965109114,29.145820302240754,2.0376229013353253,13.916058735832854,14.492991443591237,28.33618650222509,CRUISE,ABNORMAL_VIBRATION,True,0.65,1.0,OK,42,52.28,3600.0,-0.535735,-1.766552,0.118992,0.041698,-8.953606,1.229415
2026-01-01T00:12:43Z,O320_CLASS-SIM-01,O320_CLASS,RAPID_RESPONSE,2871.275987088049,-0.36269391596813044,2267.740653491429,0.8712679263460786,116.46648836555735,788.8492423428745,77.60810554479337,64.92123900867276,29.187176028295738,2.2553919797407547,13.969266715279858,14.04219999778901,28.508516721920905,CRUISE,ABNORMAL_VIBRATION,True,0.65,1.0,OK,42,52.28,3600.0,0.690739,2.357762,0.338795,0.120887,17.569732,1.447942
2026-01-01T00:12:44Z,O320_CLASS-SIM-01,O320_CLASS,RAPID_RESPONSE,2868.39245121271,-0.5773731177748667,2253.632981193084,0.8734835662750207,115.72424595945532,788.6287279103456,77.22384702900553,64.03764136204107,29.150704408418374,2.2038102156623203,13.925680961424952,14.170361587835828,28.454029457207902,CRUISE,ABNORMAL_VIBRATION,True,0.65,1.0,OK,42,52.29,3600.0,-0.114805,1.90428,-0.058056,0.029393,2.878046,1.395436
2026-01-01T00:12:45Z,O320_CLASS-SIM-01,O320_CLASS,RAPID_RESPONSE,2868.902840842977,-0.9687119782604525,2248.6197618144147,0.8754337005451877,115.23340415361588,786.2389048800673,77.71924083923075,65.83523266537614,29.172383046240462,1.8580641192126324,14.01739979333699,14.584286625228653,28.780478692009233,CRUISE,ABNORMAL_VIBRATION,True,0.65,1.0,OK,42,52.31,3600.0,-0.554312,-0.574253,0.407535,-0.008126,-3.517327,1.048464
2026-01-01T00:12:46Z,O320_CLASS-SIM-01,O320_CLASS,RAPID_RESPONSE,2868.1386802660077,-0.915046691376435,2251.6836960825935,0.8725180384092688,116.55521237876538,789.3302849810377,77.26576685504403,65.00331681100415,29.14647036539801,2.257370088481416,13.955179924939815,14.683734380401267,28.599951543824126,CRUISE,ABNORMAL_VIBRATION,True,0.65,1.0,OK,42,52.34,3600.0,1.138161,3.060449,-0.036395,0.039586,-0.010755,1.448895
2026-01-01T00:12:47Z,O320_CLASS-SIM-01,O320_CLASS,RAPID_RESPONSE,2871.202668942514,-0.6774831341575039,2234.444576902455,0.8727459158695424,114.85709615027696,786.3090195939753,77.03088843275957,65.17633337975587,29.06740949433126,2.130539440422721,14.002045418531505,14.181300406110452,28.410762250241646,CRUISE,ABNORMAL_VIBRATION,True,0.65,1.0,OK,42,52.37,3600.0,-0.865131,-0.244257,-0.265725,-0.045294,-16.99255,1.322071
2026-01-01T00:12:48Z,O320_CLASS-SIM-01,O320_CLASS,RAPID_RESPONSE,2871.273042111174,-0.5168226350338158,2257.858616125189,0.873621606044876,116.63133263016456,790.0564206609419,77.46797413244964,63.7202054307827,29.09198553566242,2.199775027638267,13.94653708243542,14.828005542394658,28.400963179174358,CRUISE,ABNORMAL_VIBRATION,True,0.65,1.0,OK,42,52.38,3600.0,0.617593,3.155669,0.165987,-0.043748,6.172276,1.39092
2026-01-01T00:12:49Z,O320_CLASS-SIM-01,O320_CLASS,RAPID_RESPONSE,2870.233693262859,-0.4869762008525679,2249.9739742944403,0.8733419720608744,116.83733326251826,782.9333921437626,77.1824861630547,65.85033201627417,29.120731142370754,2.4462397222299908,13.918057546398073,13.999742797977383,28.52562078362028,CRUISE,ABNORMAL_VIBRATION,True,0.65,1.0,OK,42,52.39,3600.0,0.845205,-3.940687,-0.12075,-0.00798,-1.770327,1.637459
2026-01-01T00:12:50Z,O320_CLASS-SIM-01,O320_CLASS,RAPID_RESPONSE,2871.6690811927697,-0.6863949084321833,2254.5768729659553,0.8744533769182258,114.77760558386342,784.8373162656395,77.37113626099998,65.90732264725335,29.058192246426213,2.205415063712554,13.95799343519417,14.525997283013382,28.40859070913441,CRUISE,ABNORMAL_VIBRATION,True,0.65,1.0,OK,42,52.4,3600.0,-1.216603,-2.102781,0.055603,-0.103314,2.262273,1.396019
2026-01-01T00:12:51Z,O320_CLASS-SIM-01,O320_CLASS,RAPID_RESPONSE,2869.816095259216,-0.4718421170133705,2246.99660351089,0.872352315210465,113.84030054431418,784.8107411970608,77.50031660931876,65.43757517142001,29.145504918844814,2.1992517526242805,14.027937242540421,14.233807101033154,28.166709567410585,CRUISE,ABNORMAL_VIBRATION,True,0.65,1.0,OK,42,52.41,3600.0,-2.026382,-1.883468,0.197791,0.040852,-4.714729,1.390804
2026-01-01T00:12:52Z,O320_CLASS-SIM-01,O320_CLASS,RAPID_RESPONSE,2869.3236414053636,-0.7663943362213002,2243.452994774745,0.8730973746053425,117.24913979798355,790.43432242351,77.4942499971355,66.89115353332693,29.096749411917724,2.158542451736407,13.996886451099105,13.960387545451796,28.296100345592016,CRUISE,ABNORMAL_VIBRATION,True,0.65,1.0,OK,42,52.39,3600.0,1.588631,3.899428,0.192916,-0.024546,-8.203057,1.349888
2026-01-01T00:12:53Z,O320_CLASS-SIM-01,O320_CLASS,RAPID_RESPONSE,2871.944189512655,-0.6779233595734516,2249.656936374054,0.8705220178179579,115.72884717525659,789.0846999808368,77.29915420877528,64.51099723950793,29.051230155927943,2.1155934058167096,13.977046409550402,14.505201078823728,28.289002409759817,CRUISE,ABNORMAL_VIBRATION,True,0.65,1.0,OK,42,52.39,3600.0,0.350602,3.037803,0.027266,0.000849,-0.633534,1.308321
2026-01-01T00:12:54Z,O320_CLASS-SIM-01,O320_CLASS,RAPID_RESPONSE,2868.1124322955984,-0.6012837997348899,2243.939848800057,0.8742352678151735,114.8303345306479,784.0961618087232,77.35107627897828,67.05837953712806,29.150097611532814,2.1802664770199387,13.97602723128953,13.980785952056262,28.240455100869358,CRUISE,ABNORMAL_VIBRATION,True,0.65,1.0,OK,42,52.37,3600.0,-1.104432,-2.780985,0.059149,0.007033,-7.279958,1.371455
2026-01-01T00:12:55Z,O320_CLASS-SIM-01,O320_CLASS,RAPID_RESPONSE,2867.926728395551,-0.4065242068187978,2263.277547045389,0.8736163248831177,115.89566021088896,782.677307286558,77.20072803403656,66.60317589334508,29.118255963713523,2.2668712567766915,13.912504853922725,14.762905787901923,28.398021273741968,CRUISE,ABNORMAL_VIBRATION,True,0.65,1.0,OK,42,52.34,3600.0,-0.167141,-4.301816,-0.099054,-0.013363,11.693441,1.458099
2026-01-01T00:12:56Z,O320_CLASS-SIM-01,O320_CLASS,RAPID_RESPONSE,2869.3225711776277,-0.806364720035599,2240.7751067989784,0.8725407457528088,115.97818476407116,785.2886091480088,77.59790718694201,65.22934644814345,29.163839853701827,2.1321464399139716,14.056592030312498,14.27597164798855,28.272762038327297,CRUISE,ABNORMAL_VIBRATION,True,0.65,1.0,OK,42,52.33,3600.0,0.450934,-1.072281,0.30452,0.059065,-10.512401,1.323829
2026-01-01T00:12:57Z,O320_CLASS-SIM-01,O320_CLASS,RAPID_RESPONSE,2870.6827713970783,-0.70108555342759,2237.1760756419994,0.8733669034654333,113.43886931776595,786.9411988007512,76.74522840906643,64.85831222263317,29.1399903438372,2.4179179484850737,13.932877536062648,14.378778973733093,28.299425434849493,CRUISE,ABNORMAL_VIBRATION,True,0.65,1.0,OK,42,52.32,3600.0,-2.335279,0.294312,-0.551919,0.012868,-14.285843,1.609248
2026-01-01T00:12:58Z,O320_CLASS-SIM-01,O320_CLASS,RAPID_RESPONSE,2871.1819670029313,-0.7784100206594525,2257.4618509104503,0.8717752110228619,118.42026484723593,787.5673394782483,76.88036542873957,64.86702512322094,29.06871008262901,2.3945092051833914,13.916039451427624,14.08038503255679,28.318985023009077,CRUISE,ABNORMAL_VIBRATION,True,0.65,1.0,OK,42,52.3,3600.0,2.962339,1.349363,-0.402231,-0.015103,6.674751,1.586632
2026-01-01T00:12:59Z,O320_CLASS-SIM-01,O320_CLASS,RAPID_RESPONSE,2873.7757429410303,-0.48792455666018153,2261.8506126732777,0.8737844707647627,115.61747786110642,788.5043258832006,76.82521006088655,63.68170583935155,29.129673438073958,2.047303304946375,13.963228928902689,14.444794207551963,28.44466258523419,CRUISE,ABNORMAL_VIBRATION,True,0.65,1.0,OK,42,52.29,3600.0,-0.465987,1.557969,-0.467515,-0.008254,10.59379,1.238557
2026-01-01T00:13:00Z,O320_CLASS-SIM-01,O320_CLASS,RAPID_RESPONSE,2874.4225603236605,-0.5497918963594143,2252.3032330314527,0.871814382137474,115.84211543393008,785.0176054906341,77.20307938185181,67.24901273148392,29.11599019010081,2.267618105019616,13.944009001444382,14.669170417949786,28.521213231073233,CRUISE,ABNORMAL_VIBRATION,True,0.65,1.0,OK,42,52.27,3600.0,0.106417,-1.445427,-0.075569,0.029977,1.699253,1.459773
2026-01-01T00:13:01Z,O320_CLASS-SIM-01,O320_CLASS,RAPID_RESPONSE,2874.431452112406,-0.644089064309731,2258.953711912502,0.8752153280652272,116.04837518087606,786.2119709807278,77.63812001763945,64.42821615065418,29.070021855701377,2.2974725413575356,13.91291799921434,14.620315526830831,28.262463006650286,CRUISE,ABNORMAL_VIBRATION,True,0.65,1.0,OK,42,52.26,3600.0,-0.11017,-0.899353,0.33313,-0.107523,7.128072,1.488018
2026-01-01T00:13:02Z,O320_CLASS-SIM-01,O320_CLASS,RAPID_RESPONSE,2872.837737012721,-0.7100342673942928,2250.931445676396,0.8719581960926566,115.62366669847418,786.3398033091626,77.10011993762551,64.5300032607005,29.159032749434132,1.92641782455806,13.958972547153943,14.29545651940426,28.469446540655632,CRUISE,ABNORMAL_VIBRATION,True,0.65,1.0,OK,42,52.28,3600.0,0.028902,-0.01722,-0.189481,0.06642,-0.180497,1.118323
2026-01-01T00:13:03Z,O320_CLASS-SIM-01,O320_CLASS,RAPID_RESPONSE,2871.628084614745,-0.7547297059484444,2249.7352344945475,0.8747591948397886,116.09898932015284,783.5205225408794,77.08258236041365,65.85444236747657,29.04395951221324,2.246098897697521,13.96485567930972,14.3155003356667,28.810718318722955,CRUISE,ABNORMAL_VIBRATION,True,0.65,1.0,OK,42,52.3,3600.0,0.148661,-3.387059,-0.22643,-0.121959,-2.276915,1.436738
2026-01-01T00:13:04Z,O320_CLASS-SIM-01,O320_CLASS,RAPID_RESPONSE,2873.4549768849024,-0.6140167075763105,2244.360665972482,0.8736480885765914,116.7411678084216,784.9997038201029,77.25433307718204,64.4264199555986,29.045817286008955,2.38161943929563,13.948494555774811,13.807807766126267,28.670886714213474,CRUISE,ABNORMAL_VIBRATION,True,0.65,1.0,OK,42,52.31,3600.0,0.764855,-1.853142,-0.056066,-0.096108,-7.715795,1.572563
2026-01-01T00:13:05Z,O320_CLASS-SIM-01,O320_CLASS,RAPID_RESPONSE,2873.1354813540306,-0.7201570147632614,2263.555290851062,0.8722826533777622,115.4960740291101,783.3895523105126,76.62092110692723,65.00657727362434,29.120217205226407,2.1556508314141127,13.950662043307583,14.4155400800298,28.130229536656298,CRUISE,ABNORMAL_VIBRATION,True,0.65,1.0,OK,42,52.33,3600.0,-0.154171,-3.046602,-0.675946,0.016587,12.106392,1.347303
2026-01-01T00:13:06Z,O320_CLASS-SIM-01,O320_CLASS,RAPID_RESPONSE,2875.2934251342176,-0.6607097582051265,2266.154291138507,0.8725546418325406,114.55672991608127,786.323548262592,77.14237547842117,65.48449512173401,29.102460578329456,2.158215908121662,13.91601286895069,14.475467497123038,28.61300596811159,CRUISE,ABNORMAL_VIBRATION,True,0.65,1.0,OK,42,52.35,3600.0,-1.206587,-0.21296,-0.146877,-0.006327,15.058536,1.349913
2026-01-01T00:13:07Z,O320_CLASS-SIM-01,O320_CLASS,RAPID_RESPONSE,2874.9867466938026,-0.5646456085521789,2258.4044437016405,0.8730468112048168,114.70639846747719,786.9289976523585,77.75496539325668,65.55768383544046,29.13756751991464,2.2084632343054227,13.958999846983504,14.379323469341939,28.397565843345934,CRUISE,ABNORMAL_VIBRATION,True,0.65,1.0,OK,42,52.37,3600.0,-1.213371,0.204565,0.465804,0.017473,7.312917,1.400009
2026-01-01T00:13:08Z,O320_CLASS-SIM-01,O320_CLASS,RAPID_RESPONSE,2876.8842126062937,-1.0404358476105116,2250.48324469263,0.8723277797353828,114.03384192478144,788.1105169891495,76.98097702936649,64.84518787294705,29.191633644500563,2.228654910174831,13.98229036043408,14.503464415659465,28.380292302914338,CRUISE,ABNORMAL_VIBRATION,True,0.65,1.0,OK,42,52.4,3600.0,-1.325182,2.015632,-0.299712,0.09039,-0.215371,1.420579
2026-01-01T00:13:09Z,O320_CLASS-SIM-01,O320_CLASS,RAPID_RESPONSE,2878.3958912948806,-0.5697542203633308,2244.1795080371767,0.8696601129038822,116.35570386585316,786.2817977969271,76.69784273543215,65.47072554929403,29.08478250624673,2.353593182274518,13.978293251485503,14.255469095871398,28.49964878927879,CRUISE,ABNORMAL_VIBRATION,True,0.65,1.0,OK,42,52.43,3600.0,0.941435,0.337948,-0.547583,0.060092,-4.883706,1.547058
2026-01-01T00:13:10Z,O320_CLASS-SIM-01,O320_CLASS,RAPID_RESPONSE,2874.914518037423,-0.7567312227760853,2245.854706493777,0.874695811289475,115.33466629409968,789.8429504129831,77.981452874489,64.53392395916242,28.951223432486863,2.324579638002021,13.954767181220102,14.190253451559581,28.31614213280546,CRUISE,ABNORMAL_VIBRATION,True,0.65,1.0,OK,42,52.44,3600.0,-0.578559,3.042926,0.706133,-0.201861,-4.594925,1.515884
2026-01-01T00:13:11Z,O320_CLASS-SIM-01,O320_CLASS,RAPID_RESPONSE,2875.3037051938772,-0.49893955491445874,2251.329139364028,0.8749746046676237,116.26027212654405,785.629137657653,77.11055699747088,65.57122894879278,29.13733383245787,2.2409823213798954,13.95716547619694,14.449866506853715,28.491783690009076,CRUISE,ABNORMAL_VIBRATION,True,0.65,1.0,OK,42,52.47,3600.0,-0.012988,-1.568982,-0.189135,-0.033065,-0.250779,1.431702
2026-01-01T00:13:12Z,O320_CLASS-SIM-01,O320_CLASS,RAPID_RESPONSE,2875.6145286515707,-0.8654791003085078,2243.536653923466,0.8718988814958564,116.4577113014644,789.5400303784241,76.72292197573698,64.64110864422203,29.07745879771787,2.3928676570964393,13.94915360917833,14.297896981249112,28.19210652771963,CRUISE,ABNORMAL_VIBRATION,True,0.65,1.0,OK,42,52.48,3600.0,0.993633,3.349328,-0.561213,-0.013962,-7.321783,1.584872
2026-01-01T00:13:13Z,O320_CLASS-SIM-01,O320_CLASS,RAPID_RESPONSE,2877.180137428986,-0.7211675331471525,2244.691436489661,0.8718354709055331,117.01131201505184,783.8707417066671,76.92731801540087,66.11782934813716,29.098180054362206,2.257784017453154,13.977034776546388,14.395761483467812,28.35138833787019,CRUISE,ABNORMAL_VIBRATION,True,0.65,1.0,OK,42,52.49,3600.0,1.415425,-2.42014,-0.344364,0.012115,-5.589455,1.450043
2026-01-01T00:13:14Z,O320_CLASS-SIM-01,O320_CLASS,RAPID_RESPONSE,2877.9669137533024,-0.5243267635055762,2258.534279162827,0.8699570990607469,117.22066523982501,785.4784933459548,76.96061108957024,64.97760799517415,29.134987143924523,2.2179570608307966,13.957305921201268,14.613276679136613,28.4243400900855,CRUISE,ABNORMAL_VIBRATION,True,0.65,1.0,OK,42,52.5,3600.0,1.735934,-0.553878,-0.281671,0.105008,9.616854,1.411395
2026-01-01T00:13:15Z,O320_CLASS-SIM-01,O320_CLASS,RAPID_RESPONSE,2876.124669785818,-0.8066021178405964,2253.079628064021,0.8721365518299562,114.00002036733508,788.481607884114,77.06915395801796,66.3838086610298,29.022320650915923,2.3025880597606596,13.943953477638841,14.159269707517684,28.330070198465656,CRUISE,ABNORMAL_VIBRATION,True,0.65,1.0,OK,42,52.49,3600.0,-1.469614,2.317127,-0.176009,-0.058638,4.028608,1.495298
2026-01-01T00:13:16Z,O320_CLASS-SIM-01,O320_CLASS,RAPID_RESPONSE,2879.9045286622327,-0.680610876604477,2243.401063224934,0.8686178754544575,113.58084595617511,785.0129191271452,77.00642986882472,64.92791519532646,28.977900406974356,2.156352356331106,13.995769996345986,14.808100808965609,28.118649692578263,CRUISE,ABNORMAL_VIBRATION,True,0.65,1.0,OK,42,52.5,3600.0,-1.519201,-0.503007,-0.20169,-0.007788,-3.932014,1.350882
2026-01-01T00:13:17Z,O320_CLASS-SIM-01,O320_CLASS,RAPID_RESPONSE,2876.3111383743685,-0.8319710579821559,2250.8374784868643,0.8698091323129243,117.66105129796532,786.4532561686684,77.20928766790514,66.37836959264098,29.08974668142553,2.231273140816912,13.942399450116792,14.059030174689722,28.310990184605124,CRUISE,ABNORMAL_VIBRATION,True,0.65,1.0,OK,42,52.49,3600.0,2.6427,0.928858,0.013754,0.084548,4.08808,1.425718
2026-01-01T00:13:18Z,O320_CLASS-SIM-01,O320_CLASS,RAPID_RESPONSE,2881.058241536195,-0.6106024133125123,2251.8049665995377,0.8702694754418518,116.73169067571413,782.940589971693,76.63036475302792,64.65413178023546,29.18731309267256,2.499616076622984,13.951371585996434,14.232371164547361,28.156217943590107,CRUISE,ABNORMAL_VIBRATION,True,0.65,1.0,OK,42,52.47,3600.0,1.366673,-2.905974,-0.559314,0.169437,5.32713,1.693983
2026-01-01T00:13:19Z,O320_CLASS-SIM-01,O320_CLASS,RAPID_RESPONSE,2878.159374130608,-0.6829732194769108,2255.8621200768243,0.8740171822224175,115.39713765571432,787.7152661784118,76.97557296316893,65.52791840578058,29.06326644642143,2.188112900984969,13.97624902943532,14.417387087977513,28.52118103351958,CRUISE,ABNORMAL_VIBRATION,True,0.65,1.0,OK,42,52.47,3600.0,-0.436121,1.116604,-0.251141,-0.05608,7.666685,1.380579
2026-01-01T00:13:20Z,O320_CLASS-SIM-01,O320_CLASS,RAPID_RESPONSE,2875.9512796998374,-0.8687321417278498,2247.3221760999995,0.8692827853939655,115.14166070916183,785.3789942538662,77.7783432305108,65.20935426910168,29.139139051201564,2.251575419191682,13.948809267677003,14.432880680259188,28.511141857785294,CRUISE,ABNORMAL_VIBRATION,True,0.65,1.0,OK,42,52.48,3600.0,0.217263,-0.032507,0.574936,0.143344,0.20762,1.446032
2026-01-01T00:13:21Z,O320_CLASS-SIM-01,O320_CLASS,RAPID_RESPONSE,2880.3615305610924,-0.7305607951544504,2236.2395530873146,0.8687072526280133,115.23405709153893,780.4611899047503,77.9711527358046,65.56991684818988,29.054923762802936,2.193193996725986,13.995708155134848,14.120307520489122,28.24872173083318,CRUISE,ABNORMAL_VIBRATION,True,0.65,1.0,OK,42,52.48,3600.0,0.234497,-4.924643,0.792305,0.079089,-9.736007,1.38828
2026-01-01T00:13:22Z,O320_CLASS-SIM-01,O320_CLASS,RAPID_RESPONSE,2877.687059925939,-0.6953207502477132,2254.3230038055362,0.8745017465832334,116.87557180680221,786.2982517627804,77.65996100080649,64.55261355531567,28.99470337224598,2.064130587841473,13.940662063573262,14.239985406840447,28.2572773794429,CRUISE,ABNORMAL_VIBRATION,True,0.65,1.0,OK,42,52.48,3600.0,1.003704,-0.369134,0.435675,-0.134611,6.24016,1.256497
2026-01-01T00:13:23Z,O320_CLASS-SIM-01,O320_CLASS,RAPID_RESPONSE,2878.4088647341596,-0.6211508570394019,2263.0156684723465,0.8686392541414291,114.07217864750645,784.3080758409607,77.55669025220033,64.92249830317,29.048580790317214,2.3218080991390666,13.993526884042168,14.39255758463034,28.278478554069824,CRUISE,ABNORMAL_VIBRATION,True,0.65,1.0,OK,42,52.49,3600.0,-1.031581,-1.212164,0.362828,0.069769,16.343793,1.516634
2026-01-01T00:13:24Z,O320_CLASS-SIM-01,O320_CLASS,RAPID_RESPONSE,2879.7704987159327,-0.7508632471409001,2247.302494363885,0.8710386916262884,116.72329397562825,786.9017662176998,77.66331517203011,66.1525602126076,29.10677488723122,2.230011938907797,13.996030260373233,14.512929184058041,28.791144459595536,CRUISE,ABNORMAL_VIBRATION,True,0.65,1.0,OK,42,52.48,3600.0,1.399204,1.031412,0.466121,0.068746,0.476114,1.423998
2026-01-01T00:13:25Z,O320_CLASS-SIM-01,O320_CLASS,RAPID_RESPONSE,2880.0947839623714,-0.6129393867404791,2251.4909814120597,0.8718388398533008,115.2986180257232,787.0030495936461,77.45614646617452,66.0040526822422,29.09830799283091,2.079359586111743,13.955000151167757,14.06504424106964,28.649549230399387,CRUISE,ABNORMAL_VIBRATION,True,0.65,1.0,OK,42,52.49,3600.0,-0.301411,0.802071,0.248091,0.03651,4.160888,1.27287
2026-01-01T00:13:26Z,O320_CLASS-SIM-01,O320_CLASS,RAPID_RESPONSE,2879.082419473899,-0.5741961002914823,2251.3169884131185,0.8726180456722609,115.4640841686193,784.2883172565652,76.85890337955225,66.46035776749703,29.087603153797918,2.3884574656272815,14.006338277158525,14.292332246880953,28.46362088531943,CRUISE,ABNORMAL_VIBRATION,True,0.65,1.0,OK,42,52.48,3600.0,-0.30158,-2.150472,-0.365699,0.001321,3.219508,1.581398
2026-01-01T00:13:27Z,O320_CLASS-SIM-01,O320_CLASS,RAPID_RESPONSE,2880.226246321967,-0.8946138164842781,2247.5577343225605,0.8731591401646054,115.00204017398104,785.4360811518507,77.17561220001943,66.7638520430524,28.989242306753827,2.300581231901762,13.957176194979386,14.234145789192384,28.358141536700977,CRUISE,ABNORMAL_VIBRATION,True,0.65,1.0,OK,42,52.48,3600.0,-0.575766,-0.853443,-0.066288,-0.118197,-1.341981,1.49299
2026-01-01T00:13:28Z,O320_CLASS-SIM-01,O320_CLASS,RAPID_RESPONSE,2881.424344789031,-0.6140727836482408,2250.4667049897826,0.8741431545905852,117.11932846249205,788.2795038233216,77.0251233922633,65.4672249665506,29.104944459131794,2.0496049313300193,13.917678499047442,13.887881182187073,28.410029094412756,CRUISE,ABNORMAL_VIBRATION,True,0.65,1.0,OK,42,52.48,3600.0,1.055644,1.434786,-0.239345,-0.036413,0.520331,1.241233
2026-01-01T00:13:29Z,O320_CLASS-SIM-01,O320_CLASS,RAPID_RESPONSE,2881.134890260131,-0.9017381361187601,2257.283821855485,0.8722356532298097,117.21192552197518,787.1552786375861,76.81570840264212,65.43533987461313,29.112529652297255,2.2471824352060406,13.92148417482622,14.417914709119135,28.24915195949727,CRUISE,ABNORMAL_VIBRATION,True,0.65,1.0,OK,42,52.48,3600.0,1.705128,0.979778,-0.44466,0.018218,7.527606,1.4395
2026-01-01T00:13:30Z,O320_CLASS-SIM-01,O320_CLASS,RAPID_RESPONSE,2882.6337124469724,-0.7872669782544633,2262.6493685360138,0.8676564445697241,115.75019055208367,789.7927957230803,76.88476159183278,64.93839735990478,29.05791204202737,2.1549900528178076,13.97207094315971,14.068250932602103,28.382361227271065,CRUISE,ABNORMAL_VIBRATION,True,0.65,1.0,OK,42,52.48,3600.0,0.841059,4.549847,-0.323003,0.092579,15.332747,1.349802
2026-01-01T00:13:31Z,O320_CLASS-SIM-01,O320_CLASS,RAPID_RESPONSE,2881.990922573458,-0.7601741096180475,2240.787923877364,0.8739386776755099,116.46059755140858,783.6067215207858,76.72188180709418,64.30126180766139,29.104367215025157,2.1692787763436314,13.98842004478473,14.309834452444816,28.260024304298526,CRUISE,ABNORMAL_VIBRATION,True,0.65,1.0,OK,42,52.47,3600.0,0.625812,-2.96357,-0.515609,-0.021203,-7.907308,1.36151
2026-01-01T00:13:32Z,O320_CLASS-SIM-01,O320_CLASS,RAPID_RESPONSE,2882.859751214103,-0.8126469066473022,2250.2189410214182,0.8687520021736211,114.8963699859652,788.7235557436355,76.95165654947158,65.71144765729227,28.95959231976006,2.259647371467163,13.959562223824392,14.826272791193428,28.223102909151248,CRUISE,ABNORMAL_VIBRATION,True,0.65,1.0,OK,42,52.46,3600.0,-0.125688,3.311272,-0.251302,-0.029753,3.125215,1.454207
2026-01-01T00:13:33Z,O320_CLASS-SIM-01,O320_CLASS,RAPID_RESPONSE,2882.7525216892022,-0.5728094391618852,2242.891639798088,0.8710783489278514,115.74595024873518,782.4867281815564,77.05476666255136,66.07777752018738,29.101315811744975,2.1758468341345667,13.968080334149505,14.535129799433959,28.51405177034664,CRUISE,ABNORMAL_VIBRATION,True,0.65,1.0,OK,42,52.45,3600.0,0.175346,-3.610185,-0.148313,0.057149,-4.207717,1.369669
2026-01-01T00:13:34Z,O320_CLASS-SIM-01,O320_CLASS,RAPID_RESPONSE,2881.1759607895133,-0.5028606415768303,2259.1313442912187,0.8731534570596482,114.56029703347754,783.6302566568872,77.10480802793295,65.10254328046946,28.98579826336987,2.211907315932555,14.003297331607824,14.533287769994832,28.29651024052292,CRUISE,ABNORMAL_VIBRATION,True,0.65,1.0,OK,42,52.45,3600.0,-1.385976,-3.001704,-0.121188,-0.115613,10.969221,1.404628
2026-01-01T00:13:35Z,O320_CLASS-SIM-01,O320_CLASS,RAPID_RESPONSE,2881.0835271790315,-0.6898105081622491,2247.311131968464,0.8726585691209986,116.2897675992732,788.9009187363466,76.781241802394,65.22826970318155,29.055088910709735,2.308964871254834,13.990591029974667,14.631716514575993,28.60741262706115,CRUISE,ABNORMAL_VIBRATION,True,0.65,1.0,OK,42,52.45,3600.0,0.571018,2.512596,-0.45598,-0.03933,-1.371626,1.501617
2026-01-01T00:13:36Z,O320_CLASS-SIM-01,O320_CLASS,RAPID_RESPONSE,2883.178067915235,-0.753010455121303,2246.451538249168,0.8682765217412424,117.17123701299998,785.3568225359631,77.43509165347905,65.59121513566866,29.01003670852938,2.0739138612028354,14.011054662612779,14.460309770799189,28.310286154195392,CRUISE,ABNORMAL_VIBRATION,True,0.65,1.0,OK,42,52.46,3600.0,2.16064,-0.007777,0.237541,0.033903,-0.391378,1.268729
2026-01-01T00:13:37Z,O320_CLASS-SIM-01,O320_CLASS,RAPID_RESPONSE,2882.614712287542,-0.5752919775025882,2255.8860874602265,0.8687874131950973,117.5205485058233,788.5673149702628,77.17038441337033,64.09168335840234,29.12404275787326,2.2370717868966326,13.920895415369548,14.328947252891446,28.866027875372026,CRUISE,ABNORMAL_VIBRATION,True,0.65,1.0,OK,42,52.46,3600.0,2.328065,3.009645,-0.004286,0.146046,10.104282,1.432193
2026-01-01T00:13:38Z,O320_CLASS-SIM-01,O320_CLASS,RAPID_RESPONSE,2883.0935357049048,-0.8512426790974356,2240.280605541423,0.8752373196599805,116.572572142525,789.6609191659201,77.3292903384892,66.0453201265593,29.02796616709556,2.3293440457223804,13.973226273776087,14.731844418838774,28.444656325863505,CRUISE,ABNORMAL_VIBRATION,True,0.65,1.0,OK,42,52.44,3600.0,0.662176,2.960985,0.102106,-0.124869,-7.936647,1.521361
2026-01-01T00:13:39Z,O320_CLASS-SIM-01,O320_CLASS,RAPID_RESPONSE,2882.3950657207292,-0.732055590828611,2234.8742811496268,0.8670247292001262,116.54872318809464,785.1958383197443,77.1240910451211,65.70390553483206,29.139272585342482,2.1938052685632927,14.022442155152705,14.51117091780797,28.44188983104493,CRUISE,ABNORMAL_VIBRATION,True,0.65,1.0,OK,42,52.42,3600.0,1.745481,0.124904,-0.053094,0.201961,-11.024151,1.389435
2026-01-01T00:13:40Z,O320_CLASS-SIM-01,O320_CLASS,RAPID_RESPONSE,2883.9584668316406,-0.9362105777062861,2255.8705851437358,0.8667492796001811,114.84346283148403,786.1804007323358,76.91139480332353,64.6747869335505,29.160430742733638,2.327963325318282,13.944010442045474,14.26737298925757,28.204735166666744,CRUISE,ABNORMAL_VIBRATION,True,0.65,1.0,OK,42,52.41,3600.0,0.349767,1.490794,-0.226269,0.244875,11.805019,1.524459
2026-01-01T00:13:41Z,O320_CLASS-SIM-01,O320_CLASS,RAPID_RESPONSE,2884.9199245414434,-0.7825671876673916,2232.427875364603,0.8718153237973767,116.06959356410363,788.5213042752845,77.19659961094784,64.7350982500739,29.16681511559366,2.300091545307078,13.986157429945347,14.249145723145512,28.499500159912483,CRUISE,ABNORMAL_VIBRATION,True,0.65,1.0,OK,42,52.41,3600.0,0.670528,2.61548,0.033421,0.120232,-12.820994,1.494462
2026-01-01T00:13:42Z,O320_CLASS-SIM-01,O320_CLASS,RAPID_RESPONSE,2881.9435406383777,-0.8161355286831918,2238.430425353299,0.8703773549435626,117.03923552294054,784.573014271542,77.51188580317111,66.24409086186712,29.065162951850976,2.224358379665179,13.980488456573523,14.412405917904847,28.508289009558126,CRUISE,ABNORMAL_VIBRATION,True,0.65,1.0,OK,42,52.39,3600.0,1.904613,-1.017583,0.344669,0.053457,-7.005709,1.419134
2026-01-01T00:13:43Z,O320_CLASS-SIM-01,O320_CLASS,RAPID_RESPONSE,2887.151441526522,-0.8441353104212528,2240.360025508015,0.8695250174695358,116.72783753654318,788.9176253711012,77.00841043196338,63.318511440212674,29.031843935312146,2.303792826884137,13.962539486796047,14.427649707496235,28.316967973188515,CRUISE,ABNORMAL_VIBRATION,True,0.65,1.0,OK,42,52.37,3600.0,1.668701,3.509891,-0.150676,0.038949,-4.699074,1.498946
2026-01-01T00:13:44Z,O320_CLASS-SIM-01,O320_CLASS,RAPID_RESPONSE,2886.1772183431494,-0.6987857800013545,2252.6623552327833,0.8718525229004449,116.15961819470172,787.231013018237,76.85063723446981,65.32281634723108,29.104197154498134,2.389921075966977,13.977009698854415,14.140516260950546,28.273500007038695,CRUISE,ABNORMAL_VIBRATION,True,0.65,1.0,OK,42,52.35,3600.0,0.61423,1.172673,-0.327906,0.049075,6.70094,1.583957
2026-01-01T00:13:45Z,O320_CLASS-SIM-01,O320_CLASS,RAPID_RESPONSE,2884.2679127987553,-0.7235645407636478,2246.9297746915604,0.8692604723766746,114.17056471001231,780.8286570110482,75.97271902471512,64.915984031358,29.179673257065993,2.2973992556185863,13.935164845786781,14.418570869083313,28.1752386562878,CRUISE,ABNORMAL_VIBRATION,True,0.65,1.0,OK,42,52.33,3600.0,-0.941777,-4.650999,-1.192736,0.192929,1.575316,1.492538
2026-01-01T00:13:46Z,O320_CLASS-SIM-01,O320_CLASS,RAPID_RESPONSE,2883.217020888898,-0.93332459334826,2246.040691378297,0.8711165622610576,115.82532339629162,787.7233802391323,77.08439856155267,65.04741471266709,29.008011124198052,2.1467962628455988,13.919527921817778,14.542673183394701,28.343967387678084,CRUISE,ABNORMAL_VIBRATION,True,0.65,1.0,OK,42,52.34,3600.0,0.666649,2.068512,-0.091919,-0.02613,0.182466,1.341141
2026-01-01T00:13:47Z,O320_CLASS-SIM-01,O320_CLASS,RAPID_RESPONSE,2882.6430550554987,-0.7648866233258211,2237.7911288549826,0.8747757840929724,114.82334717286247,787.7594822120028,77.65337810662264,64.25155404813046,29.06554413544985,2.304018577117173,13.967948781724465,14.46990264559041,28.194937143728815,CRUISE,ABNORMAL_VIBRATION,True,0.65,1.0,OK,42,52.34,3600.0,-1.095724,1.077111,0.429791,-0.074457,-10.259283,1.496259
2026-01-01T00:13:48Z,O320_CLASS-SIM-01,O320_CLASS,RAPID_RESPONSE,2886.545340043858,-0.8300674862687626,2250.5143292545763,0.8732685491196743,116.31635558254122,786.9178947097897,77.47328620700908,65.56326935495025,29.13555688649686,2.123974633516787,13.969386411012543,14.61191041492919,28.320551404944798,CRUISE,ABNORMAL_VIBRATION,True,0.65,1.0,OK,42,52.35,3600.0,0.559538,0.505367,0.233255,0.020574,1.701311,1.316318
2026-01-01T00:13:49Z,O320_CLASS-SIM-01,O320_CLASS,RAPID_RESPONSE,2883.9759347698187,-0.6848779076750172,2246.0075512539656,0.8689870615786477,116.110287750836,789.6143062482781,76.56317989099423,65.82744423729955,28.93296852031208,2.259903703080659,14.019668483537819,14.29607899174962,28.407328305204267,CRUISE,ABNORMAL_VIBRATION,True,0.65,1.0,OK,42,52.36,3600.0,0.90136,4.008027,-0.643721,-0.0646,-1.269031,1.454298
2026-01-01T00:13:50Z,O320_CLASS-SIM-01,O320_CLASS,RAPID_RESPONSE,2887.3876855445465,-1.0180530376911072,2248.1695217037245,0.871504087519584,117.74027459284697,782.937500113878,77.06110323201166,64.26394336537857,29.007141392402815,2.3294359894394745,13.965237856495992,14.238534530232927,28.315888665856587,CRUISE,ABNORMAL_VIBRATION,True,0.65,1.0,OK,42,52.36,3600.0,2.468085,-2.847442,-0.147689,-0.0537,0.805266,1.522959
2026-01-01T00:13:51Z,O320_CLASS-SIM-01,O320_CLASS,RAPID_RESPONSE,2885.6630958925184,-0.83337206391274,2237.4142244122936,0.870831747264076,115.07029331164046,784.1227390720607,77.27437953830196,65.19558336666702,29.030069727177285,2.1268834887953245,14.029182328812567,14.906801003719423,28.23518003348031,CRUISE,ABNORMAL_VIBRATION,True,0.65,1.0,OK,42,52.37,3600.0,-0.255956,-1.688299,0.070806,-0.011132,-9.708032,1.320743
2026-01-01T00:13:52Z,O320_CLASS-SIM-01,O320_CLASS,RAPID_RESPONSE,2885.400815422604,-0.9229316555699619,2255.9232438594395,0.8705256927235999,115.78480227791859,791.0000279839975,77.20681722334974,65.5657145721373,29.08296324947802,2.2552458128342807,13.99618377483151,14.163533880789357,28.594003546713058,CRUISE,ABNORMAL_VIBRATION,True,0.65,1.0,OK,42,52.37,3600.0,0.609892,5.362804,0.010186,0.052161,9.122977,1.449345
2026-01-01T00:13:53Z,O320_CLASS-SIM-01,O320_CLASS,RAPID_RESPONSE,2886.1558605892233,-0.8374358988211532,2238.695936227119,0.8694477774746631,114.98092777009303,779.9196172347753,77.11631233800264,64.59138004472105,29.0954829098815,2.2305971468223795,13.943165106124118,14.260587821468201,28.357556895489697,CRUISE,ABNORMAL_VIBRATION,True,0.65,1.0,OK,42,52.37,3600.0,-0.107842,-5.54429,-0.063487,0.096543,-7.323748,1.425368
2026-01-01T00:13:54Z,O320_CLASS-SIM-01,O320_CLASS,RAPID_RESPONSE,2889.530522133301,-0.8908060195287855,2241.582781276383,0.869012672966607,113.7104492801515,786.7558768334027,77.28944876840526,66.02101278418922,29.107092967092118,2.3952233085311043,13.96216335251283,14.30935958289922,28.197443677793864,CRUISE,ABNORMAL_VIBRATION,True,0.65,1.0,OK,42,52.37,3600.0,-1.279252,1.467062,0.127661,0.122978,-3.601571,1.590458
2026-01-01T00:13:55Z,O320_CLASS-SIM-01,O320_CLASS,RAPID_RESPONSE,2888.611004817352,-0.7513997579629413,2252.4880261192757,0.8689651378049095,115.90667330819693,786.4917461300423,77.26254364154,64.445234470399,29.113528929705417,2.5162425756713773,13.931054521536215,14.55386946553201,27.960528140933384,CRUISE,ABNORMAL_VIBRATION,True,0.65,1.0,OK,42,52.37,3600.0,0.830459,1.124082,0.1139,0.136927,7.913228,1.711767
2026-01-01T00:13:56Z,O320_CLASS-SIM-01,O320_CLASS,RAPID_RESPONSE,2888.8336027549117,-1.0514226633807355,2243.0151872825113,0.8685908818934227,115.221866040617,788.0661108079272,76.46264653780094,64.70130736799318,29.027434458226182,2.3157416050321,13.97730297965084,14.078720723361378,28.321239546624888,CRUISE,ABNORMAL_VIBRATION,True,0.65,1.0,OK,42,52.38,3600.0,0.524339,3.114989,-0.672441,0.065184,-0.9309,1.511655
2026-01-01T00:13:57Z,O320_CLASS-SIM-01,O320_CLASS,RAPID_RESPONSE,2890.4293944528163,-0.6654642501029416,2239.8060900562546,0.87065633511371,115.19432033695817,784.6145513870007,76.52012922657424,64.44383769757175,29.12160308016692,2.15211639307376,13.961237847895788,14.407422978698136,28.724382958305604,CRUISE,ABNORMAL_VIBRATION,True,0.65,1.0,OK,42,52.39,3600.0,-0.218955,-1.168899,-0.626759,0.104246,-4.687259,1.347122
2026-01-01T00:13:58Z,O320_CLASS-SIM-01,O320_CLASS,RAPID_RESPONSE,2888.373100516914,-0.6102468213010988,2242.3035493721236,0.8706452226430161,115.4873659905714,784.0145536591823,77.12136925077405,65.69341979643609,29.011165123843302,2.311949520471292,13.98558277105767,14.165441654344178,28.555701869384585,CRUISE,ABNORMAL_VIBRATION,True,0.65,1.0,OK,42,52.42,3600.0,0.032294,-1.839144,-0.034645,-0.007936,-2.613073,1.506797
2026-01-01T00:13:59Z,O320_CLASS-SIM-01,O320_CLASS,RAPID_RESPONSE,2888.7336638439056,-0.8008265855590955,2230.9608425983743,0.8703903412535392,115.91406495730286,790.3036285357608,77.42865432667263,65.88099603873361,28.9897683790588,2.1279266179946434,14.000928465780314,14.148891412766192,28.535901252005978,CRUISE,ABNORMAL_VIBRATION,True,0.65,1.0,OK,42,52.42,3600.0,0.668735,4.674002,0.268932,-0.025223,-14.127715,1.322776
2026-01-01T00:14:00Z,O320_CLASS-SIM-01,O320_CLASS,RAPID_RESPONSE,2889.9888656857893,-0.736569230510302,2244.3334396431032,0.8691385208019662,117.59446047323937,787.5103024240475,77.33638744501054,64.64678728789825,29.051157463879285,2.2350635084110984,13.976287651358984,14.55367654055772,28.27347519172344,CRUISE,ABNORMAL_VIBRATION,True,0.65,1.0,OK,42,52.42,3600.0,2.457991,2.085587,0.187873,0.069278,-0.235333,1.430521
2026-01-01T00:14:01Z,O320_CLASS-SIM-01,O320_CLASS,RAPID_RESPONSE,2886.9535437052086,-0.7668552268063306,2232.922358848146,0.8704373340946688,114.84882871386459,787.1503969172592,77.99182216754618,63.41843864810997,29.162013427393674,2.27519731254697,13.97471094989275,14.015650131360708,28.540104724851254,CRUISE,ABNORMAL_VIBRATION,True,0.65,1.0,OK,42,52.41,3600.0,-0.397284,1.504738,0.836348,0.149328,-11.969208,1.470137
2026-01-01T00:14:02Z,O320_CLASS-SIM-01,O320_CLASS,RAPID_RESPONSE,2889.4801982225167,-0.7904370428951712,2231.338054833175,0.871205794685896,116.47070161555719,785.3207103210995,77.66710547791874,65.87747137314227,29.015289719036886,2.2812101921351946,13.965620847271978,14.381061220042383,28.405149247197123,CRUISE,ABNORMAL_VIBRATION,True,0.65,1.0,OK,42,52.39,3600.0,1.074579,-0.508212,0.499303,-0.023027,-14.125266,1.475631
2026-01-01T00:14:03Z,O320_CLASS-SIM-01,O320_CLASS,RAPID_RESPONSE,2889.7865133089513,-1.1774565114352846,2245.2901240756037,0.8683038530884212,117.40316151390913,789.8669950281985,77.53684348705016,64.77742540177802,28.995984072458302,2.1850254964087137,14.02252656475371,14.194842331544708,28.036690840911916,CRUISE,ABNORMAL_VIBRATION,True,0.65,1.0,OK,42,52.36,3600.0,2.829486,5.054617,0.391385,0.035249,0.863077,1.38081
2026-01-01T00:14:04Z,O320_CLASS-SIM-01,O320_CLASS,RAPID_RESPONSE,2891.4923382098177,-0.5595806176133973,2259.9849415702083,0.8730819870137897,116.88923325549854,786.0245035391538,76.36419234717472,64.98754832849265,29.076503807842546,2.2628941058088063,13.958807533521481,14.126128973498428,28.239497418615727,CRUISE,ABNORMAL_VIBRATION,True,0.65,1.0,OK,42,52.35,3600.0,0.949564,-0.450032,-0.815777,-0.013045,13.957395,1.456455
2026-01-01T00:14:05Z,O320_CLASS-SIM-01,O320_CLASS,RAPID_RESPONSE,2892.968862983789,-0.5052237058936401,2246.62708113766,0.8715418831890218,114.26623087323134,787.4889864500294,77.89721273581642,63.73890304260391,29.067659702958494,2.1735463386659792,13.980046122357125,14.777129739541062,28.694889053742408,CRUISE,ABNORMAL_VIBRATION,True,0.65,1.0,OK,42,52.33,3600.0,-1.565364,1.217647,0.709444,0.009779,0.237802,1.367421
2026-01-01T00:14:06Z,O320_CLASS-SIM-01,O320_CLASS,RAPID_RESPONSE,2890.1259649593812,-0.6871191872717843,2247.259171251151,0.8696881503665015,115.76408835608325,787.5516792836295,77.278767040032,64.25438689786128,29.020327893551233,2.2315683240556474,13.938929918393326,14.444077091552483,28.451931233944286,CRUISE,ABNORMAL_VIBRATION,True,0.65,1.0,OK,42,52.33,3600.0,0.440265,1.882045,0.104217,0.014347,1.482938,1.426326
2026-01-01T00:14:07Z,O320_CLASS-SIM-01,O320_CLASS,RAPID_RESPONSE,2892.2100171420716,-0.9184581670389091,2241.902516836154,0.8740350648297883,115.23756708437922,785.9386393387441,77.12059660409577,65.86280074694147,29.101136765969432,2.3568265370889074,13.964985575816788,14.146850109595697,28.67772448452109,CRUISE,ABNORMAL_VIBRATION,True,0.65,1.0,OK,42,52.33,3600.0,-0.55668,-0.47104,-0.090272,-0.024694,-5.558072,1.549454
2026-01-01T00:14:08Z,O320_CLASS-SIM-01,O320_CLASS,RAPID_RESPONSE,2892.2897544707243,-0.8600332387432496,2257.849943125074,0.8698282530689527,117.12365688582334,789.5494047083506,76.82068753886406,65.41882698851835,29.080696292340587,2.3798548092277576,13.941904824685873,14.722361865276627,28.3912725346923,CRUISE,ABNORMAL_VIBRATION,True,0.65,1.0,OK,42,52.32,3600.0,1.876896,3.95131,-0.371208,0.062104,11.269261,1.574196
2026-01-01T00:14:09Z,O320_CLASS-SIM-01,O320_CLASS,RAPID_RESPONSE,2889.407794994471,-0.8112520437291108,2246.416157764707,0.8687552354867853,115.80127175263748,788.2385980089489,77.2832034921366,64.51698935635852,29.03320359775034,2.2967712836891545,13.970678818082142,14.640950712890302,28.42918970989831,CRUISE,ABNORMAL_VIBRATION,True,0.65,1.0,OK,42,52.32,3600.0,0.754017,2.899736,0.115422,0.052732,0.953808,1.491968
2026-01-01T00:14:10Z,O320_CLASS-SIM-01,O320_CLASS,RAPID_RESPONSE,2889.430346591447,-0.8793217057718479,2247.6616567122956,0.8730948098164691,116.97992967516552,790.2711700255237,77.2388116006109,65.55815627764862,28.966944587298197,2.260038328624848,13.931886557560702,14.347125233934207,28.842602625897324,CRUISE,ABNORMAL_VIBRATION,True,0.65,1.0,OK,42,52.32,3600.0,1.351535,4.069739,0.041878,-0.128243,0.847356,1.453275
2026-01-01T00:14:11Z,O320_CLASS-SIM-01,O320_CLASS,RAPID_RESPONSE,2892.2542731532276,-0.9262651045701701,2249.532850284786,0.8697859554469272,114.26547147212507,791.0826874724239,77.61193329124464,65.22098257425077,29.01911698117328,2.1090860467570103,14.010404248260652,14.438671462070692,27.92543422257316,CRUISE,ABNORMAL_VIBRATION,True,0.65,1.0,OK,42,52.32,3600.0,-0.883724,5.595154,0.430511,0.005991,3.437924,1.303652
2026-01-01T00:14:12Z,O320_CLASS-SIM-01,O320_CLASS,RAPID_RESPONSE,2895.6948998369803,-0.7709533448668546,2248.954541517753,0.8729670404205204,115.97269819056608,787.6824923166728,77.01436176104131,63.95776137971195,29.051760285246434,2.4499750007774717,13.94468102745861,14.179288157968884,28.570736015294212,CRUISE,ABNORMAL_VIBRATION,True,0.65,1.0,OK,42,52.33,3600.0,0.134683,1.332371,-0.188733,-0.048732,1.854493,1.64306
2026-01-01T00:14:13Z,O320_CLASS-SIM-01,O320_CLASS,RAPID_RESPONSE,2891.6421745203306,-0.8617162622074342,2243.159487825774,0.8706372338052147,113.52169939987226,784.4572527905008,77.27464105098237,65.11723238007909,29.094688818108835,2.3666739211116212,14.009474919868778,14.58922436594779,28.36500107561654,CRUISE,ABNORMAL_VIBRATION,True,0.65,1.0,OK,42,52.34,3600.0,-1.828638,-1.300872,0.079435,0.056197,-3.574713,1.560699
2026-01-01T00:14:14Z,O320_CLASS-SIM-01,O320_CLASS,RAPID_RESPONSE,2891.657988987657,-0.7991700869755902,2250.7663260076783,0.8723846163372321,116.15361823961965,785.4930468589304,77.49588146269164,65.94438445508347,29.07983772281045,2.157513533877671,13.93907026825637,14.145436560072525,28.28485676445975,CRUISE,ABNORMAL_VIBRATION,True,0.65,1.0,OK,42,52.35,3600.0,0.475878,-0.7071,0.28763,-0.005431,3.427123,1.350723
2026-01-01T00:14:15Z,O320_CLASS-SIM-01,O320_CLASS,RAPID_RESPONSE,2893.242755655155,-0.725600865538082,2234.7024924487414,0.8697062954975585,115.69370808949549,783.5371683936842,77.35334097949516,64.68678826578409,28.9986992469711,2.320525946888214,13.975839451785575,14.146963370575655,28.350375700565884,CRUISE,ABNORMAL_VIBRATION,True,0.65,1.0,OK,42,52.37,3600.0,0.321595,-2.166457,0.164984,-0.016381,-11.714071,1.514966
2026-01-01T00:14:16Z,O320_CLASS-SIM-01,O320_CLASS,RAPID_RESPONSE,2893.823210687654,-0.9196045327885187,2232.693752714312,0.8676146829964512,114.89595459327063,782.4807052757659,77.03933333980497,66.26172965457937,28.964980916938075,2.132996242151906,14.028025491696939,14.460395335842566,28.331337219728404,CRUISE,ABNORMAL_VIBRATION,True,0.65,1.0,OK,42,52.38,3600.0,0.075894,-2.505998,-0.11207,0.014328,-12.00899,1.328836
2026-01-01T00:14:17Z,O320_CLASS-SIM-01,O320_CLASS,RAPID_RESPONSE,2893.1509194344644,-0.7426062057515885,2259.4590406307093,0.8695996684464212,114.48433331696357,782.320112098222,77.21830331857036,63.80226998053395,29.009762299669966,2.099241428390094,13.99626537385035,14.230530968442928,28.445763423134586,CRUISE,ABNORMAL_VIBRATION,True,0.65,1.0,OK,42,52.38,3600.0,-0.75428,-3.201039,0.071987,0.015084,14.992183,1.294563
2026-01-01T00:14:18Z,O320_CLASS-SIM-01,O320_CLASS,RAPID_RESPONSE,2891.244655648261,-0.7890041155622299,2236.2046417893325,0.8697836236350609,118.04275869910687,788.0879530029621,77.12434270821093,67.48301793458505,28.98623330980169,2.4236017815411737,13.91804674861637,14.29591666028769,28.1837835782628,CRUISE,ABNORMAL_VIBRATION,True,0.65,1.0,OK,42,52.35,3600.0,2.859733,2.594632,-0.020978,-0.010633,-8.216018,1.618906
2026-01-01T00:14:19Z,O320_CLASS-SIM-01,O320_CLASS,RAPID_RESPONSE,2894.30125778798,-0.8020541974129198,2243.3056661957853,0.8727925796587183,114.70464672324445,786.5650297251099,77.50257258131433,63.73433199763488,28.993611959466858,2.143890994026725,13.982916898987009,14.711474109822737,28.35329824360887,CRUISE,ABNORMAL_VIBRATION,True,0.65,1.0,OK,42,52.32,3600.0,-0.990133,0.383411,0.326831,-0.089869,-2.525807,1.337598
2026-01-01T00:14:20Z,O320_CLASS-SIM-01,O320_CLASS,RAPID_RESPONSE,2893.7051876159194,-0.943058716701363,2248.343918982177,0.8699877754346144,115.05217658358295,785.503562552647,77.39364472198878,64.46696910782485,28.991465423156438,2.259418584981247,13.873225863733968,14.204512477795818,28.212711966907058,CRUISE,ABNORMAL_VIBRATION,True,0.65,1.0,OK,42,52.32,3600.0,-0.098371,0.030992,0.225846,-0.021963,2.880807,1.454179
2026-01-01T00:14:21Z,O320_CLASS-SIM-01,O320_CLASS,RAPID_RESPONSE,2896.2493317789695,-0.880028803270321,2241.155380280567,0.870458310585049,114.66241812021849,784.7220470498064,77.21048058135258,64.57736581600275,29.00765312486082,2.198066957332901,13.929369413265015,14.369858632702474,28.431126652457966,CRUISE,ABNORMAL_VIBRATION,True,0.65,1.0,OK,42,52.34,3600.0,-0.651994,-0.915662,0.044285,-0.018498,-4.23342,1.392684
2026-01-01T00:14:22Z,O320_CLASS-SIM-01,O320_CLASS,RAPID_RESPONSE,2892.566759743319,-0.7016172533013394,2251.6905545816485,0.8724784788056578,115.73258159874312,787.3117564897807,78.04428970312833,64.67082552376847,28.975870111123882,1.9754566304983485,14.016638458381681,14.79616364429659,28.246174804643616,CRUISE,ABNORMAL_VIBRATION,True,0.65,1.0,OK,42,52.36,3600.0,-0.021652,1.059447,0.856251,-0.103852,5.288773,1.169034
2026-01-01T00:14:23Z,O320_CLASS-SIM-01,O320_CLASS,RAPID_RESPONSE,2893.882563754527,-0.8659266979577154,2255.3092940029305,0.8679280411056848,113.00862085714031,791.1282213903779,77.29387165626103,65.2726181176907,29.016940093423848,2.2926188512863463,13.918527379272447,14.14300414344581,28.400366644327413,CRUISE,ABNORMAL_VIBRATION,True,0.65,1.0,OK,42,52.36,3600.0,-1.915327,6.016854,0.139361,0.057534,10.462428,1.488296
2026-01-01T00:14:24Z,O320_CLASS-SIM-01,O320_CLASS,RAPID_RESPONSE,2891.831758898745,-0.864425261119754,2242.5389909281316,0.8698708100122898,114.703115634848,783.2100895102477,76.43875260566215,65.02192980679831,29.011229920681252,2.1407672368275015,13.965814873759534,14.27876422615213,28.315167570386496,CRUISE,ABNORMAL_VIBRATION,True,0.65,1.0,OK,42,52.37,3600.0,-0.441633,-2.251288,-0.713188,0.008973,-2.188702,1.335904
2026-01-01T00:14:25Z,O320_CLASS-SIM-01,O320_CLASS,RAPID_RESPONSE,2892.2673031724344,-0.7183520689210123,2235.524965737274,0.870576275959418,114.39034111661273,784.7183873230731,77.62712537482875,65.32847145343855,29.08177886249462,2.1516691554814997,13.975808494810458,13.906484548842275,28.336420621314026,CRUISE,ABNORMAL_VIBRATION,True,0.65,1.0,OK,42,52.38,3600.0,-1.015053,-1.046067,0.469631,0.060146,-9.460267,1.346467
2026-01-01T00:14:26Z,O320_CLASS-SIM-01,O320_CLASS,RAPID_RESPONSE,2895.429832369423,-0.6389370494339766,2241.276608904494,0.8709529994413927,115.62702143220393,788.574775975702,77.11135380564463,65.56245120310479,28.93907437245438,2.117402206012139,13.895409173151071,14.547533100878308,28.484827624091828,CRUISE,ABNORMAL_VIBRATION,True,0.65,1.0,OK,42,52.4,3600.0,0.023352,2.613276,-0.053024,-0.097227,-4.027855,1.311908
2026-01-01T00:14:27Z,O320_CLASS-SIM-01,O320_CLASS,RAPID_RESPONSE,2897.376987392595,-0.9258106245622784,2240.7551330393003,0.8701547301115008,117.0844010830803,789.905543018161,77.4810179230212,65.16208220297038,29.090127546849562,2.222157253346439,13.952166574088766,14.318048919353894,28.23669864681128,CRUISE,ABNORMAL_VIBRATION,True,0.65,1.0,OK,42,52.4,3600.0,1.852431,4.384954,0.320949,0.07271,-4.349502,1.416981
2026-01-01T00:14:28Z,O320_CLASS-SIM-01,O320_CLASS,RAPID_RESPONSE,2896.0337822497386,-0.9935371324935134,2253.400648924794,0.8714577451524363,117.0632860229109,781.5881504819754,77.92281642244953,63.636330898693,28.96248380983604,2.0637442720124275,14.003111757579601,14.405965450441652,28.346659639217783,CRUISE,ABNORMAL_VIBRATION,True,0.65,1.0,OK,42,52.39,3600.0,1.719972,-4.143737,0.751396,-0.089256,7.769543,1.257942
2026-01-01T00:14:29Z,O320_CLASS-SIM-01,O320_CLASS,RAPID_RESPONSE,2895.371905408879,-1.0340357752446074,2254.198678339318,0.8719411938660125,116.96660075194342,786.6437877629184,76.10393980493228,63.8956897178056,29.044683599330696,2.2596789553237406,13.94710019493377,14.073033045752654,28.525100692250998,CRUISE,ABNORMAL_VIBRATION,True,0.65,1.0,OK,42,52.36,3600.0,1.577483,0.817657,-1.081077,-0.023631,7.937015,1.453457
2026-01-01T00:14:30Z,O320_CLASS-SIM-01,O320_CLASS,RAPID_RESPONSE,2897.509685781518,-0.7541863959288572,2240.0059164377917,0.8706700358352599,113.7341914688434,785.317557615605,76.14825212966805,63.63390801448896,29.004365281096582,2.447517936604103,13.909828479163805,14.037212283892533,28.415206712756422,CRUISE,ABNORMAL_VIBRATION,True,0.65,1.0,OK,42,52.32,3600.0,-1.7892,-0.544102,-1.032151,-0.033946,-6.041778,1.641768
2026-01-01T00:14:31Z,O320_CLASS-SIM-01,O320_CLASS,RAPID_RESPONSE,2899.744081448969,-0.8007587815364446,2250.62894522689,0.8696157977896524,114.72261248166527,785.8379737361957,76.8947514056819,65.46486128623941,28.939208136455562,2.2242041980032607,13.96501547946439,14.293694944140263,28.13597105110901,CRUISE,ABNORMAL_VIBRATION,True,0.65,1.0,OK,42,52.3,3600.0,-0.613178,0.262209,-0.270219,-0.069721,5.296994,1.419075
2026-01-01T00:14:32Z,O320_CLASS-SIM-01,O320_CLASS,RAPID_RESPONSE,2895.8848143465,-0.6530065118342554,2243.2800957066256,0.8708213471962959,114.27576890779295,785.5502617198196,76.60784957158688,64.9623965357869,29.03709465318298,2.3403885428556563,13.93671386221317,14.261130178737414,28.46272610468937,CRUISE,ABNORMAL_VIBRATION,True,0.65,1.0,OK,42,52.3,3600.0,-1.312892,-0.388232,-0.560334,0.001871,-2.200876,1.534854
2026-01-01T00:14:33Z,O320_CLASS-SIM-01,O320_CLASS,RAPID_RESPONSE,2897.3018912261305,-0.8776196168748253,2260.1137071443495,0.868336117000363,116.62355834812168,782.7265822720299,77.41726608212069,65.44605772356987,28.992085246306402,2.0679490426718115,13.904693729350145,14.192132345210926,28.4608080334107,CRUISE,ABNORMAL_VIBRATION,True,0.65,1.0,OK,42,52.29,3600.0,1.62744,-2.436432,0.27392,0.02469,15.78461,1.263686
2026-01-01T00:14:34Z,O320_CLASS-SIM-01,O320_CLASS,RAPID_RESPONSE,2896.2671556479486,-0.8217010991048261,2233.0116077784924,0.8697438638274323,113.94645229128353,785.4087184625176,76.95356514502035,63.92428774041742,28.98370074472788,2.06822801234196,13.924374303097292,14.615865010650564,28.327577265746417,CRUISE,ABNORMAL_VIBRATION,True,0.65,1.0,OK,42,52.28,3600.0,-1.270618,-0.063932,-0.187362,-0.014915,-11.20529,1.263579
2026-01-01T00:14:35Z,O320_CLASS-SIM-01,O320_CLASS,RAPID_RESPONSE,2894.844809974538,-0.9314550841021647,2252.0778210607054,0.8686624679186704,117.1160463472522,783.4524005323642,77.35400346831437,65.70293651703977,29.03819505062444,2.1801564818858026,13.935503305740722,14.636964168015615,28.260640041930827,CRUISE,ABNORMAL_VIBRATION,True,0.65,1.0,OK,42,52.27,3600.0,2.207052,-1.649933,0.225891,0.071774,8.455223,1.376123
2026-01-01T00:14:36Z,O320_CLASS-SIM-01,O320_CLASS,RAPID_RESPONSE,2899.8762131835515,-0.9042252479547801,2245.828708394204,0.8673865156046883,114.58468124826825,783.396175837237,77.24152344740799,64.9452287407218,29.03785879903131,2.1111896246338775,13.935855780157267,14.389396592099185,28.22662169566641,CRUISE,ABNORMAL_VIBRATION,True,0.65,1.0,OK,42,52.28,3600.0,-0.204736,-1.439424,0.13814,0.107407,3.352949,1.308003
2026-01-01T00:14:37Z,O320_CLASS-SIM-01,O320_CLASS,RAPID_RESPONSE,2900.294882466883,-0.8585804743904819,2242.025212754979,0.8710566263777755,115.21881351029738,781.4296987808704,76.72535499669756,65.71388269524552,29.0179614926452,2.0225201075452346,13.974311363849067,14.203167550241764,28.24961331474814,CRUISE,ABNORMAL_VIBRATION,True,0.65,1.0,OK,42,52.29,3600.0,-0.164024,-4.229292,-0.3994,-0.008384,-1.441692,1.217739
2026-01-01T00:14:38Z,O320_CLASS-SIM-01,O320_CLASS,RAPID_RESPONSE,2897.224489853348,-0.6931322724238885,2228.847391750585,0.8684307559569411,115.45045152766065,789.5111221958938,77.37011363233303,64.18794112255492,29.08927593781618,2.17702785466885,13.971693406663533,14.46419638534387,28.24834925242144,CRUISE,ABNORMAL_VIBRATION,True,0.65,1.0,OK,42,52.3,3600.0,0.330869,4.249777,0.256993,0.132505,-14.07992,1.373344
2026-01-01T00:14:39Z,O320_CLASS-SIM-01,O320_CLASS,RAPID_RESPONSE,2900.252738784182,-0.9219247891824156,2250.069604542587,0.8664001740941927,115.70411914305231,784.525334458633,77.60709529238979,64.82662134161428,29.07431075047882,2.186398829527165,13.959893388090459,14.53843555420511,28.499353647627583,CRUISE,ABNORMAL_VIBRATION,True,0.65,1.0,OK,42,52.31,3600.0,1.109181,-0.033073,0.525212,0.175826,8.590966,1.383952
2026-01-01T00:14:40Z,O320_CLASS-SIM-01,O320_CLASS,RAPID_RESPONSE,2900.1787644776364,-1.1904060527546223,2236.585068893915,0.872821121745922,113.79086116172346,787.7521407983193,77.42843829539375,64.27824917423784,28.911128719943203,2.1605599111741833,14.026044413633665,14.124966940842592,28.26083457007547,CRUISE,ABNORMAL_VIBRATION,True,0.65,1.0,OK,42,52.31,3600.0,-1.502059,2.076498,0.300213,-0.158167,-7.042767,1.355153
2026-01-01T00:14:41Z,O320_CLASS-SIM-01,O320_CLASS,RAPID_RESPONSE,2898.2390761199854,-0.6660627517979969,2242.439316126352,0.8687746425685567,116.99001328960509,786.9851100918372,76.7767846175457,63.87702910034897,29.067839845873678,2.296289375180227,13.9172173624955,13.89427541346119,28.212295664071995,CRUISE,ABNORMAL_VIBRATION,True,0.65,1.0,OK,42,52.31,3600.0,1.766907,1.604014,-0.342151,0.09959,-0.757678,1.492369
2026-01-01T00:14:42Z,O320_CLASS-SIM-01,O320_CLASS,RAPID_RESPONSE,2898.1407731178456,-1.1569115456352133,2235.523676227189,0.8681618388767123,114.73447513088968,789.7590370997184,77.0364069150063,64.71888155232043,29.03443518097483,2.0999032779256614,13.975679193078022,14.409476159906973,28.39781806154808,CRUISE,ABNORMAL_VIBRATION,True,0.65,1.0,OK,42,52.31,3600.0,0.117227,5.031944,-0.069308,0.086303,-7.060202,1.296443
2026-01-01T00:14:43Z,O320_CLASS-SIM-01,O320_CLASS,RAPID_RESPONSE,2904.4142493911786,-0.7150507001129216,2235.603047845413,0.8707139893459233,114.33545664419476,786.6327761780067,76.59171279468532,63.963763084988464,29.025208874889316,2.3427213986653204,13.978739255997972,14.552119913980704,28.43523087164854,CRUISE,ABNORMAL_VIBRATION,True,0.65,1.0,OK,42,52.31,3600.0,-1.204652,0.879279,-0.529549,0.004688,-7.701835,1.538075
2026-01-01T00:14:44Z,O320_CLASS-SIM-01,O320_CLASS,RAPID_RESPONSE,2900.787844677649,-0.92899314457792,2250.6979310971233,0.8719968484127432,115.20565004507966,785.2152216104263,77.77699365196695,64.83069446816495,29.010838893087932,2.3199148263447684,13.960711059534432,14.13277367353096,28.43558124105769,CRUISE,ABNORMAL_VIBRATION,True,0.65,1.0,OK,42,52.33,3600.0,-0.295149,-0.634969,0.629471,-0.047781,6.175142,1.514373
2026-01-01T00:14:45Z,O320_CLASS-SIM-01,O320_CLASS,RAPID_RESPONSE,2900.7355182786173,-0.5788212666875532,2250.4385992356456,0.8687296703477488,116.1521091274456,786.2675889147747,77.66284544187135,64.42451379793935,29.015529528617492,2.108327308502054,13.965384951886186,14.115827225026127,28.465001477580664,CRUISE,ABNORMAL_VIBRATION,True,0.65,1.0,OK,42,52.35,3600.0,0.77678,0.747686,0.531406,0.040791,6.661676,1.304142
2026-01-01T00:14:46Z,O320_CLASS-SIM-01,O320_CLASS,RAPID_RESPONSE,2901.685147471975,-0.6640947643400384,2243.987899524891,0.8690705008776837,116.22023803494345,783.5028011530811,77.57171235700676,65.70739606994057,29.068000806711314,2.3092962356248457,13.949021000001585,14.363692136102955,28.435353390089322,CRUISE,ABNORMAL_VIBRATION,True,0.65,1.0,OK,42,52.37,3600.0,0.888913,-1.97514,0.448545,0.087873,0.594635,1.50516
2026-01-01T00:14:47Z,O320_CLASS-SIM-01,O320_CLASS,RAPID_RESPONSE,2900.4825388549693,-0.6586304402590983,2248.645876490338,0.8680832789570809,117.52838103741377,785.7221732401986,76.69872097577735,64.17396450524117,29.07856720079331,2.4228173214853204,13.993885765672712,14.665490643110587,28.560563708850104,CRUISE,ABNORMAL_VIBRATION,True,0.65,1.0,OK,42,52.37,3600.0,2.381655,0.491016,-0.408348,0.129598,5.999178,1.61933
2026-01-01T00:14:48Z,O320_CLASS-SIM-01,O320_CLASS,RAPID_RESPONSE,2902.4226758164477,-0.810961192145822,2248.261206816099,0.8713133007275564,114.37486278931709,787.2989849868063,77.71845260984371,64.67011521982745,28.98755680977492,2.16881213589895,13.944096810448489,14.005727137430389,28.549957586017975,CRUISE,ABNORMAL_VIBRATION,True,0.65,1.0,OK,42,52.38,3600.0,-1.136048,1.512637,0.589069,-0.048731,4.579641,1.363834
2026-01-01T00:14:49Z,O320_CLASS-SIM-01,O320_CLASS,RAPID_RESPONSE,2901.1754249618166,-0.8592697502290024,2238.9984003441737,0.8723683244446409,116.28443948583237,784.8576275879552,76.66169063109004,64.55471470527807,29.030768030970147,2.3123546097102032,13.966844801490415,14.387124826263024,28.49134751046772,CRUISE,ABNORMAL_VIBRATION,True,0.65,1.0,OK,42,52.39,3600.0,0.634603,-1.16942,-0.495519,-0.041079,-5.973647,1.506496
2026-01-01T00:14:50Z,O320_CLASS-SIM-01,O320_CLASS,RAPID_RESPONSE,2902.0536133103046,-0.7962545961876886,2235.921147723651,0.8748960613423105,114.91584453870249,785.9588474039238,77.35887952104173,64.50067155354041,29.00169285144262,2.214639919401132,13.93613604087944,14.443115871772198,28.129873151513788,CRUISE,ABNORMAL_VIBRATION,True,0.65,1.0,OK,42,52.41,3600.0,-1.262123,-0.782703,0.154871,-0.150509,-11.221292,1.407027
2026-01-01T00:14:51Z,O320_CLASS-SIM-01,O320_CLASS,RAPID_RESPONSE,2905.0100150445774,-0.7465305577294316,2248.8665822615976,0.8662886205370383,114.30128886716774,788.9136162956628,78.79143363213632,65.78210337742492,29.05219001682619,2.1871288441479315,13.93811759158878,14.581530449361086,28.211803683966366,CRUISE,ABNORMAL_VIBRATION,True,0.65,1.0,OK,42,52.4,3600.0,-0.681587,3.954328,1.64703,0.125658,4.488445,1.383409
2026-01-01T00:14:52Z,O320_CLASS-SIM-01,O320_CLASS,RAPID_RESPONSE,2900.829624897793,-1.0582251660115405,2251.496487888494,0.8696206216255947,115.36920047548769,785.3921324265219,76.67929424709482,64.286810150106,28.968362789410616,2.1710363582573646,13.948401528708168,14.06167876181622,28.463364491907857,CRUISE,ABNORMAL_VIBRATION,True,0.65,1.0,OK,42,52.39,3600.0,0.335372,0.155661,-0.459413,-0.030538,7.382538,1.366422
2026-01-01T00:14:53Z,O320_CLASS-SIM-01,O320_CLASS,RAPID_RESPONSE,2903.901509506003,-1.062961212311327,2241.2547572199237,0.8734211144716281,114.06710268611643,786.4876257551974,77.17043345548853,65.69475041835545,29.01319871402713,2.142769884684949,13.965516079622097,14.351616343437136,28.36268723905078,CRUISE,ABNORMAL_VIBRATION,True,0.65,1.0,OK,42,52.4,3600.0,-1.605705,0.385257,-0.003774,-0.093187,-4.505594,1.336206
2026-01-01T00:14:54Z,O320_CLASS-SIM-01,O320_CLASS,RAPID_RESPONSE,2901.1959359916173,-0.6841716294952364,2252.09638595553,0.8675941616288,114.87899473968159,784.8487061449489,76.66426100805968,63.32404888265786,28.963937030426088,2.1227898250611226,13.920261480691355,14.374786814181208,28.550598336474444,CRUISE,ABNORMAL_VIBRATION,True,0.65,1.0,OK,42,52.4,3600.0,-0.263443,-0.375499,-0.474057,0.012638,8.000467,1.31882
2026-01-01T00:14:55Z,O320_CLASS-SIM-01,O320_CLASS,RAPID_RESPONSE,2904.7023276584014,-0.8913573453283046,2228.7787309003998,0.8710874893374028,115.41138336339421,786.4626873650678,77.89995352281079,64.15468214565021,28.852767176254687,2.2097656452498002,13.978065157758301,14.33654239848428,28.19355285188927,CRUISE,ABNORMAL_VIBRATION,True,0.65,1.0,OK,42,52.39,3600.0,-0.072851,0.717856,0.751321,-0.188435,-15.79554,1.404446
2026-01-01T00:14:56Z,O320_CLASS-SIM-01,O320_CLASS,RAPID_RESPONSE,2901.5741276289386,-0.9272654264466826,2233.4703756346794,0.8706708964661387,114.73784768362155,783.8244043209463,76.82084574400818,65.02207521056835,28.997679762814656,2.1769028533652457,13.968873014346046,14.311030622960383,28.220657069930613,CRUISE,ABNORMAL_VIBRATION,True,0.65,1.0,OK,42,52.4,3600.0,-0.613115,-1.797289,-0.331889,-0.032603,-11.294151,1.371666
2026-01-01T00:14:57Z,O320_CLASS-SIM-01,O320_CLASS,RAPID_RESPONSE,2902.872683778157,-0.9349948865644905,2259.897804720781,0.866905501962341,114.72463526269013,785.6282562878696,77.00146713441261,65.66779827010527,28.979165752644338,2.1615753295435542,13.987893312065573,14.781026041074886,28.586479805429914,CRUISE,ABNORMAL_VIBRATION,True,0.65,1.0,OK,42,52.4,3600.0,-0.046455,0.855348,-0.113404,0.05249,16.889309,1.358277
2026-01-01T00:14:58Z,O320_CLASS-SIM-01,O320_CLASS,RAPID_RESPONSE,2904.0278234066404,-0.884940359273087,2243.6871078978297,0.8698707183936447,114.20643637339008,787.7144629066153,77.2040878454108,64.76978332117606,28.930074746711462,2.313204384995225,13.906643413489272,14.18220444174498,28.290618791022094,CRUISE,ABNORMAL_VIBRATION,True,0.65,1.0,OK,42,52.42,3600.0,-1.039304,2.302663,0.085128,-0.069247,0.488988,1.508875
2026-01-01T00:14:59Z,O320_CLASS-SIM-01,O320_CLASS,RAPID_RESPONSE,2904.927847286986,-0.5972553004910086,2247.8257260894675,0.8724470686955358,115.99335568950775,788.1760020716448,77.86293912215409,64.21724446928175,28.952818179030043,2.2004716655036276,13.963314755196432,14.381973922533113,28.337511816602046,CRUISE,ABNORMAL_VIBRATION,True,0.65,1.0,OK,42,52.43,3600.0,0.028341,1.873539,0.713761,-0.120881,3.226141,1.394709
2026-01-01T00:15:00Z,O320_CLASS-SIM-01,O320_CLASS,RAPID_RESPONSE,2903.8675166863677,-0.6378376806361259,2234.3886911792433,0.8708965940422926,115.84402192307384,781.4062252075161,76.78642006368892,64.26960717688087,29.01994401042708,2.1785868414088787,13.960842741155961,13.961742345832693,28.72342701711739,CRUISE,ABNORMAL_VIBRATION,True,0.65,1.0,OK,42,52.44,3600.0,0.130927,-4.57075,-0.368291,-0.018578,-10.467471,1.373215
2026-01-01T00:15:01Z,O320_CLASS-SIM-01,O320_CLASS,RAPID_RESPONSE,2905.133248454564,-0.8078218230774146,2238.7996912079757,0.8681920998432189,117.50601639179231,780.5523447040081,77.2288350658218,63.827602230893596,28.970506169893625,2.231039282214325,13.933816431691271,14.334283372420701,27.989064302473793,CRUISE,ABNORMAL_VIBRATION,True,0.65,1.0,OK,42,52.43,3600.0,2.364415,-4.658631,0.099577,0.005387,-4.876039,1.427021
2026-01-01T00:15:02Z,O320_CLASS-SIM-01,O320_CLASS,RAPID_RESPONSE,2904.817772568127,-0.897935030694029,2232.1875990729454,0.8724973369137983,114.49329150897792,784.7408285515132,76.87913264369952,64.7285981931965,29.055204873968734,2.3617522901773205,13.985750265447999,14.59669017081862,28.631461217518428,CRUISE,ABNORMAL_VIBRATION,True,0.65,1.0,OK,42,52.42,3600.0,-1.195193,-1.297374,-0.27804,-0.022978,-12.782706,1.555814
2026-01-01T00:15:03Z,O320_CLASS-SIM-01,O320_CLASS,RAPID_RESPONSE,2905.9288621707055,-0.6505734800693288,2249.3381381319787,0.8697324191630676,115.62289748019805,780.7713873514745,77.23151211231189,63.555898846566905,28.90757567222075,2.2629003897921827,13.929944058927662,14.32218211449628,28.394490699693957,CRUISE,ABNORMAL_VIBRATION,True,0.65,1.0,OK,42,52.41,3600.0,0.062048,-4.958711,0.084269,-0.102194,4.828308,1.458025
2026-01-01T00:15:04Z,O320_CLASS-SIM-01,O320_CLASS,RAPID_RESPONSE,2906.0946802213316,-1.023448898887001,2250.1255070622974,0.8692395189450572,115.72762566241713,782.3242214933141,77.04197751233438,65.66577825054488,29.03638949072767,2.1937559005167673,13.946984998816658,14.07605772721608,28.27499201631431,CRUISE,ABNORMAL_VIBRATION,True,0.65,1.0,OK,42,52.4,3600.0,0.632756,-2.896942,-0.092776,0.043383,6.194914,1.389286
2026-01-01T00:15:05Z,O320_CLASS-SIM-01,O320_CLASS,RAPID_RESPONSE,2903.9860547735966,-0.9102766454115371,2247.9382754183994,0.8678214286639322,115.08545384160676,784.75446544346,77.53400018266197,64.2957150231119,28.958161301918842,2.034130699497969,13.929211786985329,14.45479454916573,28.352915772633086,CRUISE,ABNORMAL_VIBRATION,True,0.65,1.0,OK,42,52.41,3600.0,0.157589,-0.213783,0.422667,0.010395,5.093819,1.230603
2026-01-01T00:15:06Z,O320_CLASS-SIM-01,O320_CLASS,RAPID_RESPONSE,2906.431421138941,-0.7000736678405295,2253.4669355717097,0.8660726107494098,115.96742945033516,785.860219877243,76.92596047338405,65.04418129842624,28.899644462532873,2.4132621199921163,13.978770723857156,14.10546779082839,28.285099302606078,CRUISE,ABNORMAL_VIBRATION,True,0.65,1.0,OK,42,52.42,3600.0,1.109967,1.124125,-0.148888,0.006278,12.314553,1.610994
2026-01-01T00:15:07Z,O320_CLASS-SIM-01,O320_CLASS,RAPID_RESPONSE,2904.059036900436,-0.9400830054648572,2238.8855567785376,0.8666884035643768,116.11791691212355,788.4784868036985,77.09829688809342,64.53456272639704,29.006754390221577,2.2419247440186876,13.930842353118905,14.1578666902815,28.328173884430196,CRUISE,ABNORMAL_VIBRATION,True,0.65,1.0,OK,42,52.43,3600.0,1.502181,3.945536,0.042261,0.108968,-1.394369,1.439865
2026-01-01T00:15:08Z,O320_CLASS-SIM-01,O320_CLASS,RAPID_RESPONSE,2907.250586770022,-0.8933084870275219,2244.3674917693256,0.8662625133456014,115.97998184085495,785.2854249720515,78.12896894488836,64.466018648025,29.000219639520218,2.3958968615334655,13.969115807455294,14.303397546158834,28.224329456560127,CRUISE,ABNORMAL_VIBRATION,True,0.65,1.0,OK,42,52.44,3600.0,1.368076,0.831042,1.092197,0.117716,4.980982,1.594325
2026-01-01T00:15:09Z,O320_CLASS-SIM-01,O320_CLASS,RAPID_RESPONSE,2909.435256693671,-1.0702938093550578,2246.038629497936,0.8683386036430976,114.95036327636966,781.7074461891444,77.6437804790865,64.55093423854522,28.922333805298717,2.414185730411294,13.948154283446948,14.403226032116384,28.498308659190023,CRUISE,ABNORMAL_VIBRATION,True,0.65,1.0,OK,42,52.45,3600.0,0.184589,-3.007283,0.599431,-0.014195,6.300703,1.611783
2026-01-01T00:15:10Z,O320_CLASS-SIM-01,O320_CLASS,RAPID_RESPONSE,2908.1184589032687,-1.227643480723004,2248.121642505417,0.869058031733929,114.77857852603746,784.9849812529428,76.46116076802795,64.9239547817447,28.913910311865543,2.185681708818243,13.967951650355584,14.587352543541394,28.24888269475479,CRUISE,ABNORMAL_VIBRATION,True,0.65,1.0,OK,42,52.46,3600.0,0.06308,0.252463,-0.596829,-0.044139,7.751103,1.382792
2026-01-01T00:15:11Z,O320_CLASS-SIM-01,O320_CLASS,RAPID_RESPONSE,2909.8493387297262,-0.7578397368404497,2239.0606389928002,0.8670153056999991,113.43667964149023,785.9274451849979,76.80890454904554,65.72674948859772,28.94719530019641,2.046961236571919,13.97025783782163,14.146600653768918,28.372835640369562,CRUISE,ABNORMAL_VIBRATION,True,0.65,1.0,OK,42,52.48,3600.0,-1.474089,1.146798,-0.236396,0.041035,-0.72143,1.244952
2026-01-01T00:15:12Z,O320_CLASS-SIM-01,O320_CLASS,RAPID_RESPONSE,2909.4154919315956,-0.8840029018369933,2243.4007619541267,0.869616642624166,113.13338629701543,786.2180470278482,77.166435190855,65.4786279279378,29.010503661710814,2.286404503366245,13.994206164207972,14.244223824321939,28.408355185372915,CRUISE,ABNORMAL_VIBRATION,True,0.65,1.0,OK,42,52.5,3600.0,-2.036497,1.004955,0.102248,0.035506,2.742787,1.4832
2026-01-01T00:15:13Z,O320_CLASS-SIM-01,O320_CLASS,RAPID_RESPONSE,2907.734334055339,-0.8340432075683932,2239.358258643799,0.8724749973977773,117.58178632244496,787.4136905514176,77.71762559927754,63.52998453126415,28.90818588328584,2.151841346263897,13.964456636902243,14.267098809017194,28.12468981647974,CRUISE,ABNORMAL_VIBRATION,True,0.65,1.0,OK,42,52.49,3600.0,1.900213,1.461716,0.608608,-0.151647,-3.378808,1.346849
2026-01-01T00:15:14Z,O320_CLASS-SIM-01,O320_CLASS,RAPID_RESPONSE,2910.192996025094,-0.5818967200229146,2252.5552102752595,0.8713244856910121,115.42814044358907,783.1117439181395,77.1287625679574,66.4428726226465,28.960697032449513,2.1116155770148684,13.99642414850289,14.609341375194717,28.243553322988195,CRUISE,ABNORMAL_VIBRATION,True,0.65,1.0,OK,42,52.48,3600.0,-0.438364,-2.955104,0.000687,-0.082344,8.934337,1.306577
2026-01-01T00:15:15Z,O320_CLASS-SIM-01,O320_CLASS,RAPID_RESPONSE,2908.3379318103025,-0.9820318561312432,2242.801957111891,0.8713343574688871,114.18780969892403,787.9337919706294,77.13905628190562,66.61640200706819,28.9932796687485,2.301146294981046,13.980431811632007,14.230902536150525,28.101176121047583,CRUISE,ABNORMAL_VIBRATION,True,0.65,1.0,OK,42,52.45,3600.0,-1.284163,2.228082,-0.003521,-0.05447,-1.491504,1.495832
2026-01-01T00:15:16Z,O320_CLASS-SIM-01,O320_CLASS,RAPID_RESPONSE,2908.6339272333025,-0.9469096498259919,2229.4430369330385,0.8689544587209401,112.66795618883178,784.3308056133033,77.19447864263134,64.83009137219236,28.95582635617067,2.1473644621654358,13.939653768086398,14.317162492738344,28.378908552001164,CRUISE,ABNORMAL_VIBRATION,True,0.65,1.0,OK,42,52.44,3600.0,-2.489553,-0.904715,0.067061,-0.029649,-14.147346,1.343105
2026-01-01T00:15:17Z,O320_CLASS-SIM-01,O320_CLASS,RAPID_RESPONSE,2907.908884292407,-0.8700303051088201,2244.210333696591,0.868741654246912,118.04959056321368,784.8386596617119,76.98399103918216,64.41162610320208,28.92687459277637,2.2494474481798603,13.942573623865803,14.1717406275386,28.289187864309646,CRUISE,ABNORMAL_VIBRATION,True,0.65,1.0,OK,42,52.43,3600.0,2.886588,-0.383629,-0.130495,-0.047454,1.219675,1.445523
2026-01-01T00:15:18Z,O320_CLASS-SIM-01,O320_CLASS,RAPID_RESPONSE,2908.046394250037,-1.1745672617864698,2238.3523306576253,0.8707942896730436,115.37655547475424,789.0822468971999,77.39471177888568,65.16575862649549,29.068595748008295,2.2961131457174,13.965038635110625,14.310130894421857,28.601220620911892,CRUISE,ABNORMAL_VIBRATION,True,0.65,1.0,OK,42,52.43,3600.0,0.211295,3.727636,0.267597,0.040407,-5.223989,1.491284
2026-01-01T00:15:19Z,O320_CLASS-SIM-01,O320_CLASS,RAPID_RESPONSE,2909.7921327630484,-1.0108659447359036,2246.694392337959,0.86738864439905,115.77619103907826,786.2058043164681,77.01721273736605,65.19628225127514,28.899115562136146,2.1497087569492743,13.949248735667991,15.02783226384897,28.392754890440106,CRUISE,ABNORMAL_VIBRATION,True,0.65,1.0,OK,42,52.44,3600.0,0.940697,1.422846,-0.081878,-0.038517,4.417733,1.346501
2026-01-01T00:15:20Z,O320_CLASS-SIM-01,O320_CLASS,RAPID_RESPONSE,2909.158321978235,-1.1220891757518767,2252.3733773483386,0.8682946435556614,114.18224818641465,786.0023434415975,77.35150591268881,65.24784158312413,28.97353436041103,2.228141588545249,13.97007814208435,14.39563483976668,28.432842433904703,CRUISE,ABNORMAL_VIBRATION,True,0.65,1.0,OK,42,52.45,3600.0,-0.628043,1.196962,0.262658,0.01946,10.57172,1.424861
2026-01-01T00:15:21Z,O320_CLASS-SIM-01,O320_CLASS,RAPID_RESPONSE,2911.9591394444187,-0.9086012627596135,2235.3328426874064,0.8686796705620459,116.03225301956796,780.685669102152,76.37796210565413,65.47234640424259,29.047594779537896,2.168490335355976,13.966116140848266,14.210918933101086,28.329713667974218,CRUISE,ABNORMAL_VIBRATION,True,0.65,1.0,OK,42,52.44,3600.0,0.921254,-4.41144,-0.706619,0.083727,-6.270919,1.365144
2026-01-01T00:15:22Z,O320_CLASS-SIM-01,O320_CLASS,RAPID_RESPONSE,2911.040307095145,-1.1127136031346798,2232.946671150475,0.8683392965959564,114.94911061700985,782.3274949915215,77.40476668543273,64.40072302683349,28.949539576660175,2.147255363484823,13.959220447654003,14.519443886665501,28.228553340196818,CRUISE,ABNORMAL_VIBRATION,True,0.65,1.0,OK,42,52.45,3600.0,0.118104,-2.472203,0.32657,-0.002778,-8.360997,1.344155
2026-01-01T00:15:23Z,O320_CLASS-SIM-01,O320_CLASS,RAPID_RESPONSE,2908.7504809509655,-0.9669707800724353,2242.223444178526,0.8664338320271489,113.45410228505459,785.5885211352737,76.78444004834218,63.569808757531696,29.017939358678476,2.181147974797611,13.997567377568139,14.31646188746151,28.41250909199704,CRUISE,ABNORMAL_VIBRATION,True,0.65,1.0,OK,42,52.45,3600.0,-1.172822,1.105716,-0.269579,0.122773,2.037046,1.379159
2026-01-01T00:15:24Z,O320_CLASS-SIM-01,O320_CLASS,RAPID_RESPONSE,2910.7938614919663,-1.320496558904079,2232.584407807479,0.8686374699694515,115.55292667567224,780.6489857132349,77.06475627991134,63.831053214802225,28.980445158247747,2.2677728894606846,13.985363411344597,14.575319462611125,28.43687229516695,CRUISE,ABNORMAL_VIBRATION,True,0.65,1.0,OK,42,52.44,3600.0,0.938869,-3.93391,0.005281,0.029253,-7.855029,1.464957
2026-01-01T00:15:25Z,O320_CLASS-SIM-01,O320_CLASS,RAPID_RESPONSE,2912.666251759117,-0.9764931703303731,2264.2007852671045,0.8664247956694441,114.47778985646923,787.3669614819293,77.38593020082273,65.11582208094482,29.001521957654813,1.9122481550182617,14.01072265823076,14.25691056486124,28.554636490968733,CRUISE,ABNORMAL_VIBRATION,True,0.65,1.0,OK,42,52.44,3600.0,-0.166681,2.919852,0.346905,0.109375,24.709783,1.110522
2026-01-01T00:15:26Z,O320_CLASS-SIM-01,O320_CLASS,RAPID_RESPONSE,2908.5899217717597,-0.8871761001391952,2237.0449752850277,0.8699802191391415,115.48742633917443,786.0190789407472,76.6599097474433,64.67738197765482,28.957789565952126,2.31764343834827,13.992707941683914,14.344771893725822,28.17605507948714,CRUISE,ABNORMAL_VIBRATION,True,0.65,1.0,OK,42,52.45,3600.0,0.286559,0.746531,-0.403954,-0.024885,-3.59798,1.514339
2026-01-01T00:15:27Z,O320_CLASS-SIM-01,O320_CLASS,RAPID_RESPONSE,2912.066130119112,-0.5357195181195611,2254.658184975435,0.8628607246840084,115.17879851410832,787.4246528481563,77.00920038960021,64.35193097449456,28.95249162001957,2.2959125479174043,13.928560267319305,14.603594718902496,28.35881053887299,CRUISE,ABNORMAL_VIBRATION,True,0.65,1.0,OK,42,52.45,3600.0,0.661927,3.340065,0.004973,0.1594,16.780973,1.496015
2026-01-01T00:15:28Z,O320_CLASS-SIM-01,O320_CLASS,RAPID_RESPONSE,2910.766775758145,-0.7604480048907227,2229.066245260076,0.8676726485890656,114.41262151200513,790.4446036347084,76.80676768709637,62.99307799813076,28.935791006266804,2.163582392232185,13.986522237981067,14.87482715626662,28.57797269392271,CRUISE,ABNORMAL_VIBRATION,True,0.65,1.0,OK,42,52.42,3600.0,-0.521579,5.644517,-0.206533,0.026864,-9.231747,1.361999
2026-01-01T00:15:29Z,O320_CLASS-SIM-01,O320_CLASS,RAPID_RESPONSE,2912.7157463247354,-1.0645324259563202,2254.356663393241,0.8680194866559613,114.30468769477189,784.0324592039157,76.5785055269506,64.34208059313639,28.952268295620893,2.361850226697075,13.951342386866877,13.988097133479934,28.126100811398207,CRUISE,ABNORMAL_VIBRATION,True,0.65,1.0,OK,42,52.41,3600.0,-0.42654,-0.575878,-0.444335,0.029391,15.616212,1.559945
2026-01-01T00:15:30Z,O320_CLASS-SIM-01,O320_CLASS,RAPID_RESPONSE,2913.012767319697,-0.9216458045192965,2236.8670949942707,0.8677952458091746,115.55650541267866,788.5419044297898,76.76600784484064,64.78226545420898,29.010879201241316,2.1364332805463926,13.962501409122693,14.294732788327725,28.169700931606705,CRUISE,ABNORMAL_VIBRATION,True,0.65,1.0,OK,42,52.4,3600.0,0.696975,3.816477,-0.261193,0.091166,-2.075545,1.334508
2026-01-01T00:15:31Z,O320_CLASS-SIM-01,O320_CLASS,RAPID_RESPONSE,2913.2157111551114,-0.9295275574685955,2245.6794247222447,0.8663299307543822,115.09813019793066,788.5102692070549,77.90771049528298,65.7322931471985,28.903154093512114,2.176755098225118,13.948461311253777,14.374476616667208,28.250291298937753,CRUISE,ABNORMAL_VIBRATION,True,0.65,1.0,OK,42,52.39,3600.0,0.468896,4.114291,0.893139,0.023071,7.322465,1.375544
2026-01-01T00:15:32Z,O320_CLASS-SIM-01,O320_CLASS,RAPID_RESPONSE,2910.6573030647346,-0.9876564217838082,2246.9567276398075,0.8692532481881964,115.56554773701811,785.5872052737966,77.2371664645064,65.12884571369624,28.947315603932978,2.312497255354689,14.015238795995039,14.338279039043696,28.372236922977876,CRUISE,ABNORMAL_VIBRATION,True,0.65,1.0,OK,42,52.38,3600.0,0.590958,0.629571,0.199448,-0.009035,7.526291,1.509926
2026-01-01T00:15:33Z,O320_CLASS-SIM-01,O320_CLASS,RAPID_RESPONSE,2913.646390252903,-0.9703846904458463,2237.6302149985286,0.8690681506995246,114.47099655947893,784.6729377271726,76.75779453203708,64.78869235208104,28.989301448008266,2.1609053521102233,13.902675028191922,14.449634015338129,28.383608574393584,CRUISE,ABNORMAL_VIBRATION,True,0.65,1.0,OK,42,52.4,3600.0,-0.577965,-0.33396,-0.293521,0.028849,-2.430815,1.358087
2026-01-01T00:15:34Z,O320_CLASS-SIM-01,O320_CLASS,RAPID_RESPONSE,2912.2667665815934,-0.8234274530694954,2229.862819043816,0.8707151538549875,115.00485928216645,779.3549581130247,77.14397721766106,64.37437564362858,28.931291280459867,2.0825369813674097,13.959095244425763,14.180013840684065,28.086806066735413,CRUISE,ABNORMAL_VIBRATION,True,0.65,1.0,OK,42,52.41,3600.0,-0.455409,-6.200074,0.064729,-0.078542,-11.4936,1.278652
2026-01-01T00:15:35Z,O320_CLASS-SIM-01,O320_CLASS,RAPID_RESPONSE,2915.92926585118,-0.9777912145318373,2235.1318997636113,0.8663410362327929,115.99442205780316,781.7714367954147,77.12488529963505,64.2294569938712,28.931904825107452,2.2017073581380395,13.944287472332165,14.302784024623483,28.400335048164198,CRUISE,ABNORMAL_VIBRATION,True,0.65,1.0,OK,42,52.42,3600.0,1.279822,-2.722456,0.073703,0.033658,-4.922931,1.399728
2026-01-01T00:15:36Z,O320_CLASS-SIM-01,O320_CLASS,RAPID_RESPONSE,2913.10732556379,-0.9564973032227552,2248.0321758793066,0.8652461714575304,115.05786508686818,782.6309529374246,76.64886173420854,64.90223209065827,28.929955316619868,2.0358113786847305,14.00261088852946,14.529873255218542,28.074920937520176,CRUISE,ABNORMAL_VIBRATION,True,0.65,1.0,OK,42,52.44,3600.0,0.588308,-1.549989,-0.371409,0.073061,9.41094,1.234829
2026-01-01T00:15:37Z,O320_CLASS-SIM-01,O320_CLASS,RAPID_RESPONSE,2912.3386223582615,-0.8555581588789174,2238.5827116079254,0.8715461228336834,115.80083573894777,785.7469728594259,76.65983537851467,65.08362182866203,28.892471793066708,2.3080546794884267,13.975531888200733,14.092913216451475,28.485197067720012,CRUISE,ABNORMAL_VIBRATION,True,0.65,1.0,OK,42,52.46,3600.0,0.292999,0.111236,-0.405934,-0.131275,-2.148611,1.504177
2026-01-01T00:15:38Z,O320_CLASS-SIM-01,O320_CLASS,RAPID_RESPONSE,2918.177102148519,-0.9789388612677138,2245.202170930179,0.8676548598791365,115.15949885456097,781.2206190646604,77.06701373005788,64.72237819676653,29.045251999230903,2.1294881417505156,13.95442656482305,14.620420183218979,28.32795835742028,CRUISE,ABNORMAL_VIBRATION,True,0.65,1.0,OK,42,52.49,3600.0,0.225152,-3.550724,0.012281,0.112543,4.98268,1.326999
2026-01-01T00:15:39Z,O320_CLASS-SIM-01,O320_CLASS,RAPID_RESPONSE,2914.8223527798873,-1.0730047267481952,2233.2751868106757,0.8648403559603972,114.29786195616575,782.5057144079943,77.11308617716335,64.05442853871551,28.930364699554293,2.0883212820183683,13.961393451496937,14.165530366893984,28.204684802353157,CRUISE,ABNORMAL_VIBRATION,True,0.65,1.0,OK,42,52.53,3600.0,-0.023339,-1.484786,0.095226,0.082494,-5.234279,1.287497
2026-01-01T00:15:40Z,O320_CLASS-SIM-01,O320_CLASS,RAPID_RESPONSE,2915.472565009837,-0.7896129672957577,2241.7009251589047,0.8672459675891313,114.90098855434444,779.8429168670073,77.00875468014942,64.36132640075544,28.906713388158206,2.13797121557158,13.950516710592078,14.545045586342997,28.527490418177976,CRUISE,ABNORMAL_VIBRATION,True,0.65,1.0,OK,42,52.56,3600.0,-0.0328,-4.891082,-0.008085,0.00209,3.238781,1.336401
2026-01-01T00:15:41Z,O320_CLASS-SIM-01,O320_CLASS,RAPID_RESPONSE,2914.2162778661286,-1.029166632441535,2236.6696429737062,0.8700582444702537,115.21921601793022,785.1918703627142,77.27766598962128,64.20152599229324,29.020622910861984,2.289705126946104,13.937131711228378,14.238791076848877,28.548199249872876,CRUISE,ABNORMAL_VIBRATION,True,0.65,1.0,OK,42,52.6,3600.0,0.098626,0.066678,0.230986,0.038312,-3.176391,1.486661
2026-01-01T00:15:42Z,O320_CLASS-SIM-01,O320_CLASS,RAPID_RESPONSE,2915.2353026690403,-0.8107409333178777,2235.5447646288812,0.8668813710191438,115.83196888899725,782.7653613837996,77.390822236628,64.95700436885564,28.907791080340747,2.111243683952621,13.94633119517646,14.382715431531928,28.646308389329146,CRUISE,ABNORMAL_VIBRATION,True,0.65,1.0,OK,42,52.64,3600.0,0.931273,-1.934331,0.357051,0.004805,-3.702611,1.309451
2026-01-01T00:15:43Z,O320_CLASS-SIM-01,O320_CLASS,RAPID_RESPONSE,2915.581509233235,-0.874827738815403,2240.6802257429977,0.8684343587923697,114.83804962011342,782.7971464149272,77.19450733660871,64.44175704793717,28.905272986631275,2.3395431083957634,13.965750052156656,14.237716741703116,28.5638758019052,CRUISE,ABNORMAL_VIBRATION,True,0.65,1.0,OK,42,52.69,3600.0,-0.228856,-2.162116,0.153524,-0.03763,1.098381,1.537112
2026-01-01T00:15:44Z,O320_CLASS-SIM-01,O320_CLASS,RAPID_RESPONSE,2913.647994098817,-0.7656906360543924,2233.380367954704,0.8687828534386194,114.32646295594796,782.6235848411576,77.58465121563667,66.1547706076454,28.93849394087415,2.300673897885593,13.964474840911027,14.726638413157922,28.04562340544584,CRUISE,ABNORMAL_VIBRATION,True,0.65,1.0,OK,42,52.7,3600.0,-0.887438,-2.531108,0.534041,-0.014944,-6.64794,1.49796
2026-01-01T00:15:45Z,O320_CLASS-SIM-01,O320_CLASS,RAPID_RESPONSE,2917.232351828572,-1.0674022804549221,2221.5113316136567,0.8676122731384748,117.24564163308048,783.2813620438613,77.37404808424908,65.62578204485708,28.947962634698793,2.1248853682574653,13.9112615063537,14.11424099491242,28.498375784847063,CRUISE,ABNORMAL_VIBRATION,True,0.65,1.0,OK,42,52.69,3600.0,2.447426,-1.349041,0.330343,0.021773,-18.196722,1.322641
2026-01-01T00:15:46Z,O320_CLASS-SIM-01,O320_CLASS,RAPID_RESPONSE,2917.022235576773,-0.9049516938363564,2241.3614779599834,0.8726908861954711,114.50720283684893,788.9254078709934,77.1097884748995,66.01925042796893,28.88639084062464,2.2858547292760667,13.950925180524216,14.327420335657635,28.545409754994157,CRUISE,ABNORMAL_VIBRATION,True,0.65,1.0,OK,42,52.67,3600.0,-1.247645,2.993293,0.016593,-0.180229,-0.64177,1.481013
2026-01-01T00:15:47Z,O320_CLASS-SIM-01,O320_CLASS,RAPID_RESPONSE,2917.763981603804,-0.7787150832684446,2234.8716234128474,0.8666347543653758,115.03899619951876,784.8056502273073,76.98068877089959,63.89403285648631,29.006614613672806,2.205379247127524,14.005503468503488,14.295008418087928,28.459046335375895,CRUISE,ABNORMAL_VIBRATION,True,0.65,1.0,OK,42,52.67,3600.0,0.02598,0.001046,-0.083017,0.09451,-5.763988,1.403036
2026-01-01T00:15:48Z,O320_CLASS-SIM-01,O320_CLASS,RAPID_RESPONSE,2918.296881924763,-1.0871332745446898,2243.10819166737,0.8721106341429025,115.31744822014372,787.1458705980341,77.33098661669675,64.90362498005406,28.955048277994152,2.1709093246006956,13.985604942329754,13.953051921716764,28.398606115040575,CRUISE,ABNORMAL_VIBRATION,True,0.65,1.0,OK,42,52.67,3600.0,-0.217343,1.471406,0.23007,-0.102336,0.74682,1.366082
2026-01-01T00:15:49Z,O320_CLASS-SIM-01,O320_CLASS,RAPID_RESPONSE,2917.4487509037467,-1.0239406667593947,2250.475460762447,0.8667612207313855,113.33763397591004,786.8723675545426,76.48416572468628,63.11267783495504,28.990180053370317,2.3046656218479935,13.976873396158114,14.179756435576644,28.153578453619748,CRUISE,ABNORMAL_VIBRATION,True,0.65,1.0,OK,42,52.65,3600.0,-1.458725,2.266903,-0.586568,0.072411,9.513899,1.502145
2026-01-01T00:15:50Z,O320_CLASS-SIM-01,O320_CLASS,RAPID_RESPONSE,2916.2107371689917,-1.007759551845911,2229.865701601463,0.8688151640151495,114.45225058168798,785.336065517528,77.11302793506299,64.96151901244193,28.968783140833537,2.1768519273003317,13.968196227040803,14.348635788766595,27.996634524444648,CRUISE,ABNORMAL_VIBRATION,True,0.65,1.0,OK,42,52.65,3600.0,-0.616086,0.328022,0.041582,0.003446,-11.128896,1.373681
2026-01-01T00:15:51Z,O320_CLASS-SIM-01,O320_CLASS,RAPID_RESPONSE,2919.2237568727573,-0.9461594642177539,2244.494495420632,0.8656009159837086,114.62411548336905,782.1350503318321,77.347454678738,63.525033234448465,28.896418639806743,2.1832556466561757,13.943781255081376,14.056806553950846,28.496704688449697,CRUISE,ABNORMAL_VIBRATION,True,0.65,1.0,OK,42,52.64,3600.0,-0.041994,-2.221293,0.311007,0.018854,5.123027,1.381771
2026-01-01T00:15:52Z,O320_CLASS-SIM-01,O320_CLASS,RAPID_RESPONSE,2919.9400861534064,-0.8620596914892219,2246.708963223333,0.867684989590272,114.75337483742115,783.2340695171379,77.11535126783481,64.22385493306408,28.920240451875962,2.361158211510417,13.998184010726186,14.387739777297327,28.629572862777422,CRUISE,ABNORMAL_VIBRATION,True,0.65,1.0,OK,42,52.64,3600.0,-0.279415,-1.59851,0.082047,-0.005702,7.483245,1.559071
2026-01-01T00:15:53Z,O320_CLASS-SIM-01,O320_CLASS,RAPID_RESPONSE,2917.7247954250197,-1.2477861429713335,2245.5734915808707,0.8665780260163997,114.66629875746139,780.4201803444905,76.68722100231999,63.44143881610334,28.919221001106582,2.141560728513442,13.965331988321417,14.597375984494004,28.461690137460334,CRUISE,ABNORMAL_VIBRATION,True,0.65,1.0,OK,42,52.63,3600.0,0.235338,-3.754434,-0.33277,0.026955,6.965216,1.340114
2026-01-01T00:15:54Z,O320_CLASS-SIM-01,O320_CLASS,RAPID_RESPONSE,2916.6143645933034,-0.8826072084675963,2240.6876899752115,0.867899585231166,114.96333297945843,785.346451762426,76.76879591337641,64.49438724540948,28.999175541413464,2.084232001040643,13.931721879607073,14.271288970204447,28.190297949708974,CRUISE,ABNORMAL_VIBRATION,True,0.65,1.0,OK,42,52.65,3600.0,-0.00291,0.544972,-0.256164,0.074709,1.848975,1.282281
2026-01-01T00:15:55Z,O320_CLASS-SIM-01,O320_CLASS,RAPID_RESPONSE,2916.7279946299877,-1.0271991770903237,2251.3198127028627,0.8679915748770293,115.20070782369567,779.5000990353464,77.21944638329457,64.71200783015993,28.90577528359433,2.3248820289533922,13.967707510627553,14.02111442294199,28.40938970349822,CRUISE,ABNORMAL_VIBRATION,True,0.65,1.0,OK,42,52.65,3600.0,0.35406,-5.190652,0.189965,-0.022871,12.271407,1.52281
2026-01-01T00:15:56Z,O320_CLASS-SIM-01,O320_CLASS,RAPID_RESPONSE,2921.37242271051,-1.011439898569702,2232.727270536638,0.8676871679027246,116.0077939665924,781.7500722370917,77.27426507438034,64.09195081159903,28.950166637679022,2.097639481880676,13.945578696983985,14.66603076603825,28.147977387921962,CRUISE,ABNORMAL_VIBRATION,True,0.65,1.0,OK,42,52.65,3600.0,1.113792,-2.924486,0.246472,0.025213,-6.242847,1.295647
2026-01-01T00:15:57Z,O320_CLASS-SIM-01,O320_CLASS,RAPID_RESPONSE,2920.5693191075884,-0.7192695923300615,2245.0893873967775,0.8653536789777947,113.44020427115552,782.927205464427,77.1046505480344,64.81216379861037,28.87352113334525,2.0947607858142057,13.938230074853765,14.239341000986805,28.656773432878232,CRUISE,ABNORMAL_VIBRATION,True,0.65,1.0,OK,42,52.66,3600.0,-1.359073,-1.49975,0.102767,0.015151,7.320882,1.294034
2026-01-01T00:15:58Z,O320_CLASS-SIM-01,O320_CLASS,RAPID_RESPONSE,2918.706039507385,-1.1272315056581956,2230.4772787517463,0.8692605071319024,114.92433364274738,782.5561022724243,76.89501479048552,63.995248695117034,28.95094302140652,2.563291811091922,13.979085825763775,14.260551274361328,28.2590515347057,CRUISE,ABNORMAL_VIBRATION,True,0.65,1.0,OK,42,52.67,3600.0,-0.015219,-2.277645,-0.130722,-0.007767,-8.397467,1.760873
2026-01-01T00:15:59Z,O320_CLASS-SIM-01,O320_CLASS,RAPID_RESPONSE,2918.355270247543,-0.8723539476969523,2244.914424966736,0.8670307609695813,116.42578694160366,784.8398358929666,77.34868298673511,64.86246185767402,28.926334178476786,2.0378688832800593,13.958179140255075,14.493581804569702,28.282306340349923,CRUISE,ABNORMAL_VIBRATION,True,0.65,1.0,OK,42,52.69,3600.0,1.550603,0.201875,0.329521,0.023198,6.344602,1.23629
2026-01-01T00:16:00Z,O320_CLASS-SIM-01,O320_CLASS,RAPID_RESPONSE,2921.294532728325,-1.1465373664305811,2245.6572499547287,0.8685623906094878,113.52309578234636,784.2174323059539,77.4100007528937,63.61532557130974,28.880685994499974,2.2027281533559453,14.026530504674959,14.114195384627697,28.432546462140134,CRUISE,ABNORMAL_VIBRATION,True,0.65,1.0,OK,42,52.69,3600.0,-1.356172,-0.495382,0.380238,-0.065633,6.595804,1.400421
2026-01-01T00:16:01Z,O320_CLASS-SIM-01,O320_CLASS,RAPID_RESPONSE,2921.289674010873,-1.0742745458863923,2240.643043104782,0.8670143835858629,114.53210540286568,780.614689092929,77.02629561981745,65.33887378453535,28.936147347967864,2.3942802046074094,13.979925751179469,14.26672538142894,28.26379529008018,CRUISE,ABNORMAL_VIBRATION,True,0.65,1.0,OK,42,52.69,3600.0,-0.19111,-3.84409,0.005474,0.030053,1.996222,1.592641
2026-01-01T00:16:02Z,O320_CLASS-SIM-01,O320_CLASS,RAPID_RESPONSE,2920.434625590979,-1.2081427086567056,2237.154539493435,0.8681755954007262,117.01581885359657,786.0790700592629,76.68877427431396,63.4651517618475,28.921991026503566,2.195499626171591,13.955882783042485,14.416377588217726,28.33054407223358,CRUISE,ABNORMAL_VIBRATION,True,0.65,1.0,OK,42,52.69,3600.0,2.270288,1.516689,-0.338354,-0.013333,-1.784742,1.393377
2026-01-01T00:16:03Z,O320_CLASS-SIM-01,O320_CLASS,RAPID_RESPONSE,2922.504072080645,-1.2288744176915631,2252.061823197976,0.8656321759606954,115.90563464432076,784.0682098316978,76.98703048683439,64.4208122881319,28.944141450588695,2.283845116843974,13.99423746414328,14.632139635649999,28.40721489398933,CRUISE,ABNORMAL_VIBRATION,True,0.65,1.0,OK,42,52.68,3600.0,1.542768,0.07826,-0.016657,0.07672,14.20967,1.482974
2026-01-01T00:16:04Z,O320_CLASS-SIM-01,O320_CLASS,RAPID_RESPONSE,2924.263633051874,-0.9770594095819187,2247.785086056248,0.8686881271765001,114.28995253051679,785.1921559377259,77.23327620660287,64.58498276605158,28.951046656545902,2.3505873610692865,13.961770770477042,13.543451402442432,28.608910962809357,CRUISE,ABNORMAL_VIBRATION,True,0.65,1.0,OK,42,52.68,3600.0,-0.798297,0.302762,0.214387,0.003695,9.227888,1.548427
2026-01-01T00:16:05Z,O320_CLASS-SIM-01,O320_CLASS,RAPID_RESPONSE,2921.5112848123417,-1.1162169008497116,2230.109879013217,0.8671313409995655,114.26954285740283,782.8869477915725,76.75780278428478,65.03158301630735,29.030964630843826,2.1913450267217245,13.99613525653094,14.184341750440419,28.372599028791463,CRUISE,ABNORMAL_VIBRATION,True,0.65,1.0,OK,42,52.68,3600.0,-0.415018,-1.530913,-0.256363,0.124732,-8.228237,1.389801
2026-01-01T00:16:06Z,O320_CLASS-SIM-01,O320_CLASS,RAPID_RESPONSE,2922.8619458285675,-1.093378128490859,2235.634120333023,0.8694868816944439,116.24903365503202,784.8883981906828,76.55123628453903,64.36836268399134,28.856422549053917,2.27362465483126,13.970104750880873,14.210287625806938,28.39288469695079,CRUISE,ABNORMAL_VIBRATION,True,0.65,1.0,OK,42,52.69,3600.0,1.153506,-0.084636,-0.484258,-0.115505,-3.693159,1.470894
2026-01-01T00:16:07Z,O320_CLASS-SIM-01,O320_CLASS,RAPID_RESPONSE,2923.1121243453986,-0.9576347147279516,2229.3649193767437,0.8672447941002973,115.42833594393169,788.6570531768729,76.91917474938676,65.04255597205002,28.971439367198982,2.2199433173002387,13.996880236824813,14.57777969576219,28.563414519097712,CRUISE,ABNORMAL_VIBRATION,True,0.65,1.0,OK,42,52.69,3600.0,0.513537,4.004755,-0.107581,0.055771,-9.557098,1.418093
2026-01-01T00:16:08Z,O320_CLASS-SIM-01,O320_CLASS,RAPID_RESPONSE,2923.438971004801,-0.6438630104349663,2233.9920989293996,0.8719730228972256,115.85432570467337,788.0516434789914,76.89857586830034,65.2745111428087,28.997923164447812,2.0104275592868985,13.957513563106223,13.74119410675714,28.329335663617076,CRUISE,ABNORMAL_VIBRATION,True,0.65,1.0,OK,42,52.69,3600.0,-0.118078,2.027915,-0.172391,-0.048146,-6.98028,1.206191
2026-01-01T00:16:09Z,O320_CLASS-SIM-01,O320_CLASS,RAPID_RESPONSE,2921.7918607256825,-1.0322683277981834,2262.240714107404,0.8711340197120071,113.20087114968334,786.0804224643441,77.34480935357779,64.32566130744023,28.934532539922685,2.3144719175044104,13.922000357838343,14.01794601527484,28.381658924827107,CRUISE,ABNORMAL_VIBRATION,True,0.65,1.0,OK,42,52.68,3600.0,-2.300244,0.536059,0.250394,-0.100236,20.180859,1.510046
2026-01-01T00:16:10Z,O320_CLASS-SIM-01,O320_CLASS,RAPID_RESPONSE,2923.429527072396,-1.1076071586353402,2232.4337628414105,0.8674923991726153,115.98743113991361,784.4902640130039,77.67297522764694,64.0363701626601,28.934315372176197,2.1742502375109067,13.980022875183115,14.079652492291055,28.64465289283701,CRUISE,ABNORMAL_VIBRATION,True,0.65,1.0,OK,42,52.66,3600.0,1.076362,-0.215803,0.60126,-0.006486,-8.573316,1.371415
2026-01-01T00:16:11Z,O320_CLASS-SIM-01,O320_CLASS,RAPID_RESPONSE,2921.0090549403594,-0.7457202920902894,2239.4458857253735,0.8687503518089965,116.52132160982129,786.8160340744166,76.73051814491487,65.07014589660649,29.017076321912555,2.0434843081050413,14.02592225019607,14.370746227458591,28.290287882387275,CRUISE,ABNORMAL_VIBRATION,True,0.65,1.0,OK,42,52.66,3600.0,1.124788,1.53119,-0.339199,0.049666,-1.468523,1.240318
2026-01-01T00:16:12Z,O320_CLASS-SIM-01,O320_CLASS,RAPID_RESPONSE,2922.4695897326114,-1.0382549659231441,2223.020958634753,0.8667885586809301,114.60022069042837,781.9762482759566,77.32031301063326,64.41210890139112,28.890955656066332,2.269634240618587,13.973007967432247,14.291897085769003,28.24985460915983,CRUISE,ABNORMAL_VIBRATION,True,0.65,1.0,OK,42,52.65,3600.0,-0.210397,-2.57242,0.273569,-0.021842,-16.828048,1.467533
2026-01-01T00:16:13Z,O320_CLASS-SIM-01,O320_CLASS,RAPID_RESPONSE,2924.2625542851347,-1.0140828751164181,2229.4846801074573,0.867015583205578,115.60678089167006,786.0830302768214,76.92783526034886,65.12558787429758,28.872790387303045,2.0860783862652514,13.954802443009473,14.647254528425119,28.379217446311515,CRUISE,ABNORMAL_VIBRATION,True,0.65,1.0,OK,42,52.65,3600.0,0.747612,1.505107,-0.10415,-0.040729,-9.679853,1.284183
2026-01-01T00:16:14Z,O320_CLASS-SIM-01,O320_CLASS,RAPID_RESPONSE,2923.925575624126,-0.7765803580200591,2236.242096318833,0.8720356040407096,114.29387673009488,782.1137651984011,76.95192229200669,64.38194996426527,28.880444961029202,2.4039724547391836,13.971884237920932,14.388196633136168,28.285176647978137,CRUISE,ABNORMAL_VIBRATION,True,0.65,1.0,OK,42,52.65,3600.0,-1.572501,-3.807263,-0.123302,-0.16935,-4.927748,1.599626
2026-01-01T00:16:15Z,O320_CLASS-SIM-01,O320_CLASS,RAPID_RESPONSE,2923.736670526057,-0.8560868815629776,2225.068080826003,0.8652539535941017,114.60648771014924,788.0111078461717,76.86730640939462,64.91118638084022,28.921260210349775,2.431786432560375,13.914769099621846,14.455396320026338,28.32435254006513,CRUISE,ABNORMAL_VIBRATION,True,0.65,1.0,OK,42,52.64,3600.0,-0.17102,3.608967,-0.166515,0.048916,-14.181619,1.630416
2026-01-01T00:16:16Z,O320_CLASS-SIM-01,O320_CLASS,RAPID_RESPONSE,2926.255051158604,-1.13453252755526,2238.607172070296,0.8673082140914021,113.69617671689521,781.4228597763827,76.78359479846917,64.6792578279227,28.881071000538324,2.1188183838108623,13.905722219118152,14.178014352413099,28.50745422375799,CRUISE,ABNORMAL_VIBRATION,True,0.65,1.0,OK,42,52.64,3600.0,-1.097842,-3.080558,-0.241497,-0.038217,-0.237684,1.316948
2026-01-01T00:16:17Z,O320_CLASS-SIM-01,O320_CLASS,RAPID_RESPONSE,2926.19004562123,-1.0263980789138574,2240.2984631145573,0.8658302516955843,116.84426699519268,789.7837014678078,77.08033496812509,66.64490941090158,28.883950347389614,2.0563970215926624,13.940992777017213,14.215075613763274,28.700455062442153,CRUISE,ABNORMAL_VIBRATION,True,0.65,1.0,OK,42,52.61,3600.0,2.193671,5.530496,0.077326,0.008842,2.477756,1.255437
2026-01-01T00:16:18Z,O320_CLASS-SIM-01,O320_CLASS,RAPID_RESPONSE,2924.9750867057164,-1.1440277369999692,2231.098785539217,0.869740361684404,116.08754389313798,783.3910027945205,76.26273807003561,63.66653375123044,29.003064530893965,2.367731704869475,13.96423068109711,14.736427854875942,28.647122879440555,CRUISE,ABNORMAL_VIBRATION,True,0.65,1.0,OK,42,52.58,3600.0,0.988628,-1.573431,-0.76667,0.025841,-7.946222,1.56502
2026-01-01T00:16:19Z,O320_CLASS-SIM-01,O320_CLASS,RAPID_RESPONSE,2925.6074662584338,-1.019434705878689,2233.5672993586395,0.8668646558588922,113.10303297129103,780.8691355449356,76.32263439752263,65.43392606509869,28.837975119765925,2.3186292371389827,13.940340853587642,14.70282845389672,28.29834465160568,CRUISE,ABNORMAL_VIBRATION,True,0.65,1.0,OK,42,52.53,3600.0,-1.7177,-3.633841,-0.694766,-0.067035,-4.920839,1.51706
2026-01-01T00:16:20Z,O320_CLASS-SIM-01,O320_CLASS,RAPID_RESPONSE,2923.5766457695454,-0.8259516838086987,2249.3758155345745,0.8655953054068733,114.4844812965772,782.3210150350945,76.96213352391445,64.64976767770082,28.89751898868846,2.031096308558266,13.944811161667117,14.443642117757838,28.321496741922225,CRUISE,ABNORMAL_VIBRATION,True,0.65,1.0,OK,42,52.5,3600.0,-0.275306,-2.045518,-0.033767,0.033288,11.884776,1.230381
2026-01-01T00:16:21Z,O320_CLASS-SIM-01,O320_CLASS,RAPID_RESPONSE,2925.6993152491336,-1.1598545769927102,2233.2176985561377,0.8701988485941163,113.51057230973244,786.3779661754215,77.02781257466471,64.75640081805,28.877513257166452,2.2524994457259266,13.962051286813775,14.136867169439183,28.402275364952555,CRUISE,ABNORMAL_VIBRATION,True,0.65,1.0,OK,42,52.49,3600.0,-1.644596,1.338425,-0.001122,-0.110958,-5.805376,1.449645
2026-01-01T00:16:22Z,O320_CLASS-SIM-01,O320_CLASS,RAPID_RESPONSE,2927.141184979211,-0.6960516784146841,2240.2608500390297,0.8635300120434597,116.26976884345926,784.056635552941,77.8124069440763,65.73433980498156,28.887910650444983,2.185174488601597,13.944389589188527,14.266978134969799,28.453687153294855,CRUISE,ABNORMAL_VIBRATION,True,0.65,1.0,OK,42,52.47,3600.0,1.633674,-0.018487,0.831598,0.075429,3.469714,1.385376
2026-01-01T00:16:23Z,O320_CLASS-SIM-01,O320_CLASS,RAPID_RESPONSE,2928.3890770286466,-0.8893963743443127,2238.5724684520137,0.8722948901282047,114.43196231433404,780.5387144672177,76.44040342140782,65.73385441011929,28.908384340892187,2.2532435967341966,13.945917878928167,14.15240136036704,28.233953939553196,CRUISE,ABNORMAL_VIBRATION,True,0.65,1.0,OK,42,52.44,3600.0,-1.34389,-5.226773,-0.599124,-0.136381,-0.941869,1.449486
2026-01-01T00:16:24Z,O320_CLASS-SIM-01,O320_CLASS,RAPID_RESPONSE,2927.690853204122,-1.0400038130273868,2241.389817309851,0.8679804640722223,114.35477310467584,780.9002935387557,76.38660966967284,66.97301751004122,28.985168645200407,2.39514936422551,13.941940743124126,14.26722599950798,28.22944279315097,CRUISE,ABNORMAL_VIBRATION,True,0.65,1.0,OK,42,52.39,3600.0,-0.673171,-3.872956,-0.649267,0.044194,2.044809,1.592835
2026-01-01T00:16:25Z,O320_CLASS-SIM-01,O320_CLASS,RAPID_RESPONSE,2925.2805541059283,-1.115432430172757,2248.4564781836707,0.8689566230089802,113.69761069311157,783.7504841982783,77.30322517341843,64.09196715881866,28.914282290156482,2.1490546371628043,13.97389221619978,14.327656542913362,28.253421535012848,CRUISE,ABNORMAL_VIBRATION,True,0.65,1.0,OK,42,52.35,3600.0,-1.366659,-1.147092,0.258654,-0.05119,8.70823,1.346283
2026-01-01T00:16:26Z,O320_CLASS-SIM-01,O320_CLASS,RAPID_RESPONSE,2926.686765631949,-1.1988834565640722,2225.293531215089,0.8670191797652969,115.83702046973838,781.0772227260596,77.11141162685419,65.17349731157819,28.817509313250454,2.238424156185812,14.011535958271809,14.40137709440053,28.070636443551482,CRUISE,ABNORMAL_VIBRATION,True,0.65,1.0,OK,42,52.31,3600.0,1.128115,-3.325012,0.08183,-0.097261,-13.759537,1.43655
2026-01-01T00:16:27Z,O320_CLASS-SIM-01,O320_CLASS,RAPID_RESPONSE,2928.765286971395,-1.1427160746898044,2243.25190618875,0.8658420586890206,114.78971056326706,783.1744763439236,77.00213187084931,64.08901629526517,28.89721213223169,2.1231964419061105,13.976854793036955,14.30648483013795,28.10845410038452,CRUISE,ABNORMAL_VIBRATION,True,0.65,1.0,OK,42,52.31,3600.0,0.205795,-0.990655,-0.003305,0.018486,5.3186,1.322157
2026-01-01T00:16:28Z,O320_CLASS-SIM-01,O320_CLASS,RAPID_RESPONSE,2929.531703032631,-1.058718326223306,2238.9527780007893,0.8687248905398256,115.24308067887223,787.4217458814841,76.88219705340914,65.36743206451766,28.913578336659057,2.16387056805664,13.974229233577814,14.572117831364107,28.45887469888197,CRUISE,ABNORMAL_VIBRATION,True,0.65,1.0,OK,42,52.31,3600.0,0.145484,2.57159,-0.136435,-0.039281,0.407516,1.361648
2026-01-01T00:16:29Z,O320_CLASS-SIM-01,O320_CLASS,RAPID_RESPONSE,2927.6424600864134,-1.1301847655946853,2237.1978750309945,0.8656491092871537,113.58239976507741,779.1790116982024,76.37845666768443,66.12526179318678,28.873650173588015,2.4710726284277342,13.974200349950744,14.248767500729997,28.125300997431335,CRUISE,ABNORMAL_VIBRATION,True,0.65,1.0,OK,42,52.3,3600.0,-0.946965,-4.921425,-0.617437,0.004503,-0.292848,1.670297
2026-01-01T00:16:30Z,O320_CLASS-SIM-01,O320_CLASS,RAPID_RESPONSE,2928.5784319147924,-0.7518867206690503,2249.994232842662,0.8676913344482523,113.46246871336092,782.0966345605558,76.65577156997001,65.55650882256873,28.987104307017447,2.2261384377216653,13.95299865267543,14.64765642044769,28.203334661689624,CRUISE,ABNORMAL_VIBRATION,True,0.65,1.0,OK,42,52.27,3600.0,-1.745817,-2.796025,-0.345272,0.066881,12.264672,1.424605
2026-01-01T00:16:31Z,O320_CLASS-SIM-01,O320_CLASS,RAPID_RESPONSE,2928.9137138273795,-0.9679889625019417,2230.5679660097794,0.8658445736736194,113.98022593034774,788.0217702819962,77.76120178264662,64.62286710886829,28.891150473844228,2.0698344715800197,13.96212880927252,14.122195182606378,28.33529509008923,CRUISE,ABNORMAL_VIBRATION,True,0.65,1.0,OK,42,52.25,3600.0,-0.731846,3.750894,0.776339,0.02092,-6.411175,1.269205
2026-01-01T00:16:32Z,O320_CLASS-SIM-01,O320_CLASS,RAPID_RESPONSE,2929.720378335035,-1.099950380571993,2235.890899640793,0.8667190381198026,114.45147510377461,783.3667388339491,77.29898010548025,63.11149249311777,28.982318532972812,2.312840185070007,13.980362301579326,14.44029192447421,28.243369691819275,CRUISE,ABNORMAL_VIBRATION,True,0.65,1.0,OK,42,52.24,3600.0,-0.25251,-0.935745,0.316699,0.091882,-0.968497,1.511979
2026-01-01T00:16:33Z,O320_CLASS-SIM-01,O320_CLASS,RAPID_RESPONSE,2927.9935415308105,-1.1957134085710885,2235.368294475411,0.8684619014465942,114.12787692240012,785.9805931775162,76.04557959722702,64.216675813958,28.961004564071867,2.1601116775780005,13.93717281994829,14.094083565410873,27.89510412650307,CRUISE,ABNORMAL_VIBRATION,True,0.65,1.0,OK,42,52.24,3600.0,-0.726713,1.393291,-0.954123,0.023742,-2.299069,1.358369
2026-01-01T00:16:34Z,O320_CLASS-SIM-01,O320_CLASS,RAPID_RESPONSE,2928.1119266740116,-0.8840063867157036,2232.621252448987,0.8661079483130346,112.0260567825858,780.3740753109876,77.46741440466077,65.0160131269261,28.836818918630193,2.088179081208388,13.961157313779673,13.958534364199812,28.048414879333695,CRUISE,ABNORMAL_VIBRATION,True,0.65,1.0,OK,42,52.23,3600.0,-2.797175,-4.032889,0.480408,-0.039792,-4.457294,1.287433
2026-01-01T00:16:35Z,O320_CLASS-SIM-01,O320_CLASS,RAPID_RESPONSE,2929.655364313021,-0.9584208849861849,2241.9541703098616,0.8687610567816663,112.9558026744021,784.5863304511527,76.88266086396132,64.44944962847707,28.890144981873814,2.24000475558554,13.871484125782334,14.547295512709416,28.398263943337316,CRUISE,ABNORMAL_VIBRATION,True,0.65,1.0,OK,42,52.23,3600.0,-2.217851,-0.327444,-0.123043,-0.0582,4.008463,1.438029
2026-01-01T00:16:36Z,O320_CLASS-SIM-01,O320_CLASS,RAPID_RESPONSE,2927.932295477425,-0.9750619980828308,2233.5781117615884,0.8661461823512915,113.89381377540275,785.7743079071513,76.66875868546052,63.63880677009964,28.956364516281834,2.1319245256138712,13.957578603351006,14.429226281996275,28.248356375802228,CRUISE,ABNORMAL_VIBRATION,True,0.65,1.0,OK,42,52.23,3600.0,-0.852027,1.435902,-0.323043,0.076989,-3.722835,1.331072
2026-01-01T00:16:37Z,O320_CLASS-SIM-01,O320_CLASS,RAPID_RESPONSE,2929.7210506643105,-1.0018940322928989,2224.7627691611465,0.8673998700512083,113.90489738196568,786.561069421713,77.20600017720217,64.84496157426872,28.818472574362616,2.1663622164086425,13.926670554183103,14.24616630457439,28.000931397566468,CRUISE,ABNORMAL_VIBRATION,True,0.65,1.0,OK,42,52.24,3600.0,-1.017637,1.988442,0.211436,-0.093179,-12.666277,1.365039
2026-01-01T00:16:38Z,O320_CLASS-SIM-01,O320_CLASS,RAPID_RESPONSE,2928.376582285268,-0.871115858144869,2239.9834564498087,0.8662235852362575,113.7170989086949,781.7021595277816,77.06604390887328,64.23546543835066,28.97519611583798,2.2812309305824465,13.963735522010412,13.90752847572611,28.293847439251707,CRUISE,ABNORMAL_VIBRATION,True,0.65,1.0,OK,42,52.25,3600.0,-1.132677,-2.732814,0.081596,0.096707,3.023532,1.480496
2026-01-01T00:16:39Z,O320_CLASS-SIM-01,O320_CLASS,RAPID_RESPONSE,2931.2178680599827,-1.1071083328724518,2233.0832451316705,0.8675585811559925,116.62121852386672,784.7656242948135,77.44230290858245,65.00470161299464,28.951124694130396,2.0682385714134224,13.955751438943862,14.203233046498434,28.429622888198697,CRUISE,ABNORMAL_VIBRATION,True,0.65,1.0,OK,42,52.27,3600.0,1.768028,0.271828,0.451877,0.036142,-4.153909,1.266933
2026-01-01T00:16:40Z,O320_CLASS-SIM-01,O320_CLASS,RAPID_RESPONSE,2932.405550450249,-1.0341516242432702,2243.9191696753533,0.8657516439243441,115.861723266687,786.9331311879242,77.25427374989732,64.61180399033884,28.931616479585436,2.119405825006611,13.967895488577287,14.328326188872461,28.14798293868457,CRUISE,ABNORMAL_VIBRATION,True,0.65,1.0,OK,42,52.3,3600.0,1.194713,2.756121,0.279312,0.064618,7.399213,1.318968
2026-01-01T00:16:41Z,O320_CLASS-SIM-01,O320_CLASS,RAPID_RESPONSE,2932.1933578608905,-1.2419524384818992,2233.4194156266913,0.8669313737704045,113.91822608600134,784.5903995585473,77.0085448520144,63.84537133226022,28.923392342318014,2.210826760999389,14.030569209044366,14.225101028335612,28.171445157609234,CRUISE,ABNORMAL_VIBRATION,True,0.65,1.0,OK,42,52.33,3600.0,-0.698927,0.39214,0.032015,0.028168,-3.173268,1.409987
2026-01-01T00:16:42Z,O320_CLASS-SIM-01,O320_CLASS,RAPID_RESPONSE,2930.269519096711,-0.8842121366444619,2233.506795063343,0.8640978692097369,115.815404515604,783.3354867882102,77.24193673257751,65.24701797208478,28.907760121572437,2.346298364860118,13.910173060472925,14.047255413876478,28.308475775624757,CRUISE,ABNORMAL_VIBRATION,True,0.65,1.0,OK,42,52.36,3600.0,1.318911,-0.569164,0.29391,0.092934,-1.764032,1.546945
2026-01-01T00:16:43Z,O320_CLASS-SIM-01,O320_CLASS,RAPID_RESPONSE,2935.402342303494,-0.7883684125534483,2247.0267827488346,0.86521069391745,113.97377092995238,782.2934286315858,76.66584507317998,65.68977737281236,28.880891932561177,2.2253562748831204,13.985132296629963,13.83513317173477,28.35449415222039,CRUISE,ABNORMAL_VIBRATION,True,0.65,1.0,OK,42,52.37,3600.0,-0.826154,-1.918617,-0.271718,0.039717,12.241259,1.425807
2026-01-01T00:16:44Z,O320_CLASS-SIM-01,O320_CLASS,RAPID_RESPONSE,2930.629824682123,-1.103950597872108,2231.9631391040357,0.8654965252804242,115.05332611148614,784.9082696033225,76.88993452094512,64.78920972443528,28.848692924631177,2.3295445143283455,13.955700080421604,14.129371541278871,28.22711246574619,CRUISE,ABNORMAL_VIBRATION,True,0.65,1.0,OK,42,52.39,3600.0,0.6156,0.999415,-0.044877,0.006241,-2.694766,1.530011
2026-01-01T00:16:45Z,O320_CLASS-SIM-01,O320_CLASS,RAPID_RESPONSE,2932.1775863489825,-0.7809120479810447,2236.0852446383137,0.8644572246737449,115.88105007647636,783.16582255189,77.09001331459731,64.00518240037094,28.95520569926795,2.050984026664789,14.003807148810457,13.987244586271055,28.302119343872775,CRUISE,ABNORMAL_VIBRATION,True,0.65,1.0,OK,42,52.42,3600.0,1.266437,-0.831772,0.168866,0.141556,2.061009,1.252036
2026-01-01T00:16:46Z,O320_CLASS-SIM-01,O320_CLASS,RAPID_RESPONSE,2934.904226483093,-1.0380013795103125,2254.700733774368,0.8661812958211006,115.08275779991635,789.0989245316435,76.36958741035143,63.17655943245586,28.8504350252315,2.342195334804985,13.913561232622689,14.398094331152073,28.42479032588864,CRUISE,ABNORMAL_VIBRATION,True,0.65,1.0,OK,42,52.42,3600.0,0.432068,4.984948,-0.559189,-0.009399,20.322712,1.542522
2026-01-01T00:16:47Z,O320_CLASS-SIM-01,O320_CLASS,RAPID_RESPONSE,2936.090368418586,-0.908124351120234,2239.3786608780233,0.8694113875634276,115.41683021286295,783.1762840912303,76.51596139839445,64.02831562195452,28.88725015984019,2.2528879685472556,13.897786259152273,14.193214351905876,28.34980061288957,CRUISE,ABNORMAL_VIBRATION,True,0.65,1.0,OK,42,52.42,3600.0,0.08979,-1.827957,-0.452443,-0.066387,3.162794,1.451388
2026-01-01T00:16:48Z,O320_CLASS-SIM-01,O320_CLASS,RAPID_RESPONSE,2934.154639500653,-0.8226465342907139,2237.888741297015,0.8648475409141713,112.58428925749627,786.0343946654814,76.6248158055616,65.17432636016494,28.95816829949579,1.9628555233368523,13.978444263132573,14.570532440862582,28.498098277747577,CRUISE,ABNORMAL_VIBRATION,True,0.65,1.0,OK,42,52.42,3600.0,-2.139342,1.895969,-0.323983,0.121908,2.582134,1.163209
2026-01-01T00:16:49Z,O320_CLASS-SIM-01,O320_CLASS,RAPID_RESPONSE,2930.4533144425177,-1.1964340501052986,2226.0993243001194,0.8676871571505057,115.25781542742388,777.5625457838767,76.85076516893213,65.11848134385457,28.894739548613675,2.2986844838158174,13.950863035345867,13.981914039664094,28.342413042626777,CRUISE,ABNORMAL_VIBRATION,True,0.65,1.0,OK,42,52.41,3600.0,0.547063,-6.778763,-0.115646,-0.012417,-10.024105,1.497828
2026-01-01T00:16:50Z,O320_CLASS-SIM-01,O320_CLASS,RAPID_RESPONSE,2933.9405740392867,-0.9778176420558762,2241.8500243703807,0.8667854794520831,116.07155240529582,783.360372183043,76.39213508559348,64.85659714388099,28.892703202781615,2.25381050999988,13.923864665379249,14.693620767753277,28.45127582127104,CRUISE,ABNORMAL_VIBRATION,True,0.65,1.0,OK,42,52.4,3600.0,1.201126,-1.057537,-0.576045,0.002871,5.644566,1.453166
2026-01-01T00:16:51Z,O320_CLASS-SIM-01,O320_CLASS,RAPID_RESPONSE,2933.6949887904852,-1.2121433687200929,2244.8325101865585,0.8643837620231739,117.4671389732256,782.755080044415,77.65659412344036,64.3244239366719,28.964465055357863,2.055120978274314,13.962348657367125,14.446381582822216,28.44374107849323,CRUISE,ABNORMAL_VIBRATION,True,0.65,1.0,OK,42,52.38,3600.0,3.214373,-0.885279,0.712754,0.141614,9.755885,1.255725
2026-01-01T00:16:52Z,O320_CLASS-SIM-01,O320_CLASS,RAPID_RESPONSE,2936.042677142021,-1.1466657907652074,2236.831009110137,0.8690576237128427,113.90303332422097,785.7098537538677,76.87937509370963,64.63375103399868,28.888698744437455,2.2214568326121586,13.953948130732703,14.280699851987707,28.328749962705523,CRUISE,ABNORMAL_VIBRATION,True,0.65,1.0,OK,42,52.39,3600.0,-1.154437,0.987649,-0.096107,-0.059573,0.286908,1.419927
2026-01-01T00:16:53Z,O320_CLASS-SIM-01,O320_CLASS,RAPID_RESPONSE,2937.015188580776,-0.9237712167420951,2238.4096466366436,0.8650080991689525,113.75635088594115,789.203437562309,76.56173219518361,64.55718825487438,28.90156220187938,2.144880722120747,13.931688174347373,14.04751520191433,28.261911872446237,CRUISE,ABNORMAL_VIBRATION,True,0.65,1.0,OK,42,52.4,3600.0,-0.948352,5.096128,-0.392848,0.056521,2.834906,1.345037
2026-01-01T00:16:54Z,O320_CLASS-SIM-01,O320_CLASS,RAPID_RESPONSE,2933.8563956169887,-0.8778260680069898,2235.9540565193556,0.8654603343056412,114.86936684591988,785.92920877651,76.8264856951496,65.18473443573485,28.819000978834833,2.261732785432831,13.961471078182496,14.231008880432498,28.23966454015753,CRUISE,ABNORMAL_VIBRATION,True,0.65,1.0,OK,42,52.42,3600.0,0.13182,1.742383,-0.119025,-0.030012,0.79993,1.461962
2026-01-01T00:16:55Z,O320_CLASS-SIM-01,O320_CLASS,RAPID_RESPONSE,2933.3434099894152,-1.328704494076011,2229.862114231029,0.8676568279226862,113.58332161069862,780.3786077542558,76.59935468916527,64.15233161244963,28.864326826655912,2.290083343327926,13.992703200150835,14.554598218603415,28.644165136426878,CRUISE,ABNORMAL_VIBRATION,True,0.65,1.0,OK,42,52.43,3600.0,-1.029615,-3.831668,-0.363318,-0.043134,-6.087935,1.489281
2026-01-01T00:16:56Z,O320_CLASS-SIM-01,O320_CLASS,RAPID_RESPONSE,2933.0123744746875,-1.208805868473729,2241.4894732516104,0.8655469640239765,115.7656379325918,784.757921165277,77.59330976140977,65.29142005207694,28.933696308199156,2.1076893540912702,13.958786546086483,14.16524391940303,28.11719101661792,CRUISE,ABNORMAL_VIBRATION,True,0.65,1.0,OK,42,52.44,3600.0,1.3444,0.867159,0.64074,0.080423,6.00799,1.307759
2026-01-01T00:16:57Z,O320_CLASS-SIM-01,O320_CLASS,RAPID_RESPONSE,2937.921939597529,-0.9703347608163737,2233.07864071197,0.8690377564434913,113.97209137110715,779.6352109564053,77.36322327041326,63.431447896534436,28.86990031151817,2.1948589447391442,13.973259693806572,14.452930256562947,28.42993163540806,CRUISE,ABNORMAL_VIBRATION,True,0.65,1.0,OK,42,52.42,3600.0,-1.303011,-5.291014,0.38235,-0.081885,-3.715499,1.393207
2026-01-01T00:16:58Z,O320_CLASS-SIM-01,O320_CLASS,RAPID_RESPONSE,2936.803674768679,-1.202475201170906,2238.1300731691877,0.8633910164620162,116.59893609089974,780.714544771682,76.82034675357939,63.396245641520956,28.842224397280372,2.29890680304302,13.94581835281043,14.526164299766902,28.376568162920382,CRUISE,ABNORMAL_VIBRATION,True,0.65,1.0,OK,42,52.4,3600.0,2.42451,-2.758496,-0.120888,0.041029,3.174254,1.499843
2026-01-01T00:16:59Z,O320_CLASS-SIM-01,O320_CLASS,RAPID_RESPONSE,2935.5490216495436,-1.1056193000781156,2245.470996670833,0.8681934031422303,113.35368401261093,782.5097374156938,77.14748596434643,64.73108727889785,28.825257280124276,2.1987301098768564,13.934940234164431,14.56533220541304,28.421679478776824,CRUISE,ABNORMAL_VIBRATION,True,0.65,1.0,OK,42,52.39,3600.0,-1.594808,-2.047568,0.182948,-0.0976,9.434471,1.397698
2026-01-01T00:17:00Z,O320_CLASS-SIM-01,O320_CLASS,RAPID_RESPONSE,2934.8100498319677,-1.166663092521097,2231.27897769837,0.866668959791811,114.4712749676072,781.3380544535355,76.39851375413824,64.88466168254698,28.89113186488944,2.2149730275574466,13.969773777045553,14.083918535784692,28.369590059574357,CRUISE,ABNORMAL_VIBRATION,True,0.65,1.0,OK,42,52.38,3600.0,-0.202019,-2.864761,-0.566756,0.004489,-4.791497,1.414414
2026-01-01T00:17:01Z,O320_CLASS-SIM-01,O320_CLASS,RAPID_RESPONSE,2940.5802451199634,-0.9128360959090939,2233.280665903974,0.8652760078285487,111.27935805514363,786.8639223215312,77.26950695785492,64.00742967217859,28.804278320831003,2.171222556145614,13.974969120360434,14.215585983964445,28.44545911487307,CRUISE,ABNORMAL_VIBRATION,True,0.65,1.0,OK,42,52.36,3600.0,-3.516707,2.689913,0.3207,-0.047825,-2.026337,1.371372
2026-01-01T00:17:02Z,O320_CLASS-SIM-01,O320_CLASS,RAPID_RESPONSE,2937.1667017445893,-0.9457269159232657,2238.4818068286486,0.8679538870566177,112.20010325305616,781.0967333810378,76.80777158007001,65.30319613570967,28.96893389343863,2.0958642869857993,13.943275146081307,13.748451910025446,28.47098398892193,CRUISE,ABNORMAL_VIBRATION,True,0.65,1.0,OK,42,52.34,3600.0,-2.908419,-3.593793,-0.159069,0.049279,2.338465,1.294844
2026-01-01T00:17:03Z,O320_CLASS-SIM-01,O320_CLASS,RAPID_RESPONSE,2936.476301438796,-0.6487101170565952,2229.547247835862,0.8704803914635626,115.60160214761298,781.6023468433235,77.04501722312416,65.05369461683811,28.86268851851672,2.3160577155157123,13.986086626592892,14.385551583942531,28.338707536937775,CRUISE,ABNORMAL_VIBRATION,True,0.65,1.0,OK,42,52.32,3600.0,-0.227563,-4.001317,0.037907,-0.132885,-8.463665,1.513438
2026-01-01T00:17:04Z,O320_CLASS-SIM-01,O320_CLASS,RAPID_RESPONSE,2935.803727432178,-1.1056977005011766,2236.8082712932282,0.8624912845013106,114.90248153475895,783.9214153800809,76.43215676695527,64.16723419847114,28.857402550655223,2.449311516603797,13.968196826314806,14.494751218319623,28.323235370060132,CRUISE,ABNORMAL_VIBRATION,True,0.65,1.0,OK,42,52.32,3600.0,0.744838,0.497185,-0.518701,0.074207,1.406185,1.650349
2026-01-01T00:17:05Z,O320_CLASS-SIM-01,O320_CLASS,RAPID_RESPONSE,2935.0198130554354,-0.9950481935762281,2230.071536230864,0.8655457309569554,113.43167145200661,784.3357490685237,77.37552605548082,65.17687894084953,28.951348102087813,2.274775554939274,13.90020241344135,13.936607745947102,28.069408058328342,CRUISE,ABNORMAL_VIBRATION,True,0.65,1.0,OK,42,52.32,3600.0,-1.213887,0.249376,0.432202,0.100206,-4.981174,1.475009
2026-01-01T00:17:06Z,O320_CLASS-SIM-01,O320_CLASS,RAPID_RESPONSE,2939.0431337108225,-1.201581315188921,2231.3608647935407,0.8657572813266212,115.15015949914374,780.4309378214531,76.44455686930016,64.42877458995852,28.931019701055305,2.259078962930139,13.937814213879806,13.697233730773421,28.483267267934632,CRUISE,ABNORMAL_VIBRATION,True,0.65,1.0,OK,42,52.32,3600.0,0.627955,-3.501014,-0.494154,0.073242,-3.477891,1.459296
2026-01-01T00:17:07Z,O320_CLASS-SIM-01,O320_CLASS,RAPID_RESPONSE,2937.2558908857027,-1.2714541617013828,2221.4889843139804,0.8632858195417372,113.53345525849254,783.5375297998681,76.46325314393009,64.57335325305401,28.857803813648243,2.45026597171445,13.910416076604204,14.27392880710298,28.366195819384558,CRUISE,ABNORMAL_VIBRATION,True,0.65,1.0,OK,42,52.32,3600.0,-0.48957,0.258569,-0.446336,0.072007,-11.999201,1.651864
2026-01-01T00:17:08Z,O320_CLASS-SIM-01,O320_CLASS,RAPID_RESPONSE,2937.078502518454,-1.086770341441082,2241.3056210308578,0.8663305491026818,116.344105361535,778.6808439601356,76.60850406015163,65.60188088670132,28.914771332551624,2.1638895311018223,13.998531197618824,13.753692562503687,28.459165817044116,CRUISE,ABNORMAL_VIBRATION,True,0.65,1.0,OK,42,52.31,3600.0,1.704622,-5.401974,-0.312761,0.052652,7.275931,1.364296
2026-01-01T00:17:09Z,O320_CLASS-SIM-01,O320_CLASS,RAPID_RESPONSE,2940.485444132518,-1.2015828027041349,2256.1200443132484,0.8665038090392352,112.04726455256572,785.0686545313655,76.65610104067241,65.35088152157927,28.895611051650157,2.2247615765079445,14.006593658600915,14.466967975313976,28.21536537184502,CRUISE,ABNORMAL_VIBRATION,True,0.65,1.0,OK,42,52.28,3600.0,-2.578178,1.013287,-0.274193,0.022542,21.671602,1.424896
2026-01-01T00:17:10Z,O320_CLASS-SIM-01,O320_CLASS,RAPID_RESPONSE,2938.925371532598,-1.0269598358827423,2232.1093238349767,0.8654158572769616,114.71849486842798,781.441389773732,76.04958657258918,64.60724247343873,28.767812705456024,2.107397727936787,13.908357996216878,13.819267187503193,28.403235804231116,CRUISE,ABNORMAL_VIBRATION,True,0.65,1.0,OK,42,52.26,3600.0,0.100424,-2.554751,-0.876132,-0.076345,-2.126911,1.307984
2026-01-01T00:17:11Z,O320_CLASS-SIM-01,O320_CLASS,RAPID_RESPONSE,2939.0845271703993,-1.1449769995371495,2224.433499531696,0.864746502880524,115.12200838360614,783.9660799339911,77.2704100157441,65.18505750202964,28.85369058179624,1.9449239502647429,13.938791486248173,14.206229163832656,28.222538634182644,CRUISE,ABNORMAL_VIBRATION,True,0.65,1.0,OK,42,52.25,3600.0,0.734012,0.25049,0.355205,0.029562,-9.315139,1.14593
2026-01-01T00:17:12Z,O320_CLASS-SIM-01,O320_CLASS,RAPID_RESPONSE,2938.100603365539,-1.0974736653029846,2254.340423782539,0.8650553699076733,114.662732454715,780.8066204337501,77.43734852460612,65.10982766338417,28.905632172319166,2.4286625519551457,13.948655959116646,14.154320247678251,28.595222641390336,CRUISE,ABNORMAL_VIBRATION,True,0.65,1.0,OK,42,52.24,3600.0,0.211469,-2.995235,0.526054,0.076777,20.773125,1.62966
2026-01-01T00:17:13Z,O320_CLASS-SIM-01,O320_CLASS,RAPID_RESPONSE,2940.896182101507,-1.4425393578577084,2238.473853222175,0.8648418948837518,115.73974287955106,785.097598496087,76.24241873619664,64.62214672909182,28.874920761193675,2.2088824394644773,13.978727432154718,14.603189445164016,28.4005533854275,CRUISE,ABNORMAL_VIBRATION,True,0.65,1.0,OK,42,52.23,3600.0,1.630923,1.683286,-0.662768,0.051155,5.189822,1.41004
2026-01-01T00:17:14Z,O320_CLASS-SIM-01,O320_CLASS,RAPID_RESPONSE,2940.245987902352,-0.9391805282474269,2252.7144989585886,0.8678089774871721,114.90522118149667,785.1488610588073,77.03970111273463,64.41894671652479,28.971691844740306,2.073486649647876,13.996094108586918,14.19700700608105,28.116136342596405,CRUISE,ABNORMAL_VIBRATION,True,0.65,1.0,OK,42,52.24,3600.0,-0.159107,0.575318,0.106932,0.067104,18.151305,1.273163
2026-01-01T00:17:15Z,O320_CLASS-SIM-01,O320_CLASS,RAPID_RESPONSE,2940.1937138608105,-1.1951116131583244,2239.330480766354,0.8661349813976981,113.42717865941802,787.7354669960976,77.37198500588775,65.67002582921215,28.87432548355109,2.297551105515491,13.982539115662995,14.083375807050835,28.357437338210772,CRUISE,ABNORMAL_VIBRATION,True,0.65,1.0,OK,42,52.23,3600.0,-1.161319,3.73074,0.437249,0.008313,4.676035,1.497716
2026-01-01T00:17:16Z,O320_CLASS-SIM-01,O320_CLASS,RAPID_RESPONSE,2940.477223891759,-1.333969962393302,2235.6667966031837,0.8650439921424393,114.35838529254623,784.9578222706268,77.44359248076604,63.71921477794378,28.844693305622897,2.0717699226141217,13.936512251297739,14.078375680869334,28.308190055219733,CRUISE,ABNORMAL_VIBRATION,True,0.65,1.0,OK,42,52.25,3600.0,0.074799,1.333568,0.519214,0.008453,1.492734,1.272484
2026-01-01T00:17:17Z,O320_CLASS-SIM-01,O320_CLASS,RAPID_RESPONSE,2941.8840984906074,-1.0684675268166646,2226.129588213544,0.8684877915473053,115.77857957781609,781.7858086402473,77.42287143496422,64.65683105492448,28.852742436113928,2.2080419122409256,13.960629913112681,14.362560968877274,28.365484124504423,CRUISE,ABNORMAL_VIBRATION,True,0.65,1.0,OK,42,52.26,3600.0,0.676459,-2.869609,0.469615,-0.077964,-9.383732,1.407075
2026-01-01T00:17:18Z,O320_CLASS-SIM-01,O320_CLASS,RAPID_RESPONSE,2940.763702191433,-1.4221279821281745,2238.739197469251,0.8651257053162424,115.5746575893954,785.2333734488719,76.7928092727093,65.21072037979279,28.86985128808214,2.311920453067116,13.95724508473075,14.646453655765026,28.230125990816557,CRUISE,ABNORMAL_VIBRATION,True,0.65,1.0,OK,42,52.27,3600.0,1.329756,1.631431,-0.145674,0.025478,3.910994,1.512323
2026-01-01T00:17:19Z,O320_CLASS-SIM-01,O320_CLASS,RAPID_RESPONSE,2941.050379728203,-1.305573816735543,2240.2728799969877,0.8646822628338455,114.0729157346279,782.7272574053428,76.95561163052153,63.38877168890519,28.746490964264762,2.168816705563983,13.897967042802179,14.438372630119167,28.57062437251065,CRUISE,ABNORMAL_VIBRATION,True,0.65,1.0,OK,42,52.28,3600.0,-0.196801,-0.855614,0.032613,-0.081178,6.162783,1.369666
2026-01-01T00:17:20Z,O320_CLASS-SIM-01,O320_CLASS,RAPID_RESPONSE,2941.5526060930392,-0.9267691796850501,2234.202275552418,0.8690185881382616,114.0853337121419,778.0978078208537,76.8972061013276,65.75279946868078,28.884445684296075,2.153038287408377,13.97122617802392,14.466892884127882,28.323731959895895,CRUISE,ABNORMAL_VIBRATION,True,0.65,1.0,OK,42,52.28,3600.0,-1.235611,-6.814845,-0.060856,-0.060487,-1.53392,1.351811
2026-01-01T00:17:21Z,O320_CLASS-SIM-01,O320_CLASS,RAPID_RESPONSE,2946.003077191506,-1.2010253918906197,2242.3537095116358,0.8673175252666144,113.78883885411736,782.9393252009013,77.33505822078367,64.49930880897334,28.87364491561437,2.122911513558531,13.98102447185976,14.295209409894065,28.326717143742687,CRUISE,ABNORMAL_VIBRATION,True,0.65,1.0,OK,42,52.29,3600.0,-1.116621,-1.423684,0.37156,-0.037572,6.365377,1.322065
2026-01-01T00:17:22Z,O320_CLASS-SIM-01,O320_CLASS,RAPID_RESPONSE,2942.869380122631,-1.1865149312009107,2229.53570182683,0.8652834247039175,114.06742450594837,789.4421634628611,77.29121504409837,63.605752972268384,28.957600208519935,2.0681673916047734,13.962213542790773,14.447013055932272,28.04053459271302,CRUISE,ABNORMAL_VIBRATION,True,0.65,1.0,OK,42,52.29,3600.0,-0.488656,5.531662,0.34443,0.104123,-5.677528,1.268331
2026-01-01T00:17:23Z,O320_CLASS-SIM-01,O320_CLASS,RAPID_RESPONSE,2942.237053822181,-1.2128519294969249,2235.8488619129425,0.8664808401072716,114.52759356480385,783.6721351719325,77.35116732033065,64.6187664958868,28.85690075688845,2.2473919272279668,14.01639192155711,14.26510084373741,28.258594831464507,CRUISE,ABNORMAL_VIBRATION,True,0.65,1.0,OK,42,52.31,3600.0,-0.154346,-0.439607,0.403377,-0.024599,0.589024,1.447164
2026-01-01T00:17:24Z,O320_CLASS-SIM-01,O320_CLASS,RAPID_RESPONSE,2939.993644224226,-1.3436620346766694,2230.4093148306793,0.8654975320263774,113.9493954620387,784.8495273832661,76.69635960013446,63.64303600330304,28.884505814982933,2.393224643216027,13.928085593865578,14.282134941674775,28.049740647150788,CRUISE,ABNORMAL_VIBRATION,True,0.65,1.0,OK,42,52.33,3600.0,-0.411823,1.102369,-0.242444,0.031944,-4.433767,1.593511
2026-01-01T00:17:25Z,O320_CLASS-SIM-01,O320_CLASS,RAPID_RESPONSE,2940.9098859256023,-1.2186058794875825,2243.1621074610644,0.8641304186284198,113.63265698131568,784.0522998348046,76.93724433700406,63.743571936617414,28.952228837257838,2.0794378064116366,13.964693541739686,14.12003475153974,28.40121632461373,CRUISE,ABNORMAL_VIBRATION,True,0.65,1.0,OK,42,52.36,3600.0,-0.634487,0.507886,0.019868,0.14003,9.312761,1.280575
2026-01-01T00:17:26Z,O320_CLASS-SIM-01,O320_CLASS,RAPID_RESPONSE,2945.2386797257996,-0.8824610274673936,2227.922001906632,0.8678629660139782,115.26743079905309,786.3888375092813,76.88430728601766,64.21909421922312,28.898747645710554,2.352756993246013,14.008242979954563,14.269390219011173,28.318912646315628,CRUISE,ABNORMAL_VIBRATION,True,0.65,1.0,OK,42,52.41,3600.0,0.038836,1.688053,-0.056009,-0.014797,-6.991208,1.552212
2026-01-01T00:17:27Z,O320_CLASS-SIM-01,O320_CLASS,RAPID_RESPONSE,2939.9610132808025,-1.3754192394294598,2230.803419069904,0.8634328027724282,115.58060668576243,780.667858103393,76.71918539424883,63.99615539398369,28.911243240975725,2.173580866408878,13.974829097654094,14.267953590170682,28.470172369200203,CRUISE,ABNORMAL_VIBRATION,True,0.65,1.0,OK,42,52.44,3600.0,1.593482,-2.559626,-0.192158,0.118834,-2.766127,1.375069
2026-01-01T00:17:28Z,O320_CLASS-SIM-01,O320_CLASS,RAPID_RESPONSE,2945.1906664935186,-1.1404657523801642,2220.324381709039,0.8651449838351744,114.5755393525466,784.6483482780784,76.62333322593757,65.27554726148486,28.850731249953274,2.020292862641783,13.947495270326725,14.700436483881992,28.434065041999737,CRUISE,ABNORMAL_VIBRATION,True,0.65,1.0,OK,42,52.47,3600.0,0.049599,0.838879,-0.283582,0.015265,-13.0398,1.221275
2026-01-01T00:17:29Z,O320_CLASS-SIM-01,O320_CLASS,RAPID_RESPONSE,2945.752579013241,-1.2934073576263247,2228.321407466812,0.8642191659702481,114.81659465692536,783.4887354714858,76.72120570590204,64.06862049863655,28.80939273078658,2.2638126958010725,13.994623944682678,13.839289778560543,28.386109540529976,CRUISE,ABNORMAL_VIBRATION,True,0.65,1.0,OK,42,52.51,3600.0,0.590068,0.050373,-0.172415,0.000793,-4.426229,1.465347
2026-01-01T00:17:30Z,O320_CLASS-SIM-01,O320_CLASS,RAPID_RESPONSE,2946.514583486764,-1.166366953673721,2229.538345261329,0.8674040185274567,113.41009189250043,783.8574262445046,76.49971404457077,62.86084523011907,28.840539506814594,2.0795326227577178,13.96086273374884,14.49560585255686,28.61200520966574,CRUISE,ABNORMAL_VIBRATION,True,0.65,1.0,OK,42,52.53,3600.0,-1.440057,-0.403461,-0.418127,-0.053842,-4.332554,1.279569
2026-01-01T00:17:31Z,O320_CLASS-SIM-01,O320_CLASS,RAPID_RESPONSE,2944.8492886349095,-0.9877260908121259,2236.898364481355,0.8647628733013504,112.27726242003921,787.9708010733569,76.49465905127337,65.46019259638969,28.874023350302803,2.0285077316229376,13.970558172286685,14.749350075751298,28.563944064724534,CRUISE,ABNORMAL_VIBRATION,True,0.65,1.0,OK,42,52.52,3600.0,-2.34645,4.081336,-0.41297,0.047543,3.501063,1.229599
2026-01-01T00:17:32Z,O320_CLASS-SIM-01,O320_CLASS,RAPID_RESPONSE,2944.2044753893433,-1.2491251560557448,2234.445638660794,0.8651716180447059,116.02251473462893,785.7439584491555,76.23605155657496,64.71796596032934,28.837272688433192,2.2985109638767565,13.96865188444568,14.515078459670567,28.479994406810018,CRUISE,ABNORMAL_VIBRATION,True,0.65,1.0,OK,42,52.51,3600.0,1.622728,2.051785,-0.66883,0.002923,1.175761,1.499536
2026-01-01T00:17:33Z,O320_CLASS-SIM-01,O320_CLASS,RAPID_RESPONSE,2944.1134811270645,-1.1528394142010694,2229.993115596893,0.8621124985383773,114.44742101692502,788.4972871955977,76.22677913782597,64.32882623741463,28.842464615694613,2.199935488057668,13.932287218184124,13.858392492524628,28.126265104193926,CRUISE,ABNORMAL_VIBRATION,True,0.65,1.0,OK,42,52.51,3600.0,0.444722,5.41099,-0.643432,0.094684,-1.668862,1.402619
2026-01-01T00:17:34Z,O320_CLASS-SIM-01,O320_CLASS,RAPID_RESPONSE,2947.4990461401426,-1.2931700919214741,2229.522102879698,0.8696590006469614,113.69339451918938,784.7318158063262,77.33576949205386,65.15770176589628,28.77773701045327,2.075370554598318,13.970225259383907,14.696198470393966,28.21855745010371,CRUISE,ABNORMAL_VIBRATION,True,0.65,1.0,OK,42,52.49,3600.0,-1.36448,0.137109,0.41102,-0.173483,-4.669197,1.274547
2026-01-01T00:17:35Z,O320_CLASS-SIM-01,O320_CLASS,RAPID_RESPONSE,2945.0267762910294,-1.0845506092766215,2238.4131812005357,0.8667837884318859,113.55470987787952,782.5361123200126,76.99509365533974,65.3520246380034,28.83143594839188,2.297270450406886,13.930361860474891,14.679024813793642,28.355652792909563,CRUISE,ABNORMAL_VIBRATION,True,0.65,1.0,OK,42,52.48,3600.0,-1.309109,-1.734093,0.060936,-0.053929,3.785587,1.497191
2026-01-01T00:17:36Z,O320_CLASS-SIM-01,O320_CLASS,RAPID_RESPONSE,2947.648378201081,-1.1447217679962085,2234.075368168138,0.8623962076151213,111.98525820749455,786.9864117089896,76.93876484307596,64.50436808549561,28.779951807932267,2.0567720184184166,13.99299414741816,14.647528082250881,28.239051556462396,CRUISE,ABNORMAL_VIBRATION,True,0.65,1.0,OK,42,52.47,3600.0,-2.17591,3.735851,0.045711,0.012736,1.354025,1.258872
2026-01-01T00:17:37Z,O320_CLASS-SIM-01,O320_CLASS,RAPID_RESPONSE,2947.3035212288405,-1.1224221860236845,2232.3663176855944,0.869074288410727,114.01816593842602,786.9488464551465,77.05875929407586,64.32276415603765,28.910049716090732,2.199851561418752,13.95821763558408,14.556626750452047,28.51936131003549,CRUISE,ABNORMAL_VIBRATION,True,0.65,1.0,OK,42,52.47,3600.0,-1.153776,2.260953,0.123746,-0.031598,-2.300964,1.399009
2026-01-01T00:17:38Z,O320_CLASS-SIM-01,O320_CLASS,RAPID_RESPONSE,2948.3637915425775,-1.7358161538884516,2236.7892810676963,0.8657681497300552,114.51600739836081,785.3619302968897,77.00906115408412,64.87557160223204,28.82709514780058,2.4400515422622453,13.984464161634266,14.34667195644593,28.4057570762185,CRUISE,ABNORMAL_VIBRATION,True,0.65,1.0,OK,42,52.48,3600.0,0.395761,1.929917,0.079583,-0.035401,2.378693,1.640351
2026-01-01T00:17:39Z,O320_CLASS-SIM-01,O320_CLASS,RAPID_RESPONSE,2948.561318786637,-1.001111911324755,2232.3030117845046,0.8672980810791069,114.76254130800525,788.6202147062171,77.34257799525889,63.8298882955793,28.956073172262712,1.9184236782287665,13.980201852803075,14.036252612009829,28.61375766015743,CRUISE,ABNORMAL_VIBRATION,True,0.65,1.0,OK,42,52.5,3600.0,-0.330042,4.118001,0.400793,0.052206,-2.678342,1.117991
2026-01-01T00:17:40Z,O320_CLASS-SIM-01,O320_CLASS,RAPID_RESPONSE,2947.46915618789,-1.275153975847723,2231.010551961682,0.8638631423736741,114.18258148944244,782.9966953694042,76.60167301705123,64.54347690937067,28.858143264415183,2.104700861596081,13.911318522695883,14.287327726904302,28.41094802946955,CRUISE,ABNORMAL_VIBRATION,True,0.65,1.0,OK,42,52.53,3600.0,-0.092328,-0.47452,-0.312628,0.047654,-2.69616,1.305915
2026-01-01T00:17:41Z,O320_CLASS-SIM-01,O320_CLASS,RAPID_RESPONSE,2948.449822497439,-1.0751280755651123,2245.6615666073412,0.8672586860384128,117.76114287027636,791.560349249026,76.19754285109826,62.566765092409334,28.83725692866009,2.3293531305748783,13.958775410623499,14.384757928817525,28.29035297193804,CRUISE,ABNORMAL_VIBRATION,True,0.65,1.0,OK,42,52.5,3600.0,2.776926,7.17927,-0.732934,-0.060796,11.204675,1.529162
2026-01-01T00:17:42Z,O320_CLASS-SIM-01,O320_CLASS,RAPID_RESPONSE,2946.5781214739263,-1.2409574385014648,2231.4158094863465,0.8669251199262156,113.9570952965082,783.076726513622,77.12751917333067,64.16248904427279,28.892506477245366,2.019279306958947,13.926946423808436,14.284294313182837,28.391261894784627,CRUISE,ABNORMAL_VIBRATION,True,0.65,1.0,OK,42,52.5,3600.0,-0.806948,-1.092096,0.188287,0.000276,-3.447121,1.219037
2026-01-01T00:17:43Z,O320_CLASS-SIM-01,O320_CLASS,RAPID_RESPONSE,2946.5861586424726,-0.9597040760442708,2248.3539762498094,0.8639559317859588,116.32177996479163,777.8342350210372,77.32852591988836,63.63236613793461,28.884519058825624,2.1379971988405826,13.958968086374579,14.00488242685554,28.298265868725522,CRUISE,ABNORMAL_VIBRATION,True,0.65,1.0,OK,42,52.47,3600.0,1.734742,-5.962285,0.414753,0.072861,14.671751,1.339202
2026-01-01T00:17:44Z,O320_CLASS-SIM-01,O320_CLASS,RAPID_RESPONSE,2950.893034191544,-1.179153632451972,2249.7742213911806,0.8644135600629995,116.32297175416575,779.7157512810378,76.78212599646884,63.88673858672291,28.9116451986342,2.27654005949923,13.89836559353719,13.87915321755902,28.178177989684578,CRUISE,ABNORMAL_VIBRATION,True,0.65,1.0,OK,42,52.44,3600.0,1.85956,-3.926738,-0.11666,0.091696,16.787057,1.477855
2026-01-01T00:17:45Z,O320_CLASS-SIM-01,O320_CLASS,RAPID_RESPONSE,2949.8137738538667,-1.0439314171340963,2230.4259408595144,0.864061710571495,115.38835487777656,780.946592578677,77.0784458431492,64.61069122024264,28.8200749516619,2.1422998642952775,13.964056295734322,14.330314844112703,28.129691340268746,CRUISE,ABNORMAL_VIBRATION,True,0.65,1.0,OK,42,52.42,3600.0,0.888481,-2.708187,0.193825,0.015338,-1.904293,1.344021
2026-01-01T00:17:46Z,O320_CLASS-SIM-01,O320_CLASS,RAPID_RESPONSE,2949.599001648042,-1.0124119169767771,2235.3340769064166,0.8663347068342581,114.39262061409813,785.9891494040083,76.92012576443918,63.39137407216341,28.873859770634027,2.099536366649127,13.969462234288429,14.109178631028811,28.262317189284836,CRUISE,ABNORMAL_VIBRATION,True,0.65,1.0,OK,42,52.42,3600.0,-0.473341,1.82239,0.021316,0.009901,2.345818,1.300259
2026-01-01T00:17:47Z,O320_CLASS-SIM-01,O320_CLASS,RAPID_RESPONSE,2949.1997820666884,-1.27451492174439,2236.8014441688556,0.8652194133710641,113.77960578660218,787.0966847582175,76.9745886465737,64.81141814786469,28.902722949793098,2.3672135871752946,13.97835778269538,14.12884420033701,28.114809854560164,CRUISE,ABNORMAL_VIBRATION,True,0.65,1.0,OK,42,52.42,3600.0,-0.664755,3.412781,0.077348,0.066,3.885927,1.568323
2026-01-01T00:17:48Z,O320_CLASS-SIM-01,O320_CLASS,RAPID_RESPONSE,2949.516385257069,-1.0056536224686632,2235.475646420109,0.8581901969798293,115.56026777446799,786.0704017309499,76.77083544209773,65.09451707194326,28.862336353320597,2.0415485657525814,13.999088629988355,13.886913960792336,28.32040809873541,CRUISE,ABNORMAL_VIBRATION,True,0.65,1.0,OK,42,52.41,3600.0,1.96421,3.715353,-0.049983,0.22257,6.104369,1.246398
2026-01-01T00:17:49Z,O320_CLASS-SIM-01,O320_CLASS,RAPID_RESPONSE,2949.2353960017413,-1.2953765693891612,2235.008811910449,0.8676736478520561,116.00931802236093,785.5412325579325,76.21160406189749,63.232116249271385,28.838291126725615,2.276380110036456,13.94599257940121,14.679388465841061,28.344603204817624,CRUISE,ABNORMAL_VIBRATION,True,0.65,1.0,OK,42,52.39,3600.0,1.329101,1.512826,-0.655719,-0.043477,3.480776,1.477316
2026-01-01T00:17:50Z,O320_CLASS-SIM-01,O320_CLASS,RAPID_RESPONSE,2950.549068847236,-1.0250963411381573,2232.95546296606,0.8702085793622798,113.37941552772598,782.2073113895686,76.51149155032415,65.54805510496485,28.869131571439716,2.1478577989593086,13.935004061004047,14.548554800464153,28.38270672734359,CRUISE,ABNORMAL_VIBRATION,True,0.65,1.0,OK,42,52.35,3600.0,-2.076928,-2.790583,-0.415951,-0.098907,-1.360712,1.346775
2026-01-01T00:17:51Z,O320_CLASS-SIM-01,O320_CLASS,RAPID_RESPONSE,2952.1156269529247,-1.1840224026172341,2236.5454136426656,0.865600455310488,113.75476313099114,783.3525484766668,76.41354930083084,64.69026434827197,28.86613434089175,2.21803464539172,13.980902077376543,14.169554183950144,28.56097856075511,CRUISE,ABNORMAL_VIBRATION,True,0.65,1.0,OK,42,52.34,3600.0,-0.935787,-0.595493,-0.507331,0.007851,2.533576,1.418519
2026-01-01T00:17:52Z,O320_CLASS-SIM-01,O320_CLASS,RAPID_RESPONSE,2951.6030129961446,-0.968437631471008,2244.000761688536,0.8647223456629312,114.96498644917169,785.6397405079783,76.42626275237416,63.39045079247153,28.76215096597495,2.2828115872652646,13.950891597435964,13.841963637689323,28.35031609784906,CRUISE,ABNORMAL_VIBRATION,True,0.65,1.0,OK,42,52.33,3600.0,0.218287,1.694846,-0.480687,-0.069139,10.634988,1.483858
2026-01-01T00:17:53Z,O320_CLASS-SIM-01,O320_CLASS,RAPID_RESPONSE,2950.3856721540255,-1.001103127927605,2248.4316389704322,0.8658599906279184,113.65940877098777,785.3105573343082,76.88828949347777,64.09697959605096,28.78308115577084,2.1252603356242155,13.955542757807173,14.401180003415142,28.40429560620592,CRUISE,ABNORMAL_VIBRATION,True,0.65,1.0,OK,42,52.32,3600.0,-1.193061,1.180872,-0.021236,-0.074954,14.946421,1.325909
2026-01-01T00:17:54Z,O320_CLASS-SIM-01,O320_CLASS,RAPID_RESPONSE,2953.5320150080433,-1.0790080190817561,2235.6595053134606,0.8643081741896897,113.24624404120529,782.2594317941747,76.6032817437297,62.23740484104948,28.77477430511124,2.298858184971782,13.971919873769394,14.105299586070153,28.387143153665907,CRUISE,ABNORMAL_VIBRATION,True,0.65,1.0,OK,42,52.31,3600.0,-1.334148,-1.463566,-0.290368,-0.042892,2.910535,1.500281
2026-01-01T00:17:55Z,O320_CLASS-SIM-01,O320_CLASS,RAPID_RESPONSE,2948.128094269607,-1.1395636494089434,2242.4224248966857,0.8646519480000012,112.36064633778292,782.6397332358945,77.39357091943508,64.49008454484895,28.753335090765543,2.527986795379296,13.923232991430664,14.137974082956362,28.171492697196822,CRUISE,ABNORMAL_VIBRATION,True,0.65,1.0,OK,42,52.29,3600.0,-2.10263,-1.031427,0.505728,-0.065123,9.942756,1.729475
2026-01-01T00:17:56Z,O320_CLASS-SIM-01,O320_CLASS,RAPID_RESPONSE,2949.7687483003806,-1.2514205509581535,2237.2290302397373,0.8674487877581641,114.01946603976673,781.1396450275646,77.0719707886348,64.68660223402719,28.835314132403468,2.1697668707953826,13.95745563336725,14.22251765437104,28.299582350700337,CRUISE,ABNORMAL_VIBRATION,True,0.65,1.0,OK,42,52.29,3600.0,-0.793452,-3.050373,0.158988,-0.060987,3.583429,1.369852
2026-01-01T00:17:57Z,O320_CLASS-SIM-01,O320_CLASS,RAPID_RESPONSE,2953.1926671778574,-0.8510485352115785,2233.514397638974,0.8648281253453272,114.78573548902203,782.010618916922,77.1851553788628,64.63022307731883,28.8013165441997,2.25774654787499,13.961387699949602,13.954740527403635,28.379300115255916,CRUISE,ABNORMAL_VIBRATION,True,0.65,1.0,OK,42,52.3,3600.0,-0.10627,-2.065151,0.283333,-0.03172,0.386419,1.458845
2026-01-01T00:17:58Z,O320_CLASS-SIM-01,O320_CLASS,RAPID_RESPONSE,2952.2073406069508,-1.042974315120443,2238.666892785112,0.8645963621535573,113.90803145754869,783.6502024670414,77.02313657865852,64.66133605905313,28.8364554228403,2.2840215494046037,13.990707897943748,14.027953993705399,28.69819940046356,CRUISE,ABNORMAL_VIBRATION,True,0.65,1.0,OK,42,52.33,3600.0,-0.720456,-0.147918,0.131474,0.014039,6.01008,1.485408
2026-01-01T00:17:59Z,O320_CLASS-SIM-01,O320_CLASS,RAPID_RESPONSE,2953.261007686633,-1.3578794242321148,2233.433697886017,0.866333726824424,114.05112671273407,779.8984028116356,76.46083647444115,64.70505754672172,28.73269876549252,1.9802809436112538,13.976893810497007,14.140166977138431,28.22165126414665,CRUISE,ABNORMAL_VIBRATION,True,0.65,1.0,OK,42,52.36,3600.0,-0.538417,-3.960617,-0.44171,-0.136104,0.272103,1.18089
2026-01-01T00:18:00Z,O320_CLASS-SIM-01,O320_CLASS,RAPID_RESPONSE,2951.6388541599686,-1.4110982624028376,2235.7648380309574,0.8631488176518698,113.82330080303066,784.4936457768899,76.77246008910734,63.704711205559,28.720002463428123,2.235670981158749,13.963143938165292,14.065732264964218,28.170137902463438,CRUISE,ABNORMAL_VIBRATION,True,0.65,1.0,OK,42,52.4,3600.0,-0.198706,1.393946,-0.104449,-0.061663,3.792262,1.437815
2026-01-01T00:18:01Z,O320_CLASS-SIM-01,O320_CLASS,RAPID_RESPONSE,2952.664646363483,-1.120125003116901,2232.608630281449,0.868011580776434,115.30776653989075,783.3488953822464,77.16907168585392,64.3044143656175,28.820778836789934,2.4047637060038367,13.933817794142984,14.200181423345816,28.50393372012596,CRUISE,ABNORMAL_VIBRATION,True,0.65,1.0,OK,42,52.44,3600.0,0.247554,-1.089669,0.258989,-0.09013,-0.902431,1.604699
2026-01-01T00:18:02Z,O320_CLASS-SIM-01,O320_CLASS,RAPID_RESPONSE,2953.3735387473153,-1.2492732917206597,2218.114631046108,0.8601683008246073,116.94928820376983,784.3788029967334,76.63878003582424,64.54210077146364,28.77018032540437,2.074878015484152,13.932516700349668,13.840310531048637,28.00945893504673,CRUISE,ABNORMAL_VIBRATION,True,0.65,1.0,OK,42,52.47,3600.0,3.200482,1.765774,-0.211058,0.068374,-12.602478,1.278484
2026-01-01T00:18:03Z,O320_CLASS-SIM-01,O320_CLASS,RAPID_RESPONSE,2950.77811708626,-1.0424417560443004,2223.8062047123435,0.8657523239061454,115.60168121022133,783.639393159966,76.7516315424902,64.36600434145394,28.795777866105485,2.346868732260379,14.01702631031814,14.555356834549452,28.002201654649046,CRUISE,ABNORMAL_VIBRATION,True,0.65,1.0,OK,42,52.5,3600.0,0.900534,-0.285695,-0.11548,-0.042151,-7.712006,1.548398
2026-01-01T00:18:04Z,O320_CLASS-SIM-01,O320_CLASS,RAPID_RESPONSE,2952.783613300863,-1.1967306265373225,2235.343076612967,0.8612014555806806,112.3574054433713,786.8553389905182,76.64605986385028,63.066711706758156,28.760471715014273,2.2949036005352355,13.936039245756332,14.252585271177518,28.177856504144412,CRUISE,ABNORMAL_VIBRATION,True,0.65,1.0,OK,42,52.51,3600.0,-1.525337,4.064085,-0.184099,0.043201,5.538624,1.498584
2026-01-01T00:18:05Z,O320_CLASS-SIM-01,O320_CLASS,RAPID_RESPONSE,2951.0874035126276,-0.9854170495908741,2234.7614860420663,0.8639621279071534,113.81973719025909,787.2410363748172,77.1049688012962,65.17113800293514,28.78551401135141,2.1069860019006788,13.972767026388636,14.053936600884267,28.31006526664569,CRUISE,ABNORMAL_VIBRATION,True,0.65,1.0,OK,42,52.52,3600.0,-0.623924,3.712294,0.271283,0.003463,4.793466,1.309745
2026-01-01T00:18:06Z,O320_CLASS-SIM-01,O320_CLASS,RAPID_RESPONSE,2953.092838458429,-1.1409347711683167,2220.942168557688,0.8657471146416688,114.8140604458863,783.0609351327026,77.04681286105019,63.9587860343628,28.78023701684184,2.3096412726462088,13.978296861923946,14.063911369996697,28.23516671934806,CRUISE,ABNORMAL_VIBRATION,True,0.65,1.0,OK,42,52.53,3600.0,0.204238,-0.737576,0.192222,-0.054351,-9.995385,1.511398
2026-01-01T00:18:07Z,O320_CLASS-SIM-01,O320_CLASS,RAPID_RESPONSE,2953.9583440071633,-1.2853140754353285,2243.6516311588252,0.8652096710051079,114.45455815862333,781.2278151877584,77.16125102922213,63.7585053407331,28.780151115893542,2.3046301476302675,13.972291506561703,13.5641421128049,28.3001884345565,CRUISE,ABNORMAL_VIBRATION,True,0.65,1.0,OK,42,52.53,3600.0,0.025147,-2.360658,0.297667,-0.046387,12.297024,1.506367
2026-01-01T00:18:08Z,O320_CLASS-SIM-01,O320_CLASS,RAPID_RESPONSE,2954.685633928176,-1.2551722275999764,2232.6709453110607,0.8609308885444464,111.03564636078255,781.1113783602341,76.9772033746451,61.66487516082817,28.76965612448221,1.9197032890264711,13.953378483220686,14.678753948869767,28.291007141606386,CRUISE,ABNORMAL_VIBRATION,True,0.65,1.0,OK,42,52.51,3600.0,-2.768892,-1.561992,0.15316,0.059615,3.150116,1.123571
2026-01-01T00:18:09Z,O320_CLASS-SIM-01,O320_CLASS,RAPID_RESPONSE,2954.6006504939082,-1.080067739834144,2231.4958474482673,0.8640938259834308,115.54067931764226,784.7201883327873,76.97840413400749,64.1308669321639,28.793575157861785,2.367272655729475,13.950548713566974,14.49636750741259,28.166241083295596,CRUISE,ABNORMAL_VIBRATION,True,0.65,1.0,OK,42,52.5,3600.0,1.126785,1.251621,0.148978,0.00709,1.725382,1.570038
2026-01-01T00:18:10Z,O320_CLASS-SIM-01,O320_CLASS,RAPID_RESPONSE,2957.1771309582136,-1.1368659452086962,2223.514475896038,0.8655153117664591,113.64417378641528,783.6144622588942,76.66695230587669,64.13261226110114,28.85699491690011,2.249564647502123,13.926867014479033,13.920805364251107,28.363658882959797,CRUISE,ABNORMAL_VIBRATION,True,0.65,1.0,OK,42,52.51,3600.0,-0.988864,-0.147825,-0.18062,0.02716,-7.097578,1.451492
2026-01-01T00:18:11Z,O320_CLASS-SIM-01,O320_CLASS,RAPID_RESPONSE,2955.805785981349,-1.3105582812995966,2243.9306407333784,0.8660978893454387,113.6696786087122,781.7156756661734,76.76912723451376,63.97050942935471,28.871776254865356,2.215902620135064,13.96166544600793,14.35658108587809,28.446218334300614,CRUISE,ABNORMAL_VIBRATION,True,0.65,1.0,OK,42,52.52,3600.0,-0.892723,-2.042417,-0.098235,0.021117,12.400819,1.417264
2026-01-01T00:18:12Z,O320_CLASS-SIM-01,O320_CLASS,RAPID_RESPONSE,2955.6429466479553,-1.1507183092057487,2235.890980185689,0.8654196558917422,113.4816385628299,781.817461561207,76.74346404249857,63.66771252839963,28.73435837337397,2.3574375172704958,13.970990989081757,13.851538306469239,28.28636405826655,CRUISE,ABNORMAL_VIBRATION,True,0.65,1.0,OK,42,52.52,3600.0,-1.164167,-1.994277,-0.130953,-0.1032,4.033972,1.558873
2026-01-01T00:18:13Z,O320_CLASS-SIM-01,O320_CLASS,RAPID_RESPONSE,2955.543677094227,-1.1855390235541943,2222.4194643415244,0.8617100009460006,115.03570538911659,779.6672530889307,76.76448592503397,63.969233224070315,28.8008942267794,2.193362807388116,14.008541248784839,13.785782189176347,28.45371832286005,CRUISE,ABNORMAL_VIBRATION,True,0.65,1.0,OK,42,52.52,3600.0,1.005489,-3.283944,-0.07538,0.065141,-7.835179,1.39666
2026-01-01T00:18:14Z,O320_CLASS-SIM-01,O320_CLASS,RAPID_RESPONSE,2952.316419225459,-1.0054935922276675,2214.669254678455,0.869264323667604,113.94014736242544,786.7185381027369,77.28986317461118,63.87795474828974,28.788116041324493,2.0601677364975743,13.984190620520636,14.079063535944845,28.1991130824146,CRUISE,ABNORMAL_VIBRATION,True,0.65,1.0,OK,42,52.51,3600.0,-1.364865,1.974061,0.392929,-0.146357,-18.232043,1.259976
2026-01-01T00:18:15Z,O320_CLASS-SIM-01,O320_CLASS,RAPID_RESPONSE,2957.1551203671406,-1.3508463074807007,2228.3177178350393,0.8645792910948237,113.63278606165285,782.2541312458789,77.46884351660103,64.06080893737811,28.78716723264614,2.279247327661224,13.974188550761085,13.925739997898663,28.385772453610546,CRUISE,ABNORMAL_VIBRATION,True,0.65,1.0,OK,42,52.51,3600.0,-0.753533,-1.247908,0.582665,-0.036962,-4.084765,1.480696
2026-01-01T00:18:16Z,O320_CLASS-SIM-01,O320_CLASS,RAPID_RESPONSE,2956.9974868988456,-1.486287725600536,2245.24098905685,0.8672602514601507,113.43885854748595,780.6673592674829,76.9447203337604,63.08055757123074,28.872407825580343,2.0958475701542354,14.009194494836166,13.977380466429086,28.304589368373758,CRUISE,ABNORMAL_VIBRATION,True,0.65,1.0,OK,42,52.5,3600.0,-1.218906,-3.281413,0.037564,-0.023487,11.865622,1.296032
2026-01-01T00:18:17Z,O320_CLASS-SIM-01,O320_CLASS,RAPID_RESPONSE,2958.7791257881727,-1.2681949166548194,2233.001047529697,0.8664974868234453,113.72810967083645,780.309500715078,76.26866502313824,64.68504553255215,28.82267771336366,2.2716756861434986,13.95230433160019,13.825072418973491,27.96823637868081,CRUISE,ABNORMAL_VIBRATION,True,0.65,1.0,OK,42,52.48,3600.0,-1.090113,-3.745718,-0.644797,-0.059546,-0.666746,1.471955
2026-01-01T00:18:18Z,O320_CLASS-SIM-01,O320_CLASS,RAPID_RESPONSE,2961.444800944385,-1.1423901186479462,2231.856018281813,0.864842993806342,112.67359234605934,781.4670914599346,77.54813086747387,64.74202832080621,28.764104046109708,2.1720135934416396,13.945040236386065,14.103174529803914,28.62825067916153,CRUISE,ABNORMAL_VIBRATION,True,0.65,1.0,OK,42,52.46,3600.0,-2.058627,-2.368158,0.648778,-0.075631,-1.157446,1.37307
2026-01-01T00:18:19Z,O320_CLASS-SIM-01,O320_CLASS,RAPID_RESPONSE,2957.1250063434586,-1.4015809157681,2230.230237267254,0.8647879361960152,112.85037558997657,784.4501084355435,77.33301477970652,64.32333870546412,28.7614758252349,2.0681675228472383,13.91073136714124,14.147848875206622,28.367225322217575,CRUISE,ABNORMAL_VIBRATION,True,0.65,1.0,OK,42,52.46,3600.0,-1.522224,0.945582,0.442853,-0.069213,-2.356967,1.269471
2026-01-01T00:18:20Z,O320_CLASS-SIM-01,O320_CLASS,RAPID_RESPONSE,2956.32700879466,-0.9339127022135805,2236.974665376806,0.8606472495549073,112.25614873905666,780.9750584208972,77.47737217192575,64.92219026166094,28.881559865300666,2.199366085339597,13.954197153690878,13.868705838224926,28.372790478086163,CRUISE,ABNORMAL_VIBRATION,True,0.65,1.0,OK,42,52.44,3600.0,-1.895642,-2.029608,0.637815,0.170195,6.734319,1.402996
2026-01-01T00:18:21Z,O320_CLASS-SIM-01,O320_CLASS,RAPID_RESPONSE,2957.6422556861326,-1.2617881301595806,2243.518210672729,0.8639536580006201,115.97587379534762,779.4553547692209,77.92199254069426,63.90788776578672,28.834778648241087,2.361375486050431,13.945546519009074,14.384616292146461,28.450717932238263,CRUISE,ABNORMAL_VIBRATION,True,0.65,1.0,OK,42,52.4,3600.0,1.692015,-3.854906,1.08399,0.045247,13.349972,1.563981
2026-01-01T00:18:22Z,O320_CLASS-SIM-01,O320_CLASS,RAPID_RESPONSE,2957.1313414494894,-1.3335019119341618,2230.873634357306,0.8639489062845235,116.04628435777373,785.1726355450369,76.81722788599306,64.68841777174552,28.696132003601594,2.0456792274706475,13.969087238862432,14.457975738878796,28.34976242809866,CRUISE,ABNORMAL_VIBRATION,True,0.65,1.0,OK,42,52.38,3600.0,1.845515,1.941856,-0.019788,-0.092415,0.751143,1.248312
2026-01-01T00:18:23Z,O320_CLASS-SIM-01,O320_CLASS,RAPID_RESPONSE,2960.652966965575,-1.0998354763226648,2226.5419214959566,0.8638733778615316,114.86046637354288,782.284800027307,77.45656307907551,63.3136257945503,28.81331520928628,2.299750917085854,13.95103458692349,14.04371015789832,28.30811441132869,CRUISE,ABNORMAL_VIBRATION,True,0.65,1.0,OK,42,52.37,3600.0,0.385125,-1.179757,0.622332,0.02457,-3.451418,1.502425
2026-01-01T00:18:24Z,O320_CLASS-SIM-01,O320_CLASS,RAPID_RESPONSE,2959.948156499336,-1.306723231375209,2221.8345658062954,0.8664281536809701,114.84534815191894,785.9164564786225,77.14642942244706,65.9415694734308,28.85230373667875,2.184985726958204,13.974531423920647,14.038313472334243,28.251137264862987,CRUISE,ABNORMAL_VIBRATION,True,0.65,1.0,OK,42,52.35,3600.0,0.185068,2.089198,0.286637,-0.006627,-9.344227,1.386351
2026-01-01T00:18:25Z,O320_CLASS-SIM-01,O320_CLASS,RAPID_RESPONSE,2956.8759583937863,-1.2763825857455884,2234.6835893167968,0.8639684856902615,113.04278226187384,779.5796887303569,77.68608485406342,64.45483798167584,28.75439694341168,2.145363421995511,14.02608435583617,14.332076937919227,27.90092559847332,CRUISE,ABNORMAL_VIBRATION,True,0.65,1.0,OK,42,52.33,3600.0,-1.251958,-3.764919,0.833079,-0.041128,3.819528,1.347672
2026-01-01T00:18:26Z,O320_CLASS-SIM-01,O320_CLASS,RAPID_RESPONSE,2963.2376967912396,-1.5125721572287407,2228.612600446327,0.8618072654740084,113.46985370221581,784.0886855992915,76.011586854182,64.11956429090468,28.852012808882044,2.1732450467158446,13.918685610603916,14.141410801758157,28.2679641504552,CRUISE,ABNORMAL_VIBRATION,True,0.65,1.0,OK,42,52.33,3600.0,-0.331004,1.452134,-0.811142,0.114331,-0.847284,1.376773
2026-01-01T00:18:27Z,O320_CLASS-SIM-01,O320_CLASS,RAPID_RESPONSE,2958.630968018308,-1.4151566733224026,2234.351554953491,0.8652381460705025,113.07491196828178,781.0499517668119,76.89324286103233,63.41683484049619,28.802624091593326,2.3706431011713898,13.958584871167416,13.872108748601924,28.377260499442734,CRUISE,ABNORMAL_VIBRATION,True,0.65,1.0,OK,42,52.33,3600.0,-1.246623,-2.362696,0.05398,-0.01849,4.124855,1.572809
2026-01-01T00:18:28Z,O320_CLASS-SIM-01,O320_CLASS,RAPID_RESPONSE,2959.52187769408,-1.2611478942480343,2233.938044875496,0.8654032388267207,114.3921223906768,783.2068097442137,77.66271249324565,65.14630680137839,28.834413621935624,2.1177659097263284,13.930192644031392,14.456635233983762,28.339818703479903,CRUISE,ABNORMAL_VIBRATION,True,0.65,1.0,OK,42,52.33,3600.0,-0.152266,-0.443151,0.8101,0.002982,3.092271,1.319603
2026-01-01T00:18:29Z,O320_CLASS-SIM-01,O320_CLASS,RAPID_RESPONSE,2959.1871565321753,-1.276814983382068,2222.343386244792,0.8661093670806808,115.16499596136676,783.8030165136536,76.81883152912928,63.63837996335511,28.68527802627883,2.1392042482250115,13.938070970728518,13.9508228729078,28.36130828753838,CRUISE,ABNORMAL_VIBRATION,True,0.65,1.0,OK,42,52.34,3600.0,0.505648,-0.022839,-0.051062,-0.169753,-9.303832,1.340476
2026-01-01T00:18:30Z,O320_CLASS-SIM-01,O320_CLASS,RAPID_RESPONSE,2961.53470093042,-1.2613293748986456,2241.281568431634,0.8624024585290807,114.17853850606592,783.2118924016652,77.27147017953241,64.26467622133934,28.797505465489746,2.0367317213692497,13.933338519745497,14.44732840161772,28.006332472426127,CRUISE,ABNORMAL_VIBRATION,True,0.65,1.0,OK,42,52.36,3600.0,0.028746,0.156959,0.429609,0.039306,10.934387,1.239707
2026-01-01T00:18:31Z,O320_CLASS-SIM-01,O320_CLASS,RAPID_RESPONSE,2962.596499560657,-1.168833395439936,2223.967449793415,0.8622777009889844,116.61216094155564,786.8583000222653,76.78546925669586,64.28469145737027,28.757563331872248,2.1317252073761086,13.94010400077433,14.152980475801483,28.588912842795995,CRUISE,ABNORMAL_VIBRATION,True,0.65,1.0,OK,42,52.39,3600.0,2.421745,3.80222,-0.034494,0.010571,-5.364173,1.335167
2026-01-01T00:18:32Z,O320_CLASS-SIM-01,O320_CLASS,RAPID_RESPONSE,2960.703139776735,-1.4027059276936875,2218.9540327997724,0.8641695794300728,113.41977184694964,783.9367186834123,76.18409427327109,64.72626972721999,28.735909555345025,2.2946523581742015,13.950157405619652,14.601489404934682,28.342816441457032,CRUISE,ABNORMAL_VIBRATION,True,0.65,1.0,OK,42,52.4,3600.0,-0.771197,0.74952,-0.641007,-0.055983,-10.6159,1.497416
2026-01-01T00:18:33Z,O320_CLASS-SIM-01,O320_CLASS,RAPID_RESPONSE,2964.029319033283,-1.1631108622128605,2241.2256466191075,0.863471292476043,114.74328106936136,786.3572452895747,77.19252946305922,64.59591581547394,28.771566475173376,2.1517829176503698,13.994421751704241,14.507645942934756,28.227893291407618,CRUISE,ABNORMAL_VIBRATION,True,0.65,1.0,OK,42,52.41,3600.0,0.36356,3.057742,0.372389,-0.004807,11.885798,1.35483
2026-01-01T00:18:34Z,O320_CLASS-SIM-01,O320_CLASS,RAPID_RESPONSE,2960.260022914129,-1.384561867182329,2236.3973955169977,0.8620034838183088,115.30563280185851,784.665287829584,76.61115874687547,65.4192602449904,28.713895708147074,2.301263554979718,13.969843860398635,13.652077541839196,28.555334287275304,CRUISE,ABNORMAL_VIBRATION,True,0.65,1.0,OK,42,52.4,3600.0,1.448355,1.953617,-0.191073,-0.01711,7.888103,1.505171
2026-01-01T00:18:35Z,O320_CLASS-SIM-01,O320_CLASS,RAPID_RESPONSE,2963.0985303965413,-1.314893128173329,2221.9794187133334,0.8606978453483021,117.21887534049104,780.9830331073144,76.32241008871003,64.37955972198864,28.704159435814947,2.1992804456500483,13.990111751913041,14.285772813824858,28.258326494789088,CRUISE,ABNORMAL_VIBRATION,True,0.65,1.0,OK,42,52.39,3600.0,3.486924,-1.473998,-0.451952,0.012989,-5.237353,1.404126
2026-01-01T00:18:36Z,O320_CLASS-SIM-01,O320_CLASS,RAPID_RESPONSE,2961.932221914159,-1.3187515319109537,2229.138594697945,0.8622859010444045,113.6198839215974,781.7552184359768,76.53615122954827,64.99740487585686,28.823605453216143,2.0491730828051447,13.924416254230731,14.129677072316081,28.639304781086686,CRUISE,ABNORMAL_VIBRATION,True,0.65,1.0,OK,42,52.39,3600.0,-0.295008,-0.983065,-0.235538,0.097345,2.04574,1.253585
2026-01-01T00:18:37Z,O320_CLASS-SIM-01,O320_CLASS,RAPID_RESPONSE,2960.627754363767,-1.2782841875561324,2230.28173571376,0.8635657844349784,113.76215034170346,786.1600398636426,77.00692910413905,64.8359720215509,28.813614074423093,2.2537913821467965,14.007765635216826,14.501033326635703,28.66446189362113,CRUISE,ABNORMAL_VIBRATION,True,0.65,1.0,OK,42,52.39,3600.0,-0.372285,3.104834,0.223012,0.053338,2.621818,1.45757
2026-01-01T00:18:38Z,O320_CLASS-SIM-01,O320_CLASS,RAPID_RESPONSE,2964.2598743559734,-1.3562371222992324,2236.287865263041,0.865177484114583,116.61218708980556,780.8448699609461,77.04697620007998,63.61152319818839,28.808817844331,2.268804307401134,13.974602916875732,13.81496392411789,28.434454935998733,CRUISE,ABNORMAL_VIBRATION,True,0.65,1.0,OK,42,52.39,3600.0,2.221192,-2.548638,0.238334,-0.002967,7.481267,1.471542
2026-01-01T00:18:39Z,O320_CLASS-SIM-01,O320_CLASS,RAPID_RESPONSE,2963.0075019711917,-1.2347107502738937,2245.048593145368,0.8629651919336231,114.71438265303625,783.5038694859112,76.90166157206964,65.93087433677924,28.785426474795017,2.06285183305718,14.01633132943762,14.08990244883647,28.074423911512618,CRUISE,ABNORMAL_VIBRATION,True,0.65,1.0,OK,42,52.37,3600.0,0.53129,0.437085,0.098415,0.028971,16.492209,1.266407
2026-01-01T00:18:40Z,O320_CLASS-SIM-01,O320_CLASS,RAPID_RESPONSE,2961.8516974033196,-1.446247383365688,2214.984442127454,0.8629776736949674,114.21523585178632,786.1949391779975,77.07285672113728,64.61755042624694,28.73662116982503,2.282807016254268,14.001926623792153,14.264743566497634,28.378307939612203,CRUISE,ABNORMAL_VIBRATION,True,0.65,1.0,OK,42,52.36,3600.0,0.268935,3.356593,0.272946,-0.01769,-13.417236,1.486438
2026-01-01T00:18:41Z,O320_CLASS-SIM-01,O320_CLASS,RAPID_RESPONSE,2961.330474777963,-1.1028134648380334,2243.56821065279,0.8643231534753424,113.58209706989892,782.8290590682543,76.65157798653439,63.859175051510626,28.812726392042638,2.302755491484409,13.990293130307103,14.258102717076039,28.185046794389137,CRUISE,ABNORMAL_VIBRATION,True,0.65,1.0,OK,42,52.36,3600.0,-0.908274,-0.646974,-0.160502,0.022164,14.602168,1.505725
2026-01-01T00:18:42Z,O320_CLASS-SIM-01,O320_CLASS,RAPID_RESPONSE,2962.7410254562897,-1.347124573616591,2227.7672073477956,0.8672402210336229,116.6370360347622,785.3159761935763,76.86590201538696,63.05526482034606,28.790373241780028,2.0271166260277442,14.009076082754483,13.763126929558343,28.372062327548438,CRUISE,ABNORMAL_VIBRATION,True,0.65,1.0,OK,42,52.35,3600.0,1.882465,1.383641,0.014385,-0.08664,-3.027788,1.228362
2026-01-01T00:18:43Z,O320_CLASS-SIM-01,O320_CLASS,RAPID_RESPONSE,2962.445254690138,-1.26584526724051,2234.524916474556,0.8656682760019028,114.21415893153119,785.1179417183371,76.5520587092091,64.33806915329471,28.82852880371374,2.25896349752316,13.944265508997615,14.09416906509227,28.466467779738775,CRUISE,ABNORMAL_VIBRATION,True,0.65,1.0,OK,42,52.36,3600.0,-0.434569,1.365813,-0.311156,-0.016231,3.187433,1.460473
2026-01-01T00:18:44Z,O320_CLASS-SIM-01,O320_CLASS,RAPID_RESPONSE,2962.383397095772,-1.4077848362386838,2233.9464853151308,0.8627195964088,112.53914791191131,786.5823743270998,76.37585691338802,63.97914631196278,28.74648802616871,2.2248494273310584,13.933592630492342,14.34177580523492,28.330472597554785,CRUISE,ABNORMAL_VIBRATION,True,0.65,1.0,OK,42,52.37,3600.0,-1.516387,3.613577,-0.464281,-0.019192,3.679221,1.427751
2026-01-01T00:18:45Z,O320_CLASS-SIM-01,O320_CLASS,RAPID_RESPONSE,2965.7611946785305,-1.3592323745884007,2246.1353549740097,0.8597621310004206,112.37648635992294,787.5784672615866,77.00396400328938,64.40885109382148,28.798073467943237,2.154417478430563,13.969109640469716,13.92100624558356,28.436307408966222,CRUISE,ABNORMAL_VIBRATION,True,0.65,1.0,OK,42,52.36,3600.0,-1.268558,5.270105,0.213265,0.119627,18.160921,1.359203
2026-01-01T00:18:46Z,O320_CLASS-SIM-01,O320_CLASS,RAPID_RESPONSE,2965.5412818675723,-1.0553120475657445,2243.12251630058,0.86420592570426,112.80141985718566,787.6174901192906,76.40573769796462,64.40316551468841,28.762718669343776,2.2117693445915814,13.983031007439198,14.222873674833549,28.390294706936377,CRUISE,ABNORMAL_VIBRATION,True,0.65,1.0,OK,42,52.35,3600.0,-1.767182,4.119743,-0.396941,-0.024884,14.592473,1.414919
2026-01-01T00:18:47Z,O320_CLASS-SIM-01,O320_CLASS,RAPID_RESPONSE,2963.59128537957,-1.2974075411024946,2222.7897160107404,0.8631203753425636,114.127794364433,787.7873710394766,76.70789262971662,62.42936746011559,28.84435562448171,2.2700351724110686,13.956157085994938,14.051731373675032,28.170999350622665,CRUISE,ABNORMAL_VIBRATION,True,0.65,1.0,OK,42,52.33,3600.0,-0.016079,4.759489,-0.09251,0.084936,-5.634751,1.473593
2026-01-01T00:18:48Z,O320_CLASS-SIM-01,O320_CLASS,RAPID_RESPONSE,2967.986437224995,-1.2652391397168665,2214.981396158815,0.864147543558634,115.71354535965925,783.5581252587183,76.44966103804687,63.33403867852569,28.727780802044087,2.251336092065453,13.95792287291445,13.740630585940004,28.370388009436994,CRUISE,ABNORMAL_VIBRATION,True,0.65,1.0,OK,42,52.3,3600.0,1.309392,0.245967,-0.358501,-0.062951,-13.802944,1.454369
2026-01-01T00:18:49Z,O320_CLASS-SIM-01,O320_CLASS,RAPID_RESPONSE,2965.5554705222758,-1.3420697697679482,2220.6575620082285,0.8613378186660627,115.5659301057335,783.7762488749082,77.00040631209245,64.31975717023047,28.789076903353706,2.22943108455856,13.953883309778861,14.450816149029485,28.524686173006295,CRUISE,ABNORMAL_VIBRATION,True,0.65,1.0,OK,42,52.29,3600.0,1.710961,1.173011,0.215815,0.076402,-7.033652,1.433845
2026-01-01T00:18:50Z,O320_CLASS-SIM-01,O320_CLASS,RAPID_RESPONSE,2963.775327626826,-1.3076938514211927,2235.472510972196,0.8672033129035849,116.39615116173924,781.1585005117813,77.31761774069388,64.16791120708861,28.8239590385938,2.272621523482771,13.922124665279782,14.296358228736361,28.463081869525805,CRUISE,ABNORMAL_VIBRATION,True,0.65,1.0,OK,42,52.28,3600.0,1.639692,-2.742674,0.48666,-0.044406,5.631009,1.47428
2026-01-01T00:18:51Z,O320_CLASS-SIM-01,O320_CLASS,RAPID_RESPONSE,2965.842782990474,-1.3151220672705948,2216.12233014237,0.8647799334458003,114.50412776949857,780.8328637423166,76.67591376972517,64.24165683515744,28.742852174603282,2.1173028453776475,13.90753100358576,14.495496739540277,28.314343512356114,CRUISE,ABNORMAL_VIBRATION,True,0.65,1.0,OK,42,52.28,3600.0,0.029284,-2.636408,-0.161778,-0.073288,-14.031505,1.319568
2026-01-01T00:18:52Z,O320_CLASS-SIM-01,O320_CLASS,RAPID_RESPONSE,2964.4885358778306,-1.6488505071523307,2236.866135594097,0.8645024264916906,114.50228257527426,785.2878721783902,77.14925962993813,64.27065678996587,28.757119029463084,2.2480245853304766,13.972642640465848,14.506675768634807,28.29625138841821,CRUISE,ABNORMAL_VIBRATION,True,0.65,1.0,OK,42,52.29,3600.0,0.414846,2.206336,0.309197,-0.052292,6.602377,1.450344
2026-01-01T00:18:53Z,O320_CLASS-SIM-01,O320_CLASS,RAPID_RESPONSE,2968.6168325109916,-1.2256408855958931,2231.615999736169,0.8681700072944363,116.2285034965722,787.3157040985292,76.48450533889526,65.86590446133144,28.76476469575436,2.1435223946087936,13.89522232439481,14.238267274479654,28.148913520648204,CRUISE,ABNORMAL_VIBRATION,True,0.65,1.0,OK,42,52.28,3600.0,1.063475,2.948173,-0.394975,-0.151235,-0.475819,1.343852
2026-01-01T00:18:54Z,O320_CLASS-SIM-01,O320_CLASS,RAPID_RESPONSE,2967.279047409487,-1.4575681033189851,2242.889487905497,0.8644364812590868,116.97696537301627,780.5520498873508,77.42187305882585,62.667040679279054,28.77832512328292,2.076981823744057,13.946546478089887,14.026847141127352,28.173938942552365,CRUISE,ABNORMAL_VIBRATION,True,0.65,1.0,OK,42,52.25,3600.0,2.592956,-2.824469,0.553433,-0.044017,11.309639,1.278724
2026-01-01T00:18:55Z,O320_CLASS-SIM-01,O320_CLASS,RAPID_RESPONSE,2965.041684471241,-1.3514169310926285,2229.3735348893974,0.8656342670201302,114.59136973007598,786.0163896140358,76.2095811987378,63.75988726925273,28.802517428279515,2.326463756445631,13.934135318359482,14.388765179745121,28.23118515479701,CRUISE,ABNORMAL_VIBRATION,True,0.65,1.0,OK,42,52.24,3600.0,-0.036148,2.301216,-0.664519,-0.048372,-2.468788,1.527738
2026-01-01T00:18:56Z,O320_CLASS-SIM-01,O320_CLASS,RAPID_RESPONSE,2966.0297218536766,-1.2137303226979634,2228.4320824345673,0.8622345986103661,113.56453672285417,780.4159764221953,76.64120326355166,64.98332255073957,28.77824055720037,2.231392862430633,13.975438025883014,14.001463149894082,28.063234708350333,CRUISE,ABNORMAL_VIBRATION,True,0.65,1.0,OK,42,52.23,3600.0,-0.683049,-2.683894,-0.200279,0.020134,-1.89752,1.434381
2026-01-01T00:18:57Z,O320_CLASS-SIM-01,O320_CLASS,RAPID_RESPONSE,2966.070035913262,-1.3891774351566926,2222.331485643143,0.8652160081076877,115.39331473939562,788.6105969995112,76.49266473582863,65.3783258833465,28.844622264927395,2.1427423535524572,13.97414802991615,14.463984792688635,28.301496979389857,CRUISE,ABNORMAL_VIBRATION,True,0.65,1.0,OK,42,52.21,3600.0,0.901117,5.089053,-0.357184,0.012896,-8.386147,1.344624
2026-01-01T00:18:58Z,O320_CLASS-SIM-01,O320_CLASS,RAPID_RESPONSE,2967.5202800590455,-1.3843122533792556,2209.3772628425118,0.8633684564604902,113.37259493926126,780.3829559830812,76.96568053456875,62.93636970959886,28.80440878866655,2.3351023824882153,13.947920970213838,14.13725072978999,28.13153228763034,CRUISE,ABNORMAL_VIBRATION,True,0.65,1.0,OK,42,52.19,3600.0,-0.866549,-2.752466,0.130076,0.020811,-20.679766,1.537836
2026-01-01T00:18:59Z,O320_CLASS-SIM-01,O320_CLASS,RAPID_RESPONSE,2969.114925894466,-1.263826580773528,2230.289794307594,0.8642048389604045,113.449369115568,779.2641116643207,77.17838192255586,64.64544652452182,28.736382762262565,2.1561758470434595,13.997651368584744,14.437030340199936,28.225111410995904,CRUISE,ABNORMAL_VIBRATION,True,0.65,1.0,OK,42,52.17,3600.0,-1.043892,-4.155584,0.344668,-0.067492,0.320435,1.358667
2026-01-01T00:19:00Z,O320_CLASS-SIM-01,O320_CLASS,RAPID_RESPONSE,2966.0208266858167,-1.4912330645903038,2225.6386115389864,0.8660992374411774,113.34196252470342,781.561367694796,76.54734085929681,63.6661394755925,28.7616352874108,2.070789592619258,13.992428363273088,14.115426750183042,28.681395213119572,CRUISE,ABNORMAL_VIBRATION,True,0.65,1.0,OK,42,52.16,3600.0,-1.174985,-2.039394,-0.306373,-0.092438,-5.258278,1.272316
2026-01-01T00:19:01Z,O320_CLASS-SIM-01,O320_CLASS,RAPID_RESPONSE,2966.7581620206934,-1.0568904445966312,2239.2006090909204,0.8623247801304568,113.737853617095,780.7393729288888,76.42882748227447,64.08809169941043,28.762277374882036,2.1182616745492533,14.028688123744748,14.086029719478434,28.319096664686157,CRUISE,ABNORMAL_VIBRATION,True,0.65,1.0,OK,42,52.17,3600.0,-0.657016,-2.491729,-0.398679,0.007291,9.519142,1.321494
2026-01-01T00:19:02Z,O320_CLASS-SIM-01,O320_CLASS,RAPID_RESPONSE,2967.8437126329486,-1.3371413779537227,2225.1442485740945,0.8631158322700425,114.190247721832,785.0452136486581,76.88229480890804,64.6490552497721,28.759797999499778,2.1248021705329885,13.952629193327779,14.400963815263196,28.35737798946641,CRUISE,ABNORMAL_VIBRATION,True,0.65,1.0,OK,42,52.19,3600.0,-0.022096,1.97321,0.065593,-0.010182,-4.036136,1.32799
2026-01-01T00:19:03Z,O320_CLASS-SIM-01,O320_CLASS,RAPID_RESPONSE,2968.81050676585,-1.3269960439922222,2227.070787583674,0.8631561259425922,114.13595148091898,781.6263741135676,77.09601786574537,64.74514202932852,28.848527366271323,2.16642976757577,13.979846925627747,13.672178534342118,28.43307089247028,CRUISE,ABNORMAL_VIBRATION,True,0.65,1.0,OK,42,52.21,3600.0,-0.089271,-1.443712,0.287012,0.079984,-1.752683,1.369749
2026-01-01T00:19:04Z,O320_CLASS-SIM-01,O320_CLASS,RAPID_RESPONSE,2967.1272961396585,-1.4481787660649434,2230.539935087926,0.8618257849979385,113.28938970541246,781.8018688358397,77.08055887784558,63.333421347608535,28.75567278381744,2.21539807873585,13.984435887379558,14.36072031749051,28.033151976521978,CRUISE,ABNORMAL_VIBRATION,True,0.65,1.0,OK,42,52.24,3600.0,-0.563047,-0.816788,0.290708,0.027933,2.604812,1.419537
2026-01-01T00:19:05Z,O320_CLASS-SIM-01,O320_CLASS,RAPID_RESPONSE,2971.144383704866,-1.3938620632174954,2229.7099014792357,0.8611645105615615,114.64060448269932,789.3827120828275,76.83822557090208,63.708907947693625,28.74581848681328,1.9545256876587693,14.003293463492707,14.226237705247557,28.150839379355446,CRUISE,ABNORMAL_VIBRATION,True,0.65,1.0,OK,42,52.27,3600.0,0.810184,6.884439,0.070673,0.039408,2.808928,1.159276
2026-01-01T00:19:06Z,O320_CLASS-SIM-01,O320_CLASS,RAPID_RESPONSE,2968.3167924060767,-1.30167589709593,2235.2129597643107,0.8607138931983991,115.52716313871616,782.7656867917717,76.41391288556422,63.69968626523551,28.843900282788404,2.1171111203083486,13.937853177199056,14.385439907705925,28.34037244672311,CRUISE,ABNORMAL_VIBRATION,True,0.65,1.0,OK,42,52.3,3600.0,1.758623,0.347916,-0.333782,0.158928,9.232929,1.322429
2026-01-01T00:19:07Z,O320_CLASS-SIM-01,O320_CLASS,RAPID_RESPONSE,2968.918958878433,-1.1609688452331068,2235.7927965025406,0.8636521993264541,113.45202491939891,781.8394402611681,76.89853158673371,63.021347869821554,28.821907892239963,2.3900468729245654,13.95271672165347,14.23559725167246,28.485504027279525,CRUISE,ABNORMAL_VIBRATION,True,0.65,1.0,OK,42,52.31,3600.0,-0.90054,-1.339849,0.133948,0.060365,9.029515,1.594097
2026-01-01T00:19:08Z,O320_CLASS-SIM-01,O320_CLASS,RAPID_RESPONSE,2973.303711628222,-1.0738602070838021,2213.747565842309,0.8623318555863079,114.78355554929698,781.7400898737905,77.49641880754531,65.37144379694789,28.713768219238446,2.0860651013235207,13.937294144635786,14.097066168373134,28.273548704841193,CRUISE,ABNORMAL_VIBRATION,True,0.65,1.0,OK,42,52.32,3600.0,0.457214,-1.29284,0.73536,-0.019219,-12.852282,1.290555
2026-01-01T00:19:09Z,O320_CLASS-SIM-01,O320_CLASS,RAPID_RESPONSE,2972.0663075070406,-1.4423966836870585,2206.6353057138995,0.8597274217720382,112.94459646228053,781.3268356150453,76.85683284655691,63.20116110181134,28.6930557937733,2.183036265607992,13.926296550561034,14.006502027976632,28.217500289987925,CRUISE,ABNORMAL_VIBRATION,True,0.65,1.0,OK,42,52.32,3600.0,-0.572793,-0.731561,0.125698,0.034847,-18.576763,1.388956
2026-01-01T00:19:10Z,O320_CLASS-SIM-01,O320_CLASS,RAPID_RESPONSE,2971.9330561249317,-1.4592759686070034,2224.6459674236125,0.8618200075502193,115.14504904577768,782.570798035189,77.2008927803182,63.140152680574325,28.750188608716478,2.1384437978636095,13.922970189835157,14.127524922269684,28.56676241098026,CRUISE,ABNORMAL_VIBRATION,True,0.65,1.0,OK,42,52.33,3600.0,1.364829,0.129274,0.468894,0.042669,-0.606151,1.34369
2026-01-01T00:19:11Z,O320_CLASS-SIM-01,O320_CLASS,RAPID_RESPONSE,2969.884657959632,-1.3316843848418016,2216.946326682519,0.8599651423397899,113.22551288331672,781.8219705000585,76.61703190709908,63.87828143207361,28.66928644182213,2.0546202860869913,13.974789729451269,13.80411866657084,28.25328124663271,CRUISE,ABNORMAL_VIBRATION,True,0.65,1.0,OK,42,52.36,3600.0,-0.356634,-0.317567,-0.096501,0.014837,-7.44939,1.260839
2026-01-01T00:19:12Z,O320_CLASS-SIM-01,O320_CLASS,RAPID_RESPONSE,2971.867837068479,-1.4316257525892637,2230.1138152898234,0.8598148902983728,115.23218369703304,783.8518618319672,76.80018234525285,64.95600851555552,28.734281774481865,2.2269348240939673,14.000898706551043,14.603148671443408,28.202267304297898,CRUISE,ABNORMAL_VIBRATION,True,0.65,1.0,OK,42,52.37,3600.0,1.775147,1.880594,0.102261,0.088153,6.442081,1.433492
2026-01-01T00:19:13Z,O320_CLASS-SIM-01,O320_CLASS,RAPID_RESPONSE,2971.52250683746,-1.1592489095160716,2226.6939018795624,0.8640198648481638,115.09835698447614,781.522030696647,76.94427713745051,64.04825261689177,28.688951970227873,2.0678600498028255,13.94013527337672,14.374364503485893,28.450216549660148,CRUISE,ABNORMAL_VIBRATION,True,0.65,1.0,OK,42,52.39,3600.0,0.731302,-1.634208,0.212537,-0.069673,1.453777,1.272424
2026-01-01T00:19:14Z,O320_CLASS-SIM-01,O320_CLASS,RAPID_RESPONSE,2973.0825413351545,-1.2517082622350235,2230.559115417011,0.8633593537033425,114.64681751896052,784.1066308972088,76.21344952190387,63.41806176134819,28.697395509994966,2.2444098957444956,14.009316187598118,13.599249914391622,28.540464887932878,CRUISE,ABNORMAL_VIBRATION,True,0.65,1.0,OK,42,52.41,3600.0,0.394737,1.100595,-0.535021,-0.054192,4.543078,1.44883
2026-01-01T00:19:15Z,O320_CLASS-SIM-01,O320_CLASS,RAPID_RESPONSE,2972.3523042825195,-1.1675364715706376,2231.2456865543145,0.8656585678849776,114.40522028443559,779.5000207597308,76.73159957865222,64.45983704820786,28.73708974633164,2.3554570086151454,13.957707666514901,13.991911952232847,28.142575815235663,CRUISE,ABNORMAL_VIBRATION,True,0.65,1.0,OK,42,52.44,3600.0,-0.315608,-4.149169,-0.053748,-0.083377,3.519405,1.558424
2026-01-01T00:19:16Z,O320_CLASS-SIM-01,O320_CLASS,RAPID_RESPONSE,2971.8990494129725,-1.290478273708974,2211.456260533593,0.8611911699298926,111.75332714961614,781.3564024067385,77.25144659770464,63.09547186677312,28.782092017758675,2.413543250631937,14.003270136096836,14.173445048432331,28.43396762342332,CRUISE,ABNORMAL_VIBRATION,True,0.65,1.0,OK,42,52.43,3600.0,-2.188629,-1.244436,0.487122,0.075744,-15.295018,1.618341
2026-01-01T00:19:17Z,O320_CLASS-SIM-01,O320_CLASS,RAPID_RESPONSE,2970.6967985476676,-1.5588957958951792,2227.2984267823763,0.8635220888518045,115.45847091036894,781.4676169893071,76.84853009742343,64.16870700584725,28.739410573112124,2.1566938235884647,13.934008261366419,14.209271010558377,28.334189840145644,CRUISE,ABNORMAL_VIBRATION,True,0.65,1.0,OK,42,52.45,3600.0,1.468189,-1.335128,0.074003,-0.024862,0.073962,1.360567
2026-01-01T00:19:18Z,O320_CLASS-SIM-01,O320_CLASS,RAPID_RESPONSE,2972.3558553669386,-1.2247370346996376,2235.2289428513595,0.8640531652903637,112.89008187810622,783.1290697272983,76.40525050608248,64.1157143737083,28.69964971033357,2.4106568563851862,13.983134745104172,14.426868973728586,28.462420550449217,CRUISE,ABNORMAL_VIBRATION,True,0.65,1.0,OK,42,52.46,3600.0,-1.562548,-0.16278,-0.381702,-0.083813,7.428243,1.614097
2026-01-01T00:19:19Z,O320_CLASS-SIM-01,O320_CLASS,RAPID_RESPONSE,2972.874523713063,-1.390164212851863,2240.8775302996874,0.8623417183716129,112.51134511110574,785.3890552778485,76.8259846539417,65.24027871953004,28.756221314745652,2.1128863022997395,14.00540383018626,13.753282583866424,28.216587790773826,CRUISE,ABNORMAL_VIBRATION,True,0.65,1.0,OK,42,52.46,3600.0,-1.532323,2.617533,0.04856,0.016488,13.518713,1.31705
2026-01-01T00:19:20Z,O320_CLASS-SIM-01,O320_CLASS,RAPID_RESPONSE,2972.2139290871905,-1.6573042948283183,2233.8666019123943,0.8615306658175368,115.21911147892389,783.8335379715186,77.0099826565542,63.66825670696757,28.70490672817797,2.2023553980690638,13.987180656613173,14.124581225287834,28.198831593354587,CRUISE,ABNORMAL_VIBRATION,True,0.65,1.0,OK,42,52.46,3600.0,1.598665,1.540255,0.247848,-0.008766,7.216885,1.407087
2026-01-01T00:19:21Z,O320_CLASS-SIM-01,O320_CLASS,RAPID_RESPONSE,2972.0109966724262,-1.2991374524633317,2222.386102318964,0.8624755664442681,113.84196316410721,781.740177772677,76.88329840533163,64.4732324578634,28.840429406009118,2.3461053000033116,14.007401486490515,13.931804224140437,28.0637102371662,CRUISE,ABNORMAL_VIBRATION,True,0.65,1.0,OK,42,52.47,3600.0,-0.257746,-1.08684,0.122003,0.105122,-4.224707,1.550559
2026-01-01T00:19:22Z,O320_CLASS-SIM-01,O320_CLASS,RAPID_RESPONSE,2974.052428690494,-1.202777394859114,2232.365389745719,0.8650153557372458,111.08047107286184,785.9741310787642,76.89861337058142,62.79147144097092,28.77738824338127,2.1172184205107802,13.971013301357445,14.385509228699409,28.368123174806243,CRUISE,ABNORMAL_VIBRATION,True,0.65,1.0,OK,42,52.46,3600.0,-3.551145,2.465046,0.111517,-0.030239,4.558003,1.320335
2026-01-01T00:19:23Z,O320_CLASS-SIM-01,O320_CLASS,RAPID_RESPONSE,2972.12938669092,-1.3546549986684953,2213.7523893275734,0.8638642613272554,115.79771752136337,779.7284927335475,76.49449418263463,63.317839614310756,28.717562898585214,2.2636104585169736,13.94626975483232,14.298142142221202,28.46311875755988,CRUISE,ABNORMAL_VIBRATION,True,0.65,1.0,OK,42,52.44,3600.0,1.486886,-3.420282,-0.299571,-0.064266,-14.378174,1.46697
2026-01-01T00:19:24Z,O320_CLASS-SIM-01,O320_CLASS,RAPID_RESPONSE,2976.2558134951682,-1.5026477992260792,2237.71843823595,0.8654718271094349,115.97919680374449,782.4280195552185,76.460994092217,63.233395099776715,28.684215547859914,2.251760189431999,13.984982790586752,14.460926901013934,28.23020815284133,CRUISE,ABNORMAL_VIBRATION,True,0.65,1.0,OK,42,52.41,3600.0,1.483309,-0.978124,-0.353781,-0.147807,8.627417,1.454156
2026-01-01T00:19:25Z,O320_CLASS-SIM-01,O320_CLASS,RAPID_RESPONSE,2974.8096924671045,-1.3522683446504289,2221.486221958851,0.8639847265727487,114.54722636398297,783.1675486731068,76.90370467976783,64.51020206069374,28.76862279202106,2.0142346482977045,13.986422498052436,14.197406545701247,28.237579225036093,CRUISE,ABNORMAL_VIBRATION,True,0.65,1.0,OK,42,52.41,3600.0,0.12512,-0.094188,0.089387,-0.026979,-7.58358,1.217123
2026-01-01T00:19:26Z,O320_CLASS-SIM-01,O320_CLASS,RAPID_RESPONSE,2975.483619669444,-1.286688166851027,2235.1601918644706,0.8603944612298021,115.69761720117243,782.8613409230883,76.55657265419241,63.585487619423695,28.68732897089283,2.081249062667012,13.979840045000445,14.628064375692558,28.05985929168537,CRUISE,ABNORMAL_VIBRATION,True,0.65,1.0,OK,42,52.41,3600.0,1.773405,0.34628,-0.218813,-0.008163,7.895913,1.286039
2026-01-01T00:19:27Z,O320_CLASS-SIM-01,O320_CLASS,RAPID_RESPONSE,2973.97118352293,-1.2273418867075652,2226.0782871189176,0.8641291559448678,113.98139878473704,781.3422907473652,76.66734858847823,62.10627562610092,28.67926957814264,2.315379897641918,13.995260451215966,14.483662082456645,28.368361941445592,CRUISE,ABNORMAL_VIBRATION,True,0.65,1.0,OK,42,52.4,3600.0,-0.507348,-1.975346,-0.120453,-0.107778,-1.761807,1.518762
2026-01-01T00:19:28Z,O320_CLASS-SIM-01,O320_CLASS,RAPID_RESPONSE,2972.277272349946,-1.437049921177013,2236.978088953521,0.8656799709112295,115.7344680668276,782.1936629630362,76.23370659222583,63.976494984149795,28.736230601821514,2.252443936946656,13.966322602496597,14.135568690289379,28.312985762907495,CRUISE,ABNORMAL_VIBRATION,True,0.65,1.0,OK,42,52.4,3600.0,1.212583,-1.287621,-0.580216,-0.09676,7.926627,1.454833
2026-01-01T00:19:29Z,O320_CLASS-SIM-01,O320_CLASS,RAPID_RESPONSE,2976.52571417057,-1.249552505609283,2220.5220065135077,0.8602921666181562,115.73978829058184,778.6721256845137,77.41008745649751,62.4775104181391,28.705309668623393,2.3662634739305375,13.959484528069,13.801557055302062,28.3656556707523,CRUISE,ABNORMAL_VIBRATION,True,0.65,1.0,OK,42,52.37,3600.0,1.779313,-3.861697,0.636452,0.012029,-6.661087,1.571109
2026-01-01T00:19:30Z,O320_CLASS-SIM-01,O320_CLASS,RAPID_RESPONSE,2976.2909827031767,-1.3776453385043916,2221.26439139555,0.8623117403818912,113.39263934720385,788.8514955545812,76.65763317389988,63.7041009603268,28.706501411215665,2.3655608002372928,13.910287673264888,14.219812256177018,28.265527914539106,CRUISE,ABNORMAL_VIBRATION,True,0.65,1.0,OK,42,52.35,3600.0,-0.688698,6.087982,-0.108657,-0.030879,-5.578059,1.569921
2026-01-01T00:19:31Z,O320_CLASS-SIM-01,O320_CLASS,RAPID_RESPONSE,2974.319926298064,-1.469819121137139,2228.728866700828,0.8606257109151851,114.39824913903321,787.0784820822432,76.82053189517477,62.83734971561705,28.69028991749313,2.086141653840232,13.948878034538396,14.167235540225672,28.34801782005907,CRUISE,ABNORMAL_VIBRATION,True,0.65,1.0,OK,42,52.33,3600.0,0.721254,4.818545,0.076838,0.003735,2.934374,1.291504
2026-01-01T00:19:32Z,O320_CLASS-SIM-01,O320_CLASS,RAPID_RESPONSE,2979.315368652255,-1.349235198440432,2216.9131454939143,0.8646356545885394,115.59822898790009,783.3271420398255,76.65238548371504,64.49525002314496,28.721122270867394,2.0855964243530103,13.976334725405255,14.351572910218351,28.51704443747058,CRUISE,ABNORMAL_VIBRATION,True,0.65,1.0,OK,42,52.32,3600.0,1.122393,0.064752,-0.116088,-0.074421,-10.030565,1.28915
2026-01-01T00:19:33Z,O320_CLASS-SIM-01,O320_CLASS,RAPID_RESPONSE,2975.887989319698,-1.3164720280176336,2228.050565142624,0.862472352420995,114.21625373927014,782.8293098037511,76.83429464779132,64.58681095858553,28.791737187617123,2.0889597299510934,13.954246865381641,14.022136006812882,28.21576047923942,CRUISE,ABNORMAL_VIBRATION,True,0.65,1.0,OK,42,52.34,3600.0,0.0633,-0.016863,0.06986,0.051729,1.294184,1.29331
2026-01-01T00:19:34Z,O320_CLASS-SIM-01,O320_CLASS,RAPID_RESPONSE,2974.824630125718,-1.3484830337384568,2229.8402005385424,0.8619649327713346,114.06350394218325,783.7729977117949,77.3126944384312,63.65550776566882,28.671188774378525,2.126425633119376,14.015908153336941,13.836840926768446,28.397861672801536,CRUISE,ABNORMAL_VIBRATION,True,0.65,1.0,OK,42,52.36,3600.0,0.046997,1.089805,0.556208,-0.052617,3.452442,1.331106
2026-01-01T00:19:35Z,O320_CLASS-SIM-01,O320_CLASS,RAPID_RESPONSE,2979.250097357155,-1.7086661117451167,2229.2248879648955,0.8634554985228234,113.74927802770519,781.1012447822271,76.51063332041099,63.72551787809917,28.713711166089098,2.2422430312701653,13.949052467567267,14.424042085707194,28.117906993011513,CRUISE,ABNORMAL_VIBRATION,True,0.65,1.0,OK,42,52.4,3600.0,-0.199839,-1.56504,-0.254467,-0.052648,2.437632,1.446236
2026-01-01T00:19:36Z,O320_CLASS-SIM-01,O320_CLASS,RAPID_RESPONSE,2975.1541901428704,-1.174537789470407,2224.344437186584,0.8614457576372572,113.93244649935036,783.2309688960448,76.5359294994746,64.39017089004432,28.679749445432417,2.1057210785698697,13.89293124750243,14.418681510609314,28.27338815248823,CRUISE,ABNORMAL_VIBRATION,True,0.65,1.0,OK,42,52.44,3600.0,-0.181452,0.488101,-0.215371,-0.029985,-1.802811,1.310665
2026-01-01T00:19:37Z,O320_CLASS-SIM-01,O320_CLASS,RAPID_RESPONSE,2979.0474841799337,-1.2857889446351933,2230.216562280958,0.8621802161386185,114.52760662455137,780.2950022379299,76.27573032457721,63.901594581863456,28.692920380423715,2.3007146941814245,13.970611878354742,13.945780010287496,28.258800244058747,CRUISE,ABNORMAL_VIBRATION,True,0.65,1.0,OK,42,52.48,3600.0,0.371325,-2.490922,-0.472085,-0.036042,4.230927,1.505456
2026-01-01T00:19:38Z,O320_CLASS-SIM-01,O320_CLASS,RAPID_RESPONSE,2978.5063881798606,-1.369195152417045,2227.9294943695036,0.8623066212582368,112.38877228750044,777.3113881422802,76.59340991370446,64.42792686110187,28.707837391907386,2.4051318670012574,13.957936355112437,14.463477538579907,28.472046834325546,CRUISE,ABNORMAL_VIBRATION,True,0.65,1.0,OK,42,52.5,3600.0,-1.689849,-5.408208,-0.153441,-0.023202,1.988595,1.609859
2026-01-01T00:19:39Z,O320_CLASS-SIM-01,O320_CLASS,RAPID_RESPONSE,2980.1483588691904,-1.5412410308453341,2225.830126809185,0.8645884041178217,114.38020061473865,784.0649857813355,76.18635042205143,65.51161803747947,28.685433786570933,1.9193936384645733,13.948794594873842,13.51158575810953,28.13622256105734,CRUISE,ABNORMAL_VIBRATION,True,0.65,1.0,OK,42,52.52,3600.0,0.085475,0.992882,-0.583592,-0.110365,-1.181698,1.122923
2026-01-01T00:19:40Z,O320_CLASS-SIM-01,O320_CLASS,RAPID_RESPONSE,2982.6737465856354,-1.4194399790593435,2214.2081807722248,0.8621669978895343,112.97184893731855,784.8308206420398,76.3843392726232,64.19022648468527,28.666696236790962,2.4446775522309387,13.9744224898279,14.086358503864263,28.25477761526014,CRUISE,ABNORMAL_VIBRATION,True,0.65,1.0,OK,42,52.53,3600.0,-1.137223,2.115452,-0.375457,-0.070234,-12.333117,1.649145
2026-01-01T00:19:41Z,O320_CLASS-SIM-01,O320_CLASS,RAPID_RESPONSE,2978.270129125655,-1.4782904611245649,2219.2607822485356,0.865446604790871,113.38190309538165,777.3364121664947,76.27242196414834,64.71287266377483,28.71047968661229,2.2578195423468532,13.994393623289437,13.92772157195767,28.393314036991878,CRUISE,ABNORMAL_VIBRATION,True,0.65,1.0,OK,42,52.51,3600.0,-1.106138,-6.014976,-0.516685,-0.111894,-8.639847,1.460716
2026-01-01T00:19:42Z,O320_CLASS-SIM-01,O320_CLASS,RAPID_RESPONSE,2978.3632546403983,-1.2794915203601671,2222.376353284974,0.8615803937137807,115.02502657391241,784.5204584087526,76.67128975430316,63.590447510592305,28.80209998834527,2.156449164846732,13.947550347308193,13.958020428213548,28.451916036269466,CRUISE,ABNORMAL_VIBRATION,True,0.65,1.0,OK,42,52.51,3600.0,0.903345,1.775097,-0.097584,0.078951,-4.585909,1.360966
2026-01-01T00:19:43Z,O320_CLASS-SIM-01,O320_CLASS,RAPID_RESPONSE,2979.802729758709,-1.3921255418615033,2226.3627172199667,0.862712630786311,113.96866547519407,785.6500506793298,77.23984826275576,64.3903104483764,28.7899252971975,2.2227703695098078,13.979979943840414,14.371683932307175,28.450767189524928,CRUISE,ABNORMAL_VIBRATION,True,0.65,1.0,OK,42,52.51,3600.0,-0.208432,2.8022,0.473963,0.040178,-0.460943,1.426975
2026-01-01T00:19:44Z,O320_CLASS-SIM-01,O320_CLASS,RAPID_RESPONSE,2981.2681786157877,-1.2746337901999176,2241.0374225560595,0.8609311904400511,113.84625370121043,782.0949946094935,76.58753796601194,62.370835852324014,28.788979345382042,2.1493143655696265,13.964349873376273,13.764382925490228,28.39074885016298,CRUISE,ABNORMAL_VIBRATION,True,0.65,1.0,OK,42,52.5,3600.0,-0.181515,-0.467055,-0.15664,0.08888,15.220456,1.354498
2026-01-01T00:19:45Z,O320_CLASS-SIM-01,O320_CLASS,RAPID_RESPONSE,2978.98063610482,-1.5414260346481021,2226.872628453417,0.8605826578231617,113.33935385210917,783.0511822942358,77.05341258485747,63.30418665841374,28.669723257693487,2.096440160894884,13.975418416246505,14.484815418959009,28.136672099581727,CRUISE,ABNORMAL_VIBRATION,True,0.65,1.0,OK,42,52.5,3600.0,-0.293069,0.901006,0.327768,-0.01237,1.915182,1.302128
2026-01-01T00:19:46Z,O320_CLASS-SIM-01,O320_CLASS,RAPID_RESPONSE,2979.946329771375,-1.1963834189900353,2241.040121424365,0.8599714899590544,113.13759651173258,783.5648961141009,76.5009715538517,63.348575234372426,28.73055320688062,2.399491345505986,13.91994178301191,14.492988582787365,28.210886211047185,CRUISE,ABNORMAL_VIBRATION,True,0.65,1.0,OK,42,52.49,3600.0,-0.725327,1.248322,-0.204455,0.070436,17.020344,1.605764
2026-01-01T00:19:47Z,O320_CLASS-SIM-01,O320_CLASS,RAPID_RESPONSE,2981.206518569718,-1.135843291305621,2227.7954395624147,0.8613362348348185,114.88180753777856,782.1696681593073,76.9392612657303,63.78926945616151,28.760434135453593,2.086109618757794,13.928806016469455,13.765451418236463,28.288367239701984,CRUISE,ABNORMAL_VIBRATION,True,0.65,1.0,OK,42,52.5,3600.0,0.756185,-0.474018,0.234264,0.067384,3.795586,1.291949
2026-01-01T00:19:48Z,O320_CLASS-SIM-01,O320_CLASS,RAPID_RESPONSE,2978.6580736241663,-1.479965212450496,2216.2702689672046,0.8648641143638395,112.8270062699338,779.3766573616152,76.82870832239978,65.29952482301054,28.710619969556816,2.0949293768193487,13.99791980265323,14.336519361379434,28.360373967757898,CRUISE,ABNORMAL_VIBRATION,True,0.65,1.0,OK,42,52.49,3600.0,-1.477147,-3.707658,0.085419,-0.079052,-9.505451,1.298921
2026-01-01T00:19:49Z,O320_CLASS-SIM-01,O320_CLASS,RAPID_RESPONSE,2980.343420124331,-1.3095163669670613,2214.1815533116705,0.8606309557795218,115.72940370264563,785.8384414507849,76.90301887946536,62.40363859437138,28.655059098908062,2.204176465070879,13.954031521810553,13.80363777533021,28.259344733251233,CRUISE,ABNORMAL_VIBRATION,True,0.65,1.0,OK,42,52.46,3600.0,1.837816,3.440015,0.177986,-0.02912,-10.747507,1.409847
2026-01-01T00:19:50Z,O320_CLASS-SIM-01,O320_CLASS,RAPID_RESPONSE,2984.1324243387144,-1.3195042481008252,2226.755928667863,0.8598167410138149,112.04069253335258,779.5034069613068,76.05492145918862,64.00420348099142,28.73371133618902,2.0974369722067063,13.963605487179047,14.482767586904243,28.58967647060077,CRUISE,ABNORMAL_VIBRATION,True,0.65,1.0,OK,42,52.43,3600.0,-1.7381,-2.676732,-0.646915,0.075018,2.90265,1.303786
2026-01-01T00:19:51Z,O320_CLASS-SIM-01,O320_CLASS,RAPID_RESPONSE,2982.9016472721555,-1.407575281942958,2230.847640439777,0.8645290167927527,111.59462619491983,786.2695090721126,76.5074945366768,63.513258634587714,28.695817536874266,2.143417307405414,13.92581569390308,14.043594227819588,28.374543533421047,CRUISE,ABNORMAL_VIBRATION,True,0.65,1.0,OK,42,52.4,3600.0,-2.788916,3.172948,-0.228414,-0.08666,5.414218,1.347617
2026-01-01T00:19:52Z,O320_CLASS-SIM-01,O320_CLASS,RAPID_RESPONSE,2982.338438884493,-1.3259466059145626,2222.2885489331857,0.8631863617038671,115.26682491648462,785.0458733767106,76.89502553239481,64.68939684047011,28.756163873117842,2.543989998390698,13.995680748448983,14.091890339734933,28.15873014827947,CRUISE,ABNORMAL_VIBRATION,True,0.65,1.0,OK,42,52.38,3600.0,0.96568,2.091427,0.148725,0.001302,-3.626842,1.748411
2026-01-01T00:19:53Z,O320_CLASS-SIM-01,O320_CLASS,RAPID_RESPONSE,2981.8834218929937,-1.4345560881283563,2228.9091726083507,0.8603719742821081,115.42556371266905,779.0713063664734,76.06962358690828,63.82724372971829,28.669529818734652,2.0385970684245316,13.940012052832047,13.922983587779312,28.29673228573912,CRUISE,ABNORMAL_VIBRATION,True,0.65,1.0,OK,42,52.37,3600.0,1.671287,-3.159338,-0.65426,-0.009459,4.0334,1.244355
2026-01-01T00:19:54Z,O320_CLASS-SIM-01,O320_CLASS,RAPID_RESPONSE,2981.608976357211,-1.467378090245447,2224.716361045888,0.8637745148875026,115.75567112914437,782.9050717385559,76.81150311895334,63.7858407324032,28.734767148353665,2.1715679552015477,13.998884997410705,13.64045759266793,28.2597675749069,CRUISE,ABNORMAL_VIBRATION,True,0.65,1.0,OK,42,52.37,3600.0,1.534235,-0.007674,0.067316,-0.032353,-1.101029,1.375854
2026-01-01T00:19:55Z,O320_CLASS-SIM-01,O320_CLASS,RAPID_RESPONSE,2983.3130176079244,-1.3921701068588292,2217.179398550775,0.8591208433610957,114.95418887245444,780.6337773237152,76.01797793268541,64.61470247204298,28.73270082740339,2.2771058756529294,13.931658434872261,14.08355212777295,28.4770104826885,CRUISE,ABNORMAL_VIBRATION,True,0.65,1.0,OK,42,52.37,3600.0,1.338631,-1.358481,-0.69051,0.088255,-6.98234,1.48355
2026-01-01T00:19:56Z,O320_CLASS-SIM-01,O320_CLASS,RAPID_RESPONSE,2980.6467341397397,-1.6245437324580283,2219.6081575308667,0.8616398343195353,113.38687700136923,784.123572671212,77.15412399274102,64.14951306913008,28.736820283473545,2.15992899776522,13.959365641420765,13.787801586070323,28.14020369835415,CRUISE,ABNORMAL_VIBRATION,True,0.65,1.0,OK,42,52.38,3600.0,-0.295097,1.895364,0.44348,0.034772,-4.653611,1.365566
2026-01-01T00:19:57Z,O320_CLASS-SIM-01,O320_CLASS,RAPID_RESPONSE,2981.3069556178757,-1.4139423859108282,2226.4260029615243,0.8587681418971039,114.06536657990887,780.3189298624598,76.28956299105172,63.42327240921841,28.651821844147555,2.2195492412087403,13.954025682491212,14.314273581427537,28.227608119299475,CRUISE,ABNORMAL_VIBRATION,True,0.65,1.0,OK,42,52.4,3600.0,0.616683,-1.478284,-0.391722,0.028844,3.525811,1.426668
2026-01-01T00:19:58Z,O320_CLASS-SIM-01,O320_CLASS,RAPID_RESPONSE,2982.989354505058,-1.112378847264224,2211.5207948260363,0.864209174127051,115.95950654006418,784.4119540398082,76.58370688205285,65.06212752049545,28.69080462272395,2.214757934796319,13.947403181347461,13.96720047230447,28.151869226735183,CRUISE,ABNORMAL_VIBRATION,True,0.65,1.0,OK,42,52.4,3600.0,1.366175,1.142982,-0.133957,-0.076539,-13.066504,1.419423
2026-01-01T00:19:59Z,O320_CLASS-SIM-01,O320_CLASS,RAPID_RESPONSE,2985.5274456135976,-1.5111230729990863,2224.2056038667292,0.858726212834959,114.00687561143579,779.5980349708706,76.2423531097952,63.830229483277236,28.758788344505867,2.1544824913855827,13.974310260198871,14.076548485738215,28.243246784794984,CRUISE,ABNORMAL_VIBRATION,True,0.65,1.0,OK,42,52.41,3600.0,0.584785,-2.133118,-0.442032,0.131755,1.16167,1.361508
2026-01-01T00:20:00Z,O320_CLASS-SIM-01,O320_CLASS,RAPID_RESPONSE,2985.3136950847256,-1.4813019711735158,2231.0557554829006,0.8640591954651697,112.95606367915748,780.7421762908469,76.49492163339197,62.741143686615565,28.681516654068407,2.3169755098529086,13.927654799587648,14.439605715289316,28.228306290705667,CRUISE,ABNORMAL_VIBRATION,True,0.65,1.0,OK,42,52.41,3600.0,-1.285909,-2.144466,-0.222537,-0.084295,6.477972,1.521667
2026-01-01T00:20:01Z,O320_CLASS-SIM-01,O320_CLASS,RAPID_RESPONSE,2987.5625878471888,-1.5008169333422896,2223.1659304085224,0.8597404804304617,113.13631184275998,785.8141780618085,76.90166693483368,64.73482201403817,28.63825440387892,2.3329242385060587,13.929864183900042,13.773256001003066,28.328868020794257,CRUISE,ABNORMAL_VIBRATION,True,0.65,1.0,OK,42,52.41,3600.0,-0.488963,3.832178,0.207324,-0.018542,-0.339813,1.539411
2026-01-01T00:20:02Z,O320_CLASS-SIM-01,O320_CLASS,RAPID_RESPONSE,2984.9988921562017,-1.392262682319676,2229.9957583584287,0.8632815241696589,115.72105285737206,779.4833129298609,77.31131121160544,65.41467101354428,28.684769465259354,1.9354115174923328,13.917487933854654,13.991401758904477,28.594904484816354,CRUISE,ABNORMAL_VIBRATION,True,0.65,1.0,OK,42,52.39,3600.0,1.501822,-3.33879,0.594876,-0.062091,5.46543,1.140371
2026-01-01T00:20:03Z,O320_CLASS-SIM-01,O320_CLASS,RAPID_RESPONSE,2984.9462549209393,-1.494561744496897,2218.7095793313492,0.8588624918579248,115.00269369217378,782.219439011022,77.54908899780382,64.40844339763426,28.74362489791372,2.196834653353278,13.92624740924771,13.887748367672,28.087126356727214,CRUISE,ABNORMAL_VIBRATION,True,0.65,1.0,OK,42,52.38,3600.0,1.553409,0.447097,0.863926,0.113585,-4.370458,1.403808
2026-01-01T00:20:04Z,O320_CLASS-SIM-01,O320_CLASS,RAPID_RESPONSE,2986.5507772649125,-1.4614409817905847,2231.750309346202,0.8617533102860967,113.59764516279061,779.516044398824,76.8284627953829,63.72802355365458,28.746284413413058,2.1779303998831305,13.97744697104512,14.515634759164682,28.333126943286082,CRUISE,ABNORMAL_VIBRATION,True,0.65,1.0,OK,42,52.37,3600.0,-0.316627,-2.876447,0.135515,0.043783,8.309231,1.383823
2026-01-01T00:20:05Z,O320_CLASS-SIM-01,O320_CLASS,RAPID_RESPONSE,2986.627672628848,-1.3196397434966414,2239.252545827286,0.8621981472984142,114.78480247189462,782.3398021946133,76.39670682404848,62.93344353219961,28.76356857407723,1.9945678971205825,13.981325091582102,14.208705888796683,28.429641521334148,CRUISE,ABNORMAL_VIBRATION,True,0.65,1.0,OK,42,52.37,3600.0,0.643045,-0.314911,-0.30657,0.046216,15.332469,1.200114
2026-01-01T00:20:06Z,O320_CLASS-SIM-01,O320_CLASS,RAPID_RESPONSE,2984.942217680411,-1.52575234431534,2227.0322988680127,0.8608438880821564,112.46344243291956,787.2672470676447,76.38855153588429,63.10213205270265,28.687162755042372,2.3690885185766017,13.893932524344374,14.396451744671841,28.154982863630014,CRUISE,ABNORMAL_VIBRATION,True,0.65,1.0,OK,42,52.35,3600.0,-1.247857,5.10956,-0.308301,0.005766,3.410136,1.575206
2026-01-01T00:20:07Z,O320_CLASS-SIM-01,O320_CLASS,RAPID_RESPONSE,2986.3756238389983,-1.5102634781210014,2239.8781704976523,0.861651356575401,113.08679109040986,781.6586460193233,76.73962222400094,64.03623367766009,28.72025485915935,2.2199154111869994,13.917605122490386,14.018193066863933,28.38243282005916,CRUISE,ABNORMAL_VIBRATION,True,0.65,1.0,OK,42,52.35,3600.0,-0.779926,-0.689703,0.039284,0.017186,16.09435,1.425694
2026-01-01T00:20:08Z,O320_CLASS-SIM-01,O320_CLASS,RAPID_RESPONSE,2985.2385620338177,-1.3096648186272548,2224.1340935220387,0.8609401810621283,115.3652980627754,778.0564869913145,76.43229165432788,64.87708955596656,28.78886640354907,2.319314422824979,13.960416080550436,14.217013506787325,28.413778418638763,CRUISE,ABNORMAL_VIBRATION,True,0.65,1.0,OK,42,52.34,3600.0,1.423045,-4.333534,-0.263368,0.105452,0.567256,1.525422
2026-01-01T00:20:09Z,O320_CLASS-SIM-01,O320_CLASS,RAPID_RESPONSE,2988.420549416174,-1.3653377971003704,2231.227053928969,0.8622687539500954,114.5548184898616,780.0963339546169,76.56938717329845,63.469985454148,28.636966401996876,2.108108277368583,13.946182009635228,14.035847791299775,28.306649992413668,CRUISE,ABNORMAL_VIBRATION,True,0.65,1.0,OK,42,52.34,3600.0,0.414969,-2.545345,-0.135954,-0.084506,7.211253,1.313572
2026-01-01T00:20:10Z,O320_CLASS-SIM-01,O320_CLASS,RAPID_RESPONSE,2987.6060935337473,-1.3858028274802914,2221.7000884944277,0.8594924986911975,114.97645697135106,782.1281431144704,76.52620941828235,63.73609163867983,28.65882120546896,2.1381048304164674,13.942002505448052,14.029263263164026,28.388987866723873,CRUISE,ABNORMAL_VIBRATION,True,0.65,1.0,OK,42,52.36,3600.0,1.296004,0.116812,-0.156745,0.012587,-1.277487,1.344896
2026-01-01T00:20:11Z,O320_CLASS-SIM-01,O320_CLASS,RAPID_RESPONSE,2987.647705139848,-1.18373012964862,2233.386727315055,0.8652091398427654,114.59078845166593,783.7309034906899,76.5034117282867,64.5431212622205,28.66169984337206,1.967800092417218,14.004651377169,13.788081497489774,28.356182589567663,CRUISE,ABNORMAL_VIBRATION,True,0.65,1.0,OK,42,52.39,3600.0,-0.166291,0.276297,-0.224459,-0.137572,8.326052,1.171897
2026-01-01T00:20:12Z,O320_CLASS-SIM-01,O320_CLASS,RAPID_RESPONSE,2985.9810902423374,-1.2484601740415426,2233.73401241799,0.8623281968846876,115.41126007607609,782.3819250676322,77.59070064254789,64.47629583824548,28.64852539780734,2.2890225023388595,13.954272035470973,14.037050193749414,28.041514140605994,CRUISE,ABNORMAL_VIBRATION,True,0.65,1.0,OK,42,52.41,3600.0,1.127048,-0.455842,0.860659,-0.082587,8.572667,1.494
2026-01-01T00:20:13Z,O320_CLASS-SIM-01,O320_CLASS,RAPID_RESPONSE,2988.146434382803,-1.6270428410209772,2203.364673531455,0.8605553589611397,113.00437411620895,780.2001819559998,75.45444514876588,63.19574368552918,28.68391818732113,2.0976809965574503,13.970452827701916,14.447100716414276,28.367270350226985,CRUISE,ABNORMAL_VIBRATION,True,0.65,1.0,OK,42,52.4,3600.0,-0.655529,-1.874414,-1.257451,0.000112,-20.955142,1.303555
2026-01-01T00:20:14Z,O320_CLASS-SIM-01,O320_CLASS,RAPID_RESPONSE,2989.370279271841,-1.2545304674522035,2215.3545661730195,0.8620951606023036,115.10145932682373,781.2545655682393,76.37808565541262,64.2977975161186,28.617566160658736,2.026308008494583,13.938815248444726,14.210843487238895,28.322382327555072,CRUISE,ABNORMAL_VIBRATION,True,0.65,1.0,OK,42,52.4,3600.0,0.83563,-1.503823,-0.336751,-0.104684,-9.101628,1.231626
2026-01-01T00:20:15Z,O320_CLASS-SIM-01,O320_CLASS,RAPID_RESPONSE,2989.6437944145664,-1.5608995557735603,2215.639190363407,0.8622383001279755,112.94469414729157,780.8261494166337,75.9502831940539,64.10320353994351,28.767759470384537,2.186745435988086,13.989454468982766,14.082644702092415,28.02446347442831,CRUISE,ABNORMAL_VIBRATION,True,0.65,1.0,OK,42,52.4,3600.0,-1.046975,-1.667094,-0.768101,0.040413,-8.981541,1.391945
2026-01-01T00:20:16Z,O320_CLASS-SIM-01,O320_CLASS,RAPID_RESPONSE,2987.0176980763463,-1.5678087242591898,2220.848274966456,0.8620030497409146,116.11762569327314,778.747487326321,76.49773101313296,63.150796474164565,28.626343335142295,2.141181977282131,13.958833182426707,13.643323207674323,28.291728475984698,CRUISE,ABNORMAL_VIBRATION,True,0.65,1.0,OK,42,52.39,3600.0,2.205042,-3.679611,-0.221636,-0.093564,-3.818041,1.346464
2026-01-01T00:20:17Z,O320_CLASS-SIM-01,O320_CLASS,RAPID_RESPONSE,2986.816244634972,-1.4242840431879542,2233.4739935972684,0.8620637020597179,114.10776258516275,780.9938801945948,76.71704190220095,64.3152389795849,28.71199800565778,2.1493615120419403,13.965295494770212,13.766912820259698,28.17858561291416,CRUISE,ABNORMAL_VIBRATION,True,0.65,1.0,OK,42,52.4,3600.0,0.043391,-1.591795,-0.003753,-0.009754,8.741469,1.354598
2026-01-01T00:20:18Z,O320_CLASS-SIM-01,O320_CLASS,RAPID_RESPONSE,2989.9502285177077,-1.301472835071646,2224.0043360723434,0.8640690425798414,114.50018908184533,781.7234187341709,76.20104663842388,65.0126766747171,28.72635296055343,2.4565798250820157,14.023765051379097,13.77359771311834,28.095816305584446,CRUISE,ABNORMAL_VIBRATION,True,0.65,1.0,OK,42,52.4,3600.0,-0.058572,-1.460994,-0.541068,-0.054242,-1.716902,1.660726
2026-01-01T00:20:19Z,O320_CLASS-SIM-01,O320_CLASS,RAPID_RESPONSE,2984.8586392845855,-1.2917430339428904,2228.4449358294737,0.8612802140849078,112.41502954198259,782.0740964129816,76.76148286323448,64.48492510871759,28.700533851475203,2.17461948795823,13.955021124579478,14.38998281155638,28.38295612262741,CRUISE,ABNORMAL_VIBRATION,True,0.65,1.0,OK,42,52.4,3600.0,-1.66584,-0.511527,0.031977,-0.004768,3.308424,1.379949
2026-01-01T00:20:20Z,O320_CLASS-SIM-01,O320_CLASS,RAPID_RESPONSE,2987.637589811938,-1.222833876068494,2232.935174785139,0.861989150532307,114.21907422928724,786.4336528311948,76.03292847212737,64.84877872259547,28.662121607757495,2.2953496244339666,13.962341749355868,13.78316041419986,28.213448889047463,CRUISE,ABNORMAL_VIBRATION,True,0.65,1.0,OK,42,52.4,3600.0,-0.065161,3.633904,-0.694076,-0.06123,7.914679,1.500476
2026-01-01T00:20:21Z,O320_CLASS-SIM-01,O320_CLASS,RAPID_RESPONSE,2991.2151332922886,-1.4644676901344877,2218.0962488493838,0.859775401916156,114.648733380974,786.654154923795,75.82855325159919,66.09340121696906,28.6951667099475,2.324096540155556,13.94562804509124,14.09229275452897,28.316534067648863,CRUISE,ABNORMAL_VIBRATION,True,0.65,1.0,OK,42,52.37,3600.0,0.908506,4.584172,-0.871731,0.031815,-5.685031,1.530415
2026-01-01T00:20:22Z,O320_CLASS-SIM-01,O320_CLASS,RAPID_RESPONSE,2988.3734459585844,-1.5555083003947128,2232.4822033478004,0.8579005973145726,114.40310681618357,781.3417186807096,76.29927674909297,65.42745372402979,28.63630174512647,1.9861668961537984,13.953092140265873,13.900311526621907,28.28834447538912,CRUISE,ABNORMAL_VIBRATION,True,0.65,1.0,OK,42,52.33,3600.0,1.143099,-0.131289,-0.362762,0.035477,10.474601,1.193868
2026-01-01T00:20:23Z,O320_CLASS-SIM-01,O320_CLASS,RAPID_RESPONSE,2990.4447391566173,-1.401176951530421,2221.95206838606,0.8595745125726515,114.64176688825805,781.9792228098016,76.48396572090195,65.03095781270524,28.677008768739345,2.32493230210126,13.995491898951549,14.41364907711973,28.390791314801586,CRUISE,ABNORMAL_VIBRATION,True,0.65,1.0,OK,42,52.31,3600.0,0.994584,0.055236,-0.167673,0.039501,0.426795,1.532293
2026-01-01T00:20:24Z,O320_CLASS-SIM-01,O320_CLASS,RAPID_RESPONSE,2990.475240230877,-1.4477014916928903,2220.9277676492416,0.8566185896123547,114.72807467569663,782.8600625801968,77.01107541685857,63.75041625083571,28.715363137304646,2.1119986526936207,13.923594201728145,13.47195768515897,28.26669553668932,CRUISE,ABNORMAL_VIBRATION,True,0.65,1.0,OK,42,52.3,3600.0,1.616049,1.676771,0.3985,0.163443,1.214111,1.321065
2026-01-01T00:20:25Z,O320_CLASS-SIM-01,O320_CLASS,RAPID_RESPONSE,2989.581952359073,-1.575322096090376,2225.4954823436565,0.8600749115375306,112.14162049931083,788.6012597005292,76.66471455464082,62.97454171586387,28.647677637487202,2.074175013141937,13.953400215906935,14.415831403885587,28.274663700632406,CRUISE,ABNORMAL_VIBRATION,True,0.65,1.0,OK,42,52.28,3600.0,-1.312314,6.86439,0.043038,0.011814,5.359743,1.281985
2026-01-01T00:20:26Z,O320_CLASS-SIM-01,O320_CLASS,RAPID_RESPONSE,2993.7881032630935,-1.5063978331362056,2226.167287654531,0.8629434312881265,115.29133559872412,785.5094675828796,76.56936722675394,63.83373544380468,28.556245832411555,2.2266826317039037,13.991380645182138,14.31377923983026,28.273335410072836,CRUISE,ABNORMAL_VIBRATION,True,0.65,1.0,OK,42,52.27,3600.0,1.229902,3.008319,-0.087986,-0.165571,4.376977,1.432836
2026-01-01T00:20:27Z,O320_CLASS-SIM-01,O320_CLASS,RAPID_RESPONSE,2993.8185504342364,-1.5008547609056908,2216.9642180424676,0.8599366924025632,112.50601785577942,783.7762190554689,76.79221779582757,64.32316513054826,28.658545972228218,2.2128314473480977,13.893275883512478,14.18290632564218,28.30086498616425,CRUISE,ABNORMAL_VIBRATION,True,0.65,1.0,OK,42,52.26,3600.0,-1.143338,1.862692,0.14129,0.009863,-4.528072,1.420057
2026-01-01T00:20:28Z,O320_CLASS-SIM-01,O320_CLASS,RAPID_RESPONSE,2989.883600042151,-1.4606721747865323,2220.568080809862,0.8643751847165758,112.57544650325893,783.0392415265239,76.2391709059984,63.38593756723181,28.692153065473736,2.0749957325716437,13.958434145199758,14.171310316525089,28.211715627640203,CRUISE,ABNORMAL_VIBRATION,True,0.65,1.0,OK,42,52.27,3600.0,-1.750538,0.117386,-0.455932,-0.075695,-2.97291,1.279986
2026-01-01T00:20:29Z,O320_CLASS-SIM-01,O320_CLASS,RAPID_RESPONSE,2993.125161601165,-1.4925150831787637,2221.7879714153864,0.8615427283692816,114.11702201275557,783.8116906601068,76.80091721135597,64.20451562838413,28.661091098924686,2.1631840764769814,13.915770129775902,13.669732137912343,28.549908372127693,CRUISE,ABNORMAL_VIBRATION,True,0.65,1.0,OK,42,52.3,3600.0,0.14827,1.436981,0.105415,-0.04339,-1.771555,1.369023
2026-01-01T00:20:30Z,O320_CLASS-SIM-01,O320_CLASS,RAPID_RESPONSE,2988.744331947151,-1.2693541735661307,2215.939004188364,0.8631665327378903,111.1973965711195,781.6038310296796,77.2543944434705,64.39691355418377,28.659544077321836,1.9992533241906933,13.918910067467177,14.43397636802031,28.232993491162084,CRUISE,ABNORMAL_VIBRATION,True,0.65,1.0,OK,42,52.3,3600.0,-3.186572,-1.338831,0.539696,-0.087221,-8.510781,1.204244
2026-01-01T00:20:31Z,O320_CLASS-SIM-01,O320_CLASS,RAPID_RESPONSE,2992.220306172922,-1.407602009426878,2212.020787434498,0.8615817761268761,113.33272878798948,782.9162678502109,76.44021757334916,62.5649078872314,28.654086368368997,2.171436395973232,13.970391952378122,14.093702263472025,28.419679761916957,CRUISE,ABNORMAL_VIBRATION,True,0.65,1.0,OK,42,52.31,3600.0,-0.74711,0.404604,-0.270135,-0.056765,-12.227425,1.376976
2026-01-01T00:20:32Z,O320_CLASS-SIM-01,O320_CLASS,RAPID_RESPONSE,2992.287201573776,-1.44341040474957,2218.542907451586,0.8626539766942476,114.18192430914573,780.78006087897,76.07447933006085,64.70442461468889,28.637299405883528,2.287685887587993,14.029133567075135,14.285626918528468,28.526362740638028,CRUISE,ABNORMAL_VIBRATION,True,0.65,1.0,OK,42,52.3,3600.0,-0.026922,-1.928625,-0.644168,-0.102262,-6.09,1.492722
2026-01-01T00:20:33Z,O320_CLASS-SIM-01,O320_CLASS,RAPID_RESPONSE,2992.0499556383315,-1.2929249690483982,2222.5319394721364,0.8614463195558228,116.2529227215264,781.4662870284076,76.67644632505434,63.09493876066663,28.71797376860143,2.103252387370089,13.98922231623122,13.672051242813234,28.36671633717082,CRUISE,ABNORMAL_VIBRATION,True,0.65,1.0,OK,42,52.31,3600.0,2.075844,-1.138107,-0.035363,0.009838,-1.783871,1.308807
2026-01-01T00:20:34Z,O320_CLASS-SIM-01,O320_CLASS,RAPID_RESPONSE,2992.1561531625985,-1.345713359391474,2222.147660474486,0.8596171528580941,113.35986366653806,780.0273764392617,77.0025129884268,62.975655517048274,28.65924411011291,2.1640439635340005,14.00693126699683,14.081484956876903,28.247774368229923,CRUISE,ABNORMAL_VIBRATION,True,0.65,1.0,OK,42,52.32,3600.0,-0.462136,-2.093417,0.315195,0.004221,-1.032296,1.370661
2026-01-01T00:20:35Z,O320_CLASS-SIM-01,O320_CLASS,RAPID_RESPONSE,2993.7966956839173,-1.7680302143617432,2212.6045158699717,0.8599106426636188,112.96399469373046,778.1417097331747,77.00916271728245,64.01942572256287,28.678659024537605,2.217761061245917,13.96089364795086,14.211702059505225,28.24414688367311,CRUISE,ABNORMAL_VIBRATION,True,0.65,1.0,OK,42,52.33,3600.0,-0.465551,-3.57222,0.336931,0.021645,-9.875782,1.42457
2026-01-01T00:20:36Z,O320_CLASS-SIM-01,O320_CLASS,RAPID_RESPONSE,2994.3176520096545,-1.5781392310039262,2222.9111128869367,0.8629199172007729,115.29380371363048,785.4532109017813,76.77893202130701,63.8339664727444,28.648254055370014,1.9546416863610079,13.918150296197357,14.040356072892036,28.267368365670162,CRUISE,ABNORMAL_VIBRATION,True,0.65,1.0,OK,42,52.35,3600.0,1.211834,2.901576,0.08562,-0.088661,-0.546836,1.160079
2026-01-01T00:20:37Z,O320_CLASS-SIM-01,O320_CLASS,RAPID_RESPONSE,2996.0336784585534,-1.2632298660433916,2216.5768914479568,0.8622451170386436,113.23871975348834,783.83122584629,76.98576517249569,64.79940455613034,28.645109091324095,2.2560206968924534,13.902298294384993,14.405703891198337,28.279589471630274,CRUISE,ABNORMAL_VIBRATION,True,0.65,1.0,OK,42,52.37,3600.0,-1.113587,1.056204,0.285094,-0.080611,-7.222342,1.461505
2026-01-01T00:20:38Z,O320_CLASS-SIM-01,O320_CLASS,RAPID_RESPONSE,2994.1743021829157,-1.7677847880228799,2218.8970049679747,0.8632929693812377,113.2949823694785,783.8987881568419,76.67583358625778,64.65292064325858,28.678364084089555,2.189636736625127,13.96016166454419,14.481234385359667,28.35771909450481,CRUISE,ABNORMAL_VIBRATION,True,0.65,1.0,OK,42,52.38,3600.0,-0.704146,1.382871,-0.041989,-0.077523,-5.697676,1.394468
2026-01-01T00:20:39Z,O320_CLASS-SIM-01,O320_CLASS,RAPID_RESPONSE,2994.269774983504,-1.1255273160188926,2231.217610461787,0.8621890233863524,114.18365777326622,783.9312622731557,76.96575784616361,62.053588107916475,28.68758364211799,2.092892595291036,13.943460284935538,14.031351061733108,28.049425388254964,CRUISE,ABNORMAL_VIBRATION,True,0.65,1.0,OK,42,52.39,3600.0,-0.31253,0.980711,0.247406,-0.042709,6.598411,1.29806
2026-01-01T00:20:40Z,O320_CLASS-SIM-01,O320_CLASS,RAPID_RESPONSE,2992.002079558939,-1.2786331029911906,2225.578701463517,0.8557030762746759,113.10700746764724,784.2974036178944,76.54731277691904,64.79289942778891,28.719372235968716,2.055451029887733,13.954139279445899,13.96746828153945,28.07414731133689,CRUISE,ABNORMAL_VIBRATION,True,0.65,1.0,OK,42,52.4,3600.0,-0.166626,2.980565,-0.102977,0.171753,4.115971,1.264038
2026-01-01T00:20:41Z,O320_CLASS-SIM-01,O320_CLASS,RAPID_RESPONSE,2992.792133486262,-1.5882312742643008,2216.6915909834624,0.8610691050571322,115.04754711444734,783.3705834383109,76.95812095983418,63.580656315578615,28.69608248924526,2.251701748838176,13.945180260496315,14.553046164649242,27.932692031951373,CRUISE,ABNORMAL_VIBRATION,True,0.65,1.0,OK,42,52.41,3600.0,1.332973,1.311012,0.299821,0.018673,-5.142588,1.458435
2026-01-01T00:20:42Z,O320_CLASS-SIM-01,O320_CLASS,RAPID_RESPONSE,2992.428138792134,-1.4116426559275776,2219.636692114157,0.8576022217758567,112.52477976135745,779.7659034872548,77.01356024368572,64.76093405322376,28.746958459967395,1.939986022625665,13.917396155901884,13.719144632168758,28.475322351975084,CRUISE,ABNORMAL_VIBRATION,True,0.65,1.0,OK,42,52.42,3600.0,-0.821624,-1.703039,0.386381,0.164164,-0.754225,1.148433
2026-01-01T00:20:43Z,O320_CLASS-SIM-01,O320_CLASS,RAPID_RESPONSE,2996.1284821842746,-1.4587373132967365,2223.5311383851495,0.860336178895458,112.44076432893245,783.3502970507533,76.58082381947962,62.827803660818674,28.69274247514669,2.175829809136503,13.965219796666593,14.04608681752137,28.41543099835157,CRUISE,ABNORMAL_VIBRATION,True,0.65,1.0,OK,42,52.43,3600.0,-1.297957,1.365519,-0.051818,0.040348,2.886881,1.38327
2026-01-01T00:20:44Z,O320_CLASS-SIM-01,O320_CLASS,RAPID_RESPONSE,2996.097440228539,-1.6050417987152923,2224.2076938436967,0.8611326578722266,114.39555616463467,784.6474979762562,76.40753972837344,64.319464596189,28.57683523104151,2.232655038152014,13.950140926002028,14.438573303624958,28.258004255311718,CRUISE,ABNORMAL_VIBRATION,True,0.65,1.0,OK,42,52.44,3600.0,0.667026,2.615395,-0.237549,-0.099432,2.986169,1.439598
2026-01-01T00:20:45Z,O320_CLASS-SIM-01,O320_CLASS,RAPID_RESPONSE,2996.9437291990034,-1.7384731426372315,2218.7551648479284,0.8587041056619582,116.7483916806108,780.381267876012,76.68189812000682,63.8834319227197,28.58265008732347,2.0382991508648143,13.970509148711413,14.097322991804845,27.93612331672932,CRUISE,ABNORMAL_VIBRATION,True,0.65,1.0,OK,42,52.46,3600.0,3.506217,-1.002805,0.054076,-0.030211,-1.66559,1.24634
2026-01-01T00:20:46Z,O320_CLASS-SIM-01,O320_CLASS,RAPID_RESPONSE,2995.445809129539,-1.3228026767088905,2226.2125737829856,0.8628064370740207,112.59082319151577,785.2410312026565,76.63347774791848,65.05300452771823,28.661337151393383,2.045145532647507,13.983829221557594,13.964294461594708,28.224480919429425,CRUISE,ABNORMAL_VIBRATION,True,0.65,1.0,OK,42,52.46,3600.0,-1.668741,2.562963,-0.026244,-0.059743,4.312434,1.251277
2026-01-01T00:20:47Z,O320_CLASS-SIM-01,O320_CLASS,RAPID_RESPONSE,2994.381201914242,-1.2343155777945947,2217.2755440620654,0.8634939868937404,113.25192979317832,779.7097921209839,77.17770554093119,63.71761400144689,28.657041276022632,2.0923275026691845,13.944608315164691,14.18162732876777,28.085768766406826,CRUISE,ABNORMAL_VIBRATION,True,0.65,1.0,OK,42,52.47,3600.0,-1.244849,-3.285351,0.487294,-0.092168,-6.047882,1.297641
2026-01-01T00:20:48Z,O320_CLASS-SIM-01,O320_CLASS,RAPID_RESPONSE,2996.0167652841387,-1.5424320449761963,2221.913444267132,0.8632765796087368,113.40529934507379,780.2933513984798,77.74709585600672,63.42678881912079,28.649734933915603,2.059183011362193,13.95001937446024,14.093172614062059,28.418495647177263,CRUISE,ABNORMAL_VIBRATION,True,0.65,1.0,OK,42,52.47,3600.0,-0.827389,-2.429168,1.037495,-0.103936,-2.299906,1.264164
2026-01-01T00:20:49Z,O320_CLASS-SIM-01,O320_CLASS,RAPID_RESPONSE,2997.6959286748574,-1.3195203215796911,2229.671712892103,0.8607081095022371,114.2126389131901,784.7818928395926,76.20271739166517,65.76896139263506,28.63268656991397,2.231380360035433,13.921950850242009,13.777476755442512,28.426211701670915,CRUISE,ABNORMAL_VIBRATION,True,0.65,1.0,OK,42,52.46,3600.0,0.108203,2.362318,-0.492678,-0.056234,6.117137,1.437435
2026-01-01T00:20:50Z,O320_CLASS-SIM-01,O320_CLASS,RAPID_RESPONSE,3000.7597872709607,-1.567890249425483,2224.035582674944,0.8607048834559746,114.95717939536937,787.5472855708812,77.25424451751911,63.57652036257711,28.683802211574896,2.247583523449689,13.957690592836622,13.798311016853557,28.16002058008364,CRUISE,ABNORMAL_VIBRATION,True,0.65,1.0,OK,42,52.44,3600.0,1.078731,5.394717,0.570206,-0.002979,1.007695,1.453834
2026-01-01T00:20:51Z,O320_CLASS-SIM-01,O320_CLASS,RAPID_RESPONSE,2999.3412765954417,-1.2968276101505034,2219.5340797747126,0.8607602060262154,115.18942380431518,777.730275656428,76.46596799324145,65.37880027667748,28.671377237831585,1.9978186514257397,13.96179721316901,14.326934574763612,27.8975874995308,CRUISE,ABNORMAL_VIBRATION,True,0.65,1.0,OK,42,52.42,3600.0,1.072766,-4.670086,-0.210991,-0.012462,-3.165485,1.204208
2026-01-01T00:20:52Z,O320_CLASS-SIM-01,O320_CLASS,RAPID_RESPONSE,2998.1480266093845,-1.542105569432257,2207.99620321422,0.8603754947219008,113.58475216575111,781.9211707991985,76.50385856051908,62.944488541670076,28.58271975145661,2.211971873630412,13.984041740674948,14.12912391026781,28.268921873706347,CRUISE,ABNORMAL_VIBRATION,True,0.65,1.0,OK,42,52.4,3600.0,-0.194398,-0.122702,-0.164323,-0.087345,-14.296286,1.41867
2026-01-01T00:20:53Z,O320_CLASS-SIM-01,O320_CLASS,RAPID_RESPONSE,2996.588495924541,-1.5440502028910956,2226.9670195136146,0.8611947527101561,113.17171095217314,775.4433398104627,76.37187762738105,63.37245840849922,28.60915265624974,2.1160103990898538,13.982746114290098,14.060812917405935,28.42748271903347,CRUISE,ABNORMAL_VIBRATION,True,0.65,1.0,OK,42,52.38,3600.0,-0.696962,-6.75398,-0.299288,-0.079991,4.536168,1.322408
2026-01-01T00:20:54Z,O320_CLASS-SIM-01,O320_CLASS,RAPID_RESPONSE,2996.15014028423,-1.5354421483757785,2205.4951542697554,0.8593055750990565,112.48538172847162,785.1654261984013,76.80435538039977,64.56753308602879,28.632088640752993,2.0297959007008237,13.926688154100367,14.135777578314672,28.55028298043218,CRUISE,ABNORMAL_VIBRATION,True,0.65,1.0,OK,42,52.37,3600.0,-1.088636,3.382561,0.151054,-0.004869,-16.107234,1.237148
2026-01-01T00:20:55Z,O320_CLASS-SIM-01,O320_CLASS,RAPID_RESPONSE,2999.2958221152794,-1.5476172757952547,2219.434737713944,0.8600696744687715,116.16796275286184,785.0367646213753,76.7431081061264,63.84051055837816,28.667571799300454,2.331686479570095,13.94582453914022,13.857678782421242,28.43332224557277,CRUISE,ABNORMAL_VIBRATION,True,0.65,1.0,OK,42,52.35,3600.0,2.466374,3.119453,0.095634,0.012373,-1.897373,1.538882
2026-01-01T00:20:56Z,O320_CLASS-SIM-01,O320_CLASS,RAPID_RESPONSE,2998.9747730376566,-1.3508125027494449,2234.0517492322574,0.8611470495740191,114.16207078884109,789.943799916298,76.72058650996853,62.87734306004736,28.637590984822413,2.279578902075712,13.919380891314741,13.87986441303575,28.444183683302036,CRUISE,ABNORMAL_VIBRATION,True,0.65,1.0,OK,42,52.33,3600.0,0.10669,7.601741,0.065694,-0.045696,12.37556,1.486291
2026-01-01T00:20:57Z,O320_CLASS-SIM-01,O320_CLASS,RAPID_RESPONSE,2998.79891824258,-1.5113781378877447,2229.407037778794,0.8586457227280572,111.96531053112842,778.4614269623268,76.86914461799655,63.95414173119244,28.616072056299988,2.043221836375227,13.950074152463008,14.346389464108942,28.15257743098032,CRUISE,ABNORMAL_VIBRATION,True,0.65,1.0,OK,42,52.31,3600.0,-1.540266,-3.17085,0.235548,0.000512,8.718504,1.251146
2026-01-01T00:20:58Z,O320_CLASS-SIM-01,O320_CLASS,RAPID_RESPONSE,2998.4768734379704,-1.6751390816628038,2217.818329369212,0.8607290680343432,116.26165724789222,782.4685452622715,76.61361520829894,64.43424091833147,28.684559313972436,2.2224862497281497,14.027238583115375,14.060445166607492,28.313136889486657,CRUISE,ABNORMAL_VIBRATION,True,0.65,1.0,OK,42,52.31,3600.0,2.629136,0.582393,-0.027002,0.017522,-3.195812,1.42962
2026-01-01T00:20:59Z,O320_CLASS-SIM-01,O320_CLASS,RAPID_RESPONSE,3000.562472616379,-1.4463995681384805,2232.8983923858505,0.8588466375481951,114.65933367143641,782.3259623506842,77.02682976598284,63.56895887859647,28.631275941874442,2.1781065912483855,13.96890201362083,13.860748324895251,28.479252907504534,CRUISE,ABNORMAL_VIBRATION,True,0.65,1.0,OK,42,52.31,3600.0,1.054145,0.608484,0.401996,0.013131,12.61623,1.386124
2026-01-01T00:21:00Z,O320_CLASS-SIM-01,O320_CLASS,RAPID_RESPONSE,3001.0987640626627,-1.511130628574408,2216.8869419823377,0.8607282617937472,114.50767788190376,777.9198034755569,76.7826669222769,64.26004663314177,28.53022247186923,2.204819177728072,13.97898592523631,14.210322408497802,28.39750879659905,CRUISE,ABNORMAL_VIBRATION,True,0.65,1.0,OK,42,52.31,3600.0,0.685843,-4.123177,0.149304,-0.136066,-3.790764,1.41207
2026-01-01T00:21:01Z,O320_CLASS-SIM-01,O320_CLASS,RAPID_RESPONSE,2992.0086501119713,-1.6072359652013095,1988.3377787801537,0.4219900020366916,50.061630046934305,693.3862338131629,71.64393270863893,63.253357161825626,17.29197427443448,1.6574216873424577,13.911084320963232,9.486347393474222,26.885508514294578,DESCENT,ABNORMAL_VIBRATION,True,0.65,1.0,OK,42,52.31,3600.0,0.711126,2.664109,-0.314164,-0.126057,-15.515986,1.079038
2026-01-01T00:21:02Z,O320_CLASS-SIM-01,O320_CLASS,RAPID_RESPONSE,2984.6399039019016,-1.5323624582683524,1838.4770200926769,0.41823541922106244,47.89056879343022,686.7197751657552,68.99538166731925,61.3153515735221,16.665776791837406,1.5135560792510672,13.855516019920147,8.324735164809837,26.01212901126469,DESCENT,ABNORMAL_VIBRATION,True,0.65,1.0,OK,42,52.32,3600.0,2.947153,2.235643,0.442286,0.026261,-7.46366,0.987821
2026-01-01T00:21:03Z,O320_CLASS-SIM-01,O320_CLASS,RAPID_RESPONSE,2976.828760950364,-1.346403208124496,1726.2213726705324,0.4199886246249254,42.69376987848721,680.3248365941375,65.78240940274625,60.528341254515766,16.134538323225748,1.4882480635841044,13.877262669880734,7.439614876913106,26.06452100193612,DESCENT,ABNORMAL_VIBRATION,True,0.65,1.0,OK,42,52.35,3600.0,0.269121,-0.552099,-0.339175,-0.037146,-6.953565,0.996807
2026-01-01T00:21:04Z,O320_CLASS-SIM-01,O320_CLASS,RAPID_RESPONSE,2969.8912146123184,-1.2432241089141116,1645.3635777983009,0.4215066453213055,40.13332627539723,676.8717619073333,64.12779552833236,59.21971093943873,15.815039630928943,1.4693030925627903,13.824127509661414,7.120884095191068,25.353025437045403,DESCENT,ABNORMAL_VIBRATION,True,0.65,1.0,OK,42,52.39,3600.0,-0.474126,-1.419856,-0.260536,-0.025041,-7.428598,1.001205
2026-01-01T00:21:05Z,O320_CLASS-SIM-01,O320_CLASS,RAPID_RESPONSE,2961.8086885761304,-1.1872086431758908,1598.0331331300279,0.4206218661715738,38.79277172784448,676.7193216308542,63.025969322592665,57.089027461018134,15.51868368310218,1.2204952435955163,13.780466823162698,6.834951160772159,25.293974576995705,DESCENT,ABNORMAL_VIBRATION,True,0.65,1.0,OK,42,52.46,3600.0,-0.264873,0.609607,-0.106379,-0.045336,3.489428,0.76923
2026-01-01T00:21:06Z,O320_CLASS-SIM-01,O320_CLASS,RAPID_RESPONSE,2953.3001298214713,-1.3141178207123638,1562.8541698908548,0.41562792068157267,37.50118253215264,671.3374190629953,61.88137522145826,57.43387963104453,15.288135798300962,1.4389096179154075,13.842311074472008,6.957812626344399,25.286999656571293,DESCENT,ABNORMAL_VIBRATION,True,0.65,1.0,OK,42,52.53,3600.0,0.200854,-2.37111,-0.294753,0.004656,12.656917,1.001085
2026-01-01T00:21:07Z,O320_CLASS-SIM-01,O320_CLASS,RAPID_RESPONSE,2945.430396481456,-1.1952106532728644,1523.7444267100523,0.4203812707171179,39.0505920851036,675.8426245093501,61.88370451628658,58.86935694382209,15.202651207138075,1.3075194923142965,13.799988584016434,6.35447963963745,25.04213299154675,DESCENT,ABNORMAL_VIBRATION,True,0.65,1.0,OK,42,52.57,3600.0,1.9759,2.463076,0.343845,-0.025474,3.055303,0.876727
2026-01-01T00:21:08Z,O320_CLASS-SIM-01,O320_CLASS,RAPID_RESPONSE,2937.409721709333,-1.1894278554851667,1497.1111783672334,0.4203437150261505,37.72049092448207,669.9829065428938,61.88176825178521,56.111665935502465,15.107776348885182,1.0410124029815224,13.770939509828608,6.72782093848372,24.984272441873436,DESCENT,ABNORMAL_VIBRATION,True,0.65,1.0,OK,42,52.66,3600.0,1.219774,-2.618908,0.799018,-0.023618,-2.378672,0.615959
2026-01-01T00:21:09Z,O320_CLASS-SIM-01,O320_CLASS,RAPID_RESPONSE,2932.6617220893795,-1.0271741744136755,1470.6331601496472,0.418056782893197,37.67241382057765,674.5501426714189,60.65940048150786,56.53236693058074,14.957821138146691,1.2650014008967658,13.841750390052464,6.524924966239521,24.862547499478524,DESCENT,ABNORMAL_VIBRATION,True,0.65,1.0,OK,42,52.72,3600.0,1.648424,2.672847,-0.070588,-0.064171,-12.496745,0.844801
2026-01-01T00:21:10Z,O320_CLASS-SIM-01,O320_CLASS,RAPID_RESPONSE,2924.9170221509457,-1.1334946669690662,1472.9400907378622,0.4184503324481785,35.712695796317874,668.5333311295436,60.56846092715093,54.201576381332735,14.915950216492462,1.3961912809310395,13.848261355717185,6.8046790717337196,24.965057794221448,DESCENT,ABNORMAL_VIBRATION,True,0.65,1.0,OK,42,52.79,3600.0,0.088613,-2.859202,0.086896,-0.059259,1.331268,0.978979
2026-01-01T00:21:11Z,O320_CLASS-SIM-01,O320_CLASS,RAPID_RESPONSE,2917.1016223813804,-0.974303337390687,1465.6913019971,0.4170206156061887,37.057775673683636,666.056373386727,60.16571208727025,54.66206398821958,14.881472852750425,1.165398735693647,13.79904681539482,6.654020053365393,24.645606838195036,DESCENT,ABNORMAL_VIBRATION,True,0.65,1.0,OK,42,52.86,3600.0,1.662991,-4.98093,-0.123044,-0.030191,3.024354,0.750857
2026-01-01T00:21:12Z,O320_CLASS-SIM-01,O320_CLASS,RAPID_RESPONSE,2907.9478882683675,-1.0569045281759717,1444.148126944765,0.4147339097558437,34.151881774260396,674.024146629956,60.02983819423164,53.49142329253009,14.844518369006545,1.4179573294489312,13.836110884043043,6.020042383487868,25.078126935587267,DESCENT,ABNORMAL_VIBRATION,True,0.65,1.0,OK,42,52.92,3600.0,-0.728745,3.639454,-0.097194,0.003272,-11.0186,1.005876
2026-01-01T00:21:13Z,O320_CLASS-SIM-01,O320_CLASS,RAPID_RESPONSE,2903.046636574751,-0.8637204751066906,1455.2949265524826,0.4182532752201562,37.432834507239704,672.0945051624994,60.27721836116818,52.620133172540086,14.910058001302737,1.1375973970341295,13.782092038062627,6.938928441252957,24.42894520380935,DESCENT,ABNORMAL_VIBRATION,True,0.65,1.0,OK,42,52.99,3600.0,2.169129,1.219411,0.228068,0.032255,3.740119,0.725752
2026-01-01T00:21:14Z,O320_CLASS-SIM-01,O320_CLASS,RAPID_RESPONSE,2895.3497204945033,-0.7767565618681644,1447.098111351645,0.4168687392556429,35.228994371397555,670.0598086571524,60.081190277377274,52.10099851692701,14.950254212623877,1.1767646684987052,13.795170334423434,6.033226582945383,24.93362197784313,DESCENT,ABNORMAL_VIBRATION,True,0.65,1.0,OK,42,53.08,3600.0,0.117123,-0.599903,0.101607,0.109847,-1.23039,0.766067
2026-01-01T00:21:15Z,O320_CLASS-SIM-01,O320_CLASS,RAPID_RESPONSE,2888.600201681026,-0.7058609645201681,1438.3850310808873,0.4155785272522063,37.07912171246004,668.7074503879875,60.198753449714324,51.30880459643792,14.884338742540622,1.2877305866906497,13.748645229957615,6.009248450015975,24.70247753702075,DESCENT,ABNORMAL_VIBRATION,True,0.65,1.0,OK,42,53.15,3600.0,2.113449,-1.746581,0.281912,0.078135,-7.033681,0.878074
2026-01-01T00:21:16Z,O320_CLASS-SIM-01,O320_CLASS,RAPID_RESPONSE,2880.6070100323855,-0.7095924440793243,1436.1367764243694,0.4168329948612912,33.63534529762319,672.1732613784696,60.23637482498439,51.65563331015149,14.834989114830355,1.3687136623926681,13.772414782743093,5.9413322351810045,24.86635523937517,DESCENT,ABNORMAL_VIBRATION,True,0.65,1.0,OK,42,53.21,3600.0,-1.358987,1.635508,0.349864,0.018136,-7.875331,0.959193
2026-01-01T00:21:17Z,O320_CLASS-SIM-01,O320_CLASS,RAPID_RESPONSE,2870.8010193513514,-0.7028353444909384,1438.842057972333,0.41529080477802666,34.670385048568974,672.7781019152842,60.320625173307505,52.06005138303608,14.827655506539893,1.1995843805962008,13.706113178417567,6.26168636363429,24.43296613589847,DESCENT,ABNORMAL_VIBRATION,True,0.65,1.0,OK,42,53.28,3600.0,-0.107377,2.504129,0.470783,0.044309,-3.469464,0.79085
2026-01-01T00:21:18Z,O320_CLASS-SIM-01,O320_CLASS,RAPID_RESPONSE,2862.1149490852904,-0.6467501483680408,1444.804510984432,0.4155978301923415,36.78408178621693,671.6589860479869,59.758194530684946,52.10389257353744,14.879924453527863,1.396560564424086,13.753369445246998,6.026240975151058,24.554297506256066,DESCENT,ABNORMAL_VIBRATION,True,0.65,1.0,OK,42,53.32,3600.0,1.992303,1.34509,-0.070054,0.098712,3.494418,0.988051
2026-01-01T00:21:19Z,O320_CLASS-SIM-01,O320_CLASS,RAPID_RESPONSE,2857.436374680298,-0.7312562162166696,1439.3381208043838,0.4168267561616658,32.53773126017853,667.3279100253396,59.63975440559678,50.65762692709192,14.768812864706964,1.148231131740217,13.755274218539757,5.796692737575452,24.688295826247614,DESCENT,ABNORMAL_VIBRATION,True,0.65,1.0,OK,42,53.38,3600.0,-2.249018,-3.039684,-0.186954,-0.029357,-1.90055,0.739507
2026-01-01T00:21:20Z,O320_CLASS-SIM-01,O320_CLASS,RAPID_RESPONSE,2849.6802472126037,-0.5715585155409287,1442.3127073288317,0.41694890025206144,35.717171494272066,668.892802793676,59.20026423421763,51.448525323798876,14.805343943645516,1.160108208136672,13.784662097689745,6.422136661276948,25.02563054917949,DESCENT,ABNORMAL_VIBRATION,True,0.65,1.0,OK,42,53.43,3600.0,0.797558,-1.635519,-0.628005,0.007174,1.001674,0.751366
2026-01-01T00:21:21Z,O320_CLASS-SIM-01,O320_CLASS,RAPID_RESPONSE,2842.8759154142363,-0.3172994043975176,1431.30777584377,0.4158448611634733,34.4810328270267,671.326760801771,60.46570784828007,50.38746305879373,14.732274093223662,1.2085458932998905,13.825603140114485,6.280301427590976,24.831604618026393,DESCENT,ABNORMAL_VIBRATION,True,0.65,1.0,OK,42,53.49,3600.0,-0.553896,0.709575,0.64698,-0.045399,-9.560743,0.800164
2026-01-01T00:21:22Z,O320_CLASS-SIM-01,O320_CLASS,RAPID_RESPONSE,2834.4844029171622,-0.3873207322998184,1432.7405591648833,0.4164966189336295,33.45935351628063,669.5688269068138,59.5565616313359,47.36072603342939,14.75528395913302,1.0720005687688854,13.769836759113184,6.149445035126538,25.02800327937642,DESCENT,ABNORMAL_VIBRATION,True,0.65,1.0,OK,42,53.54,3600.0,-1.520712,-1.042956,-0.263765,-0.030216,-8.202127,0.663495
2026-01-01T00:21:23Z,O320_CLASS-SIM-01,O320_CLASS,RAPID_RESPONSE,2827.9570634957363,-0.32863310505246945,1444.3142573290486,0.41727139480226,35.402089174816,671.1702461328383,60.09203155450754,47.82535247120377,14.870810499539859,1.4364134889448894,13.78259558677348,5.7932451888197,24.94299066412292,DESCENT,ABNORMAL_VIBRATION,True,0.65,1.0,OK,42,53.56,3600.0,0.318195,0.401346,0.261084,0.073286,2.879005,1.027646
2026-01-01T00:21:24Z,O320_CLASS-SIM-01,O320_CLASS,RAPID_RESPONSE,2818.959185251402,-0.24992384751375085,1429.84344173225,0.41978614713127954,33.11522840799928,670.6389351498025,58.95342554285504,49.55303508526931,14.739025414002372,1.419297986534966,13.763263510579767,6.42886644449198,24.606591155194327,DESCENT,ABNORMAL_VIBRATION,True,0.65,1.0,OK,42,53.57,3600.0,-2.256923,-0.557287,-0.913783,-0.101315,-13.27348,1.009615
2026-01-01T00:21:25Z,O320_CLASS-SIM-01,O320_CLASS,RAPID_RESPONSE,2812.077057595432,-0.3205368146880688,1443.8605581063462,0.41587563774170294,35.70236426731772,671.1352028218768,60.06228024071666,48.704857248905974,14.773803235992299,1.3099845231900122,13.72557591579267,6.264342848571696,24.860602834544665,DESCENT,ABNORMAL_VIBRATION,True,0.65,1.0,OK,42,53.58,3600.0,0.783733,0.527579,0.209796,-0.002587,1.426502,0.901293
2026-01-01T00:21:26Z,O320_CLASS-SIM-01,O320_CLASS,RAPID_RESPONSE,2807.191779566207,-0.12359296000646319,1440.5104383368946,0.41580459083546445,33.94410388306784,669.500695200371,59.25942069073611,50.46627733519763,14.771047571154952,1.2191565262241117,13.784072554733125,6.429928084456143,24.906957281993204,DESCENT,ABNORMAL_VIBRATION,True,0.65,1.0,OK,42,53.59,3600.0,-1.129181,-1.267592,-0.582554,-0.000791,-1.436223,0.810622
2026-01-01T00:21:27Z,O320_CLASS-SIM-01,O320_CLASS,RAPID_RESPONSE,2796.1085420802506,-0.653825822381932,1442.6995200828514,0.4129762607363235,35.56388806829323,672.8493849352107,60.235457546607215,50.54101928134882,14.804608598132605,1.4508160205953042,13.81726364429125,6.504732310347328,24.750915442194803,DESCENT,ABNORMAL_VIBRATION,True,0.65,1.0,OK,42,53.57,3600.0,1.355557,3.039464,0.429538,0.085713,2.424985,1.043321
2026-01-01T00:21:28Z,O320_CLASS-SIM-01,O320_CLASS,RAPID_RESPONSE,2788.0660103531513,0.23734053817236384,1439.8804067417789,0.41701297168350404,34.148087223854006,672.8870489848524,58.80857655902885,48.699313180936166,14.732175652393174,1.2026129237133203,13.808015323058713,5.8627912807951885,24.85508747050384,DESCENT,ABNORMAL_VIBRATION,True,0.65,1.0,OK,42,53.56,3600.0,-1.273487,1.678822,-1.016232,-0.049085,-1.270129,0.794103
2026-01-01T00:21:29Z,O320_CLASS-SIM-01,O320_CLASS,RAPID_RESPONSE,2784.3400004649543,0.265636737413146,1444.8786561620407,0.4134420991481486,33.27391530690405,675.0541047481184,60.0782394705192,48.905290759642796,14.650450594461972,1.2384935091337619,13.794758922864531,6.222979329549362,24.4632174103402,DESCENT,ABNORMAL_VIBRATION,True,0.65,1.0,OK,42,53.56,3600.0,-1.829138,4.301228,0.277614,-0.071149,4.849646,0.831007
2026-01-01T00:21:30Z,O320_CLASS-SIM-01,O320_CLASS,RAPID_RESPONSE,2775.948918834752,-0.27276546723298833,1449.9126504748706,0.41458377849647654,34.23577776852912,672.9605782073876,59.92157467690882,49.88976101855027,14.729839966673993,1.2633726625869572,13.767227955204808,6.198489389618559,25.008955062852554,DESCENT,ABNORMAL_VIBRATION,True,0.65,1.0,OK,42,53.56,3600.0,-0.379479,2.630386,0.124602,-0.005883,10.053041,0.855727
2026-01-01T00:21:31Z,O320_CLASS-SIM-01,O320_CLASS,RAPID_RESPONSE,2766.745853744908,0.10844327239959935,1431.8963430528486,0.4098387579868653,35.03287676795639,671.4154753685618,59.73312090736892,47.550785534563126,14.735427755574557,1.196642768033938,13.749089222467834,5.792624712463576,24.715514197971732,DESCENT,ABNORMAL_VIBRATION,True,0.65,1.0,OK,42,53.57,3600.0,0.538468,1.386436,-0.011721,0.08394,-5.545619,0.790606
2026-01-01T00:21:32Z,O320_CLASS-SIM-01,O320_CLASS,RAPID_RESPONSE,2760.979393870167,0.12249820976880088,1431.7556331633884,0.41405162794782174,35.840682257453345,667.5621990973548,59.799437369429214,49.74698485196294,14.65087902798394,1.4544402751042862,13.824296167037087,6.073713220476658,24.701041605436483,DESCENT,ABNORMAL_VIBRATION,True,0.65,1.0,OK,42,53.56,3600.0,0.99719,-2.996298,0.045738,-0.064026,-6.097075,1.047468
2026-01-01T00:21:33Z,O320_CLASS-SIM-01,O320_CLASS,RAPID_RESPONSE,2754.0496416285278,0.08083044374558336,1419.8419805192357,0.4133857441439541,35.33295908061934,672.3485750324581,59.41900539491515,48.39627941492558,14.757896451055817,1.213194443145939,13.729826825476957,6.436953434298615,24.719504348647458,DESCENT,ABNORMAL_VIBRATION,True,0.65,1.0,OK,42,53.56,3600.0,0.62051,1.926774,-0.335108,0.054814,-18.029947,0.806374
2026-01-01T00:21:34Z,O320_CLASS-SIM-01,O320_CLASS,RAPID_RESPONSE,2746.636828165771,-0.05181850437997643,1437.565347452671,0.41440836093624334,34.65636779502271,667.545429623437,58.813651695669925,49.77599931390284,14.715888162652343,1.3050209054274948,13.803517829315268,6.275043946991059,24.702553962191477,DESCENT,ABNORMAL_VIBRATION,True,0.65,1.0,OK,42,53.55,3600.0,0.013202,-2.873144,-0.953082,-0.003021,-0.891856,0.897868
2026-01-01T00:21:35Z,O320_CLASS-SIM-01,O320_CLASS,RAPID_RESPONSE,2738.2346503884582,0.42113054195561295,1439.064693903911,0.4169978465332428,32.954214777028184,666.4903146574674,60.160743162983614,47.85540566921915,14.80009595757314,1.4761687162919135,13.823253953380874,6.3452361887118505,24.611654509533025,DESCENT,ABNORMAL_VIBRATION,True,0.65,1.0,OK,42,53.52,3600.0,-2.380457,-4.761722,0.355523,0.036903,-1.177392,1.068061
2026-01-01T00:21:36Z,O320_CLASS-SIM-01,O320_CLASS,RAPID_RESPONSE,2727.5109875997973,0.4792942003783559,1426.2722090660418,0.416169771375455,35.549741994532184,670.3216451513897,59.93948909725772,48.842772408940824,14.682257693451696,1.3297096827949635,13.817338068584617,6.161341634444395,24.65903320123907,DESCENT,ABNORMAL_VIBRATION,True,0.65,1.0,OK,42,53.5,3600.0,0.255941,-0.898603,0.113597,-0.069675,-14.928593,0.921557
2026-01-01T00:21:37Z,O320_CLASS-SIM-01,O320_CLASS,RAPID_RESPONSE,2724.4589310666065,0.0003659429791779689,1441.6885860913426,0.4142847057719734,33.74496317082035,672.951472173172,59.74928431835846,48.00067638615635,14.734993679040908,1.112547502639045,13.801641203985143,5.625143525548475,24.79103035488091,DESCENT,ABNORMAL_VIBRATION,True,0.65,1.0,OK,42,53.52,3600.0,-0.891763,2.454432,-0.071691,0.013209,0.71581,0.704844
2026-01-01T00:21:38Z,O320_CLASS-SIM-01,O320_CLASS,RAPID_RESPONSE,2715.065765934319,0.27154563497014217,1441.1235034948934,0.41245197085237545,35.99749473135541,671.9221525664697,59.93809294754752,48.6434552946308,14.657682934905097,1.3113614527219943,13.782981326268708,6.075696149696163,24.91403639030905,DESCENT,ABNORMAL_VIBRATION,True,0.65,1.0,OK,42,53.54,3600.0,1.312658,1.432146,0.138788,-0.02967,1.155759,0.904317
2026-01-01T00:21:39Z,O320_CLASS-SIM-01,O320_CLASS,RAPID_RESPONSE,2707.640175284315,0.45764499117377777,1426.65433624429,0.41430312721078744,34.02741663935896,667.9199383639789,60.41267150750951,48.94634414500712,14.724608695391042,1.2130304235215885,13.772709831256494,6.047442985815607,24.863329807900207,DESCENT,ABNORMAL_VIBRATION,True,0.65,1.0,OK,42,53.56,3600.0,-0.967977,-2.975099,0.607683,0.010404,-13.577036,0.805569
2026-01-01T00:21:40Z,O320_CLASS-SIM-01,O320_CLASS,RAPID_RESPONSE,2701.698778563357,0.43977243781112596,1454.3256076451096,0.4118275851228006,33.04506786121504,666.2275901231077,59.076272123535055,48.04058510103733,14.658619177404711,1.3138452266236926,13.774615654045471,6.326496269781559,24.752342758502653,DESCENT,ABNORMAL_VIBRATION,True,0.65,1.0,OK,42,53.56,3600.0,-1.673368,-4.300863,-0.707121,-0.012526,15.095793,0.90716
2026-01-01T00:21:41Z,O320_CLASS-SIM-01,O320_CLASS,RAPID_RESPONSE,2692.5202821391904,0.41212276889873406,1448.9955184359587,0.4089648091846218,35.072589772633755,670.0821206386414,60.061271195858545,48.343057371244484,14.665121670465803,1.30022246354777,13.817241147966275,6.114565726392324,25.040202593950834,DESCENT,ABNORMAL_VIBRATION,True,0.65,1.0,OK,42,53.57,3600.0,0.713438,0.020528,0.322748,0.048237,11.846634,0.894677
2026-01-01T00:21:42Z,O320_CLASS-SIM-01,O320_CLASS,RAPID_RESPONSE,2685.40837062244,0.5507639761196091,1436.3217833950687,0.41296182713270363,33.998169945803596,670.9054761377267,59.74901216067418,48.61232853492544,14.676663444869407,1.193370822405614,13.778260168835775,6.504511850796877,24.8072866840575,DESCENT,ABNORMAL_VIBRATION,True,0.65,1.0,OK,42,53.61,3600.0,-0.810315,0.215333,-0.001635,-0.000462,-1.389397,0.786901
2026-01-01T00:21:43Z,O320_CLASS-SIM-01,O320_CLASS,RAPID_RESPONSE,2681.408979432538,0.6037277112848893,1445.0253023579364,0.41018679047213946,36.37849788195176,668.7853060015708,59.92529674632692,48.13697563643823,14.676237653858506,1.2540962410299565,13.751705012253296,6.042690432013628,24.97428508934482,DESCENT,ABNORMAL_VIBRATION,True,0.65,1.0,OK,42,53.64,3600.0,1.789067,-1.579493,0.19521,0.045784,8.267655,0.848442
2026-01-01T00:21:44Z,O320_CLASS-SIM-01,O320_CLASS,RAPID_RESPONSE,2670.7009144027575,0.4516724955181335,1445.9866389154936,0.4096614160837898,35.58297421584153,671.9338459285165,59.98665757215196,49.83111534077082,14.60668334134908,1.36323202076554,13.813139826410938,5.9480662843226195,24.630331922291905,DESCENT,ABNORMAL_VIBRATION,True,0.65,1.0,OK,42,53.65,3600.0,1.26089,1.837006,0.275185,-0.009319,10.092248,0.957939
2026-01-01T00:21:45Z,O320_CLASS-SIM-01,O320_CLASS,RAPID_RESPONSE,2662.069218691841,0.7424599553733151,1425.8093152260467,0.41235280398171664,32.994354250176904,673.7891982463599,59.94282724805594,49.88248958138042,14.676035412669895,1.1191954880553543,13.751361415207606,6.166938267454853,24.73680438151447,DESCENT,ABNORMAL_VIBRATION,True,0.65,1.0,OK,42,53.65,3600.0,-1.818352,3.065738,0.214138,0.018801,-10.883499,0.713186
2026-01-01T00:21:46Z,O320_CLASS-SIM-01,O320_CLASS,RAPID_RESPONSE,2656.779208552316,0.6032071775467723,1453.1298437093446,0.41360510943898554,34.43374781047481,675.0553820189007,59.42125542188031,48.52296113124832,14.573256168903017,1.4828783565923322,13.725869675405557,5.745419394701012,24.645282094217404,DESCENT,ABNORMAL_VIBRATION,True,0.65,1.0,OK,42,53.64,3600.0,-0.347227,4.287036,-0.334307,-0.106576,15.190705,1.076315
2026-01-01T00:21:47Z,O320_CLASS-SIM-01,O320_CLASS,RAPID_RESPONSE,2649.4834855120134,0.934476732911838,1437.808480051625,0.4128989635334457,34.533119745627154,671.6218804737563,60.39238204800609,48.17055615653066,14.593247208557408,1.3216966649802389,13.797469046730763,6.131456544370659,24.890143397776832,DESCENT,ABNORMAL_VIBRATION,True,0.65,1.0,OK,42,53.64,3600.0,-0.499852,0.602271,0.623825,-0.07661,-0.733311,0.915143
2026-01-01T00:21:48Z,O320_CLASS-SIM-01,O320_CLASS,RAPID_RESPONSE,2639.6981112956487,0.8591319014375307,1439.6980598190873,0.4112413887427415,36.601264167401695,671.4946978346959,59.607314393638305,48.80222111772351,14.676497093358483,1.2281397182202083,13.796794567978559,5.727647306956455,24.364906476809264,DESCENT,ABNORMAL_VIBRATION,True,0.65,1.0,OK,42,53.65,3600.0,1.835021,0.783036,-0.154379,0.035453,1.474595,0.822033
2026-01-01T00:21:49Z,O320_CLASS-SIM-01,O320_CLASS,RAPID_RESPONSE,2634.4128968079303,0.954578616930925,1436.398160768779,0.41186084827778247,36.971913850841666,674.1096535808252,60.110945675063704,47.684852724453926,14.582706296773765,1.092297380478135,13.794205252906943,6.377632291747625,24.916457257265648,DESCENT,ABNORMAL_VIBRATION,True,0.65,1.0,OK,42,53.67,3600.0,2.081586,3.234204,0.346558,-0.06667,-1.950242,0.686051
2026-01-01T00:21:50Z,O320_CLASS-SIM-01,O320_CLASS,RAPID_RESPONSE,2626.013145706915,0.9143899712659029,1431.9258098659577,0.4086270481855962,34.456917345549,668.1362981451911,60.42561976341764,47.368953626711395,14.605187018311307,1.0569410901984184,13.784065986069896,6.098195613429669,24.6835591792173,DESCENT,ABNORMAL_VIBRATION,True,0.65,1.0,OK,42,53.71,3600.0,-0.052505,-2.239053,0.692842,0.012599,-4.956631,0.651747
2026-01-01T00:21:51Z,O320_CLASS-SIM-01,O320_CLASS,RAPID_RESPONSE,2616.1008251009534,0.9866192753381514,1431.9535194651758,0.40980959755459995,36.9959097487192,671.0163645082943,59.93356415018492,48.05793946648114,14.570314301442792,1.1637956796704918,13.850256595015468,6.025251051592847,24.790440577266676,DESCENT,ABNORMAL_VIBRATION,True,0.65,1.0,OK,42,53.76,3600.0,2.373169,0.459461,0.208999,-0.035579,-4.548044,0.758494
2026-01-01T00:21:52Z,O320_CLASS-SIM-01,O320_CLASS,RAPID_RESPONSE,2608.7574022273634,0.6217091942397447,1429.8596586447284,0.41465030794359636,35.35550986837231,674.6933091760993,59.57850590031238,46.56458640652385,14.54859956385816,1.3759899936890159,13.782236687998134,6.092818837113216,24.655834715854446,DESCENT,ABNORMAL_VIBRATION,True,0.65,1.0,OK,42,53.77,3600.0,0.68319,3.85383,-0.193903,-0.136928,-8.860762,0.969173
2026-01-01T00:21:53Z,O320_CLASS-SIM-01,O320_CLASS,RAPID_RESPONSE,2603.909573530204,1.0085479988998614,1438.5098712818447,0.4100851007745096,34.19296739025604,668.3928552254307,59.543838654722514,49.97121816312334,14.654158881527437,1.3134886975058915,13.751483800604882,5.734319648512443,24.898993342999574,DESCENT,ABNORMAL_VIBRATION,True,0.65,1.0,OK,42,53.76,3600.0,-0.452829,-2.247743,-0.214386,0.040855,0.447269,0.907771
2026-01-01T00:21:54Z,O320_CLASS-SIM-01,O320_CLASS,RAPID_RESPONSE,2596.3571508906743,1.1530873465023868,1432.9519675118881,0.40657211069152993,35.67026056388544,673.5665492653035,59.44030795868675,47.8861018198442,14.655093592578341,1.1245027174681383,13.82841893977862,6.064796572219245,24.675682076138735,DESCENT,ABNORMAL_VIBRATION,True,0.65,1.0,OK,42,53.77,3600.0,1.254163,3.296756,-0.270934,0.105388,-2.931733,0.720071
2026-01-01T00:21:55Z,O320_CLASS-SIM-01,O320_CLASS,RAPID_RESPONSE,2587.5676620018203,1.1232552398453992,1444.794858486276,0.4110771758347063,35.929398058678196,671.0676463792221,59.526575700142004,48.51425529515765,14.566262195832111,1.4840191639558884,13.805084748906241,6.06749665052755,24.593842186297497,DESCENT,ABNORMAL_VIBRATION,True,0.65,1.0,OK,42,53.78,3600.0,1.198361,0.275238,-0.201243,-0.051346,8.142395,1.078518
2026-01-01T00:21:56Z,O320_CLASS-SIM-01,O320_CLASS,RAPID_RESPONSE,2582.3112595323046,1.2505026203316563,1434.6126143892645,0.41221041655054896,34.0061030486369,669.8141847342802,59.613984805302145,47.494923488931654,14.59784287215213,1.1123220307019055,13.757864270647195,5.912586810704258,24.643899971169294,DESCENT,ABNORMAL_VIBRATION,True,0.65,1.0,OK,42,53.81,3600.0,-0.947132,-1.271812,-0.138992,-0.040167,-3.206595,0.706312
2026-01-01T00:21:57Z,O320_CLASS-SIM-01,O320_CLASS,RAPID_RESPONSE,2571.241628303975,1.3158321266430015,1434.2779254313416,0.4090126829430829,37.43703894977877,670.2277733958284,59.94543662446163,49.15109059552428,14.573424869350152,1.2399801810649524,13.77557623541449,6.137653898362217,24.64313002785015,DESCENT,ABNORMAL_VIBRATION,True,0.65,1.0,OK,42,53.83,3600.0,2.748007,-0.490558,0.2071,-0.011075,-2.862311,0.83482
2026-01-01T00:21:58Z,O320_CLASS-SIM-01,O320_CLASS,RAPID_RESPONSE,2564.25868303563,1.3300383379924656,1419.6160781729066,0.41171436780175286,37.20005490684369,671.0477457538292,59.96681273506799,49.469989951459574,14.504848337727765,1.4262177906398865,13.762131444542506,6.658014329633426,24.702015626915898,DESCENT,ABNORMAL_VIBRATION,True,0.65,1.0,OK,42,53.82,3600.0,2.287851,-0.028601,0.208455,-0.121882,-18.452673,1.020301
2026-01-01T00:21:59Z,O320_CLASS-SIM-01,O320_CLASS,RAPID_RESPONSE,2558.8622733347574,1.3494880604459825,1452.833407273949,0.40750307734369995,35.99974413079785,672.1937779560265,59.85951482854318,48.8184524064174,14.532247849934553,0.9127824762707334,13.807125731805954,5.9614428198528095,24.904841570771413,DESCENT,ABNORMAL_VIBRATION,True,0.65,1.0,OK,42,53.87,3600.0,1.469475,1.666228,0.131525,-0.02441,16.172995,0.508086
2026-01-01T00:22:00Z,O320_CLASS-SIM-01,O320_CLASS,RAPID_RESPONSE,2550.5275466518733,1.6050385171530188,1441.5434837747837,0.4034039429723749,35.33420478078659,669.7731270698406,60.160959384082155,49.139281166967116,14.590266105536971,1.2163294902950308,13.747485094413344,5.973750534373083,24.458564666658503,DESCENT,ABNORMAL_VIBRATION,True,0.65,1.0,OK,42,53.92,3600.0,0.989623,-0.39616,0.497907,0.109337,7.894694,0.813247
2026-01-01T00:22:01Z,O320_CLASS-SIM-01,O320_CLASS,RAPID_RESPONSE,2541.6144843981792,1.2541261350690913,1423.4948158445518,0.40837184658334125,35.23196126049212,670.5580840044005,59.492601056361,47.94034628621033,14.538779708428322,1.2415157915863304,13.77294765093377,5.699909357774218,24.832893068495274,DESCENT,ABNORMAL_VIBRATION,True,0.65,1.0,OK,42,53.96,3600.0,0.867447,0.146161,-0.179233,-0.015104,-10.561276,0.837369
2026-01-01T00:22:02Z,O320_CLASS-SIM-01,O320_CLASS,RAPID_RESPONSE,2534.1494533168857,1.5789385350423588,1441.9628369748755,0.4086001862083064,35.544907091680734,665.4762408554004,59.49213521254281,49.61350986361292,14.574625065948414,1.329264598196267,13.82593326196797,6.153510711801295,24.68904553344025,DESCENT,ABNORMAL_VIBRATION,True,0.65,1.0,OK,42,53.97,3600.0,0.861189,-5.28858,-0.189817,0.017404,7.437509,0.924976
2026-01-01T00:22:03Z,O320_CLASS-SIM-01,O320_CLASS,RAPID_RESPONSE,2526.0623419303993,1.4998787151697157,1431.4673243742277,0.4065635016152365,33.47888186059343,671.6520711761544,60.365092644790586,49.511182508420426,14.527569343750093,1.370780045545908,13.785170629255,6.06675731637473,24.710520780051784,DESCENT,ABNORMAL_VIBRATION,True,0.65,1.0,OK,42,53.97,3600.0,-0.908824,1.24944,0.69658,0.005346,-2.434688,0.967082
2026-01-01T00:22:04Z,O320_CLASS-SIM-01,O320_CLASS,RAPID_RESPONSE,2519.7000897930175,1.7176599184105914,1435.7188186654532,0.4060987099604016,33.64367652717528,671.4181997433155,59.85505442455446,48.548292389523034,14.48161934992439,1.4207555021075196,13.805898478487501,5.578410353188295,24.926073457667382,DESCENT,ABNORMAL_VIBRATION,True,0.65,1.0,OK,42,53.97,3600.0,-0.880221,0.888323,0.20016,-0.029353,2.448366,1.017332
2026-01-01T00:22:05Z,O320_CLASS-SIM-01,O320_CLASS,RAPID_RESPONSE,2512.186536303999,1.6972480620040813,1443.5753204306154,0.41066618868436916,35.7744288711016,671.2613455093517,59.13049309440487,47.21267210259732,14.576659389339845,1.2745633667317555,13.750270212563237,6.006130909397577,24.640692933388674,DESCENT,ABNORMAL_VIBRATION,True,0.65,1.0,OK,42,53.96,3600.0,0.892999,0.152744,-0.565609,-0.007971,8.393774,0.869766
2026-01-01T00:22:06Z,O320_CLASS-SIM-01,O320_CLASS,RAPID_RESPONSE,2504.1241498897657,1.878744177583803,1436.084518384837,0.4067083100438753,37.75518547992653,667.0780658768061,59.89706749487136,48.02992085046772,14.519413937234674,1.3131401571110575,13.800016629364373,6.006602196230816,24.668387366239116,DESCENT,ABNORMAL_VIBRATION,True,0.65,1.0,OK,42,53.93,3600.0,3.062224,-3.700218,0.212945,-0.00206,1.458566,0.909299
2026-01-01T00:22:07Z,O320_CLASS-SIM-01,O320_CLASS,RAPID_RESPONSE,2497.081372353279,1.6042570970548267,1439.2639283984518,0.407534890963786,35.0836141273403,670.4956288723761,59.597903831274756,49.84556980323529,14.57291197011703,1.4087966852561338,13.785825768873941,6.40838580989739,24.66016391559598,DESCENT,ABNORMAL_VIBRATION,True,0.65,1.0,OK,42,53.9,3600.0,0.629459,-0.095518,-0.087828,0.040795,4.563306,1.004795
2026-01-01T00:22:08Z,O320_CLASS-SIM-01,O320_CLASS,RAPID_RESPONSE,2489.6987223207875,1.994265113052299,1440.8206580930932,0.40619687696394796,33.30123133028794,670.1649635093105,59.39825784827161,50.32117552496617,14.55436407211346,1.0737387340677222,13.74326737119702,5.873963930276908,24.637899222421332,DESCENT,ABNORMAL_VIBRATION,True,0.65,1.0,OK,42,53.89,3600.0,-1.388121,-0.621011,-0.275362,0.0464,6.681783,0.67017
2026-01-01T00:22:09Z,O320_CLASS-SIM-01,O320_CLASS,RAPID_RESPONSE,2482.249949409304,2.0309319736321325,1426.2089054704109,0.4111624078230264,33.42018953171938,667.1576617425845,60.344675618093504,50.035518031318915,14.501786521166,1.3566246247783724,13.786783316380015,6.101043164191758,24.52639773966649,DESCENT,ABNORMAL_VIBRATION,True,0.65,1.0,OK,42,53.85,3600.0,-1.720586,-4.320406,0.624377,-0.086761,-10.094796,0.951538
2026-01-01T00:22:10Z,O320_CLASS-SIM-01,O320_CLASS,RAPID_RESPONSE,2471.2770492259997,1.7857910726514925,1448.33794957965,0.4100997158943422,34.23343305714422,668.2907969547936,59.77774888974146,49.36706054402746,14.535484386164514,0.9948183669120683,13.869288052182114,6.348306877618352,24.69033674235285,DESCENT,ABNORMAL_VIBRATION,True,0.65,1.0,OK,42,53.86,3600.0,-0.550976,-2.829609,0.033472,-0.039029,10.922198,0.589694
2026-01-01T00:22:11Z,O320_CLASS-SIM-01,O320_CLASS,RAPID_RESPONSE,2466.422283554758,2.1093458541119476,1437.6394636351592,0.40637873942051345,35.09320545551267,670.4093543404202,59.82439026982659,49.634715656546796,14.517161231326034,1.1896096347079637,13.816310275563142,5.664234929205144,24.59948054846422,DESCENT,ABNORMAL_VIBRATION,True,0.65,1.0,OK,42,53.89,3600.0,0.330731,-0.541557,0.102547,0.003435,1.264136,0.785508
2026-01-01T00:22:12Z,O320_CLASS-SIM-01,O320_CLASS,RAPID_RESPONSE,2460.0398410289713,1.9005198625606172,1430.3755574402767,0.40857548356578005,34.36008397495244,666.1235910225469,59.491451878419326,49.1382226611079,14.49652937019277,1.3867517011637984,13.788725214716784,6.027129027267934,24.539353483332118,DESCENT,ABNORMAL_VIBRATION,True,0.65,1.0,OK,42,53.91,3600.0,-0.349925,-4.883393,-0.239313,-0.04971,-6.41354,0.982127
2026-01-01T00:22:13Z,O320_CLASS-SIM-01,O320_CLASS,RAPID_RESPONSE,2451.8382911225435,1.96533351650673,1431.1304168282174,0.4071878926260713,35.01949634583424,672.7621175198983,59.5042967373807,50.336856109837655,14.522738853925647,1.2205226141114653,13.792563021889604,5.891219635008575,24.40114283561383,DESCENT,ABNORMAL_VIBRATION,True,0.65,1.0,OK,42,53.92,3600.0,0.40163,1.885546,-0.219209,0.00067,-5.322044,0.816287
2026-01-01T00:22:14Z,O320_CLASS-SIM-01,O320_CLASS,RAPID_RESPONSE,2444.089955446394,2.2196185435863343,1433.9203234102285,0.4053374421657553,33.51296740450939,665.8180427192303,60.22500795501262,49.00258963852875,14.46217459295796,1.1169152292221374,13.812067346517098,6.278821971997471,24.57151653306582,DESCENT,ABNORMAL_VIBRATION,True,0.65,1.0,OK,42,53.94,3600.0,-1.150016,-5.036775,0.525549,-0.025783,-1.416898,0.713357
2026-01-01T00:22:15Z,O320_CLASS-SIM-01,O320_CLASS,RAPID_RESPONSE,2439.2468144475642,2.134489437161817,1428.2615236390222,0.4048294418930716,33.58629965884812,667.4109379823033,59.96266001709764,49.03135806599137,14.509069061777314,1.3646912327480323,13.790856934273943,5.5453124408002505,24.585734863367538,DESCENT,ABNORMAL_VIBRATION,True,0.65,1.0,OK,42,53.95,3600.0,-0.905702,-3.253302,0.285207,0.034173,-6.055122,0.96151
2026-01-01T00:22:16Z,O320_CLASS-SIM-01,O320_CLASS,RAPID_RESPONSE,2430.854047133102,2.013775395879612,1435.9975659386469,0.40244081306218504,34.54194832330703,674.7436495877581,59.95918383472711,47.766602240416965,14.51518677789275,1.3588524189224647,13.858280190867418,6.173903292326467,24.510232323279954,DESCENT,ABNORMAL_VIBRATION,True,0.65,1.0,OK,42,53.93,3600.0,0.441721,4.566685,0.322175,0.085555,3.556593,0.956649
2026-01-01T00:22:17Z,O320_CLASS-SIM-01,O320_CLASS,RAPID_RESPONSE,2423.152016967036,2.4931550397512234,1431.3834418983306,0.4071139956235429,33.51072932859144,671.6551190099821,58.65064637087161,48.526435966278164,14.467024327688888,1.173358362534523,13.735320176216872,5.92854586634866,24.76348994287696,DESCENT,ABNORMAL_VIBRATION,True,0.65,1.0,OK,42,53.92,3600.0,-1.430574,0.418734,-1.009616,-0.033895,-2.135952,0.769979
2026-01-01T00:22:18Z,O320_CLASS-SIM-01,O320_CLASS,RAPID_RESPONSE,2414.870658619335,2.3116406354806305,1438.6029176401328,0.4041470079318668,36.14538185855462,668.2566398985769,60.41481181430688,50.21686200573338,14.444095153451878,1.3031779341498835,13.780509740098623,6.2014535478977075,24.877370262922543,DESCENT,ABNORMAL_VIBRATION,True,0.65,1.0,OK,42,53.89,3600.0,1.67452,-2.403788,0.768751,-0.00813,5.742106,0.900581
2026-01-01T00:22:19Z,O320_CLASS-SIM-01,O320_CLASS,RAPID_RESPONSE,2405.4891131279765,2.4168663933091943,1415.6819907537715,0.4042842879172179,36.25525684980537,667.1913960842802,59.00104651976534,49.54299438854952,14.525833713413098,1.1910869307238126,13.717138087540697,5.629329952923271,24.726996284528894,DESCENT,ABNORMAL_VIBRATION,True,0.65,1.0,OK,42,53.85,3600.0,1.718215,-3.560366,-0.637939,0.07547,-16.850652,0.788576
2026-01-01T00:22:20Z,O320_CLASS-SIM-01,O320_CLASS,RAPID_RESPONSE,2398.2311363710555,2.420502944085856,1434.0489207845123,0.40346492942312895,36.68453830646238,672.2172071943982,60.122507048895166,50.142935497134815,14.443528320389994,1.219203364724811,13.765316956200092,6.218714200806534,24.61392580249121,DESCENT,ABNORMAL_VIBRATION,True,0.65,1.0,OK,42,53.82,3600.0,2.255051,1.594563,0.496296,0.009624,2.108694,0.817029
2026-01-01T00:22:21Z,O320_CLASS-SIM-01,O320_CLASS,RAPID_RESPONSE,2395.0875494130514,2.336869604449145,1434.063532976461,0.4037918383759081,33.962230234563336,676.1775462486039,59.45937624326871,49.20297496175134,14.41239759265681,1.3207379697887032,13.771175279872605,5.766952276789728,24.646971320142114,DESCENT,ABNORMAL_VIBRATION,True,0.65,1.0,OK,42,53.8,3600.0,-0.390076,5.613838,-0.161763,-0.024497,2.358517,0.918569
2026-01-01T00:22:22Z,O320_CLASS-SIM-01,O320_CLASS,RAPID_RESPONSE,2385.914529814176,2.6515480274132934,1432.406427104196,0.404173545136862,34.06641482116631,669.4962342179803,59.26429426674475,48.241870817182125,14.405056744027965,1.2327816604623698,13.761450856899193,5.958588150160432,24.654950201358137,DESCENT,ABNORMAL_VIBRATION,True,0.65,1.0,OK,42,53.78,3600.0,-0.591549,-1.412286,-0.35898,-0.0354,0.602387,0.830541
2026-01-01T00:22:23Z,O320_CLASS-SIM-01,O320_CLASS,RAPID_RESPONSE,2379.367061498749,2.4069926144202998,1434.2974558604726,0.40372417884397077,34.57762531809297,671.3688932680421,59.65211316722639,50.16219071563649,14.433293547802272,1.4370843812123306,13.775486638304788,5.617553701431796,24.804665677015567,DESCENT,ABNORMAL_VIBRATION,True,0.65,1.0,OK,42,53.77,3600.0,0.231659,0.775454,0.031064,0.001624,2.596605,1.034979
2026-01-01T00:22:24Z,O320_CLASS-SIM-01,O320_CLASS,RAPID_RESPONSE,2370.588145207889,2.5998817547642945,1429.8709825995024,0.39943742853374703,32.156481887243615,674.8825135027095,59.392168073006665,50.340985404053164,14.349184618570177,1.1927224209076401,13.794480324135495,6.016123103080723,24.788715301162252,DESCENT,ABNORMAL_VIBRATION,True,0.65,1.0,OK,42,53.77,3600.0,-1.956072,4.698102,-0.181919,-0.008251,0.348126,0.792045
2026-01-01T00:22:25Z,O320_CLASS-SIM-01,O320_CLASS,RAPID_RESPONSE,2362.4795511511043,2.6125992053990146,1426.3736433561014,0.40108421691036217,36.1725952451327,674.6877058437324,59.20800806332843,48.726064250055835,14.40653002495809,1.1725244543919788,13.768635385690315,6.164956656712046,24.69982394501646,DESCENT,ABNORMAL_VIBRATION,True,0.65,1.0,OK,42,53.76,3600.0,1.968363,4.333132,-0.351703,0.029843,-2.482529,0.771717
2026-01-01T00:22:26Z,O320_CLASS-SIM-01,O320_CLASS,RAPID_RESPONSE,2354.8280532878257,3.054461810515485,1427.47872557927,0.4065576715634268,36.22232550405729,672.0354038994219,58.85015484662338,49.67512502485874,14.39276887612149,1.2959622735657255,13.74216974493317,6.227469744073982,24.854105062376654,DESCENT,ABNORMAL_VIBRATION,True,0.65,1.0,OK,42,53.75,3600.0,1.126832,0.523234,-0.760474,-0.071895,-3.738857,0.893499
2026-01-01T00:22:27Z,O320_CLASS-SIM-01,O320_CLASS,RAPID_RESPONSE,2349.2550364531003,2.683923192542321,1423.0712250072072,0.4037866961662749,36.590192213255186,670.9544007035363,59.79864295376581,49.503395991966606,14.387917567922806,1.3305802391928145,13.770845543005336,6.137614938666952,24.781629317043635,DESCENT,ABNORMAL_VIBRATION,True,0.65,1.0,OK,42,53.75,3600.0,2.10113,0.143056,0.18071,-0.036002,-8.485108,0.928595
2026-01-01T00:22:28Z,O320_CLASS-SIM-01,O320_CLASS,RAPID_RESPONSE,2340.521275258707,2.873678297908171,1424.5887706814967,0.4010608301761952,34.42864726975598,670.7402992317541,59.40590972603303,49.92528680635074,14.453091946548355,1.2589311089794863,13.816364180039582,5.706363086100217,24.530199441160633,DESCENT,ABNORMAL_VIBRATION,True,0.65,1.0,OK,42,53.77,3600.0,0.027052,0.117549,-0.188961,0.075882,-5.897999,0.857783
2026-01-01T00:22:29Z,O320_CLASS-SIM-01,O320_CLASS,RAPID_RESPONSE,2332.0655319098364,2.8507929811511126,1429.371579588512,0.4015891657840793,34.111458336515724,672.0007824371247,59.0801028118258,51.648412770406225,14.403323281775416,1.417020832308989,13.756564935328917,6.176980527727032,24.718808785160892,DESCENT,ABNORMAL_VIBRATION,True,0.65,1.0,OK,42,53.77,3600.0,-0.261571,1.369672,-0.505436,0.022403,-0.682393,1.015905
2026-01-01T00:22:30Z,O320_CLASS-SIM-01,O320_CLASS,RAPID_RESPONSE,2326.285212590832,2.85770296232644,1443.557455454933,0.3995158883050259,35.613052593172895,671.0951120536071,59.201732238574834,51.376701969161395,14.489303553591677,1.0341854550297755,13.779237352567957,6.208138732205732,24.769196700390754,DESCENT,ABNORMAL_VIBRATION,True,0.65,1.0,OK,42,53.77,3600.0,1.450328,0.759271,-0.355377,0.145668,14.821965,0.633831
2026-01-01T00:22:31Z,O320_CLASS-SIM-01,O320_CLASS,RAPID_RESPONSE,2319.7732944124177,3.1323949061271934,1433.132385157834,0.4068597627803788,35.59514023070289,669.9256106475137,59.38523319806974,50.85112017827158,14.351818551897756,1.1168263957543139,13.766715383394724,6.11896674150937,24.673068037123667,DESCENT,ABNORMAL_VIBRATION,True,0.65,1.0,OK,42,53.8,3600.0,0.548314,-1.640271,-0.233065,-0.109296,1.559114,0.714325
2026-01-01T00:22:32Z,O320_CLASS-SIM-01,O320_CLASS,RAPID_RESPONSE,2308.02454365528,3.1593119606986155,1427.6415524634217,0.40615098164871005,34.832909342406936,673.9780192559543,59.85562434758028,50.949959347397254,14.414583342547981,1.3508849957232572,13.806668262474892,6.6498770567896415,24.66076302035162,DESCENT,ABNORMAL_VIBRATION,True,0.65,1.0,OK,42,53.81,3600.0,-0.171972,2.4337,0.19895,-0.040374,-5.711442,0.948107
2026-01-01T00:22:33Z,O320_CLASS-SIM-01,O320_CLASS,RAPID_RESPONSE,2303.6923904815867,3.0329632616234843,1434.7909849883815,0.4020009837818197,31.876103214359322,670.3154068507481,60.00020746190034,49.327280691969136,14.42671637819322,1.222782728961573,13.768095203733408,6.253168844241454,24.802533019032033,DESCENT,ABNORMAL_VIBRATION,True,0.65,1.0,OK,42,53.81,3600.0,-2.640303,-0.572798,0.360663,0.037029,2.232411,0.821039
2026-01-01T00:22:34Z,O320_CLASS-SIM-01,O320_CLASS,RAPID_RESPONSE,2295.630820606796,3.2348850304170687,1432.232986243127,0.39843289015624417,34.008999275963035,666.3107601307855,59.860435236221846,50.69799691049137,14.422359365489767,1.2250625573315435,13.802846333808509,5.630895467503837,24.683388931994564,DESCENT,ABNORMAL_VIBRATION,True,0.65,1.0,OK,42,53.82,3600.0,-0.343869,-4.261466,0.270963,0.09654,1.996581,0.824637
2026-01-01T00:22:35Z,O320_CLASS-SIM-01,O320_CLASS,RAPID_RESPONSE,2285.3776260167874,3.07750055807912,1443.4038159939387,0.40371425214248713,35.25491265087748,670.37362760321,59.197153444142664,50.17230509823907,14.425415776599744,1.3719377020222288,13.726206496815973,6.049530664414017,24.411670380261697,DESCENT,ABNORMAL_VIBRATION,True,0.65,1.0,OK,42,53.82,3600.0,0.668333,-0.684617,-0.416046,0.020578,12.067031,0.970226
2026-01-01T00:22:36Z,O320_CLASS-SIM-01,O320_CLASS,RAPID_RESPONSE,2281.206275749659,3.0760488377899944,1420.5543487525317,0.4029691946587977,35.12892549003949,671.4146070138909,60.468374765311516,50.57237943358906,14.332244404662555,1.2275223647132432,13.765163521020089,6.33839961713082,24.739961784575865,DESCENT,ABNORMAL_VIBRATION,True,0.65,1.0,OK,42,53.82,3600.0,0.610643,0.439921,0.845534,-0.062422,-11.22956,0.825857
2026-01-01T00:22:37Z,O320_CLASS-SIM-01,O320_CLASS,RAPID_RESPONSE,2273.0698849301994,3.0123947384707144,1430.6955660437343,0.4010263571803583,33.22619383461315,670.2858067730217,59.763090965887386,50.10264337025479,14.28850006749681,1.1774456343585729,13.759673698715938,6.068420596935666,24.709790637616575,DESCENT,ABNORMAL_VIBRATION,True,0.65,1.0,OK,42,53.85,3600.0,-1.027804,-0.357752,0.15321,-0.073119,-0.487304,0.776341
2026-01-01T00:22:38Z,O320_CLASS-SIM-01,O320_CLASS,RAPID_RESPONSE,2264.3825804068315,3.2099004834865044,1430.6078820859877,0.4028703979544175,34.787272367075964,674.4032041331759,60.03916295258853,51.34525588054713,14.422151770591341,1.4785448664001328,13.739088739341689,6.180231422718943,24.878854340974026,DESCENT,ABNORMAL_VIBRATION,True,0.65,1.0,OK,42,53.85,3600.0,0.217913,3.341528,0.416819,0.033524,-1.153008,1.076958
2026-01-01T00:22:39Z,O320_CLASS-SIM-01,O320_CLASS,RAPID_RESPONSE,2259.598540982784,3.210642178047914,1435.194408900491,0.4009004061299008,36.66710553244955,667.3832915415519,59.275265468797016,48.74122976496134,14.355569073526677,1.374831014679365,13.77232133654091,6.041966153020106,24.77778753291002,DESCENT,ABNORMAL_VIBRATION,True,0.65,1.0,OK,42,53.83,3600.0,2.283363,-3.417174,-0.335248,-0.000747,3.982168,0.973786
2026-01-01T00:22:40Z,O320_CLASS-SIM-01,O320_CLASS,RAPID_RESPONSE,2249.8255642724885,3.4299039028716156,1432.938236265511,0.3988644422513685,34.33558235675348,672.7123621547984,59.95150465314127,51.2704022168541,14.359730469176501,1.2680140418549855,13.796125672635645,5.866348569770034,24.59903027297918,DESCENT,ABNORMAL_VIBRATION,True,0.65,1.0,OK,42,53.81,3600.0,-0.037074,1.998815,0.37017,0.041249,3.079237,0.867743
2026-01-01T00:22:41Z,O320_CLASS-SIM-01,O320_CLASS,RAPID_RESPONSE,2242.3128032135182,3.2324973450668844,1432.9208420515633,0.40245927518344765,33.59426673020601,671.9514315045728,59.325512853241804,49.46023893957224,14.440359660415305,1.2146605789110947,13.73520906882889,6.067053604368179,24.733820719825143,DESCENT,ABNORMAL_VIBRATION,True,0.65,1.0,OK,42,53.81,3600.0,-0.84685,0.993737,-0.275669,0.067663,2.141384,0.813474
2026-01-01T00:22:42Z,O320_CLASS-SIM-01,O320_CLASS,RAPID_RESPONSE,2236.000848211784,3.7726842080264933,1423.3136049469288,0.3990097929907188,36.37484182083672,673.2174160919648,59.894287034893914,49.843534692505635,14.388501497603919,1.2183066933696178,13.779243268186228,5.865476765196454,24.70869215193846,DESCENT,ABNORMAL_VIBRATION,True,0.65,1.0,OK,42,53.81,3600.0,1.711161,2.1759,0.315644,0.072063,-6.420574,0.818082
2026-01-01T00:22:43Z,O320_CLASS-SIM-01,O320_CLASS,RAPID_RESPONSE,2229.972730332724,3.357154837109455,1422.9971730040763,0.39871661735208086,33.949321274764856,670.8363325690883,59.95477029342211,50.72652078476117,14.329877153668164,1.2897851458243568,13.792245360772231,5.589616524097932,24.852570721341177,DESCENT,ABNORMAL_VIBRATION,True,0.65,1.0,OK,42,53.81,3600.0,-0.231482,0.285413,0.394521,0.022771,-5.883957,0.889852
2026-01-01T00:22:44Z,O320_CLASS-SIM-01,O320_CLASS,RAPID_RESPONSE,2218.7603805856697,3.503473444323381,1431.983884557931,0.3996269661217699,35.02472983840505,671.2363311493637,59.452694502961876,51.6223832734876,14.356868928743841,1.3191740173605302,13.794269689022117,5.832045260169769,25.01719408034953,DESCENT,ABNORMAL_VIBRATION,True,0.65,1.0,OK,42,53.81,3600.0,0.677325,0.455918,-0.106305,0.039708,3.160732,0.919113
2026-01-01T00:22:45Z,O320_CLASS-SIM-01,O320_CLASS,RAPID_RESPONSE,2210.8685441983753,3.6357252987440107,1426.8337424126548,0.3989345045824792,33.89348694935954,668.9585928809848,60.04084798575768,49.47762718230531,14.365276934754744,1.197803985846818,13.762035801665993,6.139864406317741,24.666438645250146,DESCENT,ABNORMAL_VIBRATION,True,0.65,1.0,OK,42,53.82,3600.0,-0.491335,-1.845309,0.488982,0.061624,-1.658574,0.797987
2026-01-01T00:22:46Z,O320_CLASS-SIM-01,O320_CLASS,RAPID_RESPONSE,2203.348490492236,3.5039349517993643,1434.233349518092,0.4005960295362589,34.72726549437369,669.9152025295964,59.48642032394042,50.22298319947102,14.223387157651315,1.295296001391477,13.78910460322643,6.021950065958033,24.95464100449071,DESCENT,ABNORMAL_VIBRATION,True,0.65,1.0,OK,42,53.84,3600.0,0.364401,-0.960407,-0.079936,-0.105184,5.068977,0.895007
2026-01-01T00:22:47Z,O320_CLASS-SIM-01,O320_CLASS,RAPID_RESPONSE,2195.9931567827543,3.6170844424659476,1429.9185480497651,0.39968197806482925,32.15373307166501,672.4068843380863,59.65899965138986,48.8299696412906,14.299537062702683,1.1833390882400425,13.759799661156922,5.668858279399772,24.75084201285435,DESCENT,ABNORMAL_VIBRATION,True,0.65,1.0,OK,42,53.84,3600.0,-2.221595,1.538531,0.090979,-0.014102,0.677006,0.783233
2026-01-01T00:22:48Z,O320_CLASS-SIM-01,O320_CLASS,RAPID_RESPONSE,2192.6426645708543,3.8047535361255482,1411.4438157870638,0.39957119207466557,34.20002327182119,668.1537729297154,59.698200568019196,51.271374483702694,14.266588551170267,0.9790684099943804,13.71301757348732,5.835298139429931,24.664233224238526,DESCENT,ABNORMAL_VIBRATION,True,0.65,1.0,OK,42,53.88,3600.0,-0.340484,-2.883253,0.129611,-0.044659,-17.824122,0.578987
2026-01-01T00:22:49Z,O320_CLASS-SIM-01,O320_CLASS,RAPID_RESPONSE,2181.725991654543,3.7112576861006468,1433.1264910195957,0.39973120764784736,34.67158297495976,672.953708125183,59.2913043530623,49.734013043890336,14.268539778286108,1.2527388978352942,13.711797418439188,5.863663517687257,24.852431312313804,DESCENT,ABNORMAL_VIBRATION,True,0.65,1.0,OK,42,53.91,3600.0,0.255494,2.007045,-0.281389,-0.042919,3.668254,0.852613
2026-01-01T00:22:50Z,O320_CLASS-SIM-01,O320_CLASS,RAPID_RESPONSE,2176.201280145927,3.9412775785434127,1429.5005588999004,0.40150890816339513,33.15842504774505,668.5066247284165,60.00061979829613,50.67385981088485,14.255743321224983,1.2847486031366189,13.760150434545295,5.789010895483453,24.556045891975963,DESCENT,ABNORMAL_VIBRATION,True,0.65,1.0,OK,42,53.94,3600.0,-1.623739,-2.905125,0.404391,-0.084547,-1.049175,0.884015
2026-01-01T00:22:51Z,O320_CLASS-SIM-01,O320_CLASS,RAPID_RESPONSE,2167.9823240415376,3.942122324494609,1440.4458218541517,0.3978364881734636,34.06067726620823,674.5239997016756,59.94223293379303,50.809826537121054,14.205899913106895,1.0730772850821508,13.741649920546578,6.00584213192293,24.608742381680415,DESCENT,ABNORMAL_VIBRATION,True,0.65,1.0,OK,42,53.98,3600.0,-0.382961,3.595842,0.368108,-0.074659,10.921209,0.673348
2026-01-01T00:22:52Z,O320_CLASS-SIM-01,O320_CLASS,RAPID_RESPONSE,2162.4043573392623,3.7242844179339047,1418.8852764333078,0.3987114797919819,35.05368429355098,664.4633181149367,58.85088081059454,50.52517238333731,14.346403581779185,1.506854330993924,13.760806140601117,5.9524046877968955,24.558608519935817,DESCENT,ABNORMAL_VIBRATION,True,0.65,1.0,OK,42,53.98,3600.0,0.790072,-6.331032,-0.717966,0.055596,-10.394584,1.107033
2026-01-01T00:22:53Z,O320_CLASS-SIM-01,O320_CLASS,RAPID_RESPONSE,2153.4498095998288,4.238029437674094,1438.0882196614143,0.3979697765524669,33.42050165543852,670.9579134962966,60.09442834102461,50.45780353748938,14.182483338247179,1.1652811802166179,13.764838573273238,5.538079461934383,24.718088767331242,DESCENT,ABNORMAL_VIBRATION,True,0.65,1.0,OK,42,53.99,3600.0,-1.251291,-0.228743,0.535985,-0.093242,9.290848,0.765755
2026-01-01T00:22:54Z,O320_CLASS-SIM-01,O320_CLASS,RAPID_RESPONSE,2145.7590069948833,4.3364838922227475,1417.2450107126167,0.39929437619591085,35.585795882446796,672.2427550844731,59.13645991540859,49.96845125670054,14.272770555608746,1.1816267551993165,13.756394591413523,6.314651150918785,24.622315163121357,DESCENT,ABNORMAL_VIBRATION,True,0.65,1.0,OK,42,54.0,3600.0,0.738951,0.803926,-0.430475,-0.021742,-11.946192,0.781766
2026-01-01T00:22:55Z,O320_CLASS-SIM-01,O320_CLASS,RAPID_RESPONSE,2134.6594488838214,4.072641522824275,1431.6100986346153,0.39832281119301094,34.825586429836186,674.6849765446404,59.09032937055565,50.523613961027216,14.339821887174416,1.1362114900630922,13.771535012681936,6.297310396350245,24.863675019683882,DESCENT,ABNORMAL_VIBRATION,True,0.65,1.0,OK,42,54.02,3600.0,0.367044,3.650995,-0.473956,0.062833,2.541803,0.736607
2026-01-01T00:22:56Z,O320_CLASS-SIM-01,O320_CLASS,RAPID_RESPONSE,2130.990174559269,4.257815895264261,1419.3035250867852,0.4001907986123027,32.98344601404438,668.1052921936594,59.68845840087631,50.510368949608804,14.267565026732841,1.2142667854972897,13.826457357864552,6.0968498081974865,24.58793706617751,DESCENT,ABNORMAL_VIBRATION,True,0.65,1.0,OK,42,54.02,3600.0,-1.806164,-3.356337,0.104796,-0.039193,-10.663448,0.814081
2026-01-01T00:22:57Z,O320_CLASS-SIM-01,O320_CLASS,RAPID_RESPONSE,2123.514731937278,4.0789868699876894,1434.8006650950006,0.39737925583913847,34.90324720082965,666.5110300161041,58.630071775083486,49.7458522124022,14.339182280527885,1.0877429082230394,13.795051558936333,5.8262805801397946,24.64385727450844,DESCENT,ABNORMAL_VIBRATION,True,0.65,1.0,OK,42,54.02,3600.0,0.55442,-4.401117,-0.937802,0.078139,5.56592,0.688315
2026-01-01T00:22:58Z,O320_CLASS-SIM-01,O320_CLASS,RAPID_RESPONSE,2114.932919617396,4.499066764171728,1432.0350884460915,0.39782562183619624,35.977780998971085,669.3860325014572,59.95476658133789,51.710255207710475,14.291054791549222,1.3069005652419718,13.759930996773289,5.767640809970438,24.55792895969228,DESCENT,ABNORMAL_VIBRATION,True,0.65,1.0,OK,42,54.02,3600.0,1.216353,-1.974059,0.39181,0.026721,3.028383,0.90747
2026-01-01T00:22:59Z,O320_CLASS-SIM-01,O320_CLASS,RAPID_RESPONSE,2106.1244802734122,4.356277164273913,1425.3958893290937,0.39772391150647113,35.006423161925966,668.3260137139962,59.08857946485397,50.84851622800589,14.2024724127585,1.0645524639421216,13.823889212233805,5.600097542559268,24.981610450653807,DESCENT,ABNORMAL_VIBRATION,True,0.65,1.0,OK,42,54.04,3600.0,0.436123,-2.856876,-0.471272,-0.057488,-3.466772,0.665206
2026-01-01T00:23:00Z,O320_CLASS-SIM-01,O320_CLASS,RAPID_RESPONSE,2100.4333145750375,4.497935742452699,1434.0326902097527,0.3979005850211987,36.41445824805283,668.2757608059752,59.458991120546955,50.391407714756646,14.151095638073148,1.1645025844730477,13.829163173136639,5.938409397847033,24.97482256238863,DESCENT,ABNORMAL_VIBRATION,True,0.65,1.0,OK,42,54.05,3600.0,1.712614,-3.059245,-0.101586,-0.11006,5.136377,0.765131
2026-01-01T00:23:01Z,O320_CLASS-SIM-01,O320_CLASS,RAPID_RESPONSE,2095.628740745164,4.848019554554419,1442.1933317246642,0.4011884859528898,34.809829876002944,671.559041279131,59.63653191400475,51.11598450846733,14.238056477426793,1.380534101687873,13.758980321441209,5.635710171365372,24.73098239017503,DESCENT,ABNORMAL_VIBRATION,True,0.65,1.0,OK,42,54.06,3600.0,-0.50834,-0.561172,0.038206,-0.076543,11.546349,0.980093
2026-01-01T00:23:02Z,O320_CLASS-SIM-01,O320_CLASS,RAPID_RESPONSE,2083.9607927485117,4.359108975379306,1425.6706335595015,0.39553349133870996,35.751121836569055,670.5778045058478,59.97982782350663,51.32300555773604,14.22082311719728,1.1509614363565928,13.734174057939848,6.062976008280528,24.80296227608312,DESCENT,ABNORMAL_VIBRATION,True,0.65,1.0,OK,42,54.08,3600.0,1.433138,-0.313486,0.414829,-0.002568,-3.430751,0.75205
2026-01-01T00:23:03Z,O320_CLASS-SIM-01,O320_CLASS,RAPID_RESPONSE,2078.986275640269,4.293423887193323,1414.5240014079504,0.3950096962831716,36.080180869510336,671.5535539920363,59.20281976934657,50.03810667469683,14.185728889502215,1.1851564564849033,13.800959561598733,6.229933574369834,24.517242857471942,DESCENT,ABNORMAL_VIBRATION,True,0.65,1.0,OK,42,54.09,3600.0,1.916588,0.843103,-0.333262,-0.023419,-13.236316,0.786701
2026-01-01T00:23:04Z,O320_CLASS-SIM-01,O320_CLASS,RAPID_RESPONSE,2071.1297490923725,4.642613534801314,1417.101491789695,0.39572125149123305,34.8271582901912,671.4156807036835,58.82552942653847,51.34767737449634,14.24642292775497,1.4386913760586648,13.752795349600737,5.838775344551408,24.642542325273883,DESCENT,ABNORMAL_VIBRATION,True,0.65,1.0,OK,42,54.09,3600.0,0.304913,0.305576,-0.698997,0.031193,-10.122914,1.040257
2026-01-01T00:23:05Z,O320_CLASS-SIM-01,O320_CLASS,RAPID_RESPONSE,2062.9368238819743,4.608302665143436,1431.2364090156595,0.39344407136001414,34.89405996086906,669.1585498521879,59.4494583806536,52.65142257768974,14.139381412452982,1.1029492520133064,13.734587747356796,6.011747069067636,24.83025142412814,DESCENT,ABNORMAL_VIBRATION,True,0.65,1.0,OK,42,54.1,3600.0,0.64331,-1.585402,-0.042969,-0.034905,5.500649,0.705358
2026-01-01T00:23:06Z,O320_CLASS-SIM-01,O320_CLASS,RAPID_RESPONSE,2055.2544826782655,4.624992621999658,1436.8920819347904,0.39616100486954425,35.40104889029674,672.8087474144611,58.353339953294736,51.26596365779547,14.150076240625536,1.2040807167626104,13.817032717990314,5.878120450465499,24.956045807286955,DESCENT,ABNORMAL_VIBRATION,True,0.65,1.0,OK,42,54.1,3600.0,0.953124,1.732256,-1.147433,-0.062934,10.769257,0.805888
2026-01-01T00:23:07Z,O320_CLASS-SIM-01,O320_CLASS,RAPID_RESPONSE,2045.3884673695932,4.528699382958399,1432.2264980307864,0.3946228125160385,34.786169270379425,670.7463720264266,59.44384787958821,51.12620332146119,14.207643584959031,1.319645459690257,13.821195792835914,5.919535783481903,24.612258868719223,DESCENT,ABNORMAL_VIBRATION,True,0.65,1.0,OK,42,54.11,3600.0,0.600584,-0.019846,-0.04763,0.021106,6.534776,0.921891
2026-01-01T00:23:08Z,O320_CLASS-SIM-01,O320_CLASS,RAPID_RESPONSE,2039.216307665311,4.960467578254876,1431.5130324751528,0.39131304425823477,32.085511116748734,668.9585490406818,59.5899768956151,51.38511569842706,14.219099339310167,1.1171357902241579,13.814653664244291,6.161534161221935,24.682085082952916,DESCENT,ABNORMAL_VIBRATION,True,0.65,1.0,OK,42,54.13,3600.0,-2.217099,-1.776379,0.140803,0.089608,7.78322,0.720535
2026-01-01T00:23:09Z,O320_CLASS-SIM-01,O320_CLASS,RAPID_RESPONSE,2034.2180091458013,4.541414066352717,1425.172487130109,0.3951916912789226,35.13965179894487,666.7523528831662,59.39079437892793,51.77456597399478,14.211912554946327,1.4208557601266263,13.795544213099536,5.951637521619681,24.7708385763412,DESCENT,ABNORMAL_VIBRATION,True,0.65,1.0,OK,42,54.14,3600.0,0.97317,-4.02751,-0.071813,0.025438,0.819674,1.023362
2026-01-01T00:23:10Z,O320_CLASS-SIM-01,O320_CLASS,RAPID_RESPONSE,2024.6979545466672,4.859516092914434,1432.0740660076683,0.3946316206358461,34.851620094085554,673.4501334697319,59.776859587185555,52.483285998298506,14.29917344277985,1.2947772790420815,13.758828207806038,6.09314783110915,24.739059141497794,DESCENT,ABNORMAL_VIBRATION,True,0.65,1.0,OK,42,54.13,3600.0,0.44374,2.428896,0.309109,0.122286,7.482757,0.897362
2026-01-01T00:23:11Z,O320_CLASS-SIM-01,O320_CLASS,RAPID_RESPONSE,2018.4202660402648,5.110502437085612,1412.1052282152104,0.3975554537604372,36.63782953636306,672.4736513678592,59.72588225117947,51.345509269397866,14.177766349193448,1.2151824466719043,13.791641466516761,6.14371285413734,24.76188047232144,DESCENT,ABNORMAL_VIBRATION,True,0.65,1.0,OK,42,54.12,3600.0,1.750287,0.815595,0.220872,-0.04647,-14.214106,0.816784
2026-01-01T00:23:12Z,O320_CLASS-SIM-01,O320_CLASS,RAPID_RESPONSE,2011.347584961213,5.052997300497851,1417.2457146147058,0.3959978694203491,36.64780228264736,670.9935405017281,60.08585284532996,50.84731069517556,14.17066368332384,1.2563960833690317,13.813979421824632,6.371998229545054,24.65214451827494,DESCENT,ABNORMAL_VIBRATION,True,0.65,1.0,OK,42,54.1,3600.0,1.953574,-0.426787,0.570045,-0.031296,-9.574361,0.858196
2026-01-01T00:23:13Z,O320_CLASS-SIM-01,O320_CLASS,RAPID_RESPONSE,2004.2565922839929,5.231343994185501,1425.0394471553964,0.39439839211248284,35.2980779629268,668.960414610078,59.527130620372446,53.33770346815837,14.14185534589088,1.2786194279656165,13.78828478625523,5.919281599430499,24.699415891700745,DESCENT,ABNORMAL_VIBRATION,True,0.65,1.0,OK,42,54.07,3600.0,0.583078,-2.423769,0.02005,-0.033616,-1.375875,0.880853
2026-01-01T00:23:14Z,O320_CLASS-SIM-01,O320_CLASS,RAPID_RESPONSE,1997.6289298868078,5.115539571986905,1430.8435513834806,0.3971461690369479,34.070760195693566,668.4561439835114,60.18745932082984,51.7750229107079,14.206242815222396,1.0941172815693707,13.784194289716774,5.6843341819439415,24.67487223658739,DESCENT,ABNORMAL_VIBRATION,True,0.65,1.0,OK,42,54.07,3600.0,-0.730638,-3.158887,0.65497,-0.01175,3.249845,0.695542
2026-01-01T00:23:15Z,O320_CLASS-SIM-01,O320_CLASS,RAPID_RESPONSE,1986.5281152222317,4.949601849763123,1422.6021355800722,0.3891632187140635,33.02655491603896,673.0361578565797,59.61621376473001,50.84879232092377,14.18366574542676,1.2374305332947384,13.794165243397236,5.928002226769344,24.615686361938845,DESCENT,ABNORMAL_VIBRATION,True,0.65,1.0,OK,42,54.07,3600.0,-0.902165,2.644797,0.152158,0.095915,-1.817855,0.841234
2026-01-01T00:23:16Z,O320_CLASS-SIM-01,O320_CLASS,RAPID_RESPONSE,1979.8634045644083,5.513929268499861,1418.8187293389603,0.39400867288808833,35.35653723103499,668.6808010662505,58.83646897852656,51.26960430249675,14.188957064888305,1.1345091868602948,13.765540955074702,6.182949339887624,24.54264688706648,DESCENT,ABNORMAL_VIBRATION,True,0.65,1.0,OK,42,54.07,3600.0,0.524722,-2.836066,-0.633338,0.032306,-5.867975,0.737328
2026-01-01T00:23:17Z,O320_CLASS-SIM-01,O320_CLASS,RAPID_RESPONSE,1972.3668670332806,4.95167384380248,1427.3168284267492,0.3938201252602479,35.37406698929062,668.2304230996795,59.394440042667604,50.77005187524855,14.133392952258266,1.3387298061209016,13.762819335040334,5.6121222174195005,24.56075991397849,DESCENT,ABNORMAL_VIBRATION,True,0.65,1.0,OK,42,54.06,3600.0,1.146257,-2.692347,-0.078739,-0.019224,2.47373,0.941569
2026-01-01T00:23:18Z,O320_CLASS-SIM-01,O320_CLASS,RAPID_RESPONSE,1962.5835722498741,5.033134068178918,1429.9808157154184,0.3902741001919425,34.794818002071494,671.1646698769056,59.255604790783416,52.01705777757789,14.093532136898052,1.3990554629782677,13.751459472407769,5.85535601176308,24.586082547507342,DESCENT,ABNORMAL_VIBRATION,True,0.65,1.0,OK,42,54.05,3600.0,0.822385,0.6459,-0.182294,0.000761,6.77392,1.003021
2026-01-01T00:23:19Z,O320_CLASS-SIM-01,O320_CLASS,RAPID_RESPONSE,1958.5342103466105,5.357916587026343,1403.5010646142416,0.39348070809477853,32.32718406481055,670.2537781851335,59.42196554816776,51.59588500781794,14.16017564354749,1.215477913909534,13.749173450135133,5.747844357273869,24.655633099336292,DESCENT,ABNORMAL_VIBRATION,True,0.65,1.0,OK,42,54.04,3600.0,-2.201601,-0.971887,-0.026915,0.020486,-20.215128,0.818709
2026-01-01T00:23:20Z,O320_CLASS-SIM-01,O320_CLASS,RAPID_RESPONSE,1947.68440187915,5.2534533037218525,1435.12095988944,0.38976517664735627,34.01329780542431,669.633119233359,60.264359423911834,51.48960048607415,14.1058661527404,1.123943566387131,13.772624799458898,6.016181558717932,24.527298828400145,DESCENT,ABNORMAL_VIBRATION,True,0.65,1.0,OK,42,54.04,3600.0,-0.061816,-0.987047,0.847002,0.027951,12.866691,0.728291
2026-01-01T00:23:21Z,O320_CLASS-SIM-01,O320_CLASS,RAPID_RESPONSE,1943.9830842010824,5.414409537643279,1431.0131039904827,0.39192706227765345,34.71407430870964,670.5879383518471,60.042340050729244,52.05526258588119,14.125018953688649,1.25824027767253,13.756833936715251,6.006416813343014,24.782253136315816,DESCENT,ABNORMAL_VIBRATION,True,0.65,1.0,OK,42,54.05,3600.0,0.331341,-0.440524,0.622964,0.016752,8.665241,0.862159
2026-01-01T00:23:22Z,O320_CLASS-SIM-01,O320_CLASS,RAPID_RESPONSE,1933.973162853135,5.44148689157642,1425.532747586535,0.39310561592164006,32.37414310323737,668.8156756879674,58.909942824585094,52.03092451685562,14.074259691951188,1.0827079585100197,13.736452109002963,5.844523972161933,24.489842627417797,DESCENT,ABNORMAL_VIBRATION,True,0.65,1.0,OK,42,54.08,3600.0,-2.097303,-2.381614,-0.525779,-0.051278,2.426815,0.68624
2026-01-01T00:23:23Z,O320_CLASS-SIM-01,O320_CLASS,RAPID_RESPONSE,1928.636862663048,5.543134195469347,1425.1226167907998,0.3915905605850833,31.978871436030623,669.9888382481738,59.14870925602234,52.244805841428374,14.145023368175657,1.2851224566702073,13.810139331866232,5.801601671346496,24.56613487353275,DESCENT,ABNORMAL_VIBRATION,True,0.65,1.0,OK,42,54.1,3600.0,-2.456695,-1.117063,-0.282853,0.043303,2.209593,0.889011
2026-01-01T00:23:24Z,O320_CLASS-SIM-01,O320_CLASS,RAPID_RESPONSE,1921.556817343353,5.5449324591807265,1421.8060924204042,0.3956930422897895,35.11839997652569,670.6648612797792,59.175923225099574,53.15056981366682,14.119120055394562,1.282899547749512,13.792504112037426,6.162049628847206,24.739224779089586,DESCENT,ABNORMAL_VIBRATION,True,0.65,1.0,OK,42,54.11,3600.0,0.365652,-0.972032,-0.299602,-0.047549,-3.14582,0.885507
2026-01-01T00:23:25Z,O320_CLASS-SIM-01,O320_CLASS,RAPID_RESPONSE,1913.8259633634473,5.636456153835407,1428.0824156054584,0.39034227984586867,36.59864663343692,668.0639164994577,59.571059506649966,51.06232288559748,14.098598507555089,1.0699461723542971,13.776256110692522,6.025814830395851,24.51243718882177,DESCENT,ABNORMAL_VIBRATION,True,0.65,1.0,OK,42,54.12,3600.0,2.205607,-2.986672,0.122132,0.015385,4.364042,0.673919
2026-01-01T00:23:26Z,O320_CLASS-SIM-01,O320_CLASS,RAPID_RESPONSE,1904.9558783175723,5.826551133368444,1413.0062874011521,0.38990300357278695,35.46029699854039,671.3489011435603,59.50477577333616,52.991958849644405,14.058538795292467,1.2295741012595953,13.7528717725816,5.851672703906519,24.85595845665275,DESCENT,ABNORMAL_VIBRATION,True,0.65,1.0,OK,42,54.14,3600.0,0.966394,0.209941,0.078332,-0.012029,-9.66937,0.83392
2026-01-01T00:23:27Z,O320_CLASS-SIM-01,O320_CLASS,RAPID_RESPONSE,1894.9483798567132,5.487117178363489,1412.4399693980836,0.39422005456803855,33.69135163277702,670.3452554914999,58.79546349808587,52.006592104120095,14.136308148254475,1.2772295517826415,13.768882679712874,5.545850449851866,24.604980166853093,DESCENT,ABNORMAL_VIBRATION,True,0.65,1.0,OK,42,54.14,3600.0,-0.771529,-0.986481,-0.664706,0.000471,-11.799788,0.880382
2026-01-01T00:23:28Z,O320_CLASS-SIM-01,O320_CLASS,RAPID_RESPONSE,1890.2203721458877,5.566226271445013,1428.4654973297922,0.39299235931551235,33.795563823498654,672.9834651217316,59.39442272242884,53.17659875023075,14.189431973194852,1.0232492573620477,13.795170684655126,6.261661647549202,24.507713700948358,DESCENT,ABNORMAL_VIBRATION,True,0.65,1.0,OK,42,54.17,3600.0,-0.647708,1.707738,-0.077177,0.070281,3.695633,0.62652
2026-01-01T00:23:29Z,O320_CLASS-SIM-01,O320_CLASS,RAPID_RESPONSE,1881.6373189976712,5.675793435265627,1422.0249605235633,0.3903150467653365,34.19338197219123,673.2708200244673,58.676993286182345,51.522164479221324,14.115965768335943,1.35465917049395,13.740297416613096,6.073694977226117,24.851488503202898,DESCENT,ABNORMAL_VIBRATION,True,0.65,1.0,OK,42,54.19,3600.0,-0.109326,2.24352,-0.774487,0.040959,-1.811786,0.958706
2026-01-01T00:23:30Z,O320_CLASS-SIM-01,O320_CLASS,RAPID_RESPONSE,1874.9264602283013,5.6613058466904205,1429.9475949465711,0.39427942419527506,33.369406700776565,671.2809634925493,59.868377660776034,52.43596041383285,13.989852018766108,1.2649190300125968,13.742656931786058,5.6144381319196945,24.392438903951312,DESCENT,ABNORMAL_VIBRATION,True,0.65,1.0,OK,42,54.2,3600.0,-1.211388,-0.225334,0.385946,-0.145712,4.675399,0.867862
2026-01-01T00:23:31Z,O320_CLASS-SIM-01,O320_CLASS,RAPID_RESPONSE,1869.2856109397483,5.736043302147388,1425.4753087624565,0.39179679775004767,34.62847972151885,671.9312639004918,59.58173008905751,52.49654914806612,14.033958877352243,1.0601527909349815,13.768839231516166,5.8989273695783435,24.715141640236048,DESCENT,ABNORMAL_VIBRATION,True,0.65,1.0,OK,42,54.25,3600.0,0.181991,0.656589,0.103724,-0.063856,0.408343,0.663643
2026-01-01T00:23:32Z,O320_CLASS-SIM-01,O320_CLASS,RAPID_RESPONSE,1861.6524751007464,5.961585804085432,1416.1821158139653,0.38608213281498316,33.513164336179436,667.8356342301462,59.13415543284202,52.62229343948159,14.070938943074156,1.49469912345724,13.78644858986141,6.406110109773886,24.75715710320993,DESCENT,ABNORMAL_VIBRATION,True,0.65,1.0,OK,42,54.27,3600.0,-0.649331,-2.889675,-0.278197,0.068498,-5.840018,1.100075
2026-01-01T00:23:33Z,O320_CLASS-SIM-01,O320_CLASS,RAPID_RESPONSE,1854.1285601149566,5.904914659256864,1413.9335852304216,0.3893520802183982,34.42330767559047,669.633505649416,59.02283881311691,52.80434610903263,14.01120467115064,1.041940439503578,13.738261003799051,5.868579631193755,24.500390772765208,DESCENT,ABNORMAL_VIBRATION,True,0.65,1.0,OK,42,54.31,3600.0,0.117472,-1.385673,-0.380092,-0.034207,-7.651595,0.64682
2026-01-01T00:23:34Z,O320_CLASS-SIM-01,O320_CLASS,RAPID_RESPONSE,1844.6578651450216,6.097566645791887,1426.985585347463,0.38873390373737693,32.87455331597042,669.7719064656142,59.68254318238416,53.22464026929271,14.07387668465529,1.2803643372388174,13.823767073148844,5.804712042028546,24.871155507037624,DESCENT,ABNORMAL_VIBRATION,True,0.65,1.0,OK,42,54.34,3600.0,-1.529959,-1.332146,0.291631,0.041862,5.95779,0.88553
2026-01-01T00:23:35Z,O320_CLASS-SIM-01,O320_CLASS,RAPID_RESPONSE,1837.109175718812,6.209227304589014,1427.9189096043197,0.38590699427260583,33.28161264467984,668.1648271518895,58.70445392484673,53.25914579781922,14.154430988067586,1.2931168853526784,13.797483110260476,6.295026180298963,24.67856308728009,DESCENT,ABNORMAL_VIBRATION,True,0.65,1.0,OK,42,54.33,3600.0,-0.963205,-2.652227,-0.647534,0.171535,8.696291,0.899298
2026-01-01T00:23:36Z,O320_CLASS-SIM-01,O320_CLASS,RAPID_RESPONSE,1829.9620304026275,6.0681468108386865,1426.4109970632837,0.3914160547667318,34.99712285764344,672.2938059930276,59.393777056513514,51.323743882436105,14.090640969221498,1.0382569029260709,13.79040735866389,6.111155145730559,24.475390762807,DESCENT,ABNORMAL_VIBRATION,True,0.65,1.0,OK,42,54.34,3600.0,0.489417,0.943571,0.006954,0.024982,5.572836,0.643
2026-01-01T00:23:37Z,O320_CLASS-SIM-01,O320_CLASS,RAPID_RESPONSE,1821.588298814091,6.47197118270847,1421.334771383076,0.38703179487135314,35.40595349910343,669.3005811985308,58.643032084998396,53.05633997316719,13.99468956142928,1.2212907865704923,13.747412445690335,6.097373469222912,24.673122505925654,DESCENT,ABNORMAL_VIBRATION,True,0.65,1.0,OK,42,54.35,3600.0,0.866704,-1.897168,-0.721317,-0.002462,1.53885,0.82716
2026-01-01T00:23:38Z,O320_CLASS-SIM-01,O320_CLASS,RAPID_RESPONSE,1811.1161871165607,6.259801881105694,1419.5127889299217,0.39211121306215935,34.92115884833161,673.1298042804943,59.124006845047305,52.05089008371115,14.03400583626069,1.2776455055968052,13.811900754129688,5.880594397991116,24.461016605628604,DESCENT,ABNORMAL_VIBRATION,True,0.65,1.0,OK,42,54.36,3600.0,0.228177,1.514952,-0.282852,-0.040322,-2.254594,0.882081
2026-01-01T00:23:39Z,O320_CLASS-SIM-01,O320_CLASS,RAPID_RESPONSE,1806.2586286294666,6.396007662692105,1420.3524979267188,0.38864190979743374,35.72121500756775,668.9596617087726,58.51113210905929,52.04307401276433,14.042163156193942,1.1166066882480483,13.724914907956325,6.171291091645455,24.66840645267818,DESCENT,ABNORMAL_VIBRATION,True,0.65,1.0,OK,42,54.37,3600.0,1.169618,-2.369833,-0.888367,0.019723,-1.073562,0.721807
2026-01-01T00:23:40Z,O320_CLASS-SIM-01,O320_CLASS,RAPID_RESPONSE,1800.58352204207,6.362941538967508,1411.1621865506918,0.38949464672174783,35.54008433633587,674.104524819365,59.69068540991357,53.17829717824628,13.937960586035013,1.2180557349425252,13.74299785830432,6.236170529074543,24.812580808619767,DESCENT,ABNORMAL_VIBRATION,True,0.65,1.0,OK,42,54.36,3600.0,0.977471,2.712891,0.285933,-0.096091,-10.507497,0.823049
2026-01-01T00:23:41Z,O320_CLASS-SIM-01,O320_CLASS,RAPID_RESPONSE,1791.0742067839196,6.341853272444099,1423.3981864764266,0.39049602695942254,32.44261704584569,665.73689257552,59.414414921229294,50.785089172826694,14.027535766020714,1.3557181899265298,13.808744756466451,5.758339148724439,24.66634303664962,DESCENT,ABNORMAL_VIBRATION,True,0.65,1.0,OK,42,54.31,3600.0,-2.148968,-5.755332,-0.007024,-0.02132,0.954634,0.960355
2026-01-01T00:23:42Z,O320_CLASS-SIM-01,O320_CLASS,RAPID_RESPONSE,1785.9772647594893,6.2211419987378545,1428.59253015638,0.3890486846504553,33.729111675599995,671.6216184630182,59.340395142312886,53.476714011377446,13.996362186223939,1.148390713116933,13.753001659269419,5.677873457511132,24.667037544060175,DESCENT,ABNORMAL_VIBRATION,True,0.65,1.0,OK,42,54.29,3600.0,-0.613859,0.432244,-0.077752,-0.030029,6.301666,0.753359
2026-01-01T00:23:43Z,O320_CLASS-SIM-01,O320_CLASS,RAPID_RESPONSE,1776.1548484994714,6.566337043717328,1425.8671511737205,0.38677532664286773,34.71454119553144,669.3511555111095,58.75137521306212,52.417309963393684,14.006649943607636,1.2996247385075121,13.776081232461246,6.137606078806671,24.49327446529324,DESCENT,ABNORMAL_VIBRATION,True,0.65,1.0,OK,42,54.26,3600.0,0.253082,-1.86352,-0.640667,0.019726,4.786952,0.90536
2026-01-01T00:23:44Z,O320_CLASS-SIM-01,O320_CLASS,RAPID_RESPONSE,1769.4349524181314,6.741655005264952,1405.5400997913023,0.3872072024992591,33.174638323538375,670.7941670394305,59.21629071590952,53.41925270558533,14.016724961714026,1.1489868494289317,13.753919177188106,5.909011722378159,24.750498219140457,DESCENT,ABNORMAL_VIBRATION,True,0.65,1.0,OK,42,54.25,3600.0,-1.455269,-0.614,-0.162984,0.027673,-14.947994,0.754807
2026-01-01T00:23:45Z,O320_CLASS-SIM-01,O320_CLASS,RAPID_RESPONSE,1766.14943442702,6.649169368343314,1412.7480961664285,0.38772897615586827,34.68009775800183,669.9914632224344,59.575140182257215,51.16286794076193,14.026392103007282,1.074548155468353,13.76824006533966,6.273825580294806,24.449505135127833,DESCENT,ABNORMAL_VIBRATION,True,0.65,1.0,OK,42,54.24,3600.0,0.120519,-1.373984,0.198627,0.031276,-7.611941,0.680311
2026-01-01T00:23:46Z,O320_CLASS-SIM-01,O320_CLASS,RAPID_RESPONSE,1755.4090789179045,6.711588236850977,1422.0700483908922,0.38449383761118183,36.08596632032023,670.7688521820809,59.172986039343,52.77402754877715,13.974415545305025,1.1597458441791606,13.77644690081806,5.756440755230861,24.73850750624044,DESCENT,ABNORMAL_VIBRATION,True,0.65,1.0,OK,42,54.25,3600.0,1.771461,-0.21255,-0.167154,0.034332,3.396865,0.766579
2026-01-01T00:23:47Z,O320_CLASS-SIM-01,O320_CLASS,RAPID_RESPONSE,1748.2763932404218,6.885100411764578,1418.8734585097218,0.3859212782756881,32.70443229056138,676.7879122461292,59.64580886495412,52.51092513636116,14.072971412141484,1.3798396559674402,13.730927197112909,5.715734750425789,24.617167021215163,DESCENT,ABNORMAL_VIBRATION,True,0.65,1.0,OK,42,54.23,3600.0,-1.850205,5.49539,0.314586,0.116089,0.613868,0.986525
2026-01-01T00:23:48Z,O320_CLASS-SIM-01,O320_CLASS,RAPID_RESPONSE,1738.3948723559963,6.675513080563377,1426.12129175902,0.38458681161668873,34.82242505833382,674.2331347568705,59.538015013501216,53.04681817391643,13.949701912621125,1.2056906396006006,13.736125035748977,5.963156183797614,24.639984518748843,DESCENT,ABNORMAL_VIBRATION,True,0.65,1.0,OK,42,54.21,3600.0,0.629055,3.351223,0.226447,0.017675,8.773222,0.812887
2026-01-01T00:23:49Z,O320_CLASS-SIM-01,O320_CLASS,RAPID_RESPONSE,1734.1884165393144,6.651337685839668,1416.3026876821352,0.38465515914762605,34.998335322533016,670.2597058140108,59.030056539789655,52.53631138525576,14.004758168633742,1.1891015566098995,13.740974755025308,6.124903648592967,24.610380411056035,DESCENT,ABNORMAL_VIBRATION,True,0.65,1.0,OK,42,54.21,3600.0,0.851911,-0.579499,-0.268868,0.075074,-0.459027,0.796443
2026-01-01T00:23:50Z,O320_CLASS-SIM-01,O320_CLASS,RAPID_RESPONSE,1726.4331676289764,6.7335966277036245,1420.134450291059,0.38725704298831687,36.14117589160197,674.5913026578257,59.83313811732381,52.68916539144362,13.923359859030082,1.2911484662439718,13.812669597815812,6.189873335318658,24.636397152115357,DESCENT,ABNORMAL_VIBRATION,True,0.65,1.0,OK,42,54.19,3600.0,1.737247,3.354698,0.512731,-0.044927,2.376431,0.897769
2026-01-01T00:23:51Z,O320_CLASS-SIM-01,O320_CLASS,RAPID_RESPONSE,1718.59171281731,6.948058147962778,1421.1937883054975,0.38713474724947394,34.59717324065333,669.3637739986615,59.09437745380196,52.6734872271271,13.887540493015164,1.15197577531904,13.770116656208915,6.088015344693372,24.82268854909937,DESCENT,ABNORMAL_VIBRATION,True,0.65,1.0,OK,42,54.19,3600.0,0.004019,-2.080566,-0.241516,-0.079797,2.71759,0.758465
2026-01-01T00:23:52Z,O320_CLASS-SIM-01,O320_CLASS,RAPID_RESPONSE,1711.986441547269,7.097769818746469,1413.804291283673,0.3836916369995812,35.599205784914574,674.7967632372088,59.98814848689572,53.665138446031214,13.862470679683243,1.3450036442615712,13.78796411192108,6.208899022500957,24.847166380546092,DESCENT,ABNORMAL_VIBRATION,True,0.65,1.0,OK,42,54.17,3600.0,1.151252,3.649157,0.678622,-0.049908,-3.449102,0.952473
2026-01-01T00:23:53Z,O320_CLASS-SIM-01,O320_CLASS,RAPID_RESPONSE,1703.8644501050776,6.845658165255625,1411.4865994123043,0.3874290334147437,33.53445810473007,675.0367062903841,58.680878961647366,53.77311565657492,13.973088722050733,1.1662809991848864,13.743514403954226,5.378792445441793,24.552148819599118,DESCENT,ABNORMAL_VIBRATION,True,0.65,1.0,OK,42,54.14,3600.0,-0.918338,3.692306,-0.653103,0.00568,-6.900985,0.77278
2026-01-01T00:23:54Z,O320_CLASS-SIM-01,O320_CLASS,RAPID_RESPONSE,1694.2291752281487,7.14926049882727,1413.315196008278,0.38707220789379426,32.93777921249613,672.5569374632109,58.46457137065794,55.03831111780619,13.944867244451194,0.8873428612043557,13.749702391993257,5.673677513621441,24.53263137466286,DESCENT,ABNORMAL_VIBRATION,True,0.65,1.0,OK,42,54.17,3600.0,-1.76963,0.946353,-0.884721,-0.017793,-5.782421,0.493763
2026-01-01T00:23:55Z,O320_CLASS-SIM-01,O320_CLASS,RAPID_RESPONSE,1686.9530379063003,6.93185742700117,1412.9051523025655,0.3836548563182245,35.47779292037976,674.3666290453929,59.25476890052382,53.39043557913814,13.890415276671742,1.3204501583892456,13.77810075094574,5.836100266800337,24.689556238518115,DESCENT,ABNORMAL_VIBRATION,True,0.65,1.0,OK,42,54.19,3600.0,1.28232,3.417582,-0.068402,-0.017564,-4.981023,0.927844
2026-01-01T00:23:56Z,O320_CLASS-SIM-01,O320_CLASS,RAPID_RESPONSE,1680.4630631730756,6.92187909163642,1428.8391413119898,0.38536248525811856,36.505577967054926,672.4223340861453,60.141916540570264,54.38723386814884,13.952905051576296,1.0882214850277514,13.75012175337075,6.022565633827,24.650754726913778,DESCENT,ABNORMAL_VIBRATION,True,0.65,1.0,OK,42,54.2,3600.0,2.222329,1.297628,0.817196,0.02222,10.881084,0.695292
2026-01-01T00:23:57Z,O320_CLASS-SIM-01,O320_CLASS,RAPID_RESPONSE,1671.6164606460127,7.253708992141512,1419.4631484660745,0.3872613529639347,33.327642098425095,673.8774739653207,59.55088431205223,54.447550803009314,13.985233397474618,1.1771995303181662,13.76617445860612,6.333422249619251,24.584841291117954,DESCENT,ABNORMAL_VIBRATION,True,0.65,1.0,OK,42,54.2,3600.0,-1.409682,2.185345,0.202107,0.025742,0.389429,0.783657
2026-01-01T00:23:58Z,O320_CLASS-SIM-01,O320_CLASS,RAPID_RESPONSE,1666.1226505482564,7.120291951171542,1404.116034000691,0.382934210693277,34.988692977333514,673.139155805833,59.5111121781517,54.44873411223381,13.95074373443506,1.2327310131163425,13.788931655127296,5.928424225652319,24.541233532255408,DESCENT,ABNORMAL_VIBRATION,True,0.65,1.0,OK,42,54.2,3600.0,0.739857,2.131193,0.192749,0.059,-13.547172,0.840379
2026-01-01T00:23:59Z,O320_CLASS-SIM-01,O320_CLASS,RAPID_RESPONSE,1658.2087789522002,7.238155524902617,1414.0291191101437,0.3848387128973184,36.201317721347706,674.846097438734,59.419623131548754,53.62027057415449,13.854349833692334,1.3033686418252162,13.802159718775064,6.072368156622703,24.28549822080382,DESCENT,ABNORMAL_VIBRATION,True,0.65,1.0,OK,42,54.19,3600.0,1.729175,3.515879,0.100315,-0.06238,-3.677901,0.910667
2026-01-01T00:24:00Z,O320_CLASS-SIM-01,O320_CLASS,RAPID_RESPONSE,1650.0613839759826,7.255930693752144,1424.1895758152796,0.38409793837290834,34.230501551307,672.9499811693038,59.03187071857464,53.157707931320715,13.930492423755267,1.3449960487088446,13.795290404322104,6.15158960380506,24.635345868170457,DESCENT,ABNORMAL_VIBRATION,True,0.65,1.0,OK,42,54.17,3600.0,-0.17035,1.711475,-0.281217,0.02734,6.771019,0.952531
2026-01-01T00:24:01Z,O320_CLASS-SIM-01,O320_CLASS,RAPID_RESPONSE,1644.7426170356734,7.062572636324809,1434.7627986231068,0.38910907350591556,35.06007739513974,673.4896959218735,59.32303663453439,53.491775508004025,13.885109084221378,1.2887801909126975,13.787681144072545,5.986068164606379,24.922979249967653,DESCENT,ABNORMAL_VIBRATION,True,0.65,1.0,OK,42,54.16,3600.0,0.471408,1.803944,-0.042978,-0.096656,14.889652,0.894768
2026-01-01T00:24:02Z,O320_CLASS-SIM-01,O320_CLASS,RAPID_RESPONSE,1635.1504118187033,7.14917571579825,1431.5971060472107,0.3821692025545915,33.844519845301086,672.0960072724281,59.50203904988722,52.545570550954515,13.873158055084422,0.9777747349310805,13.789621336817742,6.175301083372583,24.44085344726141,DESCENT,ABNORMAL_VIBRATION,True,0.65,1.0,OK,42,54.18,3600.0,-0.269522,1.192838,0.174422,-0.001683,13.504713,0.585553
2026-01-01T00:24:03Z,O320_CLASS-SIM-01,O320_CLASS,RAPID_RESPONSE,1628.9934899295715,7.560866811648702,1413.0276944531927,0.380451508594931,33.23400003207507,669.9361351283254,59.948767711630374,53.64977303821,13.85497188488795,1.2587046704783618,13.73207629738761,6.006400326786732,24.47661983200393,DESCENT,ABNORMAL_VIBRATION,True,0.65,1.0,OK,42,54.2,3600.0,-1.107029,-1.104938,0.667077,0.013859,-2.934751,0.867355
2026-01-01T00:24:04Z,O320_CLASS-SIM-01,O320_CLASS,RAPID_RESPONSE,1618.751214389714,7.5263238072647844,1432.1596732824353,0.38861779734269397,33.27545396992778,669.940412542514,59.53524055888407,54.72194335098257,13.791943269042287,1.2797727032296833,13.756289198261086,5.395169508691708,24.421834482806965,DESCENT,ABNORMAL_VIBRATION,True,0.65,1.0,OK,42,54.18,3600.0,-1.620939,-2.067983,0.192705,-0.172077,13.375431,0.886204
2026-01-01T00:24:05Z,O320_CLASS-SIM-01,O320_CLASS,RAPID_RESPONSE,1611.6483383105374,7.527572252997376,1426.0800729609825,0.38473647400794186,35.66419214947953,671.5064080511553,59.04397545105082,53.6824115630572,13.92976004395746,1.2166094483596481,13.766433984485086,5.642255778762158,24.671898504157497,DESCENT,ABNORMAL_VIBRATION,True,0.65,1.0,OK,42,54.18,3600.0,1.065807,-0.047144,-0.299851,0.021875,7.235939,0.823784
2026-01-01T00:24:06Z,O320_CLASS-SIM-01,O320_CLASS,RAPID_RESPONSE,1605.7169714457627,7.752407862907972,1412.4424964241214,0.3824977388248019,35.43845614005158,670.4287017261469,59.14300425165901,54.875225953704806,13.82127317273794,1.4706863507246555,13.752457877468585,6.089576772179569,24.604369882493977,DESCENT,ABNORMAL_VIBRATION,True,0.65,1.0,OK,42,54.16,3600.0,0.815649,-1.048844,-0.177542,-0.049566,-5.321956,1.078572
2026-01-01T00:24:07Z,O320_CLASS-SIM-01,O320_CLASS,RAPID_RESPONSE,1597.9070434273078,7.576832025035738,1424.5824648817352,0.38294424114084974,33.84751394901883,675.9883482517363,59.3315530053422,53.373863015934994,13.81015095360689,1.424747657669928,13.754245870761618,6.386714598957061,24.679657956764878,DESCENT,ABNORMAL_VIBRATION,True,0.65,1.0,OK,42,54.13,3600.0,-0.592481,4.665103,0.021346,-0.06318,7.297521,1.03269
2026-01-01T00:24:08Z,O320_CLASS-SIM-01,O320_CLASS,RAPID_RESPONSE,1590.2143278004537,7.6904765718492,1435.3146142246806,0.3790600073056027,34.79631198910876,670.7997122942437,59.23148247816121,54.07637722760744,13.866196959436756,1.138612613949586,13.770062977701125,5.541226152886693,24.676174602318234,DESCENT,ABNORMAL_VIBRATION,True,0.65,1.0,OK,42,54.11,3600.0,0.587292,-0.108122,-0.028779,0.057968,20.345949,0.747887
2026-01-01T00:24:09Z,O320_CLASS-SIM-01,O320_CLASS,RAPID_RESPONSE,1583.574081677548,7.632440157373797,1432.3872330270653,0.3859211434913281,35.55596391768674,673.5500203931142,59.325676419696386,54.91253658323073,13.952894335257714,1.3702434563964212,13.753628448105925,5.85805628572849,24.704160014111554,DESCENT,ABNORMAL_VIBRATION,True,0.65,1.0,OK,42,54.08,3600.0,0.912411,1.869196,0.022706,0.042697,15.437891,0.977748
2026-01-01T00:24:10Z,O320_CLASS-SIM-01,O320_CLASS,RAPID_RESPONSE,1576.2566173560683,7.750878417818474,1412.7665562194297,0.38622396953031113,33.260622941173615,669.1249059592512,58.779702219056844,53.28711226826188,13.93157334036223,1.3370913858718456,13.768482206371845,5.990416481340045,24.61567355456605,DESCENT,ABNORMAL_VIBRATION,True,0.65,1.0,OK,42,54.04,3600.0,-1.526138,-2.745965,-0.558748,0.012696,-5.828251,0.944152
2026-01-01T00:24:11Z,O320_CLASS-SIM-01,O320_CLASS,RAPID_RESPONSE,1565.7120347610698,8.14396605115117,1428.1558068743748,0.3835699499217705,33.524590483134396,670.9236858173535,59.03049672118614,54.162535610884646,13.879554301370462,1.1003279980568683,13.727037791082013,6.3977141548309,24.652017904405565,DESCENT,ABNORMAL_VIBRATION,True,0.65,1.0,OK,42,54.03,3600.0,-1.427468,-1.01317,-0.305387,0.001017,9.68006,0.707953
2026-01-01T00:24:12Z,O320_CLASS-SIM-01,O320_CLASS,RAPID_RESPONSE,1560.6848880002915,7.796638592088754,1404.5185630094425,0.382500065604871,34.16811002682496,673.267663722013,59.66680946163586,54.739013164566,13.90832636002632,1.4801790253805949,13.782332304303551,6.1378651778724915,24.689607548354616,DESCENT,ABNORMAL_VIBRATION,True,0.65,1.0,OK,42,54.0,3600.0,-0.331569,1.828541,0.343977,0.04834,-13.351948,1.088171
2026-01-01T00:24:13Z,O320_CLASS-SIM-01,O320_CLASS,RAPID_RESPONSE,1549.6499469000332,7.885571957596845,1409.9296267339673,0.3829350888836309,33.61114845507519,673.0158556045486,59.6936990506479,55.132368247671614,13.934732976524874,1.0188661806117998,13.734633306669075,6.593377121329815,24.766096508483905,DESCENT,ABNORMAL_VIBRATION,True,0.65,1.0,OK,42,53.99,3600.0,-0.964218,1.462899,0.373382,0.07186,-7.824208,0.626838
2026-01-01T00:24:14Z,O320_CLASS-SIM-01,O320_CLASS,RAPID_RESPONSE,1545.3366719565695,7.962305626546793,1416.2730064064567,0.3784102846627069,33.63801599536758,671.229879603118,59.01185112582894,53.74392891489912,13.976566179565879,1.129905355159284,13.778913440684086,5.920419785473462,24.702226281451296,DESCENT,ABNORMAL_VIBRATION,True,0.65,1.0,OK,42,54.01,3600.0,-0.637696,0.198052,-0.25623,0.187184,0.94172,0.739345
2026-01-01T00:24:15Z,O320_CLASS-SIM-01,O320_CLASS,RAPID_RESPONSE,1536.7840758511938,8.19329718720581,1420.1328557209324,0.37950900458588394,34.44032236765082,671.0869925995762,59.20783404095319,54.662003511145755,13.875228132915018,1.3591640212450504,13.780703810982478,5.879557817452872,24.290265629720516,DESCENT,ABNORMAL_VIBRATION,True,0.65,1.0,OK,42,54.03,3600.0,-0.090646,-0.25118,-0.036576,0.076724,5.899355,0.968692
2026-01-01T00:24:16Z,O320_CLASS-SIM-01,O320_CLASS,RAPID_RESPONSE,1531.166838943407,8.128253114265975,1408.5626402002717,0.3824500534456821,35.351435466244546,674.4533654794789,59.4961238268137,54.554378741599656,13.885695309461633,1.1241108725173823,13.782862933684367,5.701233054684997,24.778630427285954,DESCENT,ABNORMAL_VIBRATION,True,0.65,1.0,OK,42,54.06,3600.0,0.687348,2.832023,0.234472,0.044515,-6.47047,0.732903
2026-01-01T00:24:17Z,O320_CLASS-SIM-01,O320_CLASS,RAPID_RESPONSE,1520.0854333286147,8.22626057612255,1416.4386758604558,0.38362521910589703,33.64190394851711,671.7581107832125,59.313156188214805,54.686738235000995,13.78084597149565,1.2426968914093217,13.715092477129819,5.687914087549802,24.376815577602034,DESCENT,ABNORMAL_VIBRATION,True,0.65,1.0,OK,42,54.1,3600.0,-1.184446,-0.11324,0.02381,-0.078827,0.121151,0.850982
2026-01-01T00:24:18Z,O320_CLASS-SIM-01,O320_CLASS,RAPID_RESPONSE,1516.242329099527,8.212519616626365,1419.8014884610352,0.38444637879249705,34.20414078139263,673.0650396653594,59.31221186722162,54.31318069743138,13.893425291553223,1.5058429776693099,13.757491741947462,6.0616680337133335,24.65823168942343,DESCENT,ABNORMAL_VIBRATION,True,0.65,1.0,OK,42,54.12,3600.0,-0.677128,1.078532,-0.007063,0.017983,2.095982,1.113641
2026-01-01T00:24:19Z,O320_CLASS-SIM-01,O320_CLASS,RAPID_RESPONSE,1507.9966686336747,8.23832665935503,1413.3446317000582,0.3741355944337121,36.429821158351864,669.812187225503,59.1860767165793,54.24847383817248,13.783776316855752,1.1549988636066875,13.769072786584745,5.672467960055898,24.63189844479922,DESCENT,ABNORMAL_VIBRATION,True,0.65,1.0,OK,42,54.16,3600.0,2.347592,-0.880011,-0.039391,0.07057,-0.010415,0.76584
2026-01-01T00:24:20Z,O320_CLASS-SIM-01,O320_CLASS,RAPID_RESPONSE,1499.9504299605617,8.38917578569322,1405.1421707594207,0.3795003324693275,35.4632517851569,669.9576241774151,58.91823318285707,53.99501808470065,13.812792593068425,1.2008513058098709,13.764069801297799,5.592824771021131,24.72461588668422,DESCENT,ABNORMAL_VIBRATION,True,0.65,1.0,OK,42,54.19,3600.0,0.893788,-1.471418,-0.301905,0.027752,-7.965701,0.810767
2026-01-01T00:24:21Z,O320_CLASS-SIM-01,O320_CLASS,RAPID_RESPONSE,1494.4893296433863,8.012185697041993,1403.2927864912429,0.3829223806162166,36.481560349056664,666.2420165579106,59.60266106573451,55.82010028782827,13.769598513977742,1.4424904218027168,13.76499509757408,5.926989718100776,24.499895870826006,DESCENT,ABNORMAL_VIBRATION,True,0.65,1.0,OK,42,54.17,3600.0,2.042146,-5.238905,0.346597,-0.06802,-11.481215,1.051367
2026-01-01T00:24:22Z,O320_CLASS-SIM-01,O320_CLASS,RAPID_RESPONSE,1486.501542789032,8.47266781764232,1429.3745654441707,0.38360343696044263,34.59180008633751,679.3439125873338,59.81369376291601,54.98475760930164,13.757741561901177,0.9683908481323,13.726950438760642,5.613278744518582,24.813515001518024,DESCENT,ABNORMAL_VIBRATION,True,0.65,1.0,OK,42,54.17,3600.0,-0.355769,7.290518,0.522612,-0.093503,12.976559,0.57676
2026-01-01T00:24:23Z,O320_CLASS-SIM-01,O320_CLASS,RAPID_RESPONSE,1478.230633370005,8.30424402249474,1414.3456183340281,0.38001228497192197,35.567881560299774,669.3839933178457,59.41013935415366,54.83496466569317,13.760038592103916,1.3940919043622342,13.761400463569252,5.596872538884434,24.733990249500497,DESCENT,ABNORMAL_VIBRATION,True,0.65,1.0,OK,42,54.17,3600.0,1.079082,-2.057439,0.133105,-0.036616,-1.400912,1.003324
2026-01-01T00:24:24Z,O320_CLASS-SIM-01,O320_CLASS,RAPID_RESPONSE,1470.081743365731,8.506264246898864,1405.8107123548416,0.38195816583661724,37.2198405329356,668.4319446876542,59.40883427308012,54.00920241308574,13.931847562896891,1.3871804558612868,13.778697122134052,5.536458437324715,24.457288404702272,DESCENT,ABNORMAL_VIBRATION,True,0.65,1.0,OK,42,54.14,3600.0,2.413491,-3.435902,0.118384,0.107767,-10.557993,0.995916
2026-01-01T00:24:25Z,O320_CLASS-SIM-01,O320_CLASS,RAPID_RESPONSE,1463.6194117585221,8.289376170342381,1404.4947207029552,0.3801565514192246,34.77819726887411,672.5471684331741,59.08822443424863,55.416124391184404,13.749164348215196,1.1725595374142017,13.776623801034251,5.991953095975547,24.78163500055844,DESCENT,ABNORMAL_VIBRATION,True,0.65,1.0,OK,42,54.12,3600.0,0.344786,1.126625,-0.192587,-0.046525,-11.426982,0.781764
2026-01-01T00:24:26Z,O320_CLASS-SIM-01,O320_CLASS,RAPID_RESPONSE,1454.3170014823424,8.443338370227089,1401.491862342496,0.37590644025259873,34.41216398239264,671.3363632322448,58.826482955118685,54.02568723954396,13.863318157480432,1.3513610181523916,13.732318229983083,5.729569611585481,24.6643740864697,DESCENT,ABNORMAL_VIBRATION,True,0.65,1.0,OK,42,54.09,3600.0,0.196111,0.336294,-0.400778,0.138301,-11.94634,0.962005
2026-01-01T00:24:27Z,O320_CLASS-SIM-01,O320_CLASS,RAPID_RESPONSE,1446.5603234634593,8.469945702689184,1412.1483271354266,0.3819313217706649,36.04631508528689,669.7746535265846,59.442016139413845,54.76000030233655,13.73162662770992,1.2099445005810807,13.732205642821397,6.129286514483117,24.835482791767674,DESCENT,ABNORMAL_VIBRATION,True,0.65,1.0,OK,42,54.08,3600.0,1.392266,-1.963659,0.183506,-0.080642,-2.73911,0.819121
2026-01-01T00:24:28Z,O320_CLASS-SIM-01,O320_CLASS,RAPID_RESPONSE,1439.3841403776378,8.54263810311836,1423.1462298607864,0.38198785343751557,33.296705140649486,671.2512786545004,59.23109768573033,54.19107425078231,13.79623298188578,1.0476989800175391,13.753891054989882,5.81155338411067,24.37839085797567,DESCENT,ABNORMAL_VIBRATION,True,0.65,1.0,OK,42,54.1,3600.0,-1.428482,-0.587089,-0.051838,-0.019284,7.126034,0.656606
2026-01-01T00:24:29Z,O320_CLASS-SIM-01,O320_CLASS,RAPID_RESPONSE,1429.4153200950343,8.826490854995754,1408.6419703972283,0.3836308392771612,37.00563429121585,670.3633331473201,60.187169417795076,55.600323318006474,13.73956625917094,1.036156735428517,13.790709716987038,5.843079676721079,24.665592564998224,DESCENT,ABNORMAL_VIBRATION,True,0.65,1.0,OK,42,54.12,3600.0,1.888038,-1.980174,0.866187,-0.102962,-9.142739,0.644347
2026-01-01T00:24:30Z,O320_CLASS-SIM-01,O320_CLASS,RAPID_RESPONSE,1424.6567457352428,8.565921460410175,1411.0033221984838,0.3805799412385567,34.219672863208714,670.7366440546589,58.640666399294396,54.965795364313344,13.711135961830088,1.2972839056598038,13.748008197946326,5.759696606376526,24.92462390030744,DESCENT,ABNORMAL_VIBRATION,True,0.65,1.0,OK,42,54.13,3600.0,-0.40536,-0.982073,-0.673878,-0.086603,-6.482779,0.906137
2026-01-01T00:24:31Z,O320_CLASS-SIM-01,O320_CLASS,RAPID_RESPONSE,1417.0401386659491,8.720163777580039,1418.9593913144795,0.3754016986177709,36.15145348522741,674.1307174254531,59.45507278060078,52.23373112801372,13.748665141176183,1.0051721963454152,13.803720567118486,6.0951301008937,24.657365798305964,DESCENT,ABNORMAL_VIBRATION,True,0.65,1.0,OK,42,54.15,3600.0,1.806445,2.945746,0.2027,0.035505,4.356597,0.615732
2026-01-01T00:24:32Z,O320_CLASS-SIM-01,O320_CLASS,RAPID_RESPONSE,1408.1953332042888,9.059144131578748,1412.0311055946809,0.38238851991157885,34.97457015393957,672.9210856065386,59.05803900704116,56.1035505883617,13.786963145278033,1.4405218582356287,13.77528971472134,5.818597642935503,24.687571699322376,DESCENT,ABNORMAL_VIBRATION,True,0.65,1.0,OK,42,54.15,3600.0,-0.184962,0.572222,-0.230623,-0.027328,-4.254654,1.04938
2026-01-01T00:24:33Z,O320_CLASS-SIM-01,O320_CLASS,RAPID_RESPONSE,1404.6638107636359,9.036260146085882,1415.0896636660525,0.37486889631807746,35.63425658275643,668.0655214329071,59.253029568526074,54.927953038966706,13.680561309799337,1.213393777143473,13.83455910262161,5.750573681725427,24.71232189457026,DESCENT,ABNORMAL_VIBRATION,True,0.65,1.0,OK,42,54.15,3600.0,1.072799,-3.320854,0.023174,-0.018329,1.531158,0.824347
2026-01-01T00:24:34Z,O320_CLASS-SIM-01,O320_CLASS,RAPID_RESPONSE,1398.5335347581124,9.061891982851336,1408.6797043281983,0.37886291848113435,35.244481411999715,675.2550537531075,59.72151173140297,52.84724181615448,13.70355034731525,1.1429708660035562,13.73943702664141,4.902070209130293,24.487734852224534,DESCENT,ABNORMAL_VIBRATION,True,0.65,1.0,OK,42,54.13,3600.0,0.404073,3.397507,0.487457,-0.04994,-5.073572,0.753145
2026-01-01T00:24:35Z,O320_CLASS-SIM-01,O320_CLASS,RAPID_RESPONSE,1387.4945840887683,8.902457297578286,1405.717381264289,0.37827737369401404,35.085066962172334,670.5072852556928,59.78145127400137,55.15190582506044,13.697698290655499,1.1950524229455313,13.76347258894005,6.1038165737915495,24.47216190864588,DESCENT,ABNORMAL_VIBRATION,True,0.65,1.0,OK,42,54.13,3600.0,0.485202,-1.101524,0.549075,-0.044659,-7.958061,0.805388
2026-01-01T00:24:36Z,O320_CLASS-SIM-01,O320_CLASS,RAPID_RESPONSE,1380.893819225995,9.044183536502148,1429.4931663672207,0.3787805029273211,33.84136963503198,673.5279786117178,59.53762250891202,54.83071392327003,13.67799014652851,1.2014219676122662,13.771733159245558,5.444692475608538,24.63303086354047,DESCENT,ABNORMAL_VIBRATION,True,0.65,1.0,OK,42,54.12,3600.0,-0.915376,1.725109,0.299549,-0.070689,15.553519,0.811617
2026-01-01T00:24:37Z,O320_CLASS-SIM-01,O320_CLASS,RAPID_RESPONSE,1371.5445106529671,8.851409693720637,1410.5846458171602,0.3803713930239692,36.13485881195821,674.062231423748,59.33416465070385,55.66755179588939,13.736040676977376,1.0688593035682634,13.742628644232754,5.670403631430274,24.804193982498813,DESCENT,ABNORMAL_VIBRATION,True,0.65,1.0,OK,42,54.13,3600.0,1.476542,2.256629,0.072195,-0.036492,-4.463245,0.678511
2026-01-01T00:24:38Z,O320_CLASS-SIM-01,O320_CLASS,RAPID_RESPONSE,1366.61503609668,8.965518365500982,1413.6828779433436,0.3768058968256056,34.50507208153752,670.3635601311986,59.78560373736656,55.21838296318068,13.73683736299711,1.3206963337166762,13.738926569522505,5.847706427206875,24.752474959812144,DESCENT,ABNORMAL_VIBRATION,True,0.65,1.0,OK,42,54.15,3600.0,0.011114,-1.112808,0.546182,0.0188,-0.319285,0.931288
2026-01-01T00:24:39Z,O320_CLASS-SIM-01,O320_CLASS,RAPID_RESPONSE,1359.7090364782207,9.004077754842086,1400.9610099350896,0.3775409358267497,36.02828927219795,672.6109939562616,59.49229892060685,54.187905994843184,13.692353782275896,0.9136002107413036,13.7654509831506,5.27788255762219,24.79216391518223,DESCENT,ABNORMAL_VIBRATION,True,0.65,1.0,OK,42,54.2,3600.0,1.476308,1.035391,0.259507,-0.033024,-12.733711,0.52415
2026-01-01T00:24:40Z,O320_CLASS-SIM-01,O320_CLASS,RAPID_RESPONSE,1352.3322322018632,9.246096523809266,1400.8632040010827,0.37797364753004853,36.93435834842907,672.9096968450588,59.69102529354414,54.93057284056467,13.672318846831804,1.1988247877106408,13.711890390086364,6.383329247915645,24.612349297653243,DESCENT,ABNORMAL_VIBRATION,True,0.65,1.0,OK,42,54.23,3600.0,2.136306,1.055113,0.456759,-0.057482,-12.899889,0.809298
2026-01-01T00:24:41Z,O320_CLASS-SIM-01,O320_CLASS,RAPID_RESPONSE,1343.8001594315492,9.204523720740578,1400.4729650016598,0.3798794074391395,33.360677590752225,672.6008299145566,59.39111463117662,55.42046887074244,13.6715788893124,1.2698186027611478,13.741155928276184,6.017971494657303,24.676270867585266,DESCENT,ABNORMAL_VIBRATION,True,0.65,1.0,OK,42,54.25,3600.0,-1.514372,0.554976,0.132525,-0.086669,-14.418168,0.879682
2026-01-01T00:24:42Z,O320_CLASS-SIM-01,O320_CLASS,RAPID_RESPONSE,1334.9678963503522,9.237247279245752,1429.529964182016,0.3742292053610266,32.8623243239482,671.5321125995403,59.10750858433396,56.281979389074166,13.738045235082348,1.115396733224337,13.784633465047461,5.934588746194735,24.905209280862614,DESCENT,ABNORMAL_VIBRATION,True,0.65,1.0,OK,42,54.26,3600.0,-1.594738,0.16998,-0.105697,0.067868,16.743637,0.726861
2026-01-01T00:24:43Z,O320_CLASS-SIM-01,O320_CLASS,RAPID_RESPONSE,1327.8800450857425,9.269088430098082,1414.1130925862442,0.3714015300623484,34.6830084732378,674.4779979112143,59.44844576671869,55.68536671732983,13.733135240793297,1.3423917398454326,13.812346188436056,5.924281795011579,24.541395908219375,DESCENT,ABNORMAL_VIBRATION,True,0.65,1.0,OK,42,54.26,3600.0,0.461834,3.502821,0.298945,0.114466,4.281152,0.955129
2026-01-01T00:24:44Z,O320_CLASS-SIM-01,O320_CLASS,RAPID_RESPONSE,1316.52971701416,9.566726014051161,1416.5002643362518,0.376749763419476,33.90291249144373,674.166855562173,59.1015199458225,55.461595510475775,13.692810283852435,1.305831918973436,13.735096056655495,5.951426568922591,24.479816126212647,DESCENT,ABNORMAL_VIBRATION,True,0.65,1.0,OK,42,54.27,3600.0,-0.94924,2.290774,-0.065188,0.000276,5.870328,0.917409
2026-01-01T00:24:45Z,O320_CLASS-SIM-01,O320_CLASS,RAPID_RESPONSE,1311.4712944396513,9.601536007133662,1404.2718744696301,0.3780168848020209,34.85666630727943,667.6417371412192,59.74704504344898,55.77995035787167,13.710254996667071,1.204972478460287,13.814497446173798,5.859416383213196,24.67967913981257,DESCENT,ABNORMAL_VIBRATION,True,0.65,1.0,OK,42,54.26,3600.0,-0.120481,-4.440693,0.552572,-0.003254,-7.645699,0.816012
2026-01-01T00:24:46Z,O320_CLASS-SIM-01,O320_CLASS,RAPID_RESPONSE,1305.556778895925,9.466069843994756,1399.417967012516,0.3764853996737639,36.39626668494923,673.2292345217228,58.77112339956621,56.45238161727294,13.670016760755766,1.058303961981109,13.800023721190467,5.571185830563088,24.853331864066696,DESCENT,ABNORMAL_VIBRATION,True,0.65,1.0,OK,42,54.27,3600.0,1.67541,1.460521,-0.426899,-0.021525,-12.664212,0.669606
2026-01-01T00:24:47Z,O320_CLASS-SIM-01,O320_CLASS,RAPID_RESPONSE,1299.2216601008952,9.532080108950531,1415.6135886803502,0.3807089482424213,35.94812779223378,672.3748949167426,60.35059003020991,55.71104911827082,13.709525104330705,1.1432403712479304,13.719210799678827,5.733952012246912,24.591120291961175,DESCENT,ABNORMAL_VIBRATION,True,0.65,1.0,OK,42,54.28,3600.0,0.857092,0.004629,1.100613,-0.047642,1.121879,0.753179
2026-01-01T00:24:48Z,O320_CLASS-SIM-01,O320_CLASS,RAPID_RESPONSE,1290.4938953766143,9.402034342983868,1417.0772540262053,0.3740058956185793,35.48524155450801,674.1252234460123,59.033558333353646,54.88855192060262,13.75256349950347,1.196001535800523,13.773977390553583,6.171381395528382,24.596984713244343,DESCENT,ABNORMAL_VIBRATION,True,0.65,1.0,OK,42,54.28,3600.0,1.035947,2.707447,-0.178763,0.096462,4.331911,0.807647
2026-01-01T00:24:49Z,O320_CLASS-SIM-01,O320_CLASS,RAPID_RESPONSE,1281.5692391847078,9.513494690344087,1410.782512812553,0.3770156631781854,36.4291751852995,671.8552148069268,59.67384325454344,55.530817138403414,13.63125036330482,1.1555593881674082,13.754196612505332,5.485482237353264,24.885058478392743,DESCENT,ABNORMAL_VIBRATION,True,0.65,1.0,OK,42,54.3,3600.0,1.691083,-0.007756,0.452628,-0.065669,-2.375274,0.766568
2026-01-01T00:24:50Z,O320_CLASS-SIM-01,O320_CLASS,RAPID_RESPONSE,1275.6589446394642,9.698157772625352,1425.2738632062135,0.37267324303983473,34.60365926547228,676.8041754199892,59.1278061686895,57.70231218391349,13.704562297314547,1.330361295446037,13.809396342828718,5.801419618623558,24.509536166403723,DESCENT,ABNORMAL_VIBRATION,True,0.65,1.0,OK,42,54.27,3600.0,0.026619,5.313266,-0.05119,0.076052,14.074045,0.942677
2026-01-01T00:24:51Z,O320_CLASS-SIM-01,O320_CLASS,RAPID_RESPONSE,1267.3268395201783,9.613210124502963,1410.8229858743048,0.37507452123484336,36.8021418517934,673.2967515355399,60.127296253386575,54.05985722117924,13.599384222092365,1.0897780264805,13.814089994673127,5.771997382080668,24.3617299760251,DESCENT,ABNORMAL_VIBRATION,True,0.65,1.0,OK,42,54.24,3600.0,2.180178,1.63903,0.949744,-0.059892,-0.309873,0.701687
2026-01-01T00:24:52Z,O320_CLASS-SIM-01,O320_CLASS,RAPID_RESPONSE,1259.6323133457759,9.630360261336767,1400.0544191028564,0.3788865445241966,34.36002096392005,672.2550353819372,59.14189131804394,55.628930198358724,13.6131602680217,1.2655025607675907,13.77939786358027,6.152423457506726,24.72315533462443,DESCENT,ABNORMAL_VIBRATION,True,0.65,1.0,OK,42,54.21,3600.0,-0.542485,0.105984,-0.079631,-0.104183,-13.117617,0.876223
2026-01-01T00:24:53Z,O320_CLASS-SIM-01,O320_CLASS,RAPID_RESPONSE,1250.671399653817,10.007029862735495,1414.859561977902,0.37344500244321743,35.007422333860205,673.2614817986143,59.19471742728919,56.2569584248986,13.607005242266506,1.3663138688461829,13.711367871637313,5.940600650916175,24.63519039843781,DESCENT,ABNORMAL_VIBRATION,True,0.65,1.0,OK,42,54.2,3600.0,0.146203,1.402997,0.002242,-0.028326,3.034602,0.978404
2026-01-01T00:24:54Z,O320_CLASS-SIM-01,O320_CLASS,RAPID_RESPONSE,1245.9644150901777,9.801244447252762,1420.2621629341006,0.3742840386366434,33.372464484466875,669.102368132828,59.22259842841412,54.63818645924152,13.735140126838663,1.2471573870298278,13.824017333190598,6.224867200713544,24.526525700774673,DESCENT,ABNORMAL_VIBRATION,True,0.65,1.0,OK,42,54.16,3600.0,-1.313813,-2.621183,0.04059,0.091187,8.92265,0.859224
2026-01-01T00:24:55Z,O320_CLASS-SIM-01,O320_CLASS,RAPID_RESPONSE,1236.1960058060235,9.55458409767538,1407.511138568486,0.37783686126722743,33.80958050425769,671.3232415309715,58.94770621229386,56.258042582379865,13.704383657650462,1.1501716105703133,13.728744289916861,6.1645400888701785,24.688407394422022,DESCENT,ABNORMAL_VIBRATION,True,0.65,1.0,OK,42,54.14,3600.0,-0.860644,-0.581779,-0.269216,0.00805,-5.447551,0.761208
2026-01-01T00:24:56Z,O320_CLASS-SIM-01,O320_CLASS,RAPID_RESPONSE,1229.6109291579764,10.261062414288968,1399.6931012293703,0.37597353809349315,34.72825664421611,673.3730731744715,58.211489133310444,55.79212941424485,13.671886416375528,1.1385897375202816,13.806802044058806,6.09671034821917,24.43379841306786,DESCENT,ABNORMAL_VIBRATION,True,0.65,1.0,OK,42,54.14,3600.0,-0.505588,0.975881,-1.010396,0.001949,-13.495794,0.749936
2026-01-01T00:24:57Z,O320_CLASS-SIM-01,O320_CLASS,RAPID_RESPONSE,1223.7359889769998,9.904850601415768,1410.8976723493865,0.37522892316528184,33.815006049471464,673.8327182674592,58.961021097973685,55.578782584221045,13.665348848386097,1.0904404162945227,13.74250356397714,6.049922390094718,24.593002023660084,DESCENT,ABNORMAL_VIBRATION,True,0.65,1.0,OK,42,54.15,3600.0,-0.989448,1.891553,-0.256953,0.007749,-2.109812,0.701986
2026-01-01T00:24:58Z,O320_CLASS-SIM-01,O320_CLASS,RAPID_RESPONSE,1212.818820757045,10.230846206758235,1407.0648510627018,0.37091619554309924,31.815832767223196,674.1326474191386,58.816007337156876,55.09091615456891,13.656958721005209,1.372648775619237,13.745461030923645,6.016168094416198,24.88408778306844,DESCENT,ABNORMAL_VIBRATION,True,0.65,1.0,OK,42,54.13,3600.0,-2.950184,2.43739,-0.351634,0.069694,-3.608357,0.9856
2026-01-01T00:24:59Z,O320_CLASS-SIM-01,O320_CLASS,RAPID_RESPONSE,1209.5199949064568,10.329908564279544,1412.6827014530033,0.3726403413667199,34.76487466337618,672.9846942137196,58.65377869305056,55.51314067258949,13.54857591439421,1.1453505157736767,13.77153120698292,5.6232055778524845,24.698064019334026,DESCENT,ABNORMAL_VIBRATION,True,0.65,1.0,OK,42,54.13,3600.0,-0.189993,1.02548,-0.497985,-0.058869,2.745852,0.758171
2026-01-01T00:25:00Z,O320_CLASS-SIM-01,O320_CLASS,RAPID_RESPONSE,1198.4330994511065,10.096524788973422,1416.2657832191892,0.37519096489358555,33.884455473670364,672.4716949005112,58.84206723570475,56.01343166063542,13.622132695227497,1.2556088706051334,13.778531803717435,5.853048408839913,24.412349580767472,DESCENT,ABNORMAL_VIBRATION,True,0.65,1.0,OK,42,54.13,3600.0,-0.983202,0.454268,-0.329507,-0.020917,5.410149,0.867763
2026-01-01T00:25:01Z,O320_CLASS-SIM-01,O320_CLASS,RAPID_RESPONSE,1193.0824149589605,10.331409802679449,1415.3848456069525,0.3716998485299471,35.945480402085764,668.6072690754719,58.97806726534227,55.99354797238703,13.546800338428277,1.251535097828131,13.775614880282468,5.326690122014576,24.514056165340307,DESCENT,ABNORMAL_VIBRATION,True,0.65,1.0,OK,42,54.13,3600.0,1.111868,-3.211173,-0.168653,-0.042939,5.681882,0.864635
2026-01-01T00:25:02Z,O320_CLASS-SIM-01,O320_CLASS,RAPID_RESPONSE,1182.3773986016045,10.603730817647545,1411.4249921441908,0.37319610301210643,35.132778168129555,673.4204453059268,59.538458598121814,55.00578290794624,13.67041219965232,1.229051066572313,13.766945449569642,5.75182660235528,24.106980293335454,DESCENT,ABNORMAL_VIBRATION,True,0.65,1.0,OK,42,54.13,3600.0,-0.035856,1.180873,0.39055,0.06258,1.666923,0.841891
2026-01-01T00:25:03Z,O320_CLASS-SIM-01,O320_CLASS,RAPID_RESPONSE,1175.6340132566975,10.424077391439475,1419.1815900513434,0.3742076738442336,34.77100598546981,676.7326326396809,59.546066745090485,55.98423059097727,13.708993942936562,1.1240383991818947,13.724746011792078,5.674608299085355,24.457733273984307,DESCENT,ABNORMAL_VIBRATION,True,0.65,1.0,OK,42,54.14,3600.0,-0.272359,4.553597,0.38448,0.086653,8.789158,0.736555
2026-01-01T00:25:04Z,O320_CLASS-SIM-01,O320_CLASS,RAPID_RESPONSE,1169.4526025782684,10.514713604460178,1409.1562963833476,0.37253896202031594,34.940077324185225,666.1459639750518,58.534689913700504,56.033711250954454,13.552729623295415,1.2350078868267471,13.810990415744685,5.75964840514706,24.372338853406603,DESCENT,ABNORMAL_VIBRATION,True,0.65,1.0,OK,42,54.14,3600.0,-0.056291,-5.914845,-0.618676,-0.043895,-0.854878,0.847945
2026-01-01T00:25:05Z,O320_CLASS-SIM-01,O320_CLASS,RAPID_RESPONSE,1161.310350319102,10.700336386348843,1421.5394619397553,0.37355286598240883,33.00221674218009,672.7026365259364,59.291068277659576,56.40506382983531,13.561365726207159,1.0672527339236941,13.749640438490275,5.490368685824786,24.77469694386611,DESCENT,ABNORMAL_VIBRATION,True,0.65,1.0,OK,42,54.16,3600.0,-2.224198,0.348381,0.130516,-0.048361,11.195026,0.679943
2026-01-01T00:25:06Z,O320_CLASS-SIM-01,O320_CLASS,RAPID_RESPONSE,1156.3234706925439,10.449760583612509,1411.9482082768109,0.3729460684474477,37.69641489294829,674.1259120336703,59.46829033026653,56.45769073605547,13.563137859427044,1.3914809047783014,13.788365345949288,5.567628344611377,24.63701333086434,DESCENT,ABNORMAL_VIBRATION,True,0.65,1.0,OK,42,54.16,3600.0,2.778258,2.100371,0.30865,-0.036927,1.646035,1.004309
2026-01-01T00:25:07Z,O320_CLASS-SIM-01,O320_CLASS,RAPID_RESPONSE,1148.756079132631,10.226875356556071,1401.6028533940835,0.37269775187430204,32.583420481010656,667.5380482234443,59.02298855187307,56.86321845815656,13.606743583921107,1.3834827661020135,13.771230371108128,5.680227538762334,24.371963885227444,DESCENT,ABNORMAL_VIBRATION,True,0.65,1.0,OK,42,54.14,3600.0,-2.067902,-4.219978,-0.134491,0.01227,-8.599094,0.996403
2026-01-01T00:25:08Z,O320_CLASS-SIM-01,O320_CLASS,RAPID_RESPONSE,1139.4230585753594,10.69612939619951,1414.8547854237831,0.37230701579123476,35.55719252868504,675.1532405072412,59.158070467846784,57.60651810931754,13.538519960840905,1.0994644709931434,13.754302704923228,5.969944214857267,24.415029527452134,DESCENT,ABNORMAL_VIBRATION,True,0.65,1.0,OK,42,54.14,3600.0,0.49763,2.992724,0.004977,-0.047622,4.856225,0.712533
2026-01-01T00:25:09Z,O320_CLASS-SIM-01,O320_CLASS,RAPID_RESPONSE,1132.0173517867436,10.359798526376611,1413.4389705308392,0.37407691388478426,36.00144575939741,674.002775780291,59.46050808570239,57.11510095321224,13.600572551294347,1.3439579458015771,13.749022460533572,5.720097011130378,24.576872950272573,DESCENT,ABNORMAL_VIBRATION,True,0.65,1.0,OK,42,54.13,3600.0,1.17288,1.969828,0.288881,-0.011062,2.580904,0.95651
2026-01-01T00:25:10Z,O320_CLASS-SIM-01,O320_CLASS,RAPID_RESPONSE,1124.4964422919497,10.45255355459478,1398.6547378437356,0.3718488411189358,36.00352988311989,672.0035063232812,60.22746057973643,55.86222166094652,13.58710290790016,1.3243653560559703,13.800628435907374,5.932289787334512,24.72600871898563,DESCENT,ABNORMAL_VIBRATION,True,0.65,1.0,OK,42,54.1,3600.0,1.262324,0.154814,1.066791,0.009561,-11.695158,0.937476
2026-01-01T00:25:11Z,O320_CLASS-SIM-01,O320_CLASS,RAPID_RESPONSE,1117.583091521486,10.985682261723086,1418.650824177392,0.3694899892430233,35.31054376860097,668.1208744480674,59.727029039773186,56.820105335919095,13.627300037023305,1.1091238489932962,13.71293527034657,6.42624291633119,24.584267961329925,DESCENT,ABNORMAL_VIBRATION,True,0.65,1.0,OK,42,54.07,3600.0,0.240469,-3.939943,0.600179,0.089237,9.869377,0.723073
2026-01-01T00:25:12Z,O320_CLASS-SIM-01,O320_CLASS,RAPID_RESPONSE,1108.499687064897,10.956864343258635,1424.523044712008,0.370595123651086,34.813695590111365,672.5932157489319,58.67070451796719,56.130877665020286,13.643965845586404,1.2782822246159564,13.743461734167054,5.6522687749373555,24.72466218287501,DESCENT,ABNORMAL_VIBRATION,True,0.65,1.0,OK,42,54.05,3600.0,-0.260921,0.46861,-0.446138,0.094683,16.205727,0.892167
2026-01-01T00:25:13Z,O320_CLASS-SIM-01,O320_CLASS,RAPID_RESPONSE,1099.536154672313,10.871947484603076,1427.7844649583817,0.3748676808101336,35.62881476118451,675.2982104973208,59.63460030606378,56.625424327207966,13.596119963738827,1.341897948623724,13.730640699539151,5.907820444653734,24.617093791274858,DESCENT,ABNORMAL_VIBRATION,True,0.65,1.0,OK,42,54.02,3600.0,0.356678,2.740743,0.47413,-0.016531,17.443797,0.954524
2026-01-01T00:25:14Z,O320_CLASS-SIM-01,O320_CLASS,RAPID_RESPONSE,1095.1547467274602,10.884694995849815,1409.790496567343,0.37124225550681,36.29155533157531,673.2074141111448,59.03749387410129,56.09686593319596,13.52127143266441,1.1660253067840283,13.747336543113853,5.998505731506571,24.626514482792004,DESCENT,ABNORMAL_VIBRATION,True,0.65,1.0,OK,42,54.01,3600.0,1.265092,1.061428,-0.113391,-0.039282,-0.105592,0.779443
2026-01-01T00:25:15Z,O320_CLASS-SIM-01,O320_CLASS,RAPID_RESPONSE,1089.2152911300848,10.835427116854952,1401.1389103645251,0.37268878111920195,35.113467811969635,671.518877783509,59.38488112514786,57.340662523324035,13.477121220614647,1.429808748555762,13.756171530423272,6.185419962595833,24.361107550210118,DESCENT,ABNORMAL_VIBRATION,True,0.65,1.0,OK,42,53.99,3600.0,0.053734,-0.742397,0.223161,-0.103523,-9.259694,1.042853
2026-01-01T00:25:16Z,O320_CLASS-SIM-01,O320_CLASS,RAPID_RESPONSE,1080.47609832372,10.952156819859233,1391.8357821227962,0.3715386381783255,32.65716515689577,671.3050662788627,59.54389722479416,56.43017724797257,13.489741112808472,1.217979079666569,13.76096324570878,5.65752977510635,24.751522236878106,DESCENT,ABNORMAL_VIBRATION,True,0.65,1.0,OK,42,53.96,3600.0,-2.4119,-0.9237,0.386074,-0.072466,-18.382106,0.831305
2026-01-01T00:25:17Z,O320_CLASS-SIM-01,O320_CLASS,RAPID_RESPONSE,1070.749081897268,10.959808911679437,1414.4193362856342,0.3675638830667587,37.10473306031462,671.5011972179625,59.44876578181439,57.59485993396349,13.522334401282723,1.120576640113618,13.767124873854026,5.93534526505371,24.4114430538511,DESCENT,ABNORMAL_VIBRATION,True,0.65,1.0,OK,42,53.95,3600.0,2.35528,-0.212919,0.33787,0.02433,6.37778,0.735194
2026-01-01T00:25:18Z,O320_CLASS-SIM-01,O320_CLASS,RAPID_RESPONSE,1063.1951121169022,11.300130408263051,1401.4589129588762,0.3705415010973901,34.74015856576932,671.657754076751,59.6678761988805,56.87148506756502,13.507131032455753,1.2635497375653277,13.753275056582888,5.588031290208582,24.483623057814576,DESCENT,ABNORMAL_VIBRATION,True,0.65,1.0,OK,42,53.95,3600.0,-0.518483,-0.715567,0.555063,-0.029865,-6.671552,0.877619
2026-01-01T00:25:19Z,O320_CLASS-SIM-01,O320_CLASS,RAPID_RESPONSE,1059.994815169332,11.23297332405907,1404.4260669712992,0.3716022001581265,33.08671838445871,675.5007358341024,59.61054578167769,58.77139911985707,13.570576016620414,1.160430471695988,13.807077994063887,5.597481620983845,24.49836081154698,DESCENT,ABNORMAL_VIBRATION,True,0.65,1.0,OK,42,53.93,3600.0,-2.173808,3.063629,0.483537,0.01757,-4.362756,0.774153
2026-01-01T00:25:20Z,O320_CLASS-SIM-01,O320_CLASS,RAPID_RESPONSE,1049.9036327723195,11.380332229635064,1400.1903907463545,0.3675203210493051,35.28380406531524,673.8645077243182,58.80801208594717,57.561380626516915,13.58344708210698,1.3132676826273117,13.778907513821856,5.729664811843038,24.817149919522468,DESCENT,ABNORMAL_VIBRATION,True,0.65,1.0,OK,42,53.91,3600.0,0.200843,1.7981,-0.283888,0.094125,-6.970174,0.928167
2026-01-01T00:25:21Z,O320_CLASS-SIM-01,O320_CLASS,RAPID_RESPONSE,1042.5231059917369,11.364803192942283,1422.553339827065,0.37092053615925985,33.81211632692602,668.9822857329679,58.96695106683633,57.63536278367351,13.532297643346176,1.4897627458476974,13.781325342498011,5.668834469387964,24.3859380379834,DESCENT,ABNORMAL_VIBRATION,True,0.65,1.0,OK,42,53.88,3600.0,-1.461947,-3.452179,-0.140257,-0.00395,14.682813,1.103884
2026-01-01T00:25:22Z,O320_CLASS-SIM-01,O320_CLASS,RAPID_RESPONSE,1036.770656066846,11.271590815618763,1394.687532343059,0.36910007676138606,33.822467431677026,671.0249297937461,59.08523581674442,56.38634113194478,13.48071094133988,1.0310711910562254,13.74671987589114,5.497070422571748,24.482657538013882,DESCENT,ABNORMAL_VIBRATION,True,0.65,1.0,OK,42,53.87,3600.0,-1.214843,-1.092157,-0.01299,-0.027961,-12.766418,0.645646
2026-01-01T00:25:23Z,O320_CLASS-SIM-01,O320_CLASS,RAPID_RESPONSE,1026.157952337338,11.409237617396386,1408.192505334626,0.37125054156109266,37.29018443002638,673.791536667552,59.25934769689722,57.7454763394044,13.523457955327682,1.2309086507108442,13.767323650287734,5.492039092382885,24.680042914662618,DESCENT,ABNORMAL_VIBRATION,True,0.65,1.0,OK,42,53.88,3600.0,1.996313,1.290875,0.140838,-0.015208,-0.202124,0.844888
2026-01-01T00:25:24Z,O320_CLASS-SIM-01,O320_CLASS,RAPID_RESPONSE,1019.9530577852119,11.587427846143601,1413.7565383263077,0.3674147634221147,36.531016566424064,665.705589485328,59.84835471227566,56.125176115725544,13.519923053153391,1.2945265298700896,13.801879777778032,5.663663665876564,24.23150985868603,DESCENT,ABNORMAL_VIBRATION,True,0.65,1.0,OK,42,53.85,3600.0,1.348532,-6.499084,0.75848,0.039495,6.689882,0.909552
2026-01-01T00:25:25Z,O320_CLASS-SIM-01,O320_CLASS,RAPID_RESPONSE,1012.0090681329287,11.385875654625055,1389.8911527812716,0.36856296544014366,33.75287213900651,673.7393970598349,58.97458171038205,58.807536928249746,13.477400006217998,1.1397791774236354,13.761740948886196,5.3384023571478325,24.52176321535657,DESCENT,ABNORMAL_VIBRATION,True,0.65,1.0,OK,42,53.81,3600.0,-1.270863,1.631777,-0.109368,-0.015721,-16.900738,0.754684
2026-01-01T00:25:26Z,O320_CLASS-SIM-01,O320_CLASS,RAPID_RESPONSE,1006.1301201617572,11.557798470849745,1403.7876763049878,0.36536426554394585,35.82621042712387,673.1746603739065,59.40712479664265,57.062102811257226,13.401034259552421,1.3044082589669503,13.767823607962905,6.090522135924403,24.555912545946615,DESCENT,ABNORMAL_VIBRATION,True,0.65,1.0,OK,42,53.79,3600.0,0.886032,1.312671,0.363399,-0.0408,-1.13874,0.92037
2026-01-01T00:25:27Z,O320_CLASS-SIM-01,O320_CLASS,RAPID_RESPONSE,997.4317996662144,11.578838170779907,1401.207390278799,0.3667930618910861,34.94441149455297,669.8342074313041,58.97486677606841,58.875776066867076,13.532431311048871,1.2550607434418304,13.814612980222128,5.534759207630204,24.924300884381584,DESCENT,ABNORMAL_VIBRATION,True,0.65,1.0,OK,42,53.77,3600.0,-0.071247,-2.176147,-0.057972,0.075117,-3.214136,0.870907
2026-01-01T00:25:28Z,O320_CLASS-SIM-01,O320_CLASS,RAPID_RESPONSE,989.3092462236594,11.865570884326383,1421.826975012527,0.3643824292752944,36.83148148893632,671.4347493271104,58.836059740038394,57.78657475650502,13.424953049499603,1.150829027430249,13.739803574011473,5.783635342245449,24.75017149102707,DESCENT,ABNORMAL_VIBRATION,True,0.65,1.0,OK,42,53.76,3600.0,1.735931,-0.536524,-0.162475,0.007708,18.996375,0.767525
2026-01-01T00:25:29Z,O320_CLASS-SIM-01,O320_CLASS,RAPID_RESPONSE,983.079776903148,11.559781261907833,1410.0118423487556,0.3648814839604346,34.073482404775305,671.0781656887115,59.374727032472755,57.73424340904581,13.49715889510997,1.270753146932683,13.744349139761068,6.109777297105377,24.444330173277635,DESCENT,ABNORMAL_VIBRATION,True,0.65,1.0,OK,42,53.76,3600.0,-0.714122,-0.60739,0.394012,0.077547,8.007661,0.887576
2026-01-01T00:25:30Z,O320_CLASS-SIM-01,O320_CLASS,RAPID_RESPONSE,975.6285584245585,11.64568430202694,1410.0331925118765,0.36628902602956614,36.35253160822486,675.6088739777169,59.4532536252224,57.57844767868247,13.443698632466974,1.4686175226621208,13.738208087998114,5.956438241155029,24.598048898539712,DESCENT,ABNORMAL_VIBRATION,True,0.65,1.0,OK,42,53.74,3600.0,1.410041,3.689689,0.467745,0.006087,7.806708,1.08515
2026-01-01T00:25:31Z,O320_CLASS-SIM-01,O320_CLASS,RAPID_RESPONSE,967.406193836732,11.739024440960103,1401.2961091950515,0.368159666642046,35.47877122356133,678.8666702809311,59.48178838038162,57.90779951396683,13.489289729680792,1.2940048745431603,13.738808697102911,5.688830706769095,24.261192201228642,DESCENT,ABNORMAL_VIBRATION,True,0.65,1.0,OK,42,53.72,3600.0,0.330334,6.627796,0.46969,0.024052,-2.163526,0.909919
2026-01-01T00:25:32Z,O320_CLASS-SIM-01,O320_CLASS,RAPID_RESPONSE,960.8381607632417,11.887226062581654,1397.2615062341206,0.3699812711471125,34.24524774572551,671.325744674838,59.09801860343174,58.81319913143046,13.412661346325798,1.314890946937964,13.791131270862572,5.875014721829932,24.637204926139788,DESCENT,ABNORMAL_VIBRATION,True,0.65,1.0,OK,42,53.7,3600.0,-1.177776,-1.305445,0.044487,-0.082405,-8.119676,0.930024
2026-01-01T00:25:33Z,O320_CLASS-SIM-01,O320_CLASS,RAPID_RESPONSE,953.64225033326,11.72554159130924,1418.576910411241,0.3666943678703218,34.824666776422085,675.5603761136168,58.79469587076337,57.83681620548044,13.41449152633076,1.4083670554297532,13.837110392329008,5.703720471960513,24.62350497832625,DESCENT,ABNORMAL_VIBRATION,True,0.65,1.0,OK,42,53.67,3600.0,-0.198723,3.475173,-0.25185,-0.033352,13.519708,1.0242
2026-01-01T00:25:34Z,O320_CLASS-SIM-01,O320_CLASS,RAPID_RESPONSE,945.0077997075706,11.805210076738744,1405.8799798593204,0.36664101935177723,33.3019235164349,672.8582877673081,59.02673348311577,57.8731084968148,13.441821955143169,1.1010652484207843,13.794062651643781,5.862948102358196,24.754065013309635,DESCENT,ABNORMAL_VIBRATION,True,0.65,1.0,OK,42,53.68,3600.0,-1.766451,0.720384,-0.015703,-0.002584,1.013376,0.716979
2026-01-01T00:25:35Z,O320_CLASS-SIM-01,O320_CLASS,RAPID_RESPONSE,938.2420946467086,11.87660901722773,1409.7052219617422,0.3625665514592998,37.660638875099906,672.89611661692,59.914158635433544,56.970629429384225,13.38488272771509,1.3262311285983956,13.778655959491863,5.812609726346119,24.571663249296023,DESCENT,ABNORMAL_VIBRATION,True,0.65,1.0,OK,42,53.67,3600.0,2.83836,1.211665,0.920748,0.004919,7.112285,0.943459
2026-01-01T00:25:36Z,O320_CLASS-SIM-01,O320_CLASS,RAPID_RESPONSE,929.057824258609,11.73219663088823,1406.884314077733,0.36376814933273655,33.493372788338334,671.2680432473146,59.20936314541022,59.29907307973383,13.484797681249008,1.274944686146182,13.787354309538681,5.818146240465136,24.918789150571108,DESCENT,ABNORMAL_VIBRATION,True,0.65,1.0,OK,42,53.65,3600.0,-1.215963,-0.361419,0.235685,0.094009,5.206472,0.8922
2026-01-01T00:25:37Z,O320_CLASS-SIM-01,O320_CLASS,RAPID_RESPONSE,920.5157165791605,11.94176545254087,1401.7855971770537,0.3679260029316055,33.98086422307388,674.1376729412641,59.26568038209094,58.40230671801034,13.470668154207136,1.3121134070011344,13.76623269102308,5.857356812272837,24.43156937866128,DESCENT,ABNORMAL_VIBRATION,True,0.65,1.0,OK,42,53.64,3600.0,-1.200228,1.810599,0.256419,0.020183,-1.542457,0.928235
2026-01-01T00:25:38Z,O320_CLASS-SIM-01,O320_CLASS,RAPID_RESPONSE,913.5528074845978,12.317224317690545,1397.8179004313315,0.3672270685983502,35.80232224411091,675.1760470307283,58.36725870943004,58.50736031168214,13.423080253971888,1.2269076660140716,13.760148939817563,5.982394801500951,24.65086890043966,DESCENT,ABNORMAL_VIBRATION,True,0.65,1.0,OK,42,53.63,3600.0,0.298151,2.537864,-0.660752,-0.019411,-6.379719,0.842965
2026-01-01T00:25:39Z,O320_CLASS-SIM-01,O320_CLASS,RAPID_RESPONSE,907.3081148129913,11.930383880389613,1395.6141988889317,0.3672560603198493,33.64151300823887,671.9527241414536,60.0996839574618,58.20481220354534,13.45817173367983,1.0102519935018734,13.730818879969814,5.920542629002264,24.497960958617092,DESCENT,ABNORMAL_VIBRATION,True,0.65,1.0,OK,42,53.65,3600.0,-1.468835,-0.310404,1.056718,0.01433,-9.276966,0.626153
2026-01-01T00:25:40Z,O320_CLASS-SIM-01,O320_CLASS,RAPID_RESPONSE,901.7604322223455,12.171469985643679,1432.4610522704038,0.36461091592492884,35.65155318659932,670.2722814682776,59.47680086333415,58.312345130907495,13.373079766866203,1.1709166741807548,13.811757411535083,6.057899655740202,24.342285227509876,DESCENT,ABNORMAL_VIBRATION,True,0.65,1.0,OK,42,53.66,3600.0,0.499335,-1.906383,0.452811,-0.030773,28.449929,0.78753
2026-01-01T00:25:41Z,O320_CLASS-SIM-01,O320_CLASS,RAPID_RESPONSE,891.9510455344004,12.486959513444555,1403.320211140051,0.3659279561402096,36.546763398768704,669.1867963180662,58.68480122435543,57.743750500090684,13.47645299356495,1.3795301317703588,13.792159772176253,5.708567896026704,24.723010732410494,DESCENT,ABNORMAL_VIBRATION,True,0.65,1.0,OK,42,53.67,3600.0,1.025102,-3.438674,-0.342581,0.056652,-0.848263,0.995892
2026-01-01T00:25:42Z,O320_CLASS-SIM-01,O320_CLASS,RAPID_RESPONSE,884.9210321537416,12.349195201855867,1411.8013179961947,0.3687603068016879,35.25676357569349,671.6202496877728,59.57541934115272,59.14296924850484,13.384138208074674,1.0011655409926297,13.807102202096692,5.331311787226215,24.298785637318637,DESCENT,ABNORMAL_VIBRATION,True,0.65,1.0,OK,42,53.7,3600.0,-0.310662,-1.214282,0.511402,-0.078066,5.933865,0.616618
2026-01-01T00:25:43Z,O320_CLASS-SIM-01,O320_CLASS,RAPID_RESPONSE,877.2475573277865,12.311615957359377,1395.0726504479735,0.36541595089897655,35.53408330985728,671.0853998594613,59.82748144563439,58.352076440639564,13.457819071836614,1.0799411615908538,13.723550274774729,5.830145273841393,24.815064965908594,DESCENT,ABNORMAL_VIBRATION,True,0.65,1.0,OK,42,53.75,3600.0,0.247945,-1.315803,0.774607,0.044237,-10.27804,0.696151
2026-01-01T00:25:44Z,O320_CLASS-SIM-01,O320_CLASS,RAPID_RESPONSE,868.4850963315414,12.366506496975193,1393.518648193308,0.36334053257934845,35.45607697705048,671.0644556146459,58.48859039261044,56.98871647553756,13.302184469654843,1.2947620218971985,13.78538729499814,5.861654213483331,24.399590284337243,DESCENT,ABNORMAL_VIBRATION,True,0.65,1.0,OK,42,53.78,3600.0,0.296569,-1.107991,-0.533676,-0.076501,-10.412547,0.911718
2026-01-01T00:25:45Z,O320_CLASS-SIM-01,O320_CLASS,RAPID_RESPONSE,864.0089269358613,12.499766800126629,1403.3048124139764,0.3642696758468148,34.4554870042306,672.7860219861891,59.6544008546573,59.0041219443785,13.378767175471491,1.145756157067382,13.734381271851872,5.89441912396781,24.41046830433567,DESCENT,ABNORMAL_VIBRATION,True,0.65,1.0,OK,42,53.82,3600.0,-0.873395,0.400302,0.642563,-0.009657,-0.142746,0.762673
2026-01-01T00:25:46Z,O320_CLASS-SIM-01,O320_CLASS,RAPID_RESPONSE,856.0353833419156,12.887860828571167,1398.5332851990113,0.37023449550736487,35.83332822365508,670.4412067722418,58.686018639986344,60.02859003061992,13.41132252042578,1.192954322136679,13.761284638088826,5.8179829909056515,24.532918875939767,DESCENT,ABNORMAL_VIBRATION,True,0.65,1.0,OK,42,53.83,3600.0,-0.280124,-3.056031,-0.389177,-0.065642,-7.852593,0.808094
2026-01-01T00:25:47Z,O320_CLASS-SIM-01,O320_CLASS,RAPID_RESPONSE,848.0188487194104,12.757291634498147,1393.9164351743443,0.3654837050999722,35.16728639975167,671.0773306458451,59.42976774019983,57.01027679778791,13.263449375438416,1.242402280085852,13.763207321251677,5.370464191801082,24.27677408361855,DESCENT,ABNORMAL_VIBRATION,True,0.65,1.0,OK,42,53.83,3600.0,-0.485633,-1.742869,0.362831,-0.146421,-12.086424,0.858523
2026-01-01T00:25:48Z,O320_CLASS-SIM-01,O320_CLASS,RAPID_RESPONSE,842.8959500665028,12.609452227193955,1402.9440702944812,0.3683904898179189,36.49149413720247,676.7578287953489,58.525611057248256,57.24829786350702,13.407725329978355,1.137783053918267,13.80480680545544,5.2993659841048935,24.63802643017518,DESCENT,ABNORMAL_VIBRATION,True,0.65,1.0,OK,42,53.82,3600.0,0.79892,3.737756,-0.570157,-0.04468,-4.395898,0.753064
2026-01-01T00:25:49Z,O320_CLASS-SIM-01,O320_CLASS,RAPID_RESPONSE,833.9839029501304,12.72917581002171,1399.379941514497,0.3648427858987477,34.34454390582504,671.6119842256397,58.57711023394546,57.65807685122089,13.359926544505136,1.221155101164236,13.744517405906635,5.380551378458087,24.825780924259842,DESCENT,ABNORMAL_VIBRATION,True,0.65,1.0,OK,42,53.81,3600.0,-1.202698,-1.097574,-0.499683,-0.039617,-7.080046,0.837321
2026-01-01T00:25:50Z,O320_CLASS-SIM-01,O320_CLASS,RAPID_RESPONSE,824.2491555851623,12.686994836029694,1388.4082008528949,0.3663264093769299,35.48629603546188,671.2443953382922,58.81691806507711,59.003337689140686,13.219425550115776,1.1096566890011386,13.763672812722628,5.671185549309975,24.906542966802306,DESCENT,ABNORMAL_VIBRATION,True,0.65,1.0,OK,42,53.81,3600.0,-0.084434,-1.575075,-0.265252,-0.198609,-18.301114,0.725519
2026-01-01T00:25:51Z,O320_CLASS-SIM-01,O320_CLASS,RAPID_RESPONSE,816.9936097943269,12.834784048809254,1416.819601667432,0.36475789483824345,34.48755229371818,669.1526147009039,59.28582990936223,59.66663321937594,13.38948670498764,1.230553600140277,13.844967891739675,5.911569807863827,24.36478073625827,DESCENT,ABNORMAL_VIBRATION,True,0.65,1.0,OK,42,53.8,3600.0,-1.10003,-3.612472,0.216777,-0.003663,10.718574,0.84687
2026-01-01T00:25:52Z,O320_CLASS-SIM-01,O320_CLASS,RAPID_RESPONSE,810.0765911482563,12.940532279028176,1400.182361102524,0.36623363341184806,35.22629302950196,673.2094738942492,58.844050259074166,58.52104821965308,13.367921718388212,1.1256926761403154,13.753925807756259,5.392312370721782,24.467938746082094,DESCENT,ABNORMAL_VIBRATION,True,0.65,1.0,OK,42,53.82,3600.0,-0.543783,0.177676,-0.234013,-0.044848,-6.336499,0.741658
2026-01-01T00:25:53Z,O320_CLASS-SIM-01,O320_CLASS,RAPID_RESPONSE,801.3072543455017,12.935523176435339,1410.2059416133995,0.3641483660864447,33.79598127880734,672.1380597814247,58.44215220217963,58.31839341513817,13.384783770380562,1.2553916982687818,13.781323049889671,6.013620677115273,24.567097743048766,DESCENT,ABNORMAL_VIBRATION,True,0.65,1.0,OK,42,53.83,3600.0,-1.799114,-0.623324,-0.619642,0.00467,4.441581,0.871944
2026-01-01T00:25:54Z,O320_CLASS-SIM-01,O320_CLASS,RAPID_RESPONSE,794.6496595919846,12.963549076454912,1409.1165808852604,0.3617849899366859,35.78253935508242,671.657424378574,58.174271227177776,58.83112516378413,13.282802536279453,1.1634560494785198,13.721042591088061,5.517474648027597,24.462223588888683,DESCENT,ABNORMAL_VIBRATION,True,0.65,1.0,OK,42,53.85,3600.0,0.35571,-0.811903,-0.849414,-0.05799,5.119569,0.780884
2026-01-01T00:25:55Z,O320_CLASS-SIM-01,O320_CLASS,RAPID_RESPONSE,789.3025871554661,12.801222741002116,1393.1109215514225,0.36336757905287603,35.07804978433842,674.3794400141874,58.56963475578423,58.69053779182493,13.466125486984732,1.2628772363709277,13.772667739766419,5.280520220925252,24.39844551598219,DESCENT,ABNORMAL_VIBRATION,True,0.65,1.0,OK,42,53.87,3600.0,-0.261887,1.91969,-0.446041,0.106696,-10.514621,0.880123
2026-01-01T00:25:56Z,O320_CLASS-SIM-01,O320_CLASS,RAPID_RESPONSE,780.6895810530632,12.880515338624674,1406.4719569395513,0.3632943218160376,33.76749728952539,674.9511548262715,58.47398790843648,57.95273474744494,13.349242463232265,1.2834141875397576,13.73691355786228,5.731090503408415,24.548924354996263,DESCENT,ABNORMAL_VIBRATION,True,0.65,1.0,OK,42,53.88,3600.0,-1.616284,2.442169,-0.536605,-0.006374,3.082136,0.900754
2026-01-01T00:25:57Z,O320_CLASS-SIM-01,O320_CLASS,RAPID_RESPONSE,773.4860399666582,13.156354582451867,1398.1695820437935,0.3642736984825259,36.956290191040274,676.8826572838311,59.168503915748275,58.733442256441194,13.309162632707348,1.0162394372755097,13.758655236989933,5.720643164681864,24.50822618982356,DESCENT,ABNORMAL_VIBRATION,True,0.65,1.0,OK,42,53.92,3600.0,1.251964,3.992009,0.14884,-0.059311,-5.640915,0.63332
2026-01-01T00:25:58Z,O320_CLASS-SIM-01,O320_CLASS,RAPID_RESPONSE,765.8965769892222,12.80937400883902,1399.7919675696744,0.3660450945738161,36.56545106832241,673.9731245872196,59.12067781235509,58.35797056853043,13.24031455145499,1.3251165344610827,13.693504961582109,5.609559340982126,24.523229781873027,DESCENT,ABNORMAL_VIBRATION,True,0.65,1.0,OK,42,53.94,3600.0,1.101109,1.212208,0.072419,-0.154663,-5.344655,0.941576
2026-01-01T00:25:59Z,O320_CLASS-SIM-01,O320_CLASS,RAPID_RESPONSE,756.8292143468881,13.401957459020293,1415.6879681125135,0.3639267345784646,34.27122569731569,677.2460972205199,59.208660337525785,57.939558523290316,13.324782686080704,1.2020234936483916,13.748955387474796,5.724471256237209,24.570378616145085,DESCENT,ABNORMAL_VIBRATION,True,0.65,1.0,OK,42,53.95,3600.0,-1.624167,4.143394,0.162944,-0.039329,10.669235,0.818921
2026-01-01T00:26:00Z,O320_CLASS-SIM-01,O320_CLASS,RAPID_RESPONSE,748.348718697689,13.084486072836322,1392.7348757029472,0.3634040026980801,34.302893315534064,673.1819975145218,58.4016757241823,57.82922181170645,13.259184125444174,1.1593560486894574,13.772297116403214,5.778916986709142,24.25620026280739,DESCENT,ABNORMAL_VIBRATION,True,0.65,1.0,OK,42,53.95,3600.0,-1.211349,0.477373,-0.637619,-0.094924,-11.986047,0.776444
2026-01-01T00:26:01Z,O320_CLASS-SIM-01,O320_CLASS,RAPID_RESPONSE,742.2470409239551,13.061164183543486,1405.0572409371239,0.36093694956006367,35.30656129789893,670.6000649719716,59.64426005154006,57.7519397173728,13.29342540077853,1.2766140881248553,13.759308742499034,5.4951344464698915,24.249411248390345,DESCENT,ABNORMAL_VIBRATION,True,0.65,1.0,OK,42,53.95,3600.0,0.010708,-1.759352,0.637355,-0.021155,1.838448,0.894529
2026-01-01T00:26:02Z,O320_CLASS-SIM-01,O320_CLASS,RAPID_RESPONSE,733.9627365736619,13.078592273774824,1414.0627324965621,0.36580716963497384,35.353663757218754,668.9605147452412,59.24627906949906,58.036776871387055,13.28109003111594,1.033197810705116,13.75179824853668,5.59582889188677,24.323266605598796,DESCENT,ABNORMAL_VIBRATION,True,0.65,1.0,OK,42,53.97,3600.0,-0.259701,-3.977936,0.204225,-0.102169,9.21383,0.649859
2026-01-01T00:26:03Z,O320_CLASS-SIM-01,O320_CLASS,RAPID_RESPONSE,726.4469795075104,13.424241637179515,1400.2054889080307,0.3613339610163109,32.747027787408726,674.8518537345527,58.6735114707287,59.76365058728807,13.31140137669897,1.1623212278714043,13.716443565834037,6.226611189590803,24.63990698052484,DESCENT,ABNORMAL_VIBRATION,True,0.65,1.0,OK,42,53.97,3600.0,-2.894186,2.101938,-0.342845,-0.006301,-3.45161,0.780102
2026-01-01T00:26:04Z,O320_CLASS-SIM-01,O320_CLASS,RAPID_RESPONSE,721.2946115995321,13.592824155817903,1402.111534969242,0.36359368899165234,34.86260343360036,674.3363491278394,58.692336280194915,58.50422925775725,13.303679287243476,1.1207152470112143,13.776623789074568,5.603301125584728,24.22041365820767,DESCENT,ABNORMAL_VIBRATION,True,0.65,1.0,OK,42,53.99,3600.0,-1.076591,1.16953,-0.332896,-0.044367,-1.957201,0.738002
2026-01-01T00:26:05Z,O320_CLASS-SIM-01,O320_CLASS,RAPID_RESPONSE,711.8135071713607,13.316991794526997,1406.9863106425826,0.36126484034943196,37.185085127763465,673.8027047083514,58.719443604952374,58.90347222723961,13.276571047986971,1.1363020441673881,13.768499508839469,5.522541979211657,24.518965558896607,DESCENT,ABNORMAL_VIBRATION,True,0.65,1.0,OK,42,54.02,3600.0,1.708309,1.206953,-0.286605,-0.035165,3.807229,0.754251
2026-01-01T00:26:06Z,O320_CLASS-SIM-01,O320_CLASS,RAPID_RESPONSE,705.6917709983317,13.266536769254737,1402.544354529342,0.3573426338076963,36.78608470835917,673.8304303865269,59.58939184740394,58.099728856528365,13.345792797106398,1.3344117192268135,13.761201638285538,5.5839124903974255,24.35403118599293,DESCENT,ABNORMAL_VIBRATION,True,0.65,1.0,OK,42,54.02,3600.0,1.661565,1.797657,0.642015,0.096933,2.086279,0.953742
2026-01-01T00:26:07Z,O320_CLASS-SIM-01,O320_CLASS,RAPID_RESPONSE,695.4812854534163,13.353564852079046,1389.8066301167817,0.36349700052273676,33.66827378229405,672.8947844126944,59.108608810961655,59.321854558012454,13.306533971580203,1.3080378839064457,13.753254663353301,5.698352661837927,24.47189634443273,DESCENT,ABNORMAL_VIBRATION,True,0.65,1.0,OK,42,54.02,3600.0,-1.911326,0.084165,0.12953,-0.026797,-12.121645,0.925931
2026-01-01T00:26:08Z,O320_CLASS-SIM-01,O320_CLASS,RAPID_RESPONSE,691.9537883868753,13.829979888521232,1390.1458011496263,0.35604890942590245,36.16508707071848,675.2085650041208,59.71376333621603,59.66901948903541,13.349210489040646,1.2543223188469095,13.810539363102807,5.895147029987322,24.32272648409299,DESCENT,ABNORMAL_VIBRATION,True,0.65,1.0,OK,42,54.01,3600.0,0.621182,2.817808,0.79854,0.125722,-8.82106,0.874281
2026-01-01T00:26:09Z,O320_CLASS-SIM-01,O320_CLASS,RAPID_RESPONSE,682.4874572162415,13.608755792858881,1398.7431151428555,0.359840454750969,37.37425198584636,670.6506603794226,59.24723652714037,59.37471541520054,13.23169929143074,1.159699755773973,13.715520252644223,5.794643291723995,24.50469841349058,DESCENT,ABNORMAL_VIBRATION,True,0.65,1.0,OK,42,54.01,3600.0,1.849236,-1.913014,0.331852,-0.039928,-0.231234,0.779
2026-01-01T00:26:10Z,O320_CLASS-SIM-01,O320_CLASS,RAPID_RESPONSE,673.761333855034,13.331084231334598,1402.8474852506483,0.3593747676350215,34.64865120848405,670.1427662918732,58.82882620477886,59.54041708287449,13.253233801286571,1.0697153725422535,13.76477960422397,5.933028262081195,24.519352360526064,DESCENT,ABNORMAL_VIBRATION,True,0.65,1.0,OK,42,54.03,3600.0,-0.540909,-2.072566,-0.082768,-0.009607,4.048902,0.689165
2026-01-01T00:26:11Z,O320_CLASS-SIM-01,O320_CLASS,RAPID_RESPONSE,667.6026353134409,13.612399656483277,1392.1125780760567,0.3576819829450703,33.52241942367501,675.5160769298,59.10587614250651,59.273270016545325,13.279671698377662,1.1391371275691045,13.744450585289819,5.588718402698482,24.441307875506098,DESCENT,ABNORMAL_VIBRATION,True,0.65,1.0,OK,42,54.07,3600.0,-1.811288,3.240958,0.215777,0.044057,-5.689102,0.759148
2026-01-01T00:26:12Z,O320_CLASS-SIM-01,O320_CLASS,RAPID_RESPONSE,663.7671360253125,13.863030306218414,1400.4169219083603,0.36206530188359265,37.01588691019509,669.121867526451,58.828388872086656,59.23708455055253,13.290631137022064,1.2557438668544691,13.76349463472764,5.553089596156514,24.668906275273216,DESCENT,ABNORMAL_VIBRATION,True,0.65,1.0,OK,42,54.09,3600.0,1.150416,-3.918469,-0.098362,-0.007955,0.915441,0.874568
2026-01-01T00:26:13Z,O320_CLASS-SIM-01,O320_CLASS,RAPID_RESPONSE,650.3349893359066,13.69464678426491,1384.16831513535,0.3570796100025923,35.92054639363789,673.4237496987162,58.78888672732304,60.192198579884305,13.322921633561247,1.1477038500152434,13.773927121079614,5.553683738065758,24.604725850935285,DESCENT,ABNORMAL_VIBRATION,True,0.65,1.0,OK,42,54.12,3600.0,0.588473,1.152851,-0.108118,0.098154,-13.953641,0.767793
2026-01-01T00:26:14Z,O320_CLASS-SIM-01,O320_CLASS,RAPID_RESPONSE,643.2089092799621,14.076875221406898,1407.8813488917015,0.35654659173656217,34.604839305176675,673.6466912850125,58.775493686183246,59.77155936916553,13.232416991643364,1.2752385257410637,13.766626885365342,6.270351904181405,24.600220546738637,DESCENT,ABNORMAL_VIBRATION,True,0.65,1.0,OK,42,54.13,3600.0,-1.036753,1.097328,-0.095097,0.020463,10.984376,0.895737
2026-01-01T00:26:15Z,O320_CLASS-SIM-01,O320_CLASS,RAPID_RESPONSE,635.4758934926274,14.16922448752099,1407.3945262137152,0.3595102952501619,36.339405210077686,669.6311775877879,58.185671907633555,59.345352103761215,13.314495216008787,1.3200727938557602,13.817616333656382,5.993911816680548,24.512036984827336,DESCENT,ABNORMAL_VIBRATION,True,0.65,1.0,OK,42,54.13,3600.0,0.437303,-3.338845,-0.7021,0.062447,9.700763,0.939869
2026-01-01T00:26:16Z,O320_CLASS-SIM-01,O320_CLASS,RAPID_RESPONSE,631.7756353819904,14.133389307878213,1397.8071505233127,0.35812800443446585,35.743824699990995,666.5842697784973,59.01622083380106,59.99797726828404,13.247954714022523,1.1600772234847727,13.765000383533476,5.162744873972897,24.757461186327756,DESCENT,ABNORMAL_VIBRATION,True,0.65,1.0,OK,42,54.12,3600.0,-0.025385,-6.190123,0.131663,0.015532,0.262444,0.780167
2026-01-01T00:26:17Z,O320_CLASS-SIM-01,O320_CLASS,RAPID_RESPONSE,621.9482567288974,13.861084480870474,1409.1558640159005,0.3603185120480335,35.91485758133246,674.5477282287887,58.43867595428372,59.399789267253425,13.30064339575158,1.0877106560306018,13.736318134600788,5.680045285855018,24.522506683545537,DESCENT,ABNORMAL_VIBRATION,True,0.65,1.0,OK,42,54.14,3600.0,0.297307,1.794131,-0.471076,0.037565,10.442737,0.707153
2026-01-01T00:26:18Z,O320_CLASS-SIM-01,O320_CLASS,RAPID_RESPONSE,615.9713581497591,13.79577713441406,1377.7402667471194,0.3600091305215444,34.29954993255057,671.10961231676,58.02399780184728,60.325715669459896,13.248598702818422,1.3063110118919594,13.77533521807143,5.1437479354071405,24.358549259174804,DESCENT,ABNORMAL_VIBRATION,True,0.65,1.0,OK,42,54.13,3600.0,-1.227086,-1.554804,-0.901328,-0.011467,-21.695131,0.925652
2026-01-01T00:26:19Z,O320_CLASS-SIM-01,O320_CLASS,RAPID_RESPONSE,606.8224093343298,13.938938584329556,1395.8063511074718,0.3584646216275798,36.818859254362756,668.9443821769183,58.890376033349426,60.119504097184254,13.180057805043248,1.085583711520667,13.780191533615705,5.659985089617941,24.606579712502853,DESCENT,ABNORMAL_VIBRATION,True,0.65,1.0,OK,42,54.13,3600.0,1.273734,-3.673556,-0.029633,-0.056647,-3.382462,0.705286
2026-01-01T00:26:20Z,O320_CLASS-SIM-01,O320_CLASS,RAPID_RESPONSE,600.1420472205739,14.053220619050366,1388.4398113787804,0.35827211489060506,35.74316073161002,670.1731359266321,59.12334819550707,60.607494462275625,13.188440052742788,1.1122545199598206,13.743233890823154,5.235912111576962,24.805248057417984,DESCENT,ABNORMAL_VIBRATION,True,0.65,1.0,OK,42,54.13,3600.0,0.119001,-2.520311,0.208239,-0.043417,-10.521778,0.732064
2026-01-01T00:26:21Z,O320_CLASS-SIM-01,O320_CLASS,RAPID_RESPONSE,591.8266719292263,14.019981873387865,1388.650218119923,0.3568073984005454,34.80105735288052,676.2607424421719,58.38764389739097,58.40521764840047,13.244219223607045,1.2512132282342616,13.759433352560654,5.79388140959674,24.52420817049617,DESCENT,ABNORMAL_VIBRATION,True,0.65,1.0,OK,42,54.11,3600.0,-0.66302,3.79763,-0.50818,0.036622,-9.41699,0.871523
2026-01-01T00:26:22Z,O320_CLASS-SIM-01,O320_CLASS,RAPID_RESPONSE,584.9297736197082,13.986653084711463,1384.1624693879733,0.35598803212630775,34.34624084985736,673.3489371788766,58.16426369521266,59.321209208495546,13.203164160760021,1.085946245542969,13.7780539483512,5.570732371044026,24.402703108929042,DESCENT,ABNORMAL_VIBRATION,True,0.65,1.0,OK,42,54.11,3600.0,-0.99885,1.047821,-0.709255,0.011425,-12.870267,0.70667
2026-01-01T00:26:23Z,O320_CLASS-SIM-01,O320_CLASS,RAPID_RESPONSE,579.3667202256738,14.198245096718132,1408.7029684728316,0.3565441899455557,35.64018028229681,672.3394372499555,58.97284521274524,59.38595384963985,13.211815107459095,1.3612272636539469,13.797513869649295,5.914697299194932,24.300662672034992,DESCENT,ABNORMAL_VIBRATION,True,0.65,1.0,OK,42,54.11,3600.0,0.072789,-0.21258,0.107847,0.015345,12.065353,0.981961
2026-01-01T00:26:24Z,O320_CLASS-SIM-01,O320_CLASS,RAPID_RESPONSE,568.2298200874478,14.327662638413551,1403.358406586714,0.35596172889511707,34.834881975760105,676.1813157910415,59.151314016586326,60.61111974626797,13.180128881934893,1.1888403064795834,13.794478302215943,5.583476764054042,24.40944891490991,DESCENT,ABNORMAL_VIBRATION,True,0.65,1.0,OK,42,54.1,3600.0,-0.786072,3.595913,0.297329,-0.004418,7.23157,0.809831
2026-01-01T00:26:25Z,O320_CLASS-SIM-01,O320_CLASS,RAPID_RESPONSE,561.1302053454217,14.267055729054066,1404.0356317950123,0.3537862258420996,36.43918146474202,670.9365837833107,58.78944624003855,59.690634806847015,13.18635973842657,1.0564427298257482,13.752644146774209,5.504697672892545,24.69816857565513,DESCENT,ABNORMAL_VIBRATION,True,0.65,1.0,OK,42,54.12,3600.0,1.052635,-1.301324,-0.032227,0.037046,9.407294,0.678199
2026-01-01T00:26:26Z,O320_CLASS-SIM-01,O320_CLASS,RAPID_RESPONSE,555.0375739741049,14.373607756016257,1391.7200842003026,0.35579522346884973,34.927302421339064,674.630933236602,58.56872727558638,58.053538317320935,13.195510552177561,1.2117781268810037,13.748364391557574,5.87383895453353,24.089299539784744,DESCENT,ABNORMAL_VIBRATION,True,0.65,1.0,OK,42,54.12,3600.0,-0.668722,2.079525,-0.25445,0.020947,-2.977974,0.833176
2026-01-01T00:26:27Z,O320_CLASS-SIM-01,O320_CLASS,RAPID_RESPONSE,549.8643660974535,14.599451664067132,1391.6951047106372,0.3555150981233006,36.314416181834204,674.0560746395303,58.6132121401956,58.60002022860137,13.293480525880462,1.3044646133286124,13.770606814705943,5.688289915410763,24.591649833045917,DESCENT,ABNORMAL_VIBRATION,True,0.65,1.0,OK,42,54.12,3600.0,0.525485,1.319505,-0.208665,0.123975,-2.942668,0.925941
2026-01-01T00:26:28Z,O320_CLASS-SIM-01,O320_CLASS,RAPID_RESPONSE,541.1115949290667,14.177044998376811,1393.7546619053553,0.3553125623098135,35.52792874064115,674.6655011130115,58.147328234791814,58.85703721416197,13.148911948805226,1.1034489078590701,13.790828150539609,6.050573356406922,24.454623808773498,DESCENT,ABNORMAL_VIBRATION,True,0.65,1.0,OK,42,54.12,3600.0,0.200585,2.390479,-0.672782,-0.015672,-0.801169,0.725004
2026-01-01T00:26:29Z,O320_CLASS-SIM-01,O320_CLASS,RAPID_RESPONSE,533.745721364437,14.645274371739866,1400.7369798055388,0.35597921589810133,35.254764939647224,670.0855192516366,58.40731605204864,60.256928946308875,13.175483957299903,1.219440812542607,13.785771771661532,5.591016827498038,24.35972458668544,DESCENT,ABNORMAL_VIBRATION,True,0.65,1.0,OK,42,54.12,3600.0,-0.564276,-2.726453,-0.420702,0.002595,5.814426,0.840809
2026-01-01T00:26:30Z,O320_CLASS-SIM-01,O320_CLASS,RAPID_RESPONSE,524.6002528964548,14.7105944770812,1388.0573912144057,0.3562518869684084,35.68029967382648,670.8575139060973,58.73920265924516,58.7648323194739,13.178895546148226,1.0480713551213154,13.797963732537442,5.616542850078675,24.410053792834052,DESCENT,ABNORMAL_VIBRATION,True,0.65,1.0,OK,42,54.14,3600.0,-0.200661,-2.0465,-0.09936,0.00287,-7.354224,0.669299
2026-01-01T00:26:31Z,O320_CLASS-SIM-01,O320_CLASS,RAPID_RESPONSE,519.2408389920847,14.481472673366286,1390.1057862435248,0.3519803955648255,37.330879722349785,677.4522436664033,58.18369372585577,59.41247888718838,13.172115240659801,1.0514932299564452,13.764814241363426,5.608533525265389,24.556082862038032,DESCENT,ABNORMAL_VIBRATION,True,0.65,1.0,OK,42,54.16,3600.0,1.977621,5.297029,-0.612976,0.059793,-3.362976,0.673961
2026-01-01T00:26:32Z,O320_CLASS-SIM-01,O320_CLASS,RAPID_RESPONSE,508.55855175906817,14.713898947536642,1386.999863834218,0.35462072861238125,33.68808636536819,671.7692694713373,58.620621511213976,60.862881312565364,13.160875154702742,1.2849076650155544,13.765043178562498,5.104053072211042,24.194532245359134,DESCENT,ABNORMAL_VIBRATION,True,0.65,1.0,OK,42,54.16,3600.0,-2.02487,-0.886198,-0.178968,0.01592,-6.604305,0.906901
2026-01-01T00:26:33Z,O320_CLASS-SIM-01,O320_CLASS,RAPID_RESPONSE,502.0219835499279,14.775533998226077,1393.89147671714,0.3535218820501331,35.49658215011332,671.9735063751672,59.15790051201049,60.729357674576335,13.131383600333038,1.1450650568120757,13.773965738179514,5.740888872030766,24.741087858614645,DESCENT,ABNORMAL_VIBRATION,True,0.65,1.0,OK,42,54.18,3600.0,-0.187083,-0.602535,0.36803,0.003794,0.738063,0.767379
2026-01-01T00:26:34Z,O320_CLASS-SIM-01,O320_CLASS,RAPID_RESPONSE,494.9577785529871,14.95781172063098,1386.331129838429,0.3537802079064541,33.23479258432957,673.1800865564954,59.10188889997818,58.14956033772032,13.163687385224618,1.181241573082357,13.78205987993072,5.334160199732982,24.608289960364214,DESCENT,ABNORMAL_VIBRATION,True,0.65,1.0,OK,42,54.17,3600.0,-2.623935,0.409707,0.314707,0.034725,-6.697583,0.803559
2026-01-01T00:26:35Z,O320_CLASS-SIM-01,O320_CLASS,RAPID_RESPONSE,487.5139567460781,14.919905642837477,1394.4462085377938,0.355623185845222,37.14174281539213,672.3023848038987,58.95309878132597,61.23661299278856,13.142832870538271,1.1677074476657952,13.785887010446412,5.990242805152109,24.684763169075595,DESCENT,ABNORMAL_VIBRATION,True,0.65,1.0,OK,42,54.16,3600.0,1.219058,-0.640968,0.144735,-0.011835,0.435135,0.789482
2026-01-01T00:26:36Z,O320_CLASS-SIM-01,O320_CLASS,RAPID_RESPONSE,481.0724816494919,14.528376362386247,1390.207567902861,0.35349746569134904,35.87743379824854,677.0437414950358,58.403815174889424,62.07349219326451,13.125601864422318,1.0475186779617043,13.790924794970413,5.860997607624793,24.588061214462254,DESCENT,ABNORMAL_VIBRATION,True,0.65,1.0,OK,42,54.16,3600.0,0.496649,4.741287,-0.395808,0.001556,-3.398157,0.669785
2026-01-01T00:26:37Z,O320_CLASS-SIM-01,O320_CLASS,RAPID_RESPONSE,471.3458167997901,15.004054219160867,1386.8668065160168,0.3528777304942618,35.722733228968146,670.7838296166561,59.25370352547591,59.86013185750854,13.12892190742189,1.0634607378045424,13.796659856985002,5.461788150884693,24.660994236333835,DESCENT,ABNORMAL_VIBRATION,True,0.65,1.0,OK,42,54.18,3600.0,-0.061757,-1.896434,0.465976,0.016999,-6.187243,0.685995
2026-01-01T00:26:38Z,O320_CLASS-SIM-01,O320_CLASS,RAPID_RESPONSE,466.6028153779229,14.910608857358215,1395.2135302205954,0.35333035982464184,36.50448326629465,672.358239283852,58.66218178294746,60.40254744922713,13.056062957920549,1.26427537585187,13.784982802913566,5.661232057698297,24.631564305906192,DESCENT,ABNORMAL_VIBRATION,True,0.65,1.0,OK,42,54.21,3600.0,0.803243,-0.265775,-0.123182,-0.060343,2.269133,0.886768
2026-01-01T00:26:39Z,O320_CLASS-SIM-01,O320_CLASS,RAPID_RESPONSE,456.93405286820837,14.957356393151064,1385.8784353935491,0.35327184352623586,38.22861810296515,673.543974659786,58.59152680504,59.60363167883505,13.050478809648057,1.0191010773004385,13.788233102322076,5.518359301563788,24.34421316551724,DESCENT,ABNORMAL_VIBRATION,True,0.65,1.0,OK,42,54.24,3600.0,2.512569,0.896937,-0.193163,-0.062881,-7.034733,0.641638
2026-01-01T00:26:40Z,O320_CLASS-SIM-01,O320_CLASS,RAPID_RESPONSE,448.7277243239486,15.172422119990989,1394.0075627213005,0.35263448006046866,35.5252914617006,678.3805424847991,59.310155181363626,61.62638947883702,13.038034320639916,1.1637820491484383,13.746076449401155,5.759476289626953,24.646032922317012,DESCENT,ABNORMAL_VIBRATION,True,0.65,1.0,OK,42,54.26,3600.0,-0.384725,5.608757,0.532037,-0.06415,1.399189,0.786526
2026-01-01T00:26:41Z,O320_CLASS-SIM-01,O320_CLASS,RAPID_RESPONSE,442.98963931937914,14.992879493601087,1389.2101205919969,0.3549355861767101,36.785266074765524,673.2289537661799,58.87078439382528,60.53453410479066,13.134331090005556,1.3267144826624993,13.784287890919488,5.627811807958722,24.4788272964333,DESCENT,ABNORMAL_VIBRATION,True,0.65,1.0,OK,42,54.28,3600.0,0.964708,0.371596,0.069114,-0.000219,-4.490518,0.948805
2026-01-01T00:26:42Z,O320_CLASS-SIM-01,O320_CLASS,RAPID_RESPONSE,434.86905253639446,15.055450403370042,1387.9944419899577,0.35458791254960614,35.09156659582789,674.9221654096448,58.79489042675394,61.19306201936364,13.14796351876998,1.1672234526061356,13.751054716314686,5.722539733424084,24.59599058117346,DESCENT,ABNORMAL_VIBRATION,True,0.65,1.0,OK,42,54.3,3600.0,-0.771894,2.035369,-0.021072,0.017589,-6.369016,0.789239
2026-01-01T00:26:43Z,O320_CLASS-SIM-01,O320_CLASS,RAPID_RESPONSE,425.1730099509004,15.476504017132331,1412.3066112034712,0.35520013214455115,36.93990741865821,674.3700048794772,58.682611066945476,60.4922022555075,13.15957771217636,1.1133259021118236,13.733486922867524,5.519382206903841,24.582867887462548,DESCENT,ABNORMAL_VIBRATION,True,0.65,1.0,OK,42,54.33,3600.0,0.524744,0.98932,-0.152637,0.020432,17.048724,0.735045
2026-01-01T00:26:44Z,O320_CLASS-SIM-01,O320_CLASS,RAPID_RESPONSE,418.7010957625887,15.236187589962396,1393.1657812575995,0.3510873726338422,33.07098052167433,670.3426244250021,58.91289330699263,61.012208686619694,13.131320077823625,1.2941277644828235,13.74647929640488,5.406962067567779,24.53981099477337,DESCENT,ABNORMAL_VIBRATION,True,0.65,1.0,OK,42,54.34,3600.0,-2.757885,-2.305794,0.111374,0.05248,-0.527855,0.916968
2026-01-01T00:26:45Z,O320_CLASS-SIM-01,O320_CLASS,RAPID_RESPONSE,412.1823748946432,15.454811793381923,1396.9102533097894,0.35548430779233237,35.46592026848195,675.588558528855,59.618960755999424,60.7092463244286,13.126814296169321,0.9893957518568486,13.792055524228656,5.897778946831703,24.408506553135744,DESCENT,ABNORMAL_VIBRATION,True,0.65,1.0,OK,42,54.38,3600.0,-0.897455,2.227671,0.788407,-0.01237,1.870087,0.611152
2026-01-01T00:26:46Z,O320_CLASS-SIM-01,O320_CLASS,RAPID_RESPONSE,405.8792393566113,15.409570910826698,1396.8255051159972,0.3543462617037527,36.67311537142045,672.5830902110595,59.13495803366315,61.59869838567652,13.06938884684519,1.2342521511378273,13.712135701161925,5.759814182351083,24.665264257319503,DESCENT,ABNORMAL_VIBRATION,True,0.65,1.0,OK,42,54.4,3600.0,0.446042,-0.611035,0.29587,-0.05483,1.389557,0.856132
2026-01-01T00:26:47Z,O320_CLASS-SIM-01,O320_CLASS,RAPID_RESPONSE,397.11405715876566,15.436265423675207,1391.7774940504853,0.35175998533002606,36.354923967757,670.9808100452485,58.704075205164045,60.0285368863555,13.12180457665671,1.2302759558054492,13.752221976462128,5.62158483274347,24.447809775632987,DESCENT,ABNORMAL_VIBRATION,True,0.65,1.0,OK,42,54.43,3600.0,0.287271,-1.920559,-0.112028,0.03681,-2.592507,0.852893
2026-01-01T00:26:48Z,O320_CLASS-SIM-01,O320_CLASS,RAPID_RESPONSE,391.7158427558585,15.39884815269849,1398.459135771106,0.3509229187627167,37.07929732369374,675.5455567531187,59.22853237556529,61.97195813250243,13.102227748841601,1.2042681786565366,13.813847112980731,5.330202740558303,24.389554638391,DESCENT,ABNORMAL_VIBRATION,True,0.65,1.0,OK,42,54.43,3600.0,1.140671,2.81171,0.437955,0.033235,5.272949,0.82733
2026-01-01T00:26:49Z,O320_CLASS-SIM-01,O320_CLASS,RAPID_RESPONSE,380.25644893572434,15.672921618708715,1381.150112851255,0.3485792042079275,34.811243223368905,668.6174088315956,58.90013433640985,59.97048037010005,12.99834867742681,1.2512517824634783,13.76559764741783,5.1416709511411405,24.372106831378094,DESCENT,ABNORMAL_VIBRATION,True,0.65,1.0,OK,42,54.4,3600.0,-1.271068,-4.067207,0.15374,-0.030913,-9.987031,0.875246
2026-01-01T00:26:50Z,O320_CLASS-SIM-01,O320_CLASS,RAPID_RESPONSE,374.88804187203914,15.508976508979526,1390.4219787853808,0.35430301840191664,38.72988178660354,672.1908584927902,58.25905716119446,60.693420750498746,13.087837375163089,1.1710390068583019,13.783367563953819,6.160495140306024,24.221315378217334,DESCENT,ABNORMAL_VIBRATION,True,0.65,1.0,OK,42,54.37,3600.0,2.50842,-0.974897,-0.524487,-0.020286,-2.438018,0.793625
2026-01-01T00:26:51Z,O320_CLASS-SIM-01,O320_CLASS,RAPID_RESPONSE,366.7393804994484,15.842421476604232,1388.720832243387,0.3533289870111488,36.93703288675689,676.077239945188,59.54968170205769,61.19052101431171,12.98609370052112,1.0290339426089472,13.830590931900428,5.25236968538518,24.551925842726227,DESCENT,ABNORMAL_VIBRATION,True,0.65,1.0,OK,42,54.37,3600.0,0.365604,2.674777,0.749503,-0.110072,-4.910627,0.65163
2026-01-01T00:26:52Z,O320_CLASS-SIM-01,O320_CLASS,RAPID_RESPONSE,356.22823616389724,15.457315922716578,1399.8319254561384,0.351627477396215,35.75415631286297,670.9601055837711,57.98226219575246,61.521766053210854,13.054492864002546,1.1205704146011128,13.765877507199793,5.749632658757318,24.44642500513437,DESCENT,ABNORMAL_VIBRATION,True,0.65,1.0,OK,42,54.37,3600.0,-0.19965,-1.850468,-0.811545,-0.016214,6.495931,0.743566
2026-01-01T00:26:53Z,O320_CLASS-SIM-01,O320_CLASS,RAPID_RESPONSE,352.67398902496865,15.714469022323117,1386.921177414404,0.3514696303377107,37.114091734011275,675.5935799160937,59.09370172792218,60.46994429129141,13.095728475708244,1.190656927538996,13.743643027932777,5.486644194360641,24.577601075642512,DESCENT,ABNORMAL_VIBRATION,True,0.65,1.0,OK,42,54.37,3600.0,0.861024,2.555942,0.305724,0.028755,-6.144464,0.813754
2026-01-01T00:26:54Z,O320_CLASS-SIM-01,O320_CLASS,RAPID_RESPONSE,347.06536222920965,15.485749215302926,1405.5350125111952,0.35349498601848295,36.496729009786954,672.416174009638,58.930111523341594,60.54055467635084,13.050303285784777,0.974636140848519,13.712651033228939,6.184200967398168,24.48422929443458,DESCENT,ABNORMAL_VIBRATION,True,0.65,1.0,OK,42,54.4,3600.0,0.414347,-0.624287,0.121235,-0.044919,11.500151,0.597159
2026-01-01T00:26:55Z,O320_CLASS-SIM-01,O320_CLASS,RAPID_RESPONSE,337.80553353150265,15.801640081033375,1385.6311950546872,0.35035809800269563,36.39317913588113,672.5373844570483,58.46958257064935,61.47958512469668,13.063879033092192,1.3107835592074757,13.786010468043052,5.556895466226616,24.448555571443574,DESCENT,ABNORMAL_VIBRATION,True,0.65,1.0,OK,42,54.42,3600.0,0.138048,-0.444397,-0.318674,0.014625,-7.447352,0.934113
2026-01-01T00:26:56Z,O320_CLASS-SIM-01,O320_CLASS,RAPID_RESPONSE,332.2236788433772,15.713397718663638,1377.1030755595816,0.3518888551818927,35.55450900338997,670.3466370887376,59.12108175015914,61.023169385084756,12.98655793045378,1.3056357518723158,13.716500908961999,5.5762591868674285,24.189617846004104,DESCENT,ABNORMAL_VIBRATION,True,0.65,1.0,OK,42,54.43,3600.0,-0.666326,-2.705226,0.328455,-0.081986,-16.178144,0.928662
2026-01-01T00:26:57Z,O320_CLASS-SIM-01,O320_CLASS,RAPID_RESPONSE,322.9059873507779,15.80758369496844,1398.4849479743746,0.35054856056071987,37.95644540690615,671.9767837681524,58.12168904259477,61.37198981331639,13.032386167323793,0.9676819873811523,13.733122433256167,5.41204821877056,24.705437319017722,DESCENT,ABNORMAL_VIBRATION,True,0.65,1.0,OK,42,54.46,3600.0,1.72983,-0.99737,-0.659792,-0.014989,5.72062,0.591092
2026-01-01T00:26:58Z,O320_CLASS-SIM-01,O320_CLASS,RAPID_RESPONSE,316.061168699355,15.900339725581091,1395.5362046114785,0.3463099691291688,35.68382625439644,674.0646308380178,58.82617490609022,60.79348780989533,13.03837911598055,1.3000105415377747,13.764465457775195,5.809985068563594,24.519055423196022,DESCENT,ABNORMAL_VIBRATION,True,0.65,1.0,OK,42,54.48,3600.0,-0.354051,1.528662,0.101987,0.056064,5.428943,0.924817
2026-01-01T00:26:59Z,O320_CLASS-SIM-01,O320_CLASS,RAPID_RESPONSE,308.2668607056432,16.25828321823452,1398.2276720141624,0.3536763613372063,35.58142444480973,669.0922012868517,58.700427019084536,61.08749427001184,13.108548284729359,0.9854741145608285,13.762342076167972,5.694431873507847,24.48538562614208,DESCENT,ABNORMAL_VIBRATION,True,0.65,1.0,OK,42,54.53,3600.0,-1.344277,-4.62739,-0.071664,0.025328,5.898823,0.608475
2026-01-01T00:27:00Z,O320_CLASS-SIM-01,O320_CLASS,RAPID_RESPONSE,299.74270552914163,16.103785267980953,1372.4374561246996,0.3030714909424452,33.19726536850753,665.1235215619646,58.77085194399386,60.37524908057739,12.395977969140095,1.2678086454486954,13.80290305459426,5.502407802860942,24.006267082622053,LANDING,ABNORMAL_VIBRATION,True,0.65,1.0,OK,42,54.54,3600.0,-0.228561,-2.462718,0.565964,0.044349,6.413658,0.905802
2026-01-01T00:27:01Z,O320_CLASS-SIM-01,O320_CLASS,RAPID_RESPONSE,296.77465208671975,16.106866566437294,1338.0246311469327,0.2987027735766575,33.60940330020496,666.213765778973,57.230096974626036,61.911930300056085,12.266688198466245,1.180362104992192,13.774804940521385,5.261877132658914,24.45747798415291,LANDING,ABNORMAL_VIBRATION,True,0.65,1.0,OK,42,54.55,3600.0,0.703131,-0.432993,-0.514781,0.03041,-6.665347,0.823941
2026-01-01T00:27:02Z,O320_CLASS-SIM-01,O320_CLASS,RAPID_RESPONSE,296.89347849500274,16.27025581665377,1313.4138822183327,0.29958510471309024,32.18070688918378,664.0902361189142,57.857092171882066,61.87918733242429,12.090234869808294,1.094063320511289,13.767785165768355,4.988643597755496,24.084082204093722,LANDING,ABNORMAL_VIBRATION,True,0.65,1.0,OK,42,54.55,3600.0,-0.786058,-2.471495,0.432921,-0.115653,-16.402744,0.740818
2026-01-01T00:27:03Z,O320_CLASS-SIM-01,O320_CLASS,RAPID_RESPONSE,292.61413716310227,16.031870215414454,1315.8071293638,0.299593993560717,32.814353896113204,663.2760818938606,57.24825755724276,60.92888867243176,12.104300629638674,0.9865789643594267,13.766097073640491,5.229655532258102,24.256714141957918,LANDING,ABNORMAL_VIBRATION,True,0.65,1.0,OK,42,54.58,3600.0,0.277928,-2.799124,0.054235,-0.071179,-3.33594,0.63571
2026-01-01T00:27:04Z,O320_CLASS-SIM-01,O320_CLASS,RAPID_RESPONSE,292.24096668309534,16.1189953126486,1297.8204426173877,0.2953601677096294,32.39964499446939,666.3335720059569,56.319976450930774,60.25080872640385,12.101067173115469,1.2566555921232982,13.72099903376593,5.114279861831908,24.182623586084055,LANDING,ABNORMAL_VIBRATION,True,0.65,1.0,OK,42,54.58,3600.0,0.116453,0.821375,-0.657911,0.005129,-11.298974,0.908698
2026-01-01T00:27:05Z,O320_CLASS-SIM-01,O320_CLASS,RAPID_RESPONSE,291.2921289280811,16.14436967239058,1291.6564249944474,0.2953550922695426,33.973712003668595,669.2373442936272,57.17050811084078,61.94291937117275,12.001952496288277,0.9127801719696335,13.734563963443547,5.653049513049298,24.077799453228213,LANDING,ABNORMAL_VIBRATION,True,0.65,1.0,OK,42,54.6,3600.0,1.751584,3.863503,0.348155,-0.073944,-10.249788,0.566403
2026-01-01T00:27:06Z,O320_CLASS-SIM-01,O320_CLASS,RAPID_RESPONSE,291.1173564494345,16.17175580423823,1300.2942754028356,0.29595293875292544,30.72391116804573,658.553280385649,57.2389010092118,60.536537272235314,11.977842942381898,1.199463578482517,13.7553009160727,5.2175237810120185,24.275624859535043,LANDING,ABNORMAL_VIBRATION,True,0.65,1.0,OK,42,54.59,3600.0,-1.503012,-6.797506,0.521378,-0.091881,3.249717,0.854048
2026-01-01T00:27:07Z,O320_CLASS-SIM-01,O320_CLASS,RAPID_RESPONSE,286.9548537794138,15.994586077333082,1290.9598684328942,0.2969766137014436,29.56531884085708,665.4812200965027,57.01414720667511,61.71110514063447,12.087483725218753,1.230684779305153,13.659403400873213,5.4099354296650555,24.144615211047466,LANDING,ABNORMAL_VIBRATION,True,0.65,1.0,OK,42,54.56,3600.0,-2.459495,0.277835,0.359263,0.014166,-3.179693,0.885742
2026-01-01T00:27:08Z,O320_CLASS-SIM-01,O320_CLASS,RAPID_RESPONSE,288.66864357418325,15.960471495129664,1276.2880040821196,0.29823942203667775,30.91060145954449,664.2552003523539,56.783477074897235,61.58705666706949,12.08892619177482,1.0242631001368478,13.709445067703957,5.167556085038322,24.19258737512712,LANDING,ABNORMAL_VIBRATION,True,0.65,1.0,OK,42,54.54,3600.0,-1.127849,-1.008727,0.158892,0.004009,-16.446358,0.679415
2026-01-01T00:27:09Z,O320_CLASS-SIM-01,O320_CLASS,RAPID_RESPONSE,282.27744766322036,16.360302726248005,1267.7674275325662,0.29606883127318756,31.202217201804427,666.6800406757939,56.71933338145728,60.911041335366754,12.042017537849883,1.1640866478378353,13.76187346569815,5.52392854694728,23.873868611560468,LANDING,ABNORMAL_VIBRATION,True,0.65,1.0,OK,42,54.52,3600.0,-1.15672,1.286847,0.141485,-0.009726,-22.799465,0.820077
2026-01-01T00:27:10Z,O320_CLASS-SIM-01,O320_CLASS,RAPID_RESPONSE,278.5511138414258,16.095982193291448,1281.5233159504749,0.2925781969825373,30.79703598056135,666.9901902791568,55.9138091855646,61.27499356089875,12.036932475069799,1.122908934649776,13.75453992034306,5.203355548454486,24.075164519194505,LANDING,ABNORMAL_VIBRATION,True,0.65,1.0,OK,42,54.5,3600.0,-1.007112,2.28556,-0.589306,0.037131,-5.577658,0.780226
2026-01-01T00:27:11Z,O320_CLASS-SIM-01,O320_CLASS,RAPID_RESPONSE,281.14692174607796,16.2421222324604,1288.2078680870184,0.2944460287091041,29.803041243229124,664.2495417514298,55.997271664668645,61.33837004542195,12.027677140267883,0.9852826385201046,13.717583112784673,5.104943379824453,24.040100602443275,LANDING,ABNORMAL_VIBRATION,True,0.65,1.0,OK,42,54.5,3600.0,-2.26353,-0.754188,-0.47393,0.009134,2.586934,0.64261
2026-01-01T00:27:12Z,O320_CLASS-SIM-01,O320_CLASS,RAPID_RESPONSE,282.1396999931848,16.445942958122423,1289.6200959034275,0.29246531481209614,34.00031461207485,665.2140935602631,56.19313310586189,60.326071783989484,11.943068895535426,1.1817365396358628,13.752935966238216,4.592467695122815,23.98634045754652,LANDING,ABNORMAL_VIBRATION,True,0.65,1.0,OK,42,54.5,3600.0,1.821339,0.246904,-0.231313,-0.046081,6.167539,0.839851
2026-01-01T00:27:13Z,O320_CLASS-SIM-01,O320_CLASS,RAPID_RESPONSE,278.652609854254,16.28737727370747,1279.7604826882737,0.29182234960098985,30.276972836978707,662.2401325073946,56.32496234778604,61.25297258094034,11.977125574712487,0.9758627116127887,13.731562308624701,5.315413566532947,24.129368000666673,LANDING,ABNORMAL_VIBRATION,True,0.65,1.0,OK,42,54.52,3600.0,-1.647576,-2.459269,-0.058669,0.001376,-1.799233,0.634495
2026-01-01T00:27:14Z,O320_CLASS-SIM-01,O320_CLASS,RAPID_RESPONSE,276.4228671016317,16.04779115240872,1272.7179729818115,0.29067984739113467,32.04927147891926,665.8432847451572,56.471232043882495,60.52788713408735,11.927623930248139,1.229081399996522,13.72160513345658,4.606189327796064,23.79630120015421,LANDING,ABNORMAL_VIBRATION,True,0.65,1.0,OK,42,54.53,3600.0,0.500246,1.541314,0.130287,-0.028791,-6.862075,0.888329
2026-01-01T00:27:15Z,O320_CLASS-SIM-01,O320_CLASS,RAPID_RESPONSE,274.4702166693052,16.353497573100025,1272.348992788077,0.2929550290838864,31.665331626767326,667.1148618045518,55.98128768039324,60.21111833639281,11.945572233433213,1.2307932689839185,13.73258781672701,4.99422879212389,24.124998847298215,LANDING,ABNORMAL_VIBRATION,True,0.65,1.0,OK,42,54.53,3600.0,-0.363518,2.291989,-0.356363,-0.037146,-7.078296,0.889709
2026-01-01T00:27:16Z,O320_CLASS-SIM-01,O320_CLASS,RAPID_RESPONSE,271.2025748136731,16.172192715954964,1271.3923749198584,0.2883930890180915,32.118997267165796,662.9919256667572,55.451839765987515,60.59767825005528,11.875804731089282,1.0763184154017942,13.761797337957823,4.369646002359217,23.915379580973138,LANDING,ABNORMAL_VIBRATION,True,0.65,1.0,OK,42,54.53,3600.0,0.588377,-1.144891,-0.829482,-0.04513,-5.422558,0.736538
2026-01-01T00:27:17Z,O320_CLASS-SIM-01,O320_CLASS,RAPID_RESPONSE,272.19672620179506,16.022835396386437,1280.4269442483317,0.2907652997363909,31.393553481599785,662.2330562161277,55.29996993385093,61.42121840450898,12.017279832420247,1.2288085157974553,13.731456114495826,4.632602266644871,24.15207006060406,LANDING,ABNORMAL_VIBRATION,True,0.65,1.0,OK,42,54.51,3600.0,-0.080734,-1.973026,-0.96896,0.06959,4.186727,0.888766
2026-01-01T00:27:18Z,O320_CLASS-SIM-01,O320_CLASS,RAPID_RESPONSE,269.8096968357716,16.316719758546515,1275.2392057448587,0.2881860069283595,32.779837004111705,666.7467013401084,55.986045631170164,60.01563788707869,11.780418238018836,1.1425134849450866,13.704190923405639,5.003117906820881,23.97104767694948,LANDING,ABNORMAL_VIBRATION,True,0.65,1.0,OK,42,54.49,3600.0,1.120268,2.539744,-0.243531,-0.131401,0.824069,0.803282
2026-01-01T00:27:19Z,O320_CLASS-SIM-01,O320_CLASS,RAPID_RESPONSE,267.99219035788707,16.377628247696116,1274.6666663833876,0.2870999532134599,33.52730329476533,665.8431846025098,56.00012922008831,60.44220493349825,11.933085771925805,1.0233133044599503,13.703045888776709,5.11463943300487,24.205078370881914,LANDING,ABNORMAL_VIBRATION,True,0.65,1.0,OK,42,54.49,3600.0,1.879906,1.724229,-0.188417,0.039502,2.154388,0.684666
2026-01-01T00:27:20Z,O320_CLASS-SIM-01,O320_CLASS,RAPID_RESPONSE,268.4387499686752,16.49807901689384,1286.727928903799,0.2901265847373124,31.87061348004159,663.3924833957374,55.40629361083873,60.733861195330086,11.907972697016675,1.0857612751454258,13.679727383608874,4.812018799554519,24.108405908267972,LANDING,ABNORMAL_VIBRATION,True,0.65,1.0,OK,42,54.5,3600.0,-0.085683,-1.146611,-0.788772,-0.022276,13.913292,0.746562
2026-01-01T00:27:21Z,O320_CLASS-SIM-01,O320_CLASS,RAPID_RESPONSE,263.461127447554,16.30235368678558,1272.3233037256173,0.28823593528205144,33.475377899863574,662.8850981336658,56.183518531648225,60.88399552672638,11.902879059234937,1.2117011973199106,13.778819900609996,4.293615447897237,24.06945574783577,LANDING,ABNORMAL_VIBRATION,True,0.65,1.0,OK,42,54.5,3600.0,1.872612,-1.251774,0.005593,-0.002054,0.303552,0.872985
2026-01-01T00:27:22Z,O320_CLASS-SIM-01,O320_CLASS,RAPID_RESPONSE,264.06444984686925,16.25304894845384,1249.4614671430047,0.2852113411117859,30.526180209446014,667.9409666673939,56.23217111378268,60.0630781576891,11.756209877549066,1.044329948129672,13.756651636331668,4.81530069236734,24.09247509616525,LANDING,ABNORMAL_VIBRATION,True,0.65,1.0,OK,42,54.5,3600.0,-0.832039,4.193459,0.102784,-0.107131,-20.3072,0.706578
2026-01-01T00:27:23Z,O320_CLASS-SIM-01,O320_CLASS,RAPID_RESPONSE,261.14426087397135,16.45924895794189,1274.2234955390657,0.28138881592386067,29.66336863189852,668.7409554108452,56.42708452840152,59.677782600532765,11.768786633297971,1.1290418174005203,13.701196342176146,4.782903903597687,23.990021146707512,LANDING,ABNORMAL_VIBRATION,True,0.65,1.0,OK,42,54.47,3600.0,-1.686618,5.23879,0.377861,-0.039287,8.172555,0.792696
2026-01-01T00:27:24Z,O320_CLASS-SIM-01,O320_CLASS,RAPID_RESPONSE,259.8643424167027,16.478980742267375,1279.6722415742963,0.28304216429433554,29.939679212635063,664.5517641308292,56.6790293034737,60.353979355765766,11.878314693449795,1.0537270433565564,13.735803452430638,4.564454967628548,23.993940369851536,LANDING,ABNORMAL_VIBRATION,True,0.65,1.0,OK,42,54.44,3600.0,-1.497751,0.910226,0.667597,0.055619,15.373936,0.71749
2026-01-01T00:27:25Z,O320_CLASS-SIM-01,O320_CLASS,RAPID_RESPONSE,258.15865086525974,16.412051768207643,1277.9334741837376,0.2825555424915146,28.8557790388656,662.991487327673,56.11845195898327,60.827529387138235,11.816441390414644,1.123966281440966,13.738951865169353,4.82162043055873,23.870872021262986,LANDING,ABNORMAL_VIBRATION,True,0.65,1.0,OK,42,54.42,3600.0,-2.455259,-0.501701,0.139793,0.003724,15.155109,0.788131
2026-01-01T00:27:26Z,O320_CLASS-SIM-01,O320_CLASS,RAPID_RESPONSE,254.04660063565478,16.381051457114356,1264.3889455013882,0.28054800559681026,31.16129394810537,663.0544001926754,55.72125183988289,60.02136710924587,11.833104954717486,1.1112954583892543,13.716836166127736,4.625296185038065,23.963249927108578,LANDING,ABNORMAL_VIBRATION,True,0.65,1.0,OK,42,54.42,3600.0,0.026718,-0.163913,-0.210427,0.050264,3.789362,0.776247
2026-01-01T00:27:27Z,O320_CLASS-SIM-01,O320_CLASS,RAPID_RESPONSE,256.38672535330426,16.373496011132023,1259.2465143139063,0.2826169808491367,32.81098570468826,664.5575166189354,56.04748690631337,61.15735240658597,11.793509566785083,1.1230325308153417,13.719598151731217,4.445983818024469,24.029398395769164,LANDING,ABNORMAL_VIBRATION,True,0.65,1.0,OK,42,54.42,3600.0,1.576863,1.155336,0.125261,-0.012772,-0.91468,0.787743
2026-01-01T00:27:28Z,O320_CLASS-SIM-01,O320_CLASS,RAPID_RESPONSE,253.85335345998632,16.310176389592797,1268.1488082370624,0.27989012669160995,29.007336548566137,661.5063067993146,55.29940382225706,60.907939234556906,11.752385695777049,1.0770740220135169,13.762881820004042,4.595298061990326,23.851986620114815,LANDING,ABNORMAL_VIBRATION,True,0.65,1.0,OK,42,54.42,3600.0,-1.982335,-1.530226,-0.583813,-0.016887,9.796712,0.742604
2026-01-01T00:27:29Z,O320_CLASS-SIM-01,O320_CLASS,RAPID_RESPONSE,252.46832614569192,16.511142633883868,1242.480592540308,0.2812300084067257,28.455251017769335,661.7955767572457,56.325627555313865,63.036740294310675,11.76664690405059,1.0308294195145633,13.718264264835316,4.835988639622661,23.867899472140056,LANDING,ABNORMAL_VIBRATION,True,0.65,1.0,OK,42,54.39,3600.0,-2.832786,-1.556396,0.454294,-0.016614,-15.320384,0.696265
2026-01-01T00:27:30Z,O320_CLASS-SIM-01,O320_CLASS,RAPID_RESPONSE,248.61276448603013,16.31097249902915,1260.4658512703675,0.27966118212188723,29.993883458280532,661.4096325430588,55.69501441972527,59.82119704976336,11.731847961188254,1.1348123415665219,13.726460658896034,4.374038378761191,24.117413683003267,LANDING,ABNORMAL_VIBRATION,True,0.65,1.0,OK,42,54.37,3600.0,-0.953145,-1.561396,-0.149576,-0.029259,3.905133,0.800765
2026-01-01T00:27:31Z,O320_CLASS-SIM-01,O320_CLASS,RAPID_RESPONSE,248.9584130630105,16.17836338877126,1253.0980831308557,0.2777491356752176,31.82362414438194,662.0737278301691,55.80384596250933,60.46156638628208,11.68183380464816,1.1290585044322703,13.752941495257451,4.618511718526342,23.987688619106606,LANDING,ABNORMAL_VIBRATION,True,0.65,1.0,OK,42,54.37,3600.0,1.154855,-0.541649,0.001402,-0.051994,-1.508016,0.795723
2026-01-01T00:27:32Z,O320_CLASS-SIM-01,O320_CLASS,RAPID_RESPONSE,248.12784353893738,16.405027818580308,1267.1951278608021,0.28450236835050213,30.819603765018226,661.4647491129037,55.40959114649,58.83458796735035,11.806901018475985,1.1287849765042663,13.759033594443176,5.067426277081281,23.7920036372754,LANDING,ABNORMAL_VIBRATION,True,0.65,1.0,OK,42,54.34,3600.0,-0.495628,-2.069553,-0.443305,-0.011597,10.249224,0.793889
2026-01-01T00:27:33Z,O320_CLASS-SIM-01,O320_CLASS,RAPID_RESPONSE,243.60377870788193,16.669203033417567,1252.900570883586,0.2766794249257625,29.676435588773803,662.4857928636555,56.38091256640803,61.146640201153005,11.742252824021584,1.1937761927382762,13.774347509768234,4.874807167170167,24.365808600996225,LANDING,ABNORMAL_VIBRATION,True,0.65,1.0,OK,42,54.32,3600.0,-1.50057,-0.506245,0.584509,0.022448,-1.425393,0.860679
2026-01-01T00:27:34Z,O320_CLASS-SIM-01,O320_CLASS,RAPID_RESPONSE,242.9621985999429,16.58303760790721,1249.0370788656098,0.2791390302061721,30.592353080654114,663.9113544935476,56.70620829136249,61.35290626136154,11.745695259197408,0.9359765998713259,13.737822439866484,4.532246878909916,24.077680046294642,LANDING,ABNORMAL_VIBRATION,True,0.65,1.0,OK,42,54.33,3600.0,-0.604657,0.783252,0.920997,-0.001286,-4.7698,0.6026
2026-01-01T00:27:35Z,O320_CLASS-SIM-01,O320_CLASS,RAPID_RESPONSE,242.9594831262013,16.40222134977963,1264.2091883605135,0.2797124588054066,31.02984775406758,664.0903545621951,55.48716846910969,60.36708657910165,11.65665876290855,1.1186791665765536,13.728745218314263,4.362133906236086,24.026399964425046,LANDING,ABNORMAL_VIBRATION,True,0.65,1.0,OK,42,54.35,3600.0,0.016746,1.089728,-0.296836,-0.096847,10.458253,0.785223
2026-01-01T00:27:36Z,O320_CLASS-SIM-01,O320_CLASS,RAPID_RESPONSE,241.533192405789,16.438812339763604,1228.0427685259735,0.27549401447116967,29.138142141710677,661.071313263755,56.27572097167336,58.63090993949892,11.658464337973061,1.0900864491354914,13.710520380912017,4.5756035747060935,24.239984307353144,LANDING,ABNORMAL_VIBRATION,True,0.65,1.0,OK,42,54.32,3600.0,-1.667611,-1.513555,0.542792,-0.039696,-23.339462,0.757796
2026-01-01T00:27:37Z,O320_CLASS-SIM-01,O320_CLASS,RAPID_RESPONSE,238.90091442344882,16.59097869498813,1252.2977058792237,0.27565672811653075,32.287048621247635,667.2776520211657,54.993931986843194,60.54412478840677,11.685863157080437,0.9939953274935986,13.760711233449323,4.827425527650143,24.219190998657872,LANDING,ABNORMAL_VIBRATION,True,0.65,1.0,OK,42,54.32,3600.0,1.317451,4.561746,-0.704539,-0.009685,2.513524,0.662017
2026-01-01T00:27:38Z,O320_CLASS-SIM-01,O320_CLASS,RAPID_RESPONSE,238.3170662806106,16.666372032334994,1237.4665328934102,0.2730544948186325,29.861881304867822,665.7411474310795,55.25285742900906,59.8161374276609,11.620713228295193,1.425262430695431,13.726713673595787,4.888675111204398,23.754525283201666,LANDING,ABNORMAL_VIBRATION,True,0.65,1.0,OK,42,54.29,3600.0,-1.029843,3.250775,-0.389785,-0.03802,-9.728496,1.094234
2026-01-01T00:27:39Z,O320_CLASS-SIM-01,O320_CLASS,RAPID_RESPONSE,236.4388875998798,16.206450006213625,1237.9471676003768,0.2725372522010559,30.953128273990192,660.369849570562,56.221713015368465,60.963370122581615,11.631075977825322,1.0821203914176512,13.718883273759603,4.601600403398046,24.055239130287212,LANDING,ABNORMAL_VIBRATION,True,0.65,1.0,OK,42,54.28,3600.0,0.656134,-1.56526,0.625186,-0.015977,-7.109135,0.751621
2026-01-01T00:27:40Z,O320_CLASS-SIM-01,O320_CLASS,RAPID_RESPONSE,229.65409646950062,16.59355589334264,1238.793610591375,0.27190411872602843,33.00049708549059,660.9438682016769,55.96686193348334,60.77868010668209,11.67349807462827,1.0387705018432118,13.721301487683565,5.124220028358369,24.055685761289762,LANDING,ABNORMAL_VIBRATION,True,0.65,1.0,OK,42,54.27,3600.0,2.316401,-1.272502,0.410161,0.039461,-4.415702,0.708765
2026-01-01T00:27:41Z,O320_CLASS-SIM-01,O320_CLASS,RAPID_RESPONSE,230.91714522876475,16.337285245563255,1238.5415892255583,0.2746296572067681,32.025492116785266,663.5787436338476,54.91016636420089,61.15297330132518,11.70833701678842,1.1579651476787685,13.789478146789657,4.4050005138452155,24.01408889395036,LANDING,ABNORMAL_VIBRATION,True,0.65,1.0,OK,42,54.26,3600.0,1.49665,1.356694,-0.650269,0.042247,-4.840933,0.827494
2026-01-01T00:27:42Z,O320_CLASS-SIM-01,O320_CLASS,RAPID_RESPONSE,228.4696679623052,16.663781286269565,1246.8391027296252,0.2756027116335253,31.17112035515146,661.1009937150882,55.3328215700238,60.34463479579723,11.606448685712643,1.0995214037970211,13.76805426534238,4.3541284157922675,23.912373836829197,LANDING,ABNORMAL_VIBRATION,True,0.65,1.0,OK,42,54.26,3600.0,0.205387,-1.550551,-0.242282,-0.072215,2.776307,0.768761
2026-01-01T00:27:43Z,O320_CLASS-SIM-01,O320_CLASS,RAPID_RESPONSE,228.42707060853334,16.398639041063237,1244.160876278313,0.2742550350089893,31.602127682782875,665.3984434334726,55.21423363210412,60.568959053702166,11.582546474778997,1.1138073508888264,13.739369665086286,4.961263708037897,24.098896667975506,LANDING,ABNORMAL_VIBRATION,True,0.65,1.0,OK,42,54.27,3600.0,1.020697,3.144517,-0.355324,-0.079913,0.355321,0.783312
2026-01-01T00:27:44Z,O320_CLASS-SIM-01,O320_CLASS,RAPID_RESPONSE,227.70013241258516,16.397641187240534,1228.555976599265,0.2717067067280773,32.29314785575616,661.8886959920077,54.86303061378936,62.20267329081716,11.634160241048106,1.133445817815063,13.694147982409708,4.7183990043378214,24.000159607031385,LANDING,ABNORMAL_VIBRATION,True,0.65,1.0,OK,42,54.26,3600.0,1.864095,-0.090316,-0.672164,0.005212,-13.65596,0.803682
2026-01-01T00:27:45Z,O320_CLASS-SIM-01,O320_CLASS,RAPID_RESPONSE,225.75453108082993,16.435516930777137,1237.635137976777,0.2687679865959263,32.45016079265915,664.107903343325,55.236617476494565,59.595338499080704,11.612459101843838,0.913197199177562,13.716338854145024,4.4235889537880695,23.740670780192698,LANDING,ABNORMAL_VIBRATION,True,0.65,1.0,OK,42,54.27,3600.0,2.163195,2.426275,-0.238966,0.024537,-1.812197,0.584468
2026-01-01T00:27:46Z,O320_CLASS-SIM-01,O320_CLASS,RAPID_RESPONSE,223.5773385621738,16.508301566157034,1256.7818960770207,0.2705218401986688,29.0318557711156,657.9518099645908,55.57797945803543,60.20798758381889,11.654037605464367,1.142403565245382,13.669113339606568,4.445590733987988,23.78634589644346,LANDING,ABNORMAL_VIBRATION,True,0.65,1.0,OK,42,54.27,3600.0,-1.415212,-3.944224,0.124042,0.048816,18.338403,0.81361
2026-01-01T00:27:47Z,O320_CLASS-SIM-01,O320_CLASS,RAPID_RESPONSE,222.32972207421875,16.40125380218936,1236.7502604856677,0.26599436702424173,30.382114300924368,662.6362871533303,55.97567058370753,60.717421980646876,11.53553979556173,1.2320459173554614,13.722794460185032,4.886899592417357,23.79096096235544,LANDING,ABNORMAL_VIBRATION,True,0.65,1.0,OK,42,54.27,3600.0,0.331401,1.338646,0.591293,-0.009572,1.532742,0.904625
2026-01-01T00:27:48Z,O320_CLASS-SIM-01,O320_CLASS,RAPID_RESPONSE,220.13616738983845,16.44980980981331,1236.8235555149377,0.2696076561903271,29.741813179277067,660.2541634444915,55.50614536087869,59.85653525124246,11.489409212754467,0.9974997146330429,13.724759695738236,4.654360903203759,23.95631401872311,LANDING,ABNORMAL_VIBRATION,True,0.65,1.0,OK,42,54.29,3600.0,-0.543482,-1.421462,0.128333,-0.095974,1.910496,0.669582
2026-01-01T00:27:49Z,O320_CLASS-SIM-01,O320_CLASS,RAPID_RESPONSE,219.32445886197885,16.556683049595254,1223.9816937166459,0.266056159726991,30.998488231172825,661.893290372332,55.1158619968747,59.88472446942402,11.585144562985679,1.112332982651517,13.750272881453588,4.899484299138311,23.82648662642438,LANDING,ABNORMAL_VIBRATION,True,0.65,1.0,OK,42,54.32,3600.0,0.796381,0.488043,-0.214855,0.045912,-8.747213,0.785418
2026-01-01T00:27:50Z,O320_CLASS-SIM-01,O320_CLASS,RAPID_RESPONSE,218.09113789392043,16.61242812983596,1233.822504565577,0.26228916847644257,29.09246384613567,659.1812876865449,55.180647569750576,60.599493123138174,11.550980132817976,1.081875488507106,13.706843764617158,4.845572427141737,24.140065990826564,LANDING,ABNORMAL_VIBRATION,True,0.65,1.0,OK,42,54.35,3600.0,-0.939168,-1.853873,-0.071267,0.063843,4.748183,0.756294
2026-01-01T00:27:51Z,O320_CLASS-SIM-01,O320_CLASS,RAPID_RESPONSE,214.47001266882603,16.502949774884957,1224.9149901517476,0.2661709356530608,29.587770239691963,657.0680818512769,54.697748465791015,61.320030395555364,11.59628868035432,1.1298344814935855,13.733881916936758,4.418093373347882,23.798231439371705,LANDING,ABNORMAL_VIBRATION,True,0.65,1.0,OK,42,54.36,3600.0,-0.502823,-4.205746,-0.544358,0.066605,-3.70445,0.803751
2026-01-01T00:27:52Z,O320_CLASS-SIM-01,O320_CLASS,RAPID_RESPONSE,211.09625188086335,16.383849534902037,1231.156768690423,0.2664113564321473,32.529929476264996,661.1071876312039,54.709651082992934,60.40228998953291,11.507074546963198,1.0972891866718781,13.737105909325626,4.355296400184403,23.878804215662036,LANDING,ABNORMAL_VIBRATION,True,0.65,1.0,OK,42,54.38,3600.0,2.574327,-0.06258,-0.528731,-0.024415,2.710044,0.771209
2026-01-01T00:27:53Z,O320_CLASS-SIM-01,O320_CLASS,RAPID_RESPONSE,212.64401156524573,16.83712733220146,1230.3145121012515,0.26675290756770514,29.608479864205417,660.4753539696916,55.76425564971079,59.39858397322304,11.490056186373886,1.1309702839771034,13.72016066646285,4.580615515052512,23.814659323338883,LANDING,ABNORMAL_VIBRATION,True,0.65,1.0,OK,42,54.38,3600.0,-0.897049,-1.182354,0.52468,-0.045688,1.812435,0.804824
2026-01-01T00:27:54Z,O320_CLASS-SIM-01,O320_CLASS,RAPID_RESPONSE,210.17572766227048,16.79791257628789,1233.9420116849876,0.26402291448299775,31.413373956050677,662.0118595382098,55.541092757175115,59.66925390048777,11.586173698007881,1.0146167112357076,13.643745290139424,5.060006005960153,23.85048152133253,LANDING,ABNORMAL_VIBRATION,True,0.65,1.0,OK,42,54.4,3600.0,1.114136,0.679357,0.332987,0.085432,6.899429,0.689195
2026-01-01T00:27:55Z,O320_CLASS-SIM-01,O320_CLASS,RAPID_RESPONSE,207.74009239160588,16.554980873555255,1228.7806445509525,0.26155655549545864,29.37165113619841,659.6966187338248,55.052869758326835,60.07594949858386,11.53093679239403,1.1734759652095073,13.737686182390952,4.790889645228493,23.831024282412855,LANDING,ABNORMAL_VIBRATION,True,0.65,1.0,OK,42,54.41,3600.0,-0.488163,-1.113417,-0.103391,0.064408,4.142446,0.848929
2026-01-01T00:27:56Z,O320_CLASS-SIM-01,O320_CLASS,RAPID_RESPONSE,205.13620267298066,16.927442538573203,1231.4011926632538,0.2658923206945377,31.266894861469243,659.8494617326577,54.20289731354629,59.50107045853913,11.509189376629198,0.9815384343965745,13.713000051165311,4.007472276113205,23.838285474816196,LANDING,ABNORMAL_VIBRATION,True,0.65,1.0,OK,42,54.42,3600.0,0.749554,-1.746078,-0.96828,-0.007831,6.071248,0.656185
2026-01-01T00:27:57Z,O320_CLASS-SIM-01,O320_CLASS,RAPID_RESPONSE,203.37733217462136,16.558842612885112,1229.497849720137,0.25994171609183186,28.86661009819268,661.386056692576,55.46334926452102,60.1584757967534,11.539808396446139,0.8934313188496705,13.681674302602238,4.2396673828354015,23.587694141339583,LANDING,ABNORMAL_VIBRATION,True,0.65,1.0,OK,42,54.47,3600.0,-0.884826,0.768123,0.35242,0.097289,6.961993,0.569567
2026-01-01T00:27:58Z,O320_CLASS-SIM-01,O320_CLASS,RAPID_RESPONSE,203.83815678107337,16.53166493542496,1210.1313951923296,0.26209292672360446,30.93744350793686,663.4711068782624,55.4368301774665,59.74250887689807,11.469353689169346,1.1879818139817293,13.710749853938056,4.658811801283488,23.64304711291927,LANDING,ABNORMAL_VIBRATION,True,0.65,1.0,OK,42,54.49,3600.0,1.11651,2.697009,0.343592,0.004406,-11.584016,0.863952
2026-01-01T00:27:59Z,O320_CLASS-SIM-01,O320_CLASS,RAPID_RESPONSE,200.725266402525,16.74493476250488,1232.18900808567,0.2629695458933102,30.703480364589925,660.9652053725819,55.02893217378223,59.31531811009489,11.402892491301662,0.8891530449283095,13.741939468398094,4.847002263938273,23.936545001468573,LANDING,ABNORMAL_VIBRATION,True,0.65,1.0,OK,42,54.54,3600.0,0.596672,-0.098076,-0.062482,-0.07131,10.558195,0.56501
2026-01-01T00:28:00Z,O320_CLASS-SIM-01,O320_CLASS,RAPID_RESPONSE,201.77399965710438,16.710838632728976,1210.9807736819937,0.25990013420730135,29.00247009115683,662.3327390200953,54.88769342777647,60.39103178884638,11.468484768283727,0.9731481774447684,13.753316281107974,4.267014422550056,23.867311774433343,LANDING,ABNORMAL_VIBRATION,True,0.65,1.0,OK,42,54.61,3600.0,-0.891556,1.621094,-0.165523,0.033109,-8.878554,0.649835
2026-01-01T00:28:01Z,O320_CLASS-SIM-01,O320_CLASS,RAPID_RESPONSE,198.19698483734916,16.83493460279693,1206.5645872413363,0.2562717510877508,30.73423089450418,659.6330568249845,54.967307579305576,59.93856686449336,11.46859717581524,1.1522594050851254,13.731317157726835,4.304663217548331,23.891826102375777,LANDING,ABNORMAL_VIBRATION,True,0.65,1.0,OK,42,54.65,3600.0,0.921759,-0.80033,-0.015444,0.082464,-10.026798,0.830169
2026-01-01T00:28:02Z,O320_CLASS-SIM-01,O320_CLASS,RAPID_RESPONSE,195.1783472885303,16.622883712514476,1205.3519768729125,0.2583535837174978,31.073527193855096,661.0995121607583,54.79919611089901,60.55024017342855,11.417307516144266,0.9571052299735662,13.729117476485738,4.330231195609004,23.82785316288175,LANDING,ABNORMAL_VIBRATION,True,0.65,1.0,OK,42,54.71,3600.0,1.419705,0.71282,-0.158146,0.01098,-10.061001,0.634938
2026-01-01T00:28:03Z,O320_CLASS-SIM-01,O320_CLASS,RAPID_RESPONSE,192.36712744604898,16.8188435412606,1206.1677593336885,0.2603551956603177,26.823936029284575,664.6413889217804,54.29252827552604,59.499578053365966,11.416266990312398,1.1327955913129615,13.714996046207277,4.806549362990463,23.68766240966027,LANDING,ABNORMAL_VIBRATION,True,0.65,1.0,OK,42,54.72,3600.0,-3.156213,3.872199,-0.670863,-0.012848,-9.525737,0.81027
2026-01-01T00:28:04Z,O320_CLASS-SIM-01,O320_CLASS,RAPID_RESPONSE,192.73379541315992,16.69802164196098,1209.3973960666976,0.25346497618455077,29.690757938473162,660.0904999252429,55.351777743708055,59.42741663895129,11.358548252730628,1.2159327628470424,13.731996397189357,4.713917444502039,23.8704347288739,LANDING,ABNORMAL_VIBRATION,True,0.65,1.0,OK,42,54.72,3600.0,0.23618,0.145141,0.466593,0.015408,-2.669165,0.895189
2026-01-01T00:28:05Z,O320_CLASS-SIM-01,O320_CLASS,RAPID_RESPONSE,192.35347413781824,17.027324165893823,1213.1515136078617,0.25464398011298106,30.449132878164157,658.8844692322101,54.84881395810059,60.7490053847668,11.338672542811668,0.8936617622279276,13.737173267745716,4.4325925512834585,23.94370261956471,LANDING,ABNORMAL_VIBRATION,True,0.65,1.0,OK,42,54.77,3600.0,0.575685,-1.460262,0.005768,-0.013034,3.039251,0.57313
2026-01-01T00:28:06Z,O320_CLASS-SIM-01,O320_CLASS,RAPID_RESPONSE,188.52076360320584,16.616571343538265,1226.3820759946643,0.252939547116814,29.61281213520597,664.852528007035,54.853632297632444,61.52700588977466,11.401602800031187,1.0964905513162768,13.718678488938792,4.0331123006381855,23.745104208863367,LANDING,ABNORMAL_VIBRATION,True,0.65,1.0,OK,42,54.77,3600.0,0.331215,5.12331,0.06084,0.074974,18.600398,0.776691
2026-01-01T00:28:07Z,O320_CLASS-SIM-01,O320_CLASS,RAPID_RESPONSE,188.68166109208,16.81058276978722,1229.5747551275535,0.25589524946563225,30.363421024277613,663.0593356369126,55.053545546439935,60.37751772492669,11.354175645603128,1.0350471970791357,13.735624170723838,4.513555913861157,23.881988550887037,LANDING,ABNORMAL_VIBRATION,True,0.65,1.0,OK,42,54.78,3600.0,0.709466,2.866572,0.261555,-0.005418,21.830269,0.714805
2026-01-01T00:28:08Z,O320_CLASS-SIM-01,O320_CLASS,RAPID_RESPONSE,185.15303570117175,16.808693935427964,1220.9784948850768,0.25421741967197686,31.781301850113493,660.4793550247242,54.787013906158286,60.536456870433504,11.331936964803537,0.7528847817976927,13.74840303555325,5.097515395746717,23.855590615949655,LANDING,ABNORMAL_VIBRATION,True,0.65,1.0,OK,42,54.87,3600.0,2.229909,0.463591,0.015235,-0.006209,14.17137,0.433091
2026-01-01T00:28:09Z,O320_CLASS-SIM-01,O320_CLASS,RAPID_RESPONSE,185.81198144203435,16.770111097166303,1216.53815555467,0.2539214567630803,29.85289585822122,656.080523281357,54.5701486115015,60.733885868632036,11.382158984667049,1.2070003718188649,13.674322269185405,4.173099733199053,23.866425922312764,LANDING,ABNORMAL_VIBRATION,True,0.65,1.0,OK,42,54.92,3600.0,0.368646,-3.854145,-0.183446,0.049206,10.574346,0.887419
2026-01-01T00:28:10Z,O320_CLASS-SIM-01,O320_CLASS,RAPID_RESPONSE,182.21312075132585,16.9425222242396,1192.948198713361,0.25313651344586635,29.453757981619738,661.118259589593,54.34168555236496,58.86346840050492,11.334669463468035,1.0875373675710736,13.751621209235728,4.446120888387325,23.8904377334852,LANDING,ABNORMAL_VIBRATION,True,0.65,1.0,OK,42,54.93,3600.0,-0.173204,1.106175,-0.389883,0.013367,-11.994096,0.768285
2026-01-01T00:28:11Z,O320_CLASS-SIM-01,O320_CLASS,RAPID_RESPONSE,182.39532732899912,17.017527428323817,1204.2599578166269,0.24920686806107845,29.37633955027694,660.0618854666129,54.933687452898035,59.20764399456921,11.299828168112455,1.040993172120361,13.717974817352195,4.452545874265482,24.055315575544256,LANDING,ABNORMAL_VIBRATION,True,0.65,1.0,OK,42,54.96,3600.0,-0.110175,0.38777,0.265081,0.029029,2.237637,0.722917
2026-01-01T00:28:12Z,O320_CLASS-SIM-01,O320_CLASS,RAPID_RESPONSE,178.39499371975256,17.01497320649765,1211.5863908931735,0.251549667076766,29.38083006069389,659.6734178606034,54.77144507673317,59.95509998533162,11.283364736485193,1.0928182086026064,13.711098227350142,4.444517614437905,23.42852502432763,LANDING,ABNORMAL_VIBRATION,True,0.65,1.0,OK,42,54.98,3600.0,-0.204819,-0.19215,0.119586,-0.011124,10.340733,0.774548
2026-01-01T00:28:13Z,O320_CLASS-SIM-01,O320_CLASS,RAPID_RESPONSE,178.47980696522714,16.761713166310248,1187.1950512420185,0.25063323130351134,28.925995881097275,662.8766214552277,54.455226221475286,60.961940430790854,11.363271641903848,0.9425669920911,13.71907197635563,4.947613343160101,23.794278290921383,LANDING,ABNORMAL_VIBRATION,True,0.65,1.0,OK,42,55.0,3600.0,-0.310956,3.367734,-0.173583,0.08143,-12.981626,0.624647
2026-01-01T00:28:14Z,O320_CLASS-SIM-01,O320_CLASS,RAPID_RESPONSE,177.22729142976976,16.790578578071422,1206.3389085400672,0.2505873814392954,27.147546019175934,658.724513591966,54.16989493105772,60.51450746538235,11.237665135266168,1.0220369015863258,13.72153948640389,4.1966783918386605,23.681335273329868,LANDING,ABNORMAL_VIBRATION,True,0.65,1.0,OK,42,55.03,3600.0,-2.110028,-0.79284,-0.441931,-0.04167,6.949885,0.704282
2026-01-01T00:28:15Z,O320_CLASS-SIM-01,O320_CLASS,RAPID_RESPONSE,175.9308440524464,17.034698955372097,1192.3359090063957,0.24780511901011779,31.650254717596525,659.5123991928043,54.65199827447395,59.83023867514811,11.283661303869664,1.2962076704331997,13.727527189798911,4.76816820512498,23.754848690129652,LANDING,ABNORMAL_VIBRATION,True,0.65,1.0,OK,42,55.02,3600.0,2.274122,0.044056,0.085576,0.040185,-4.947455,0.979291
2026-01-01T00:28:16Z,O320_CLASS-SIM-01,O320_CLASS,RAPID_RESPONSE,171.79462854739728,16.770847832939385,1189.3254533778372,0.24976890650050665,30.740821135956686,659.8637098871086,54.46453823624758,59.78710624944797,11.280082941329717,0.853474411717853,13.685572804167506,4.720221457522713,23.704126971127213,LANDING,ABNORMAL_VIBRATION,True,0.65,1.0,OK,42,55.05,3600.0,1.582028,0.4933,-0.09326,0.016354,-7.557923,0.536348
2026-01-01T00:28:17Z,O320_CLASS-SIM-01,O320_CLASS,RAPID_RESPONSE,171.22048537714124,16.858806764219757,1202.7872461670609,0.24899767201271522,28.343617192711243,657.617954800474,54.48184291212476,60.65768942976597,11.249962659660842,0.9880308900218209,13.720683904886192,4.479384275634127,23.624016911672125,LANDING,ABNORMAL_VIBRATION,True,0.65,1.0,OK,42,55.1,3600.0,-0.869812,-1.756609,-0.060575,-0.003513,6.617154,0.671162
2026-01-01T00:28:18Z,O320_CLASS-SIM-01,O320_CLASS,RAPID_RESPONSE,171.66057636850783,16.822653281721227,1196.7262637859383,0.24387932950792313,28.940344656014798,656.5613545817032,54.14051081001156,62.350786427661866,11.2536591129011,1.2412894881099032,13.744654024021733,4.7275173130794235,23.70650171204299,LANDING,ABNORMAL_VIBRATION,True,0.65,1.0,OK,42,55.1,3600.0,0.055622,-2.252702,-0.329428,0.064304,3.917509,0.925852
2026-01-01T00:28:19Z,O320_CLASS-SIM-01,O320_CLASS,RAPID_RESPONSE,170.74293635120034,17.032836428119808,1194.7352156022414,0.24785991258224843,28.9977923157877,659.3657069339212,54.48690751320273,60.71541650572807,11.317643320841393,0.8324988274408133,13.752965034635755,4.382920657553311,23.92210104529127,LANDING,ABNORMAL_VIBRATION,True,0.65,1.0,OK,42,55.16,3600.0,-0.321828,-0.012745,0.021325,0.084979,2.128487,0.516505
2026-01-01T00:28:20Z,O320_CLASS-SIM-01,O320_CLASS,RAPID_RESPONSE,166.16649862214524,16.978579718147707,1191.8456334302348,0.24320548241991008,31.212039410873775,656.8031457514506,54.51012524821916,59.565431488967036,11.153273512447125,1.0077383643664937,13.700588485869362,4.1760546701339765,23.72162679005396,LANDING,ABNORMAL_VIBRATION,True,0.65,1.0,OK,42,55.2,3600.0,2.220377,-2.047065,0.102896,-0.021387,1.945158,0.692981
2026-01-01T00:28:21Z,O320_CLASS-SIM-01,O320_CLASS,RAPID_RESPONSE,162.77713991535313,16.94632106976218,1190.8094390922424,0.24103918793099738,28.461009744390893,660.256114954155,54.02337405272093,60.814008908257016,11.231253670598813,1.0067499172142447,13.717724743417806,4.667791795201824,23.59076945424488,LANDING,ABNORMAL_VIBRATION,True,0.65,1.0,OK,42,55.24,3600.0,-0.349761,1.693441,-0.31629,0.08784,4.042417,0.692934
2026-01-01T00:28:22Z,O320_CLASS-SIM-01,O320_CLASS,RAPID_RESPONSE,163.024617496961,17.110869201030507,1183.6784781060555,0.24625164990493742,27.757265286806273,658.607884641616,54.59969940116234,58.47818644181758,11.172416821441406,0.9749321483059719,13.724567881354913,4.3242414698788485,23.551837591764667,LANDING,ABNORMAL_VIBRATION,True,0.65,1.0,OK,42,55.26,3600.0,-1.50594,-0.598971,0.246213,-0.029652,-3.729582,0.660212
2026-01-01T00:28:23Z,O320_CLASS-SIM-01,O320_CLASS,RAPID_RESPONSE,162.60936398995773,16.900805656038397,1193.6136079387802,0.24542711293770156,28.479024177777028,661.6170325536382,54.155509984884475,61.351429863536794,11.254728017212903,1.1572662574028845,13.71207502580835,5.084904327413631,23.735594662387605,LANDING,ABNORMAL_VIBRATION,True,0.65,1.0,OK,42,55.26,3600.0,-0.5018,2.694545,-0.198094,0.061749,6.200074,0.842669
2026-01-01T00:28:24Z,O320_CLASS-SIM-01,O320_CLASS,RAPID_RESPONSE,160.36158471826946,16.956690798214286,1178.9238088980564,0.2465901464747694,28.292752018574063,661.1601338811755,54.82925058998397,60.8790083233728,11.143612491354073,1.0483601151585082,13.63687883407961,4.412322526962546,23.828518619633602,LANDING,ABNORMAL_VIBRATION,True,0.65,1.0,OK,42,55.24,3600.0,-0.81247,2.067327,0.46133,-0.06334,-9.153665,0.733462
2026-01-01T00:28:25Z,O320_CLASS-SIM-01,O320_CLASS,RAPID_RESPONSE,157.97707571471028,16.882321289494737,1184.2908903629555,0.2457640652739713,28.878185826227188,663.4315141982654,54.10934026590622,60.567446570114015,11.146105572087516,1.127482891181442,13.722281494682306,4.966769790372247,23.64038805312717,LANDING,ABNORMAL_VIBRATION,True,0.65,1.0,OK,42,55.21,3600.0,-0.097297,4.489053,-0.259284,-0.051535,-3.819208,0.812706
2026-01-01T00:28:26Z,O320_CLASS-SIM-01,O320_CLASS,RAPID_RESPONSE,158.95803543044883,16.999367172507693,1192.0768501715077,0.2402272447108484,29.325388410697744,656.0396794225086,54.412672552046025,59.176284101970566,11.152653378847589,1.1862853632308448,13.733016124300025,4.119580964810693,23.41394532064789,LANDING,ABNORMAL_VIBRATION,True,0.65,1.0,OK,42,55.16,3600.0,0.517301,-2.46824,0.110067,0.022456,7.028483,0.872932
2026-01-01T00:28:27Z,O320_CLASS-SIM-01,O320_CLASS,RAPID_RESPONSE,155.7454168706908,17.229679819303765,1176.382591362899,0.24619480815635258,28.863445239605575,653.7416427604678,53.6576781749372,61.0043152612871,11.153434941043491,1.195824892628346,13.680344894252555,4.4510162948354,23.695014525717163,LANDING,ABNORMAL_VIBRATION,True,0.65,1.0,OK,42,55.09,3600.0,-0.508463,-5.548706,-0.669368,-0.044251,-9.799266,0.881365
2026-01-01T00:28:28Z,O320_CLASS-SIM-01,O320_CLASS,RAPID_RESPONSE,153.1188115487472,16.945942249036285,1179.9029334450906,0.24168262498189397,29.19835842258062,659.1958441118547,54.73661764825301,59.42471746276874,11.045988518651084,1.026886944973707,13.68768197207759,4.319854146504523,23.597483505583934,LANDING,ABNORMAL_VIBRATION,True,0.65,1.0,OK,42,55.04,3600.0,0.395005,0.626821,0.445767,-0.098164,-4.600292,0.713432
2026-01-01T00:28:29Z,O320_CLASS-SIM-01,O320_CLASS,RAPID_RESPONSE,150.7163981835288,16.79542706093293,1176.9584910532917,0.24196532889122566,28.79464595039789,659.7518545124274,54.0279781732429,61.10542568880418,11.100787904663312,0.8938364813647919,13.725185479863994,4.599906177882772,23.600711681280377,LANDING,ABNORMAL_VIBRATION,True,0.65,1.0,OK,42,55.02,3600.0,0.164082,1.32941,-0.240503,-0.043825,-6.507296,0.580545
2026-01-01T00:28:30Z,O320_CLASS-SIM-01,O320_CLASS,RAPID_RESPONSE,151.7988094011125,16.897396171844278,1185.5905240435193,0.24348955188431423,28.807621827897854,657.8506929911323,54.156326629279135,61.68321790068675,11.13599557633424,1.2274697842502815,13.723763307197789,4.237954074543343,23.5923715708551,LANDING,ABNORMAL_VIBRATION,True,0.65,1.0,OK,42,55.0,3600.0,-0.017065,-0.812786,-0.114198,-0.025632,2.029957,0.913931
2026-01-01T00:28:31Z,O320_CLASS-SIM-01,O320_CLASS,RAPID_RESPONSE,148.42574423157237,16.729634940937885,1175.134603077271,0.23842773766523365,29.015551796816265,663.197899580535,54.19270222105164,58.839910884047505,11.05982866000535,0.9648137454769675,13.717874564536935,4.800866734237824,23.819210280200966,LANDING,ABNORMAL_VIBRATION,True,0.65,1.0,OK,42,54.97,3600.0,0.662836,5.207115,-0.018986,-0.040026,-5.697307,0.652564
2026-01-01T00:28:32Z,O320_CLASS-SIM-01,O320_CLASS,RAPID_RESPONSE,148.06183987733291,17.014096702843794,1186.437116704343,0.23687482041427194,29.854095175033834,657.5638994011357,53.56375458774816,60.850107757142666,11.165085963404913,1.0705511173894982,13.761666487136754,3.974123590284099,23.49098177044877,LANDING,ABNORMAL_VIBRATION,True,0.65,1.0,OK,42,54.94,3600.0,1.280754,-0.521953,-0.586984,0.088394,8.431868,0.75908
2026-01-01T00:28:33Z,O320_CLASS-SIM-01,O320_CLASS,RAPID_RESPONSE,144.77991093737154,17.00188541711085,1171.016522340203,0.23826735543763633,28.02224983291952,657.29924193302,54.226494300195995,59.838992641447,11.079609758983736,0.9236165920589078,13.678313891697224,4.572396669617176,23.9219729887207,LANDING,ABNORMAL_VIBRATION,True,0.65,1.0,OK,42,54.94,3600.0,-0.587543,-0.87273,0.102529,-0.009079,-5.747101,0.612184
2026-01-01T00:28:34Z,O320_CLASS-SIM-01,O320_CLASS,RAPID_RESPONSE,144.930191325944,17.118090745612534,1169.930617244763,0.23675949588496778,29.88947873313316,652.4198329103094,53.941988500954615,60.95784198324698,11.017715676596314,0.9994848077349056,13.725491008573188,4.011256658159257,23.674154601751614,LANDING,ABNORMAL_VIBRATION,True,0.65,1.0,OK,42,54.93,3600.0,1.237374,-5.70352,-0.144588,-0.050819,-5.099034,0.68861
2026-01-01T00:28:35Z,O320_CLASS-SIM-01,O320_CLASS,RAPID_RESPONSE,140.7404987646643,17.141581468049196,1179.1302239383765,0.23746454453421295,28.672737302691395,658.7727385439515,53.58903086978859,60.34349812371314,11.024541705585392,1.212555528874438,13.7343772580514,4.538315066532609,23.913436677134552,LANDING,ABNORMAL_VIBRATION,True,0.65,1.0,OK,42,54.93,3600.0,-0.025572,0.582334,-0.4796,-0.049284,4.932852,0.901744
2026-01-01T00:28:36Z,O320_CLASS-SIM-01,O320_CLASS,RAPID_RESPONSE,139.50503380279912,17.007648897168377,1169.6519766577885,0.23279552718432345,26.721978511325972,659.5304677178706,53.47356116286844,59.505742871215524,11.049033189321879,0.9165628597525914,13.740148423691046,4.376711332839527,23.53194869623529,LANDING,ABNORMAL_VIBRATION,True,0.65,1.0,OK,42,54.94,3600.0,-1.564016,1.945111,-0.526259,0.032825,-1.354199,0.607056
2026-01-01T00:28:37Z,O320_CLASS-SIM-01,O320_CLASS,RAPID_RESPONSE,139.79078284794764,17.21015204105915,1159.9016290612458,0.2358378666226533,27.656916296232158,656.0514048413745,54.75157938413961,60.46268635195426,11.033012716526198,0.991220079385483,13.739504757082642,4.179582470300532,23.567398552734875,LANDING,ABNORMAL_VIBRATION,True,0.65,1.0,OK,42,54.95,3600.0,-1.001719,-1.994869,0.764821,-0.014797,-10.49877,0.681381
2026-01-01T00:28:38Z,O320_CLASS-SIM-01,O320_CLASS,RAPID_RESPONSE,137.65167385388594,16.884208273093112,1177.8241836658638,0.23145630719701946,28.184896900420256,653.8353455615916,53.5534251529646,61.39902187795679,11.08590013441683,1.2168810973447404,13.669506553579518,4.085613428353279,23.693314979111705,LANDING,ABNORMAL_VIBRATION,True,0.65,1.0,OK,42,54.93,3600.0,0.140154,-3.445838,-0.371595,0.091807,10.287027,0.908238
2026-01-01T00:28:39Z,O320_CLASS-SIM-01,O320_CLASS,RAPID_RESPONSE,136.07297623526887,17.00257294723521,1163.974964423127,0.23173730470788265,30.434598480894103,656.5726059590613,53.9605910303076,60.425445950092204,11.078763004649584,0.8399392847196504,13.747722636639596,4.022097454327324,23.812501173583144,LANDING,ABNORMAL_VIBRATION,True,0.65,1.0,OK,42,54.96,3600.0,2.262421,-0.81705,0.076461,0.085892,-1.665845,0.53162
2026-01-01T00:28:40Z,O320_CLASS-SIM-01,O320_CLASS,RAPID_RESPONSE,130.7603839556758,17.117649985553122,1180.3179739354957,0.23472784554982448,28.91516036948035,655.06666460371,53.62629789457303,61.43171143355423,11.036920838746157,1.0970851011333993,13.714587192145524,4.264751205069215,23.747952416008022,LANDING,ABNORMAL_VIBRATION,True,0.65,1.0,OK,42,54.96,3600.0,0.473067,-2.701933,-0.264935,0.011829,14.347759,0.788272
2026-01-01T00:28:41Z,O320_CLASS-SIM-01,O320_CLASS,RAPID_RESPONSE,132.0556962183503,17.118672666503464,1154.7103744868057,0.23457448326130567,28.902745112336028,656.099893622705,54.36405976077636,60.54893182707749,11.016312828780972,1.1745024143734284,13.732133099161624,4.40201540699982,23.599976445213265,LANDING,ABNORMAL_VIBRATION,True,0.65,1.0,OK,42,54.95,3600.0,0.463442,-1.660026,0.469711,-0.007604,-11.404334,0.865682
2026-01-01T00:28:42Z,O320_CLASS-SIM-01,O320_CLASS,RAPID_RESPONSE,132.97549623135154,17.0449298768704,1170.6979744925852,0.23183228166725522,28.88549222583417,660.6270926138714,53.73986356198237,60.833060413889136,11.006276913408845,0.8538028756575167,13.749513349910389,4.499812706376029,23.558393740511956,LANDING,ABNORMAL_VIBRATION,True,0.65,1.0,OK,42,54.98,3600.0,0.674577,3.206331,-0.123694,0.014807,6.011255,0.545656
2026-01-01T00:28:43Z,O320_CLASS-SIM-01,O320_CLASS,RAPID_RESPONSE,129.98872399919026,17.04112038582238,1163.2063085486352,0.23047488566422103,29.20661100836626,656.2724507838888,54.140020435212044,60.82489135296947,10.964109893962661,1.216000932882959,13.689111776460363,3.9631874560683364,23.747304122815382,LANDING,ABNORMAL_VIBRATION,True,0.65,1.0,OK,42,54.99,3600.0,1.086853,-0.991672,0.314574,-0.008649,0.287051,0.908394
2026-01-01T00:28:44Z,O320_CLASS-SIM-01,O320_CLASS,RAPID_RESPONSE,123.44255475548536,17.40043919061626,1162.9592105299523,0.22781269651705616,27.13215837628444,653.3147016189516,53.9619086144327,59.28554611826393,10.997867243689354,1.0348622666224476,13.696906284347776,4.436208930093362,23.70772996881562,LANDING,ABNORMAL_VIBRATION,True,0.65,1.0,OK,42,54.99,3600.0,-1.231194,-4.022379,0.195098,0.060176,2.759288,0.728171
2026-01-01T00:28:45Z,O320_CLASS-SIM-01,O320_CLASS,RAPID_RESPONSE,126.71870430806781,17.09243324956541,1160.6139146427693,0.22872934573493703,28.431258311570577,655.3826025076595,53.61124097459351,60.00965351744056,10.977338418526736,0.909129272294597,13.726054605920007,4.275560985090682,23.52255538128353,LANDING,ABNORMAL_VIBRATION,True,0.65,1.0,OK,42,55.02,3600.0,0.381795,-1.704434,-0.123975,0.032533,1.879272,0.602578
2026-01-01T00:28:46Z,O320_CLASS-SIM-01,O320_CLASS,RAPID_RESPONSE,123.62025767921924,17.060755741824707,1164.1126776222425,0.22876240295740355,28.446532593038363,657.8069294222076,54.39361808176187,60.647919552414606,10.95625603597743,0.9955136569818404,13.734635418170315,4.228202665007633,23.376012266123997,LANDING,ABNORMAL_VIBRATION,True,0.65,1.0,OK,42,55.06,3600.0,0.445753,0.769135,0.680388,0.013623,6.39764,0.689155
2026-01-01T00:28:47Z,O320_CLASS-SIM-01,O320_CLASS,RAPID_RESPONSE,121.37403433327444,17.2378901358219,1151.7182081577137,0.2284303060564471,28.08084425161133,657.0457816369134,54.21897284413197,59.29122711016275,11.044227065587563,1.031602643386802,13.727668462890993,4.321163239241224,23.341247753627908,LANDING,ABNORMAL_VIBRATION,True,0.65,1.0,OK,42,55.09,3600.0,-0.092772,-0.122455,0.525295,0.107322,-5.090027,0.725467
2026-01-01T00:28:48Z,O320_CLASS-SIM-01,O320_CLASS,RAPID_RESPONSE,118.41513351752101,17.141358618054333,1164.9226647831124,0.2252313577285005,27.10533148591277,657.5264997076406,53.88637086987386,60.692493001184474,10.883295678030096,0.7557754021116363,13.726132134085299,4.640941489275419,23.543674043034994,LANDING,ABNORMAL_VIBRATION,True,0.65,1.0,OK,42,55.18,3600.0,-0.779003,0.777671,0.244853,-0.014108,10.533414,0.450566
2026-01-01T00:28:49Z,O320_CLASS-SIM-01,O320_CLASS,RAPID_RESPONSE,116.61630360660686,17.16635128496361,1158.8318731461432,0.2268670470197799,29.786519894400058,659.355759909215,53.743071697286545,58.772722927858844,10.887858879623618,1.0286037049437478,13.68726004081434,4.323828347700857,23.622504587911436,LANDING,ABNORMAL_VIBRATION,True,0.65,1.0,OK,42,55.23,3600.0,1.806285,2.455222,0.119247,-0.025024,5.263184,0.723314
2026-01-01T00:28:50Z,O320_CLASS-SIM-01,O320_CLASS,RAPID_RESPONSE,114.15555436443348,17.362356375975843,1154.5146423175413,0.22738194949368373,28.957428630955278,655.0550085833638,54.14500291135702,60.22063335517405,10.988092685482407,0.9152672834342108,13.752504050496878,4.043595734817318,23.96842545352514,LANDING,ABNORMAL_VIBRATION,True,0.65,1.0,OK,42,55.3,3600.0,0.737248,-2.079097,0.527442,0.070636,1.236441,0.609962
2026-01-01T00:28:51Z,O320_CLASS-SIM-01,O320_CLASS,RAPID_RESPONSE,113.57224935492357,17.410988008068312,1150.192592737558,0.22743004476733297,27.980834826259922,654.1735959794004,52.49480872156557,62.33804375806382,10.906126933739642,0.6363334864557062,13.718132999050269,4.435463292314057,23.474167122045884,LANDING,ABNORMAL_VIBRATION,True,0.65,1.0,OK,42,55.46,3600.0,-0.294116,-3.009718,-1.118889,-0.011395,-2.906441,0.331055
2026-01-01T00:28:52Z,O320_CLASS-SIM-01,O320_CLASS,RAPID_RESPONSE,112.27080152647774,17.26035705627734,1161.4184079509862,0.2255332535729793,29.751241517736922,659.659098148141,53.49412300693125,59.07348896562527,10.88116971351767,1.1443931705166108,13.71054959024919,4.4151538902393455,23.706264209191836,LANDING,ABNORMAL_VIBRATION,True,0.65,1.0,OK,42,55.54,3600.0,1.750161,2.812543,-0.094153,-0.013585,9.49835,0.839614
2026-01-01T00:28:53Z,O320_CLASS-SIM-01,O320_CLASS,RAPID_RESPONSE,112.46295449679037,17.232867383558816,1154.6624431655566,0.22913763512972452,26.17350028829835,657.9787864437986,54.290530345343484,59.38818872703596,10.932602927219307,1.079824787225086,13.664145402938045,4.428125322680574,23.53137679484647,LANDING,ABNORMAL_VIBRATION,True,0.65,1.0,OK,42,55.59,3600.0,-1.979363,0.826508,0.677268,-0.002894,1.583596,0.774305
2026-01-01T00:28:54Z,O320_CLASS-SIM-01,O320_CLASS,RAPID_RESPONSE,109.90933130523483,17.23625679121705,1159.7104230060838,0.223775757959201,27.37144248580193,655.5742858115462,53.39342114544056,59.46220692798721,10.849003020566018,0.9529572640710307,13.720280188330216,4.5445380186802184,23.60354497615518,LANDING,ABNORMAL_VIBRATION,True,0.65,1.0,OK,42,55.62,3600.0,-0.506141,-1.076869,-0.173696,-0.024789,8.771668,0.64862
2026-01-01T00:28:55Z,O320_CLASS-SIM-01,O320_CLASS,RAPID_RESPONSE,107.6216287389377,17.14417733426109,1150.27015384361,0.22309859177181754,27.79237935337968,657.2763444625114,53.709656837811586,60.53961998481842,10.854162752224584,1.0176049916675156,13.68946311731972,4.449092709785086,23.499185160516845,LANDING,ABNORMAL_VIBRATION,True,0.65,1.0,OK,42,55.66,3600.0,0.071876,0.810118,0.183639,-0.008259,1.23744,0.713727
2026-01-01T00:28:56Z,O320_CLASS-SIM-01,O320_CLASS,RAPID_RESPONSE,104.64760247801024,17.480602868893502,1139.0803929607305,0.2227371608742806,28.449175414624538,656.5580019374613,52.48272610484095,60.634240480569275,10.919107886437004,1.0163126918145808,13.643824712083138,4.76234446343342,23.35917131228492,LANDING,ABNORMAL_VIBRATION,True,0.65,1.0,OK,42,55.68,3600.0,0.384894,-0.184546,-1.009699,0.064058,-8.394404,0.712783
2026-01-01T00:28:57Z,O320_CLASS-SIM-01,O320_CLASS,RAPID_RESPONSE,103.38237081053302,17.434781639030597,1148.947128151307,0.22216067021047953,27.14279023009836,659.8071724002328,53.430326960410966,59.067236546229815,10.90451292005176,0.9875287382364533,13.740692560412278,4.367182288371937,23.91211939944802,LANDING,ABNORMAL_VIBRATION,True,0.65,1.0,OK,42,55.68,3600.0,-0.82735,3.18547,-0.031127,0.058645,2.908667,0.684352
2026-01-01T00:28:58Z,O320_CLASS-SIM-01,O320_CLASS,RAPID_RESPONSE,102.8683779256449,17.330747319531515,1149.787830850907,0.22072574876171985,28.75561931669188,649.0417117456245,53.38901601430934,60.235558021050835,10.826067492055177,1.0030077317551371,13.73412382848621,4.0914517877852115,23.578745083510544,LANDING,ABNORMAL_VIBRATION,True,0.65,1.0,OK,42,55.67,3600.0,0.988224,-7.321114,-0.032948,-0.000865,5.58079,0.700381
2026-01-01T00:28:59Z,O320_CLASS-SIM-01,O320_CLASS,RAPID_RESPONSE,101.61092120709479,17.414221297844737,1154.1814747202832,0.22105687437709323,28.768585174925743,656.7027729188493,53.18779403327458,60.20278956045272,10.808998594866152,0.9710379046723919,13.709837445211521,4.012520811448982,23.510738513302925,LANDING,ABNORMAL_VIBRATION,True,0.65,1.0,OK,42,55.67,3600.0,0.9036,0.247807,-0.209862,-0.018983,11.101774,0.668575
2026-01-01T00:29:00Z,O320_CLASS-SIM-01,O320_CLASS,RAPID_RESPONSE,97.71112495138559,17.32230952170244,1141.4486513421618,0.22361689640077173,29.343584220069406,653.6859033193392,53.44296905008459,60.48958916820812,10.8018184380139,0.9776653142537156,13.69571708872765,4.672794135056097,23.476935137659606,LANDING,ABNORMAL_VIBRATION,True,0.65,1.0,OK,42,55.67,3600.0,1.461128,-2.904913,0.031586,-0.05398,-2.267645,0.674722
2026-01-01T00:29:01Z,O320_CLASS-SIM-01,O320_CLASS,RAPID_RESPONSE,98.84473904873202,16.98147881327396,1146.730980941341,0.22170184294783812,26.429617037338033,654.9220045058134,53.514922638461734,60.32783651642591,10.826840506876113,1.0440035559295247,13.761931196182179,4.030718120171577,23.938429898618423,LANDING,ABNORMAL_VIBRATION,True,0.65,1.0,OK,42,55.67,3600.0,-0.974258,-1.153683,0.116814,-0.007657,3.63029,0.741448
2026-01-01T00:29:02Z,O320_CLASS-SIM-01,O320_CLASS,RAPID_RESPONSE,98.52955254269023,17.496483959774313,1130.5226556451187,0.22048603143405657,28.383468830486194,650.833466183132,52.74453703138601,60.59651904740768,10.787055892423929,0.8492923850724295,13.738099320401659,3.9707505453359278,23.461739459324022,LANDING,ABNORMAL_VIBRATION,True,0.65,1.0,OK,42,55.68,3600.0,0.467303,-5.63364,-0.629432,-0.032329,-11.458509,0.547121
2026-01-01T00:29:03Z,O320_CLASS-SIM-01,O320_CLASS,RAPID_RESPONSE,94.02945531797417,17.45902538868196,1123.794667303142,0.21700465629629903,25.558192401280376,655.2812135495149,53.56764865709613,60.90130433509291,10.74755694196071,1.0733690306528045,13.69987350834305,4.5255148900435955,23.505864073696358,LANDING,ABNORMAL_VIBRATION,True,0.65,1.0,OK,42,55.67,3600.0,-2.12048,-0.800489,0.252414,-0.029254,-15.462586,0.772208
2026-01-01T00:29:04Z,O320_CLASS-SIM-01,O320_CLASS,RAPID_RESPONSE,88.87376228990817,17.52753548463998,1132.581208790703,0.21678493342903435,27.99546509094766,652.4326817395876,53.28033835636973,60.73437684164129,10.792373176574511,0.9896738826786404,13.73488389279538,3.9294239946273164,23.42686415312452,LANDING,ABNORMAL_VIBRATION,True,0.65,1.0,OK,42,55.65,3600.0,0.275915,-3.660662,0.009456,0.022553,-4.619131,0.688932
2026-01-01T00:29:05Z,O320_CLASS-SIM-01,O320_CLASS,RAPID_RESPONSE,91.46266451337569,17.448486920557446,1132.3611385871156,0.21912384046466976,27.913624939317376,656.1147849508525,53.32657523685035,60.89131775957467,10.776458948146544,0.7163769163367633,13.73750867911879,4.202277165684311,23.61875520694815,LANDING,ABNORMAL_VIBRATION,True,0.65,1.0,OK,42,55.74,3600.0,0.171037,-0.09893,0.059786,-0.017761,-4.649372,0.415333
2026-01-01T00:29:06Z,O320_CLASS-SIM-01,O320_CLASS,RAPID_RESPONSE,89.39108471095007,17.140992518086968,1115.4295041560251,0.21411126442128436,28.14703742128591,659.1016951808385,53.31534908290297,59.46144650758697,10.71548136005663,1.1785212024113092,13.665197422810591,4.691368003059467,23.792768795339008,LANDING,ABNORMAL_VIBRATION,True,0.65,1.0,OK,42,55.75,3600.0,1.013577,3.673612,0.111566,-0.020267,-18.658993,0.878735
2026-01-01T00:29:07Z,O320_CLASS-SIM-01,O320_CLASS,RAPID_RESPONSE,91.53541643813806,17.482938556456,1129.6316917522586,0.21604602586563634,28.58366742246869,654.1614950110965,52.726115089313346,60.07433630120532,10.706356668947873,1.1388704729034553,13.685725355656498,4.1834075963596735,23.6541561177707,LANDING,ABNORMAL_VIBRATION,True,0.65,1.0,OK,42,55.75,3600.0,0.982218,-1.758757,-0.455336,-0.047773,-3.421123,0.838997
2026-01-01T00:29:08Z,O320_CLASS-SIM-01,O320_CLASS,RAPID_RESPONSE,88.58643013218504,17.467950558944874,1134.141182526208,0.21263268541165956,28.688192886512272,658.878849091601,52.39048691843793,61.71012084592819,10.700240701378046,0.9523814460477041,13.706242441358912,4.137981733948117,23.47106020866295,LANDING,ABNORMAL_VIBRATION,True,0.65,1.0,OK,42,55.72,3600.0,1.290635,3.309539,-0.734157,-0.012794,3.722933,0.653482
2026-01-01T00:29:09Z,O320_CLASS-SIM-01,O320_CLASS,RAPID_RESPONSE,83.51115500196435,17.526074201597197,1127.481190750995,0.21138115535735108,26.185756992663084,652.4206707628772,52.900819660807876,60.68614395245048,10.69003651487497,1.1601886511197366,13.700036460174386,4.074308940236226,23.499891578081563,LANDING,ABNORMAL_VIBRATION,True,0.65,1.0,OK,42,55.69,3600.0,-1.189024,-3.05511,-0.168424,-0.004421,-0.36777,0.861944
2026-01-01T00:29:10Z,O320_CLASS-SIM-01,O320_CLASS,RAPID_RESPONSE,85.4260657309676,17.25263252954199,1141.7230324328652,0.2152536535511825,27.369090807704186,658.541235294062,52.953690443434134,60.52492913740027,10.688857559972211,1.079624258769325,13.682092487730616,4.127408698839076,23.594587436723252,LANDING,ABNORMAL_VIBRATION,True,0.65,1.0,OK,42,55.64,3600.0,0.11522,3.003562,-0.122043,-0.046611,13.573065,0.780774
2026-01-01T00:29:11Z,O320_CLASS-SIM-01,O320_CLASS,RAPID_RESPONSE,83.23895112889879,17.345993410401334,1133.199564160926,0.21070269650441426,24.782075863056285,653.6455358456938,53.38856324709223,60.284956473344415,10.679531379441508,0.911383564341993,13.70367936378916,4.289321749584746,23.246300967949526,LANDING,ABNORMAL_VIBRATION,True,0.65,1.0,OK,42,55.62,3600.0,-2.34176,-1.560435,0.362668,-0.003954,7.360958,0.613603
2026-01-01T00:29:12Z,O320_CLASS-SIM-01,O320_CLASS,RAPID_RESPONSE,79.84647056474779,17.498641590731232,1114.9536716108016,0.20924183515753056,26.892295266873223,655.4691687730025,53.03153330739498,59.84801633209882,10.666784665271077,1.0383755132078503,13.711660200522177,4.438604811943761,23.150339758384156,LANDING,ABNORMAL_VIBRATION,True,0.65,1.0,OK,42,55.6,3600.0,-0.308537,0.275943,0.058731,0.003543,-8.422668,0.741255
2026-01-01T00:29:13Z,O320_CLASS-SIM-01,O320_CLASS,RAPID_RESPONSE,79.26783651528574,17.474160584154312,1128.7843988005593,0.2137044200078552,26.391344853095116,657.7409220778679,52.49710935991633,60.393561239131174,10.67491279702717,0.9576173196102492,13.672730649583261,4.230278844441093,23.716685207910793,LANDING,ABNORMAL_VIBRATION,True,0.65,1.0,OK,42,55.59,3600.0,-0.994544,2.18369,-0.491231,-0.035819,4.687462,0.659737
2026-01-01T00:29:14Z,O320_CLASS-SIM-01,O320_CLASS,RAPID_RESPONSE,75.20888136044184,17.53011349491615,1130.1274061042282,0.21007318521033566,28.897596677648746,654.2383810629351,52.924216199456765,59.495366820946835,10.683772517080591,0.9254234095499977,13.721175802276983,3.9556208535184787,23.371786593026094,LANDING,ABNORMAL_VIBRATION,True,0.65,1.0,OK,42,55.59,3600.0,1.635963,-1.04069,-0.032056,0.013917,7.517684,0.628331
2026-01-01T00:29:15Z,O320_CLASS-SIM-01,O320_CLASS,RAPID_RESPONSE,75.69373817684978,17.722078573511187,1127.0141166193962,0.21369482449722219,27.89920141295504,656.5434148023518,53.214454774157346,61.478856692090154,10.729742988898723,0.9736800645143928,13.725813264710583,4.174631826984962,23.44032549473962,LANDING,ABNORMAL_VIBRATION,True,0.65,1.0,OK,42,55.59,3600.0,0.245755,0.750732,0.237736,0.020562,3.456133,0.675904
2026-01-01T00:29:16Z,O320_CLASS-SIM-01,O320_CLASS,RAPID_RESPONSE,70.67393960014707,17.292309196794292,1117.7677232643473,0.20640415031646378,26.78810978340781,656.9637557515482,52.682354598974534,60.35354165845138,10.604805496151194,0.9525539927839497,13.716736869316644,3.74618541760956,23.35199360473358,LANDING,ABNORMAL_VIBRATION,True,0.65,1.0,OK,42,55.61,3600.0,-0.0117,2.273625,-0.221876,-0.022091,-2.428465,0.656422
2026-01-01T00:29:17Z,O320_CLASS-SIM-01,O320_CLASS,RAPID_RESPONSE,69.76591126555526,17.610548886189346,1120.6967527459155,0.20856724307819535,27.014543875990654,655.9178503736622,53.023873196193804,59.88878264496713,10.616978983924183,0.944153089701287,13.695497716454366,4.610721754567684,23.40253914205083,LANDING,ABNORMAL_VIBRATION,True,0.65,1.0,OK,42,55.64,3600.0,-0.228675,0.746852,0.145697,-0.029793,1.708856,0.647938
2026-01-01T00:29:18Z,O320_CLASS-SIM-01,O320_CLASS,RAPID_RESPONSE,70.43449796817126,17.614888973242476,1129.289946637314,0.2063776308165076,28.744001104704292,654.6752712210416,53.859262126094684,60.57382105008138,10.577785218756594,1.0527755308442637,13.740974756259407,4.109574629160262,23.446527316929874,LANDING,ABNORMAL_VIBRATION,True,0.65,1.0,OK,42,55.64,3600.0,1.614035,-0.283703,1.026276,-0.04254,12.397837,0.757247
2026-01-01T00:29:19Z,O320_CLASS-SIM-01,O320_CLASS,RAPID_RESPONSE,69.41182907913462,17.504083679733203,1115.1007517368148,0.20544398431347013,29.17902886169106,651.9203695346283,52.89849809605301,60.66616311501794,10.629039090861989,0.7776525459703665,13.670620623168718,4.213462628901221,23.333838008319532,LANDING,ABNORMAL_VIBRATION,True,0.65,1.0,OK,42,55.68,3600.0,2.234115,-2.817214,0.10918,0.02224,0.23381,0.482622
2026-01-01T00:29:20Z,O320_CLASS-SIM-01,O320_CLASS,RAPID_RESPONSE,63.55864083293379,17.624713415085033,1108.5073316791277,0.2079291052138071,26.83059680297353,654.2856436893211,52.82359006558039,59.369998578077706,10.57895608411247,0.952339431775487,13.665950081024596,4.25493778012458,23.40006282534863,LANDING,ABNORMAL_VIBRATION,True,0.65,1.0,OK,42,55.73,3600.0,-0.354969,-0.775664,0.035163,-0.052631,-6.318287,0.656976
2026-01-01T00:29:21Z,O320_CLASS-SIM-01,O320_CLASS,RAPID_RESPONSE,62.825845097523214,17.493645653181648,1114.9974055240693,0.20510781909297604,27.520498077028435,656.2786813620139,53.73535422454495,61.19986792933602,10.528934432382462,1.0206665511414674,13.69197791106099,4.213906959692228,23.30148252079966,LANDING,ABNORMAL_VIBRATION,True,0.65,1.0,OK,42,55.74,3600.0,0.625175,1.610324,0.981464,-0.070633,1.773515,0.725987
2026-01-01T00:29:22Z,O320_CLASS-SIM-01,O320_CLASS,RAPID_RESPONSE,62.53645508703546,17.401671551946936,1108.069962178109,0.20420340223882905,26.63336690131636,651.8108638211415,53.13945969252812,60.6557045422615,10.528852791020062,0.8857975534765604,13.652716240799801,4.399364912984042,23.678988437428455,LANDING,ABNORMAL_VIBRATION,True,0.65,1.0,OK,42,55.76,3600.0,-0.103797,-2.664109,0.421297,-0.058315,-3.497004,0.591543
2026-01-01T00:29:23Z,O320_CLASS-SIM-01,O320_CLASS,RAPID_RESPONSE,61.583060725833555,17.47126989156347,1106.27404894725,0.20375918250211494,26.849114262578652,658.1370141525592,53.10086136355894,61.05333949366531,10.60038164166435,0.8931991541211012,13.676268879543587,4.072648928903165,23.252059907942133,LANDING,ABNORMAL_VIBRATION,True,0.65,1.0,OK,42,55.79,3600.0,0.068076,3.652348,0.413671,0.020544,-3.856517,0.599266
2026-01-01T00:29:24Z,O320_CLASS-SIM-01,O320_CLASS,RAPID_RESPONSE,60.45597442582793,17.730768528211556,1114.6508949114757,0.20501037894583657,24.70617903490696,657.9780630895295,52.06363370940307,60.1529605107437,10.613355471687457,1.066566921414248,13.66073214093631,3.776560708952417,23.470639397704065,LANDING,ABNORMAL_VIBRATION,True,0.65,1.0,OK,42,55.79,3600.0,-2.416733,3.135405,-0.616445,0.021485,4.850164,0.772521
2026-01-01T00:29:25Z,O320_CLASS-SIM-01,O320_CLASS,RAPID_RESPONSE,59.09960085398744,17.45475275664141,1112.1286136663348,0.20030278637394514,27.66347478767093,652.3690417982597,52.69475638512616,60.203887269304815,10.631053844626287,0.8996394023108962,13.680790781290195,4.134719653229849,23.744295362857756,LANDING,ABNORMAL_VIBRATION,True,0.65,1.0,OK,42,55.8,3600.0,1.088157,-1.760529,0.076354,0.092623,5.188206,0.606762
2026-01-01T00:29:26Z,O320_CLASS-SIM-01,O320_CLASS,RAPID_RESPONSE,57.77685104859651,17.622791614606612,1101.0185220989158,0.20143368366545106,27.698766838463055,652.2982518655261,52.63558562474532,61.422567642412076,10.571150398452062,0.9252250601478387,13.763795834949756,4.479118764771814,23.493465574017026,LANDING,ABNORMAL_VIBRATION,True,0.65,1.0,OK,42,55.81,3600.0,0.898715,-2.070946,0.04783,0.023977,-4.500559,0.632446
2026-01-01T00:29:27Z,O320_CLASS-SIM-01,O320_CLASS,RAPID_RESPONSE,56.91363311700829,17.602453047829854,1112.1824275073295,0.20115292038963833,25.22492313434365,660.9268159537228,52.04384996908018,60.50920765293069,10.56855152993986,1.0522968136846604,13.695466390074312,4.012385284867107,23.434407554104993,LANDING,ABNORMAL_VIBRATION,True,0.65,1.0,OK,42,55.79,3600.0,-1.528896,6.619755,-0.518548,0.026493,7.839355,0.759768
2026-01-01T00:29:28Z,O320_CLASS-SIM-01,O320_CLASS,RAPID_RESPONSE,54.05313605534427,17.6530608791188,1104.5390808023533,0.19869111344745446,29.236564150555846,655.7206476146144,52.66197893197719,59.770297492519795,10.49472101870062,0.9620799535252574,13.693057521440219,4.181160779821931,23.206180968324986,LANDING,ABNORMAL_VIBRATION,True,0.65,1.0,OK,42,55.76,3600.0,2.560278,1.602591,0.147197,-0.018027,2.404276,0.670289
2026-01-01T00:29:29Z,O320_CLASS-SIM-01,O320_CLASS,RAPID_RESPONSE,53.986948932631435,17.79937328197808,1103.1364591415174,0.20160191750351242,27.678152608471265,650.9734778623155,53.221493971296034,60.655211849087635,10.500357761882762,0.9427141578124246,13.727162756401034,4.072387144271631,23.47675230844782,LANDING,ABNORMAL_VIBRATION,True,0.65,1.0,OK,42,55.74,3600.0,0.706937,-3.532605,0.705923,-0.041938,0.965033,0.650515
2026-01-01T00:29:30Z,O320_CLASS-SIM-01,O320_CLASS,RAPID_RESPONSE,50.03999683183431,17.524588446623593,1106.5527061146483,0.19960492972169905,26.73179838346429,660.193104679672,52.86993381194039,61.008768242268715,10.662267295273578,1.0070117808838293,13.700837437645697,3.8435040328479797,23.33183906914258,LANDING,ABNORMAL_VIBRATION,True,0.65,1.0,OK,42,55.7,3600.0,0.170114,6.146378,0.377442,0.142561,5.451642,0.715283
2026-01-01T00:29:31Z,O320_CLASS-SIM-01,O320_CLASS,RAPID_RESPONSE,45.26267768351066,17.80439683415432,1091.0470112904027,0.2011388052972447,26.67515503587537,654.5055525572467,52.47729788092759,61.37499066122885,10.577408633738592,0.8871523516239277,13.66997243287034,4.23799247636489,23.248896267170554,LANDING,ABNORMAL_VIBRATION,True,0.65,1.0,OK,42,55.69,3600.0,-0.261495,0.054076,-0.017557,0.042461,-10.163668,0.595198
2026-01-01T00:29:32Z,O320_CLASS-SIM-01,O320_CLASS,RAPID_RESPONSE,44.33437472998913,17.771419146939827,1109.6287264442108,0.1978564963310788,27.18124416045097,653.0811682715969,52.75497724191656,61.14095120944844,10.494505745527112,0.960894351622151,13.652927936904604,4.232162433245967,23.21995919416699,LANDING,ABNORMAL_VIBRATION,True,0.65,1.0,OK,42,55.67,3600.0,0.445613,-1.038931,0.297881,-0.003959,10.169203,0.669705
2026-01-01T00:29:33Z,O320_CLASS-SIM-01,O320_CLASS,RAPID_RESPONSE,45.558036361803325,17.82411106026638,1094.5686321346755,0.19766757829964,27.86378990190597,652.0349545366932,52.07422606244027,60.076232362901465,10.562274243005316,1.0936939512122346,13.693371620391495,3.8164358291367297,23.54542400528223,LANDING,ABNORMAL_VIBRATION,True,0.65,1.0,OK,42,55.64,3600.0,1.087985,-2.102765,-0.353281,0.068089,-3.518637,0.802773
2026-01-01T00:29:34Z,O320_CLASS-SIM-01,O320_CLASS,RAPID_RESPONSE,40.82938996084249,17.755474961455548,1096.9257907712124,0.19992098902038202,28.30815298939249,651.6343429855406,52.47710867245902,59.80610128188983,10.474458956918602,0.9691728156904368,13.685984499557158,4.036679287867331,23.52476127248482,LANDING,ABNORMAL_VIBRATION,True,0.65,1.0,OK,42,55.62,3600.0,1.509968,-2.621524,0.043258,-0.042528,-1.455678,0.677895
2026-01-01T00:29:35Z,O320_CLASS-SIM-01,O320_CLASS,RAPID_RESPONSE,43.93940925236012,17.772468688388084,1096.9170873437954,0.1944520863477028,28.506360004894916,655.1652815944518,52.43645021293084,60.3294850845147,10.497921828187478,1.138202625065182,13.722594007524327,4.384635852494421,23.41293834849237,LANDING,ABNORMAL_VIBRATION,True,0.65,1.0,OK,42,55.59,3600.0,1.955848,1.383278,0.064267,0.040917,1.395569,0.848179
2026-01-01T00:29:36Z,O320_CLASS-SIM-01,O320_CLASS,RAPID_RESPONSE,42.63130182889776,17.898658491922387,1094.1915897995166,0.1926652525431132,26.675425831062544,657.7577271484786,52.04377356625092,60.32629831013564,10.478931039875954,0.9991640986704408,13.68378926976457,3.758332654103427,23.457401009042336,LANDING,ABNORMAL_VIBRATION,True,0.65,1.0,OK,42,55.57,3600.0,0.091974,4.041793,-0.262604,0.045436,1.721891,0.709924
2026-01-01T00:29:37Z,O320_CLASS-SIM-01,O320_CLASS,RAPID_RESPONSE,37.21825280477668,17.47550753051202,1108.0931051586863,0.19718739465760832,28.802243840755295,655.982207394865,52.59793939169734,60.554860717790305,10.452166731257163,0.9837609889282259,13.678522722413538,3.7021202592832485,23.317433417481173,LANDING,ABNORMAL_VIBRATION,True,0.65,1.0,OK,42,55.53,3600.0,2.487249,2.316948,0.283882,-0.026824,15.267233,0.693846
2026-01-01T00:29:38Z,O320_CLASS-SIM-01,O320_CLASS,RAPID_RESPONSE,38.60390510369355,17.57680566362788,1082.3352975893856,0.19584928499209225,26.013589562273882,654.9466951638032,52.69364694928591,60.62738375004143,10.42067102782278,1.180758556437746,13.717079414330454,3.969889216289169,23.35939746100898,LANDING,ABNORMAL_VIBRATION,True,0.65,1.0,OK,42,55.48,3600.0,-0.35119,1.296301,0.390332,-0.044129,-9.992336,0.891113
2026-01-01T00:29:39Z,O320_CLASS-SIM-01,O320_CLASS,RAPID_RESPONSE,35.560988809215374,17.725702444961254,1077.7149063538166,0.1955003154925233,27.310159260365996,647.9162138355488,52.47388093515628,61.662291677294284,10.386733660486067,0.876543367225291,13.68905225748868,4.372045666465033,23.526145522102127,LANDING,ABNORMAL_VIBRATION,True,0.65,1.0,OK,42,55.43,3600.0,0.804384,-5.844253,0.182199,-0.073301,-14.073246,0.587044
2026-01-01T00:29:40Z,O320_CLASS-SIM-01,O320_CLASS,RAPID_RESPONSE,32.01570911356433,17.834651111837115,1107.882846133987,0.1920839175350509,26.437544839210798,654.8887073655046,51.99749110705851,61.66663592902011,10.41033154395569,0.8267503450264836,13.678458214950188,4.113963854977411,23.233646918207256,LANDING,ABNORMAL_VIBRATION,True,0.65,1.0,OK,42,55.42,3600.0,-0.012798,1.335015,-0.24498,-0.011088,18.376939,0.538122
2026-01-01T00:29:41Z,O320_CLASS-SIM-01,O320_CLASS,RAPID_RESPONSE,32.119965749967,17.87854923268792,1078.4867339168457,0.1915392622314781,26.83943426286146,655.2971690196996,51.99789771443366,60.376481454745175,10.410634636215102,1.110609939475729,13.709485988834114,3.8511099412520258,23.420510175445155,LANDING,ABNORMAL_VIBRATION,True,0.65,1.0,OK,42,55.4,3600.0,0.380317,1.772104,-0.202564,-0.00192,-9.070889,0.822397
2026-01-01T00:29:42Z,O320_CLASS-SIM-01,O320_CLASS,RAPID_RESPONSE,29.381102442310723,17.87360429315347,1090.6251117726056,0.1967420930571369,25.98697249600512,653.1243060688981,51.926413023368006,59.42781632394261,10.39289202213287,0.9321237741577116,13.715723288869444,4.012178219535176,23.299750415381638,LANDING,ABNORMAL_VIBRATION,True,0.65,1.0,OK,42,55.39,3600.0,-0.708702,-0.841242,-0.306819,-0.074092,1.547703,0.642939
2026-01-01T00:29:43Z,O320_CLASS-SIM-01,O320_CLASS,RAPID_RESPONSE,27.59327085443693,17.67830875676403,1081.0960157022803,0.1887430772150687,27.989813213758197,658.0068338202387,51.38285084834655,60.48451939766072,10.420250350538002,1.0098506841077273,13.675512930882606,4.187670003685095,23.40105928128988,LANDING,ABNORMAL_VIBRATION,True,0.65,1.0,OK,42,55.37,3600.0,1.896293,4.939901,-0.777685,0.039247,-4.610012,0.722347
2026-01-01T00:29:44Z,O320_CLASS-SIM-01,O320_CLASS,RAPID_RESPONSE,28.21784929761198,17.71603986975475,1073.181827081741,0.19153647772583052,25.174824913922954,655.9870710864548,51.2784336545028,59.877331305756705,10.366737473662758,0.983649746330718,13.700824006379996,4.02488938657518,23.430821853785353,LANDING,ABNORMAL_VIBRATION,True,0.65,1.0,OK,42,55.34,3600.0,-1.078782,2.666687,-0.86339,-0.040638,-11.656361,0.695917
2026-01-01T00:29:45Z,O320_CLASS-SIM-01,O320_CLASS,RAPID_RESPONSE,26.132479546434105,17.811771159899237,1099.812909295673,0.19277418066791382,25.9260237584803,652.9451439560597,51.96774523721348,60.54187837570702,10.339871594600726,0.783628098984822,13.627665776664708,3.819960032528729,23.489949607108876,LANDING,ABNORMAL_VIBRATION,True,0.65,1.0,OK,42,55.36,3600.0,-0.486543,-0.571406,-0.175741,-0.079767,14.897592,0.495717
2026-01-01T00:29:46Z,O320_CLASS-SIM-01,O320_CLASS,RAPID_RESPONSE,23.10518180310883,17.833909042111387,1083.8643442749865,0.18732885846774297,26.300883386333698,655.4500471846128,52.19546773775911,61.03286906079386,10.442627107740615,1.0788084390778412,13.670981439203564,3.8273915001526846,23.61533456211846,LANDING,ABNORMAL_VIBRATION,True,0.65,1.0,OK,42,55.38,3600.0,0.133342,2.398981,0.116167,0.08261,1.925746,0.792157
2026-01-01T00:29:47Z,O320_CLASS-SIM-01,O320_CLASS,RAPID_RESPONSE,22.137919436659207,17.886310155132527,1073.4550049274796,0.18848374435543594,27.10039662448868,653.1983721242614,51.836965236023026,60.0195476644336,10.42998091037361,1.0513586818804015,13.70809929872431,4.017451806936473,23.143533233431395,LANDING,ABNORMAL_VIBRATION,True,0.65,1.0,OK,42,55.38,3600.0,0.836477,0.0229,-0.210148,0.061169,-6.990849,0.764812
2026-01-01T00:29:48Z,O320_CLASS-SIM-01,O320_CLASS,RAPID_RESPONSE,20.408523630123785,18.03020112158452,1076.9427276163458,0.1899548561247216,26.86530684386851,655.1676134970667,52.03696112471078,60.95786589025779,10.288141801043029,0.8660416274531433,13.713164135819751,3.975117730322775,23.480708757239476,LANDING,ABNORMAL_VIBRATION,True,0.65,1.0,OK,42,55.42,3600.0,0.381395,1.73363,-0.004895,-0.09467,-3.259318,0.57934
2026-01-01T00:29:49Z,O320_CLASS-SIM-01,O320_CLASS,RAPID_RESPONSE,18.097685095538697,17.798715042382575,1064.6127319828486,0.1867874003325874,26.80164924348707,654.9382653559987,51.428778238073264,61.18801991599319,10.303658182563634,1.0218791415607154,13.674404752678042,3.999172532313672,23.325854886267766,LANDING,ABNORMAL_VIBRATION,True,0.65,1.0,OK,42,55.43,3600.0,0.730891,2.021407,-0.571305,-0.044226,-13.651983,0.735944
2026-01-01T00:29:50Z,O320_CLASS-SIM-01,O320_CLASS,RAPID_RESPONSE,17.683619499721104,18.168237358845328,1079.6031954897358,0.18551330738939803,26.70512472567618,657.8360440055119,52.22285045668534,61.00349860267877,10.263720847165105,0.9916089604477218,13.683124221833555,3.718651685073253,23.303775537517115,LANDING,ABNORMAL_VIBRATION,True,0.65,1.0,OK,42,55.42,3600.0,0.301196,4.682399,0.268177,-0.067936,3.444437,0.70621
2026-01-01T00:29:51Z,O320_CLASS-SIM-01,O320_CLASS,RAPID_RESPONSE,15.162950971945495,17.808841214701204,1076.6229411814688,0.18565302580440213,26.965289181499912,653.479723941649,52.08254151412913,61.029659517447236,10.362185012294596,0.8737636441715647,13.62825247208946,4.0109433555238585,23.165715087305138,LANDING,ABNORMAL_VIBRATION,True,0.65,1.0,OK,42,55.44,3600.0,0.963924,0.695821,0.158634,0.031808,1.890985,0.588595
2026-01-01T00:29:52Z,O320_CLASS-SIM-01,O320_CLASS,RAPID_RESPONSE,13.203976596282704,17.9689903811223,1084.4741303139124,0.18901797893623368,24.987499275983517,649.5588597313009,52.034312795964475,60.43931829910166,10.265398078120521,1.0435793130967959,13.708481871267905,3.56880749086586,23.14869720782647,LANDING,ABNORMAL_VIBRATION,True,0.65,1.0,OK,42,55.44,3600.0,-1.34308,-3.667499,0.091758,-0.099473,8.877386,0.757811
2026-01-01T00:29:53Z,O320_CLASS-SIM-01,O320_CLASS,RAPID_RESPONSE,10.700426763623193,17.892327629316156,1078.0561487883167,0.1840137053195161,26.130018142792224,658.4018307098906,51.49335151043031,59.7222298574671,10.350468070985437,1.017605733473936,13.702695047449206,4.322426976390206,23.34088582874038,LANDING,ABNORMAL_VIBRATION,True,0.65,1.0,OK,42,55.42,3600.0,0.12421,5.687721,-0.402477,0.038853,4.62642,0.732886
2026-01-01T00:29:54Z,O320_CLASS-SIM-01,O320_CLASS,RAPID_RESPONSE,7.035844474734948,17.949549353117106,1066.630797927685,0.18676762349771106,27.191941597641293,648.7501675324899,52.38784848090754,60.99538879562178,10.29142937807854,0.885996523194912,13.73171166684887,3.3711523570945614,23.35546054888645,LANDING,ABNORMAL_VIBRATION,True,0.65,1.0,OK,42,55.41,3600.0,1.00602,-4.240399,0.492068,-0.04696,-6.796703,0.600912
2026-01-01T00:29:55Z,O320_CLASS-SIM-01,O320_CLASS,RAPID_RESPONSE,9.97344778602058,17.932526378726532,1075.076047128846,0.18353964240644885,25.064378398132657,650.6399668945156,52.10433453040043,59.734620731055365,10.22252939635333,1.0595614031520706,13.674249203383143,3.5581041362145864,23.294797360365404,LANDING,ABNORMAL_VIBRATION,True,0.65,1.0,OK,42,55.38,3600.0,-0.950076,-2.05054,0.247836,-0.081283,3.470302,0.77522
2026-01-01T00:29:56Z,O320_CLASS-SIM-01,O320_CLASS,RAPID_RESPONSE,7.817581776796952,17.95968917629538,1060.0567549683944,0.1836302737914737,27.21832400815656,658.1334139335544,52.36813793878361,59.43821245566383,10.332785639862404,0.9170244941455744,13.65477391759787,3.9226863722059386,23.56722213491617,LANDING,ABNORMAL_VIBRATION,True,0.65,1.0,OK,42,55.36,3600.0,1.181937,5.427172,0.538622,0.030383,-10.297626,0.632888
2026-01-01T00:29:57Z,O320_CLASS-SIM-01,O320_CLASS,RAPID_RESPONSE,6.793796316078586,17.815482529064507,1067.3901442002348,0.18298334886061363,23.871240876735285,648.3006598239905,51.825084902048374,60.37597378935966,10.189080716382136,0.9562175499273361,13.721640975946821,3.791024114592686,23.283778770430164,LANDING,ABNORMAL_VIBRATION,True,0.65,1.0,OK,42,55.33,3600.0,-1.967905,-4.191448,0.022707,-0.104769,-1.705627,0.672384
2026-01-01T00:29:58Z,O320_CLASS-SIM-01,O320_CLASS,RAPID_RESPONSE,4.190450908359287,18.044187724777444,1052.6249625161543,0.17952309094910593,25.443167939952907,650.3257514325836,52.321850535068926,60.74877060670025,10.216692652743975,1.0197675723059882,13.722639017369321,3.677907197932535,23.397931940267334,LANDING,ABNORMAL_VIBRATION,True,0.65,1.0,OK,42,55.3,3600.0,-0.470931,-2.077647,0.58054,-0.038346,-13.638733,0.736883
2026-01-01T00:29:59Z,O320_CLASS-SIM-01,O320_CLASS,RAPID_RESPONSE,3.741436202507327,18.171587811363654,1066.1105231436095,0.1831687166612971,25.26265131826786,658.6312263469708,51.80322825691718,61.15800281737535,10.245252839410252,0.9167753194069657,13.704726272083459,3.601131683188911,23.12181620348228,LANDING,ABNORMAL_VIBRATION,True,0.65,1.0,OK,42,55.28,3600.0,-0.950511,5.809081,0.061829,-0.045393,-0.157246,0.633405
