timestamp,engine_id,model_id,mission_id,altitude,ambient_temp,rpm,throttle,cht,egt,oil_pressure,oil_temp,fuel_flow,vibration_rms,battery_voltage,alternator_current,injection_timing,mission_phase,fault_label,fault_active,fault_severity,data_quality,sensor_status,simulation_seed,health_index,rul,cht_residual,egt_residual,oil_pressure_residual,fuel_flow_residual,rpm_residual,vibration_rms_residual
2026-01-01T00:00:00Z,AE300_CLASS-SIM-01,AE300_CLASS,LONG_ENDURANCE_LOITER,0.457075619631647,14.844002384063925,1172.0531583706452,0.8018811294327824,61.80567713804521,756.8602314329595,67.56452818142527,51.10521814433404,27.570392834897568,0.4200135658678845,27.483356788559732,9.647452297906566,26.88002634376462,TAKEOFF,HEALTHY,False,0.0,1.0,OK,42,90.95,3600.0,-2.53083,-3.777371,0.037215,-0.050867,4.514499,-0.038958
2026-01-01T00:00:01Z,AE300_CLASS-SIM-01,AE300_CLASS,LONG_ENDURANCE_LOITER,4.468639588229827,15.052070845782252,1401.8815740900789,0.8016634274940909,73.36494854044217,782.8311363330439,74.11469042663839,52.68231400774136,30.98060902957594,0.5965406483401766,27.559403262408505,11.913510692309439,27.82486924479229,TAKEOFF,HEALTHY,False,0.0,1.0,OK,42,90.93,3600.0,-1.45971,2.205859,-0.045298,-0.072793,-6.845268,0.054543
2026-01-01T00:00:02Z,AE300_CLASS-SIM-01,AE300_CLASS,LONG_ENDURANCE_LOITER,6.354019333885578,15.0187054985435,1594.347722954694,0.8027134938578677,85.25611575004349,794.4280648024582,78.95460212543966,53.64961229139352,33.698117676126145,0.6625050858493646,27.65041324344787,13.95036626194796,28.52176659293136,TAKEOFF,HEALTHY,False,0.0,1.0,OK,42,90.89,3600.0,2.592642,-1.417059,-0.256941,-0.001993,1.927989,0.05021
2026-01-01T00:00:03Z,AE300_CLASS-SIM-01,AE300_CLASS,LONG_ENDURANCE_LOITER,9.309222515070385,15.057321459013849,1735.0962352526094,0.8014467583632005,88.80064452139005,807.5331160801495,83.12899914132606,56.58118918318141,35.697597800580205,0.6997445074467115,27.725768142787995,16.029222259665048,29.325581342960863,TAKEOFF,HEALTHY,False,0.0,1.0,OK,42,90.89,3600.0,0.241604,0.428892,0.093179,0.050441,3.611876,0.030808
2026-01-01T00:00:04Z,AE300_CLASS-SIM-01,AE300_CLASS,LONG_ENDURANCE_LOITER,8.92537738132761,14.879827095324181,1834.6049537408367,0.802425948007217,92.77236216901446,820.327993473495,85.5725589617624,58.132583165667874,37.13696583573212,0.7003328701564102,27.781486326864805,17.5012330151507,29.784444158485204,TAKEOFF,HEALTHY,False,0.0,1.0,OK,42,90.95,3600.0,-0.147592,4.517126,-0.380515,-0.051695,-2.961389,-0.014551
2026-01-01T00:00:05Z,AE300_CLASS-SIM-01,AE300_CLASS,LONG_ENDURANCE_LOITER,15.07890974168878,14.857413461384956,1916.0079897446174,0.806345581392144,96.45028904794691,819.4479088593188,87.68924319176335,57.94841644377593,38.46442970543678,0.7584945435763873,27.842208017018564,18.286679733696474,30.043072389516333,TAKEOFF,HEALTHY,False,0.0,1.0,OK,42,91.07,3600.0,-0.401941,-3.899717,-0.521281,-0.036189,-3.647452,0.005716
2026-01-01T00:00:06Z,AE300_CLASS-SIM-01,AE300_CLASS,LONG_ENDURANCE_LOITER,17.605052257617672,14.845264685708631,1984.5937359335069,0.8042317036734222,98.9874356255917,827.2625403810183,89.37027066442656,60.50353525817006,39.3313670621606,0.7815386406778333,27.8640837213054,19.402575633278055,30.380554766184357,TAKEOFF,HEALTHY,False,0.0,1.0,OK,42,91.27,3600.0,-0.288053,-0.742683,-0.531957,0.02033,3.421834,0.001051
2026-01-01T00:00:07Z,AE300_CLASS-SIM-01,AE300_CLASS,LONG_ENDURANCE_LOITER,19.296716217680306,14.81011636430449,2028.4018336263655,0.8031068126135655,99.72321950074131,828.7477265296986,90.76763510790387,61.72103382138296,40.02336322319566,0.7866086221477064,27.919984368622323,19.8289154439335,30.59195976125962,TAKEOFF,HEALTHY,False,0.0,1.0,OK,42,91.48,3600.0,-1.389046,-2.813991,-0.407407,0.089018,0.945743,-0.015276
2026-01-01T00:00:08Z,AE300_CLASS-SIM-01,AE300_CLASS,LONG_ENDURANCE_LOITER,20.821795702207407,14.82473992187541,2058.7860665968597,0.8067293412556064,104.37359174443183,830.827883373098,92.41498671657955,62.80307265309249,40.60286768109582,0.7562736307098956,27.888662818351595,20.29798597269341,30.670548481300735,TAKEOFF,HEALTHY,False,0.0,1.0,OK,42,91.58,3600.0,1.274221,-4.535849,0.233766,0.011254,-5.258323,-0.064179
2026-01-01T00:00:09Z,AE300_CLASS-SIM-01,AE300_CLASS,LONG_ENDURANCE_LOITER,25.032778218285166,15.077766833698139,2091.8107455652976,0.8062863383480896,104.8345535384252,838.8034971681393,93.60250587019243,64.45747912993652,41.101036593644494,0.9010609547819782,27.851886253110788,20.67234393406388,30.6158023367222,TAKEOFF,HEALTHY,False,0.0,1.0,OK,42,91.6,3600.0,0.21263,0.968725,0.663004,0.124308,0.192489,0.067398
2026-01-01T00:00:10Z,AE300_CLASS-SIM-01,AE300_CLASS,LONG_ENDURANCE_LOITER,27.19306307304413,14.612941522310999,2119.578202684402,0.8088148138650618,103.73851553997233,837.3420341737021,93.72721524791189,65.53404164447939,41.549446385332146,0.9772101194777538,27.926553770193433,20.8870154537752,30.52738668629317,TAKEOFF,HEALTHY,False,0.0,1.0,OK,42,91.42,3600.0,-1.580148,-2.404391,0.184734,0.160222,6.033438,0.132048
2026-01-01T00:00:11Z,AE300_CLASS-SIM-01,AE300_CLASS,LONG_ENDURANCE_LOITER,30.95712274907131,14.67944772459234,2129.0033581819234,0.8089609915870656,106.31021005392485,844.7691291164886,94.11822047793788,65.68989381864459,41.64821730376349,0.7792888308071246,27.898695580195135,21.419723197588134,31.184464090466196,TAKEOFF,HEALTHY,False,0.0,1.0,OK,42,91.22,3600.0,0.145184,3.511321,0.117314,0.008049,-1.211406,-0.074139
2026-01-01T00:00:12Z,AE300_CLASS-SIM-01,AE300_CLASS,LONG_ENDURANCE_LOITER,33.52874511554266,14.930744259986792,2141.495352223789,0.808741223578277,105.92422267498392,841.0486062899456,95.3650479684688,66.06132699734991,41.988653944252086,0.8208034454687305,27.961779995290268,21.751409963102567,30.952410774001862,TAKEOFF,HEALTHY,False,0.0,1.0,OK,42,91.06,3600.0,-1.038879,-1.47403,1.019105,0.17246,-1.266215,-0.038769
2026-01-01T00:00:13Z,AE300_CLASS-SIM-01,AE300_CLASS,LONG_ENDURANCE_LOITER,36.04996732190796,14.667059623463368,2158.3810549125346,0.8111270700763555,106.15175342172765,840.5647036405556,94.76727467428437,68.97128704138072,42.13582203582587,0.8615184212479187,27.940950252298197,22.188029720098037,31.053702210479024,TAKEOFF,HEALTHY,False,0.0,1.0,OK,42,91.0,3600.0,-1.301623,-3.107811,0.134118,0.074188,5.175374,-0.004024
2026-01-01T00:00:14Z,AE300_CLASS-SIM-01,AE300_CLASS,LONG_ENDURANCE_LOITER,38.27249804263828,14.913165528731206,2166.391202686838,0.816034474946955,108.45853843729334,841.6022698889719,94.29755081982364,69.8401078266216,42.387010750464064,0.8631569810932981,27.918149331733566,22.36456518883041,30.890699768047075,TAKEOFF,HEALTHY,False,0.0,1.0,OK,42,91.02,3600.0,-0.258218,-4.242071,-0.606395,-0.008919,3.338619,-0.008901
2026-01-01T00:00:15Z,AE300_CLASS-SIM-01,AE300_CLASS,LONG_ENDURANCE_LOITER,40.324576138232935,14.825665685870023,2167.1350048306,0.8138786451554487,108.4140435754367,846.7301159383065,95.72554095658313,69.26336139052388,42.45639149506952,0.7825581571397334,27.934696876780837,21.779851741781513,30.9031111449057,TAKEOFF,HEALTHY,False,0.0,1.0,OK,42,90.94,3600.0,-0.279793,0.882732,0.640016,0.044623,-2.520445,-0.092118
2026-01-01T00:00:16Z,AE300_CLASS-SIM-01,AE300_CLASS,LONG_ENDURANCE_LOITER,43.12721589405132,14.660992595005988,2181.581552690771,0.8121620293793358,109.01998704416955,845.081667439045,95.08972856712977,70.73365912308945,42.56656210698588,0.9379705875434637,27.93303310460461,21.913020528297466,31.076373190649377,TAKEOFF,HEALTHY,False,0.0,1.0,OK,42,90.83,3600.0,0.46651,-0.601463,-0.114068,0.154547,7.625331,0.061672
2026-01-01T00:00:17Z,AE300_CLASS-SIM-01,AE300_CLASS,LONG_ENDURANCE_LOITER,47.585967409129054,14.719541559323613,2171.9143352402475,0.8159217203039966,109.59058201705973,854.0613968444635,96.20096899808848,69.79999362737527,42.62013856637228,0.8144403671368533,27.917695918552496,22.291973334494827,31.310928727183757,TAKEOFF,HEALTHY,False,0.0,1.0,OK,42,90.68,3600.0,0.281604,7.050473,0.868125,-0.012401,-6.73453,-0.065489
2026-01-01T00:00:18Z,AE300_CLASS-SIM-01,AE300_CLASS,LONG_ENDURANCE_LOITER,48.9063742433846,14.576878033989832,2168.0957508161305,0.8163413348255769,108.19613719041426,846.0464142923016,95.06139893549286,71.041529579306,42.624830120512065,0.8164321507228475,28.028257704875575,21.876277530441683,30.982651855536034,TAKEOFF,HEALTHY,False,0.0,1.0,OK,42,90.51,3600.0,-1.197575,-1.237985,-0.373576,-0.080004,-14.266981,-0.065514
2026-01-01T00:00:19Z,AE300_CLASS-SIM-01,AE300_CLASS,LONG_ENDURANCE_LOITER,55.53314807025975,15.092704519830505,2178.005498265438,0.8168560946790165,110.28166728242107,852.8409401585659,95.0965920930557,71.46538307163569,42.862102171431026,0.9038983224891464,27.92954125298874,22.279749646770707,30.95578965654023,TAKEOFF,HEALTHY,False,0.0,1.0,OK,42,90.44,3600.0,-0.013075,4.621986,-0.419061,0.084191,-7.290965,0.020232
2026-01-01T00:00:20Z,AE300_CLASS-SIM-01,AE300_CLASS,LONG_ENDURANCE_LOITER,55.198294939593566,14.598930765387546,2190.4993207603693,0.8174078640808805,110.69355438920066,851.2740445612516,95.68398181460789,72.48408210987485,42.89793954002499,0.886017410633188,27.91702421227435,22.466289636932185,31.16056420884676,TAKEOFF,HEALTHY,False,0.0,1.0,OK,42,90.49,3600.0,0.836205,3.222452,0.100892,0.063407,2.750583,0.00094
2026-01-01T00:00:21Z,AE300_CLASS-SIM-01,AE300_CLASS,LONG_ENDURANCE_LOITER,61.47308579672923,14.85683656870462,2193.929506487583,0.817918330025055,108.864102165552,852.1857818107096,95.79702311835761,73.06645186609465,42.86490231675027,0.9292722743467753,27.965209861482506,22.08513702474533,31.11625363781525,TAKEOFF,HEALTHY,False,0.0,1.0,OK,42,90.53,3600.0,-1.480194,3.54088,0.159538,-0.028227,4.202774,0.042958
2026-01-01T00:00:22Z,AE300_CLASS-SIM-01,AE300_CLASS,LONG_ENDURANCE_LOITER,61.506686917645894,14.610647797531215,2191.299706210951,0.8201633938342385,110.20234515930835,849.6704075373354,96.39915626191528,70.91477150448131,43.02681230282814,0.8968860767237482,27.959903365262686,22.350184322147996,30.93430530553097,TAKEOFF,HEALTHY,False,0.0,1.0,OK,42,90.63,3600.0,-0.262794,0.565823,0.69596,0.01119,-0.816523,0.008627
2026-01-01T00:00:23Z,AE300_CLASS-SIM-01,AE300_CLASS,LONG_ENDURANCE_LOITER,64.38088211446006,14.84382475434685,2184.543143763984,0.8230239523236926,110.31496033677877,849.449419701712,95.31640044413916,73.21776566174778,43.18791199607392,0.9164779900148702,28.018298461794746,22.855870637820964,31.27375258201693,TAKEOFF,HEALTHY,False,0.0,1.0,OK,42,90.74,3600.0,-0.883716,-0.802561,-0.466698,0.013461,-10.478613,0.025774
2026-01-01T00:00:24Z,AE300_CLASS-SIM-01,AE300_CLASS,LONG_ENDURANCE_LOITER,69.28256845591837,14.632515640477411,2202.873678639642,0.8216290803151529,111.03499579281431,848.035083913425,96.2849512091244,72.87612309737261,43.22380169781982,0.882926375583555,27.99673122842143,22.7668227730331,31.490488785270983,TAKEOFF,HEALTHY,False,0.0,1.0,OK,42,90.91,3600.0,0.075595,-1.86853,0.45816,0.072824,6.263099,-0.008178
2026-01-01T00:00:25Z,AE300_CLASS-SIM-01,AE300_CLASS,LONG_ENDURANCE_LOITER,70.54060648115241,14.312805072763124,2198.3019596146414,0.8208041337629586,110.47690242449984,854.5776421176297,96.17308259008952,73.63153733425831,43.18153010532907,0.8941762139671756,27.90204329300037,22.37764180928077,31.273259792894134,TAKEOFF,HEALTHY,False,0.0,1.0,OK,42,91.13,3600.0,-0.120795,5.095858,0.322525,0.048194,0.827147,0.002893
2026-01-01T00:00:26Z,AE300_CLASS-SIM-01,AE300_CLASS,LONG_ENDURANCE_LOITER,73.95519027638225,14.621869776389222,2184.3448108982952,0.8246828075321346,111.44330850362445,851.8571027159717,96.6578498868513,72.7942918279341,43.271282564025576,0.9204478811692827,27.888227484001625,23.058062753970585,31.29044747185025,TAKEOFF,HEALTHY,False,0.0,1.0,OK,42,91.3,3600.0,-0.058707,0.979803,0.748437,-0.050809,-15.270201,0.026758
2026-01-01T00:00:27Z,AE300_CLASS-SIM-01,AE300_CLASS,LONG_ENDURANCE_LOITER,76.2698759787651,14.42685845077173,2207.6327641277085,0.8271369431119782,111.84904701804851,851.7018030310142,96.09490596087026,74.1130802840908,43.361471324860574,0.8881199411362919,27.96758305391922,22.95067000304141,31.084897989538394,TAKEOFF,HEALTHY,False,0.0,1.0,OK,42,91.52,3600.0,0.109177,0.227008,0.115018,-0.098297,5.455021,-0.007709
2026-01-01T00:00:28Z,AE300_CLASS-SIM-01,AE300_CLASS,LONG_ENDURANCE_LOITER,77.59026423229841,14.716662776593289,2198.2377271636838,0.8242814258913453,112.00421328390509,853.7535010503011,96.01981995605003,76.253729768256,43.48469326378397,0.9339692650719114,27.975145523590886,23.38382563257502,31.221197982307007,TAKEOFF,HEALTHY,False,0.0,1.0,OK,42,91.67,3600.0,0.257334,2.555043,0.017874,0.123088,-4.742112,0.038664
2026-01-01T00:00:29Z,AE300_CLASS-SIM-01,AE300_CLASS,LONG_ENDURANCE_LOITER,77.55027211745579,14.717027043116461,2201.7102183905095,0.827067612740538,113.63728682507202,847.2440285346819,95.49189689985043,74.02023514245666,43.44814786661713,0.9169579932313975,27.974664821597756,22.80274235824892,31.048206662996428,TAKEOFF,HEALTHY,False,0.0,1.0,OK,42,91.81,3600.0,1.487048,-4.729996,-0.557068,-0.047982,-2.97942,0.019862
2026-01-01T00:00:30Z,AE300_CLASS-SIM-01,AE300_CLASS,LONG_ENDURANCE_LOITER,79.86817817838438,14.466486371141892,2203.0561531489575,0.8286965493212111,113.04017563486082,852.4566543536703,96.43692098649085,75.81495675205599,43.58977958869583,0.8665383155441475,27.947216245894808,22.81286939723728,31.391240619338237,TAKEOFF,HEALTHY,False,0.0,1.0,OK,42,91.94,3600.0,0.832479,0.181141,0.335439,-0.002297,-3.543175,-0.032097
2026-01-01T00:00:31Z,AE300_CLASS-SIM-01,AE300_CLASS,LONG_ENDURANCE_LOITER,85.52049935277425,14.518452866137595,2205.9217383816317,0.8284686193690475,113.3981614639359,846.8268551435406,95.55060922530492,74.58213083239617,43.47990002898654,0.8687914606095177,27.985071496474347,22.702087197810087,31.305786773455793,TAKEOFF,HEALTHY,False,0.0,1.0,OK,42,92.03,3600.0,1.031645,-5.608532,-0.586122,-0.131265,-1.959403,-0.030487
2026-01-01T00:00:32Z,AE300_CLASS-SIM-01,AE300_CLASS,LONG_ENDURANCE_LOITER,90.52271513395507,14.621375142062377,2208.707050204921,0.8323368014087685,112.63129847177657,850.3995828639407,95.90527277458067,74.78979491560204,43.6284021841366,0.8842602725501614,27.98792337366113,23.33730962109671,31.076685291914565,TAKEOFF,HEALTHY,False,0.0,1.0,OK,42,92.12,3600.0,-0.471744,-3.268827,-0.298272,-0.179204,-1.603683,-0.017601
2026-01-01T00:00:33Z,AE300_CLASS-SIM-01,AE300_CLASS,LONG_ENDURANCE_LOITER,92.25590786905654,14.248085075793037,2213.9103515646307,0.8302933822541801,110.32285994476403,855.6797393315335,95.93890515773424,75.78634052727847,43.67916371706943,0.8719807051497608,27.97357560396642,22.797696073112963,31.341158803913558,TAKEOFF,HEALTHY,False,0.0,1.0,OK,42,92.2,3600.0,-2.233995,2.746509,-0.29258,-0.065751,2.583616,-0.029739
2026-01-01T00:00:34Z,AE300_CLASS-SIM-01,AE300_CLASS,LONG_ENDURANCE_LOITER,94.98732722533771,14.584210359440336,2209.5752639967714,0.82852776584779,114.28180899803135,852.4881214901945,96.7508726940124,76.74471746252003,43.79706539401377,0.9181669707504743,28.035176041143814,23.510859816195477,31.310078076910163,TAKEOFF,HEALTHY,False,0.0,1.0,OK,42,92.29,3600.0,1.558909,-0.407618,0.518361,0.116813,-1.788787,0.016984
2026-01-01T00:00:35Z,AE300_CLASS-SIM-01,AE300_CLASS,LONG_ENDURANCE_LOITER,97.46250811219782,14.529491579175513,2207.4353931536634,0.833073548152644,113.05215206186412,854.6307612538061,95.91224709785622,75.2342465887023,43.74209654117725,0.8532356179720351,27.939460650701992,22.83304134237966,31.59804029101909,TAKEOFF,HEALTHY,False,0.0,1.0,OK,42,92.31,3600.0,-0.268219,0.581329,-0.369382,-0.148027,-5.714772,-0.050403
2026-01-01T00:00:36Z,AE300_CLASS-SIM-01,AE300_CLASS,LONG_ENDURANCE_LOITER,101.65899005486096,14.205686332548755,2217.163801806506,0.8325191768606327,112.90749703230242,854.6061450911949,96.60369767522103,76.45235362033404,43.99182923320909,0.8531745894510893,27.958730703258,23.73349479777933,31.348682351589336,TAKEOFF,HEALTHY,False,0.0,1.0,OK,42,92.3,3600.0,-0.129218,0.876464,0.292381,0.10073,2.934114,-0.05088
2026-01-01T00:00:37Z,AE300_CLASS-SIM-01,AE300_CLASS,LONG_ENDURANCE_LOITER,104.92759953768704,14.345672471170426,2220.1658976492395,0.8341456928704739,113.24713269143436,852.240086071867,96.556398206034,76.1619682387617,44.02945448192153,0.9544423098334245,27.973805827132864,22.901490752857125,31.391065200344936,TAKEOFF,HEALTHY,False,0.0,1.0,OK,42,92.25,3600.0,-0.231068,-2.150761,0.206157,0.047695,4.520767,0.049083
2026-01-01T00:00:38Z,AE300_CLASS-SIM-01,AE300_CLASS,LONG_ENDURANCE_LOITER,105.09254597223594,14.45422095770866,2204.647954208639,0.8345139704489479,111.07223682905654,850.5719371345574,97.01410241536523,77.78226477584654,44.007884065163026,0.8390334736250964,27.84122925188369,22.85748204659774,31.693771692673984,TAKEOFF,HEALTHY,False,0.0,1.0,OK,42,92.11,3600.0,-2.615105,-4.117424,0.63035,-0.006854,-12.215757,-0.067074
2026-01-01T00:00:39Z,AE300_CLASS-SIM-01,AE300_CLASS,LONG_ENDURANCE_LOITER,108.98565974052882,14.211897490425908,2222.0881276745204,0.8329891944051222,113.46557059121764,855.3722420917572,96.39915027740105,77.82041532712321,44.133287778496566,0.9377620422342983,27.932940097472933,23.323043787112308,31.582781132587762,TAKEOFF,HEALTHY,False,0.0,1.0,OK,42,92.02,3600.0,0.136081,1.214537,0.007973,0.168511,4.954403,0.031979
2026-01-01T00:00:40Z,AE300_CLASS-SIM-01,AE300_CLASS,LONG_ENDURANCE_LOITER,109.655886831634,14.144623429420594,2229.545794002643,0.8366543490636469,115.86904985444231,854.1903754705552,97.13014135965285,77.37885402563347,44.1896895609065,0.9791407048642043,27.94666776354841,22.804542140790186,31.278881437380868,TAKEOFF,HEALTHY,False,0.0,1.0,OK,42,91.86,3600.0,2.087765,-0.883042,0.693856,0.054273,10.771776,0.071286
2026-01-01T00:00:41Z,AE300_CLASS-SIM-01,AE300_CLASS,LONG_ENDURANCE_LOITER,114.56738981485361,14.024858361395145,2226.018713915479,0.8368854203277275,115.72844034575843,849.0615241639625,96.15884688511844,75.94508544445651,44.186245427982705,0.920914369274291,27.954632320942245,23.04406233564522,31.3300098598075,TAKEOFF,HEALTHY,False,0.0,1.0,OK,42,91.76,3600.0,1.914218,-6.098585,-0.312308,0.014679,5.97672,0.012274
2026-01-01T00:00:42Z,AE300_CLASS-SIM-01,AE300_CLASS,LONG_ENDURANCE_LOITER,116.97174902759659,14.090386260375201,2227.8641660084845,0.8402142208296599,114.92925971789354,857.659957852143,96.68358410972417,79.21311109700349,44.292258087302386,0.8969918136250123,27.93232244667477,22.84361551482359,31.174935692053868,TAKEOFF,HEALTHY,False,0.0,1.0,OK,42,91.73,3600.0,0.517865,1.458408,0.150799,-0.048836,5.581058,-0.013942
2026-01-01T00:00:43Z,AE300_CLASS-SIM-01,AE300_CLASS,LONG_ENDURANCE_LOITER,118.11124847459809,14.213009053863301,2226.6150083054554,0.8399170989319192,113.62617635162862,858.9586459063171,96.92029661869965,77.4460809224208,44.32001797280931,0.936531234269146,27.97064413284496,22.752100257610646,31.359126630538384,TAKEOFF,HEALTHY,False,0.0,1.0,OK,42,91.73,3600.0,-0.959139,2.556338,0.344337,-0.034711,2.761949,0.024878
2026-01-01T00:00:44Z,AE300_CLASS-SIM-01,AE300_CLASS,LONG_ENDURANCE_LOITER,122.6152759403338,14.070601337582392,2226.961672369867,0.8378310957702252,116.55131939224883,860.2691230010723,96.51126833661378,77.9834703781697,44.27635414240797,0.8608581082042245,27.952035234869744,22.898170754880216,31.484199442783396,TAKEOFF,HEALTHY,False,0.0,1.0,OK,42,91.7,3600.0,2.281027,4.419035,-0.073142,-0.007545,2.801281,-0.050308
2026-01-01T00:00:45Z,AE300_CLASS-SIM-01,AE300_CLASS,LONG_ENDURANCE_LOITER,127.99594479612199,14.011007792085605,2221.127589683823,0.8421375634032865,117.10188337762156,853.6892295154814,96.77428667662967,79.31012069017095,44.383649764353756,0.8562878385981696,27.947502959017175,23.096936527135565,31.506646130700382,TAKEOFF,HEALTHY,False,0.0,1.0,OK,42,91.6,3600.0,2.216679,-3.296915,0.138914,-0.108112,-4.88596,-0.057341
2026-01-01T00:00:46Z,AE300_CLASS-SIM-01,AE300_CLASS,LONG_ENDURANCE_LOITER,128.14026735750906,13.903200135498125,2231.954113553696,0.8414375148178813,116.85762315127991,855.6919365206799,96.41304474277221,78.30461572601807,44.59038762607565,0.9351431017683467,27.897683841922607,23.447857507423326,31.237325798282246,TAKEOFF,HEALTHY,False,0.0,1.0,OK,42,91.56,3600.0,2.11086,-1.125242,-0.253421,0.109231,4.809914,0.021167
2026-01-01T00:00:47Z,AE300_CLASS-SIM-01,AE300_CLASS,LONG_ENDURANCE_LOITER,130.90846972293798,13.93782872357903,2232.826324115444,0.8419053207099038,113.72708426043037,859.7854782600144,96.84554693452719,77.40095603755992,44.693591533095194,0.8961924663534162,27.967052271033864,23.400488269824567,31.307238617013887,TAKEOFF,HEALTHY,False,0.0,1.0,OK,42,91.57,3600.0,-1.194786,2.714024,0.15147,0.174132,4.678081,-0.018491
2026-01-01T00:00:48Z,AE300_CLASS-SIM-01,AE300_CLASS,LONG_ENDURANCE_LOITER,134.04003777343323,14.053315481258624,2228.1759102180404,0.8471697297240511,114.23567597773919,851.368898559485,97.49899955577808,80.1638521781502,44.64416634333767,0.8299078562188258,27.95400858177407,23.267348265520607,31.379417116581973,TAKEOFF,HEALTHY,False,0.0,1.0,OK,42,91.42,3600.0,-1.604805,-7.29807,0.728167,-0.132368,-2.76345,-0.088023
2026-01-01T00:00:49Z,AE300_CLASS-SIM-01,AE300_CLASS,LONG_ENDURANCE_LOITER,134.44102904822833,14.202211949149248,2236.083766092878,0.8423815591307319,116.69158535556598,864.2104083027609,96.88871804740823,77.78051942434081,44.72197761413927,0.9457964361049228,27.89786082282396,23.43596783618066,31.357054161994437,TAKEOFF,HEALTHY,False,0.0,1.0,OK,42,91.32,3600.0,1.261402,6.470829,0.111551,0.132214,4.91407,0.029354
2026-01-01T00:00:50Z,AE300_CLASS-SIM-01,AE300_CLASS,LONG_ENDURANCE_LOITER,141.66062640832294,14.071096312151477,2245.44182498843,0.8440888149007323,116.7405232268826,859.6957261926309,96.45751056050219,78.28489443110888,44.86531837246892,0.9045841567372809,27.900068713648803,23.414852353978944,31.287979373667508,TAKEOFF,HEALTHY,False,0.0,1.0,OK,42,91.3,3600.0,1.10039,1.563874,-0.340118,0.184241,13.528075,-0.012905
2026-01-01T00:00:51Z,AE300_CLASS-SIM-01,AE300_CLASS,LONG_ENDURANCE_LOITER,141.15315525867084,14.0669285012139,2223.1810310559244,0.8439909055435808,116.79849620913706,857.676618704607,95.73168145180163,78.86490653247664,44.87103338422802,0.8880759197252912,27.915733342929933,23.70436966718164,31.483465647396173,TAKEOFF,HEALTHY,False,0.0,1.0,OK,42,91.29,3600.0,1.157185,-0.470325,-1.080637,0.186647,-9.266913,-0.029649
2026-01-01T00:00:52Z,AE300_CLASS-SIM-01,AE300_CLASS,LONG_ENDURANCE_LOITER,148.01834786847053,14.124139400919852,2239.1881110864397,0.847814292287931,117.42860834934248,861.2296074427366,97.4863164540385,77.81542297660384,44.890745528863256,0.8996867590580504,28.00069776092947,23.93668156999664,31.369958413179827,TAKEOFF,HEALTHY,False,0.0,1.0,OK,42,91.31,3600.0,1.089413,1.924409,0.624158,0.014807,4.92779,-0.020347
2026-01-01T00:00:53Z,AE300_CLASS-SIM-01,AE300_CLASS,LONG_ENDURANCE_LOITER,146.58506163053258,14.090167139136026,2236.1070740699383,0.8509781813803539,113.63474789430286,857.504046114636,96.60816627539315,76.34431714360831,44.921285499633406,0.8811111106249224,27.961680463001173,23.854637039988127,31.409748103846507,TAKEOFF,HEALTHY,False,0.0,1.0,OK,42,91.3,3600.0,-3.152783,-2.713971,-0.326674,-0.118884,-0.796222,-0.041339
2026-01-01T00:00:54Z,AE300_CLASS-SIM-01,AE300_CLASS,LONG_ENDURANCE_LOITER,148.45377941959327,14.016456818817971,2246.524469966694,0.8480480823677703,115.57383862644944,861.7225232437349,96.89776574987776,78.92258598471028,45.04057405342191,0.9549153589585464,27.928980303773415,23.5507362038589,31.42262774388289,TAKEOFF,HEALTHY,False,0.0,1.0,OK,42,91.3,3600.0,-0.850947,2.163771,-0.059868,0.10191,8.792336,0.033003
2026-01-01T00:00:55Z,AE300_CLASS-SIM-01,AE300_CLASS,LONG_ENDURANCE_LOITER,150.9539413916216,13.772422752264141,2245.332991349598,0.85022402116149,115.62441874450955,860.2293663570966,97.54225905863078,76.48693359268943,45.013938953355044,0.8828585930392735,28.029489188527506,23.672788468078974,31.577054244025266,TAKEOFF,HEALTHY,False,0.0,1.0,OK,42,91.28,3600.0,-0.921413,0.262611,0.544747,-0.038061,6.15072,-0.04057
2026-01-01T00:00:56Z,AE300_CLASS-SIM-01,AE300_CLASS,LONG_ENDURANCE_LOITER,153.8453141768662,13.82095850759831,2245.019587808509,0.8519684005137228,117.86281072604227,860.3135857246575,97.19699920116946,78.61121580065095,45.212803193321804,0.9617524761453329,27.906905589270597,22.9475191520504,31.619945275348197,TAKEOFF,HEALTHY,False,0.0,1.0,OK,42,91.27,3600.0,0.935733,-0.284576,0.151451,0.059446,4.090576,0.036793
2026-01-01T00:00:57Z,AE300_CLASS-SIM-01,AE300_CLASS,LONG_ENDURANCE_LOITER,160.11492097322625,13.817739880406332,2230.2178430026897,0.8529758474197923,118.55587753479601,866.2130426244081,97.34134290577964,78.21019603238695,45.1750047276568,0.9270016669307297,27.960388148257778,23.350903363487586,31.78472503859336,TAKEOFF,HEALTHY,False,0.0,1.0,OK,42,91.35,3600.0,1.344596,5.183183,0.250876,-0.054258,-12.344594,0.000776
2026-01-01T00:00:58Z,AE300_CLASS-SIM-01,AE300_CLASS,LONG_ENDURANCE_LOITER,163.7888637142193,14.123185080311092,2238.142196440568,0.8554137423522983,118.37391053789814,862.7599358580428,97.7085234738636,79.11380436728462,45.33550443401939,0.9561970335081974,27.986648494203674,23.154101165390195,31.497684511938438,TAKEOFF,HEALTHY,False,0.0,1.0,OK,42,91.43,3600.0,0.40927,0.637136,0.559012,-0.030687,-6.567302,0.027985
2026-01-01T00:00:59Z,AE300_CLASS-SIM-01,AE300_CLASS,LONG_ENDURANCE_LOITER,163.05460095061522,13.742746078576218,2257.7119862853056,0.8580876203114011,119.50626245327429,862.5767527755938,97.7911112280592,78.62995449954863,45.36583807759532,0.8793805689550487,27.989554427112225,23.741097871972027,31.2974746389583,TAKEOFF,HEALTHY,False,0.0,1.0,OK,42,91.47,3600.0,1.48313,-0.015956,0.56752,-0.147897,10.308663,-0.051131
2026-01-01T00:01:00Z,AE300_CLASS-SIM-01,AE300_CLASS,LONG_ENDURANCE_LOITER,166.5898709989418,13.904707232088144,2259.872983517175,0.8573439822125825,117.9513055981596,862.9004239258805,97.2403720922901,78.4917217471121,45.35134695234296,0.9228406148766857,27.944488618426398,23.381721897835856,31.577288291355444,TAKEOFF,HEALTHY,False,0.0,1.0,OK,42,91.57,3600.0,-0.273761,0.134144,-0.03007,-0.164641,10.765985,-0.008349
2026-01-01T00:01:01Z,AE300_CLASS-SIM-01,AE300_CLASS,LONG_ENDURANCE_LOITER,170.0313414343443,13.630604984405899,2247.7817147583864,0.8584728842532814,119.51083989025925,865.4181441767971,97.2751248916791,77.98904001545382,45.41394870761924,0.9461969783811692,27.990161361412586,24.176887284799417,31.673335993441455,TAKEOFF,HEALTHY,False,0.0,1.0,OK,42,91.71,3600.0,1.293952,2.482093,-0.041758,-0.179314,-3.01402,0.0137
2026-01-01T00:01:02Z,AE300_CLASS-SIM-01,AE300_CLASS,LONG_ENDURANCE_LOITER,172.02387923742546,13.693924673726427,2247.7568807708285,0.8578418697970285,118.06883520350128,861.2699965018376,97.40854040785882,78.32084685030934,45.50402045689247,0.945757583537974,27.959567906440004,23.8978276282147,31.557055145848278,TAKEOFF,HEALTHY,False,0.0,1.0,OK,42,91.88,3600.0,-0.210258,-1.690755,0.063979,-0.082674,-4.045368,0.012926
2026-01-01T00:01:03Z,AE300_CLASS-SIM-01,AE300_CLASS,LONG_ENDURANCE_LOITER,173.29085649836264,13.790313831420189,2261.4048541984903,0.8560091743078648,115.77785915082602,858.0175500870646,97.34496090548406,78.81622843223684,45.59743730390019,0.9874338369664666,27.869391520716473,23.977321840432683,31.75802724352352,TAKEOFF,HEALTHY,False,0.0,1.0,OK,42,91.95,3600.0,-2.393825,-4.628136,-0.000323,0.082073,9.576359,0.055196
2026-01-01T00:01:04Z,AE300_CLASS-SIM-01,AE300_CLASS,LONG_ENDURANCE_LOITER,176.0861066304402,13.78747346767596,2247.4196306550252,0.8574705671671042,118.30360817729593,867.5706094202642,98.19579554104908,78.54408836645996,45.781642863578156,0.9354499653373598,28.04710966670487,23.864534490585424,31.5512086357968,TAKEOFF,HEALTHY,False,0.0,1.0,OK,42,92.08,3600.0,-0.10989,4.512882,0.83528,0.194079,-4.962752,0.002392
2026-01-01T00:01:05Z,AE300_CLASS-SIM-01,AE300_CLASS,LONG_ENDURANCE_LOITER,181.10376726451983,14.30321694079402,2259.998002012893,0.8587706561252823,120.18595741209602,862.9037712887216,97.18568499989138,79.64067311235954,45.732105454566685,0.9474393098754806,27.978178401634462,24.027518503339472,31.60303477569876,TAKEOFF,HEALTHY,False,0.0,1.0,OK,42,92.23,3600.0,0.984811,-1.095435,-0.198458,0.070307,6.756452,0.013427
2026-01-01T00:01:06Z,AE300_CLASS-SIM-01,AE300_CLASS,LONG_ENDURANCE_LOITER,180.42788293427523,13.908319233624763,2248.5136669545827,0.8582265128399923,119.0491097123775,864.495618672169,97.13108680551082,79.6125817406396,45.71266665975648,0.9176459355515614,27.954880834272508,23.946623966265317,31.588860945712526,TAKEOFF,HEALTHY,False,0.0,1.0,OK,42,92.39,3600.0,0.298313,0.984473,-0.265402,0.067084,-5.176833,-0.016407
2026-01-01T00:01:07Z,AE300_CLASS-SIM-01,AE300_CLASS,LONG_ENDURANCE_LOITER,184.5992716866758,13.898920179396212,2257.1772907987465,0.8582531445304132,116.77793255687774,864.5698650546921,97.38081224805723,78.85533148303863,45.85453086191639,0.9471642482032057,28.01683843097082,23.66136238929251,31.378978460499763,TAKEOFF,HEALTHY,False,0.0,1.0,OK,42,92.56,3600.0,-2.041225,0.996668,-0.023686,0.196264,3.195536,0.012898
2026-01-01T00:01:08Z,AE300_CLASS-SIM-01,AE300_CLASS,LONG_ENDURANCE_LOITER,187.24890310205782,13.815559722297529,2266.7990489739814,0.862100284086484,116.27122187947592,860.177384044398,97.14245495113683,78.50546201198941,45.894774926448456,0.9398064977337311,27.967119080420265,24.343626611979396,31.46111598590866,TAKEOFF,HEALTHY,False,0.0,1.0,OK,42,92.74,3600.0,-3.053041,-4.383454,-0.308634,0.05043,11.123072,0.003311
2026-01-01T00:01:09Z,AE300_CLASS-SIM-01,AE300_CLASS,LONG_ENDURANCE_LOITER,190.37318972745334,13.825997997444736,2248.682738007177,0.8646682722995289,119.85635440425139,864.8802478714983,98.2691106418753,78.48626972120589,46.106020369470386,0.9289828642639345,27.92916460324304,24.08396865535074,31.40882767111433,TAKEOFF,HEALTHY,False,0.0,1.0,OK,42,92.93,3600.0,0.055655,-0.519738,0.756124,0.117619,-9.244039,-0.009606
2026-01-01T00:01:10Z,AE300_CLASS-SIM-01,AE300_CLASS,LONG_ENDURANCE_LOITER,193.3168106727242,13.795666106113435,2264.668794609564,0.8635704794143063,121.20653907511823,868.8789491700306,98.23777809015134,79.50014085932281,46.12738824198645,0.8555489228919024,27.968185166919078,23.837096464617364,31.595895687786143,TAKEOFF,HEALTHY,False,0.0,1.0,OK,42,92.94,3600.0,1.469314,3.626877,0.690786,0.159196,5.50545,-0.08335
2026-01-01T00:01:11Z,AE300_CLASS-SIM-01,AE300_CLASS,LONG_ENDURANCE_LOITER,196.36504839342712,13.693131879263095,2275.3021041766583,0.8654013011479,120.6609932428165,865.3327317678081,97.6625601799994,79.08967882447234,46.135717812074276,0.9936819041828803,28.047453197128938,24.22432655947855,31.674192687864437,TAKEOFF,HEALTHY,False,0.0,1.0,OK,42,92.91,3600.0,0.680707,-0.417332,0.071175,0.063079,14.524447,0.053273
2026-01-01T00:01:12Z,AE300_CLASS-SIM-01,AE300_CLASS,LONG_ENDURANCE_LOITER,198.27370323622168,13.686818488637655,2270.0557390181443,0.868398603943501,120.59858063882565,868.8104652788252,97.8863721200561,80.13873052975248,46.18947157878733,0.9262954939317765,27.99564693649281,23.286541972763505,31.65094385136956,TAKEOFF,HEALTHY,False,0.0,1.0,OK,42,92.9,3600.0,0.116002,2.135468,0.22965,-0.044942,6.902204,-0.016409
2026-01-01T00:01:13Z,AE300_CLASS-SIM-01,AE300_CLASS,LONG_ENDURANCE_LOITER,197.30515853995558,13.423424933333632,2267.982598610626,0.8685476512671262,119.0130294277989,864.6804706465755,98.31929945098744,78.74047526694032,46.37003272503179,0.9432750177510345,27.99919042299374,24.68509963688257,31.620916884543977,TAKEOFF,HEALTHY,False,0.0,1.0,OK,42,92.96,3600.0,-1.298714,-1.925159,0.610922,0.102007,2.950696,-0.000455
2026-01-01T00:01:14Z,AE300_CLASS-SIM-01,AE300_CLASS,LONG_ENDURANCE_LOITER,204.05203958451938,13.647429771134744,2265.9171219359155,0.8657890352141154,120.39257829276733,864.9423305574277,98.15553691068862,79.21431789011424,46.281893056953535,0.939643357077659,27.99244938714492,24.41943591398942,31.45905929984432,TAKEOFF,HEALTHY,False,0.0,1.0,OK,42,93.08,3600.0,0.084531,-1.328685,0.440396,0.110369,0.639267,-0.003356
2026-01-01T00:01:15Z,AE300_CLASS-SIM-01,AE300_CLASS,LONG_ENDURANCE_LOITER,206.7709518844014,13.811535215643714,2264.625890856469,0.8666107602592508,121.5033641262408,868.6643338318862,97.08776498068679,79.41255827694879,46.40645490461731,0.9623297067265013,28.009459137105814,23.847502589889306,31.666426965778296,TAKEOFF,HEALTHY,False,0.0,1.0,OK,42,93.19,3600.0,0.867376,1.968727,-0.640295,0.189529,-1.121751,0.018767
2026-01-01T00:01:16Z,AE300_CLASS-SIM-01,AE300_CLASS,LONG_ENDURANCE_LOITER,210.65718147190543,13.555359253969081,2274.9516634215597,0.873328919391719,123.46061095553293,871.3951082790118,97.764208407546,79.54955090805976,46.47184423282551,0.9519967360223403,27.990065657540068,24.550338276001696,31.615634845854437,TAKEOFF,HEALTHY,False,0.0,1.0,OK,42,93.33,3600.0,2.054754,3.080209,-0.044611,-0.070897,6.267329,0.004534
2026-01-01T00:01:17Z,AE300_CLASS-SIM-01,AE300_CLASS,LONG_ENDURANCE_LOITER,212.7949584843284,13.547551262346843,2274.640345441531,0.8713022828786963,121.77199998375168,869.9369339014363,97.68190309362443,79.9244606276446,46.51213618507116,0.8920391905815642,28.0431823349227,24.18745530561311,31.38402073381829,TAKEOFF,HEALTHY,False,0.0,1.0,OK,42,93.37,3600.0,0.525504,1.957787,-0.16556,0.026173,4.550791,-0.055495
2026-01-01T00:01:18Z,AE300_CLASS-SIM-01,AE300_CLASS,LONG_ENDURANCE_LOITER,215.09910110228722,13.438509892564918,2271.913058239776,0.8716745212111298,121.09391762058667,870.1432612425693,98.04050965028898,79.58190174238727,46.577621934089414,0.976394529847972,27.901826903898588,24.262851043743293,31.313012810910323,TAKEOFF,HEALTHY,False,0.0,1.0,OK,42,93.41,3600.0,-0.180182,2.057174,0.160591,0.054008,0.643287,0.028081
2026-01-01T00:01:19Z,AE300_CLASS-SIM-01,AE300_CLASS,LONG_ENDURANCE_LOITER,219.49853433464116,13.572916165277459,2280.2111168326023,0.8755234169335905,121.99775412797328,867.3547863803848,98.14286325064512,78.89586998733394,46.61663109727264,0.9941079332731317,27.96448891912484,24.648427323390912,31.74941530435063,TAKEOFF,HEALTHY,False,0.0,1.0,OK,42,93.41,3600.0,-0.065088,-2.024151,0.198533,-0.108376,6.599095,0.043178
2026-01-01T00:01:20Z,AE300_CLASS-SIM-01,AE300_CLASS,LONG_ENDURANCE_LOITER,220.79003449652603,13.701639674788165,2279.1265750298967,0.8742779258488195,120.94574886514746,866.6980401550854,97.71955863223178,79.83689671130496,46.62311541038505,0.9704838181653465,27.937784128360416,24.380081813071047,31.672014534284394,TAKEOFF,HEALTHY,False,0.0,1.0,OK,42,93.42,3600.0,-1.171628,-2.644439,-0.259767,-0.073308,4.24202,0.019294
2026-01-01T00:01:21Z,AE300_CLASS-SIM-01,AE300_CLASS,LONG_ENDURANCE_LOITER,228.66769521758837,13.330902651671945,2285.8846061972445,0.8752996848279746,122.67419124455009,869.7835287367011,98.19859093456272,79.27592598187087,46.83149003214847,0.931319172018213,28.03339815016527,24.282608376742942,31.654293360181757,TAKEOFF,HEALTHY,False,0.0,1.0,OK,42,93.45,3600.0,0.621827,0.381368,0.184838,0.059804,9.748128,-0.020986
2026-01-01T00:01:22Z,AE300_CLASS-SIM-01,AE300_CLASS,LONG_ENDURANCE_LOITER,226.16983394934246,13.587698002496571,2287.0399535773904,0.8757712135662843,122.08689051520022,866.679882626696,97.93223028257134,78.08334668418868,46.75332428202634,0.9631309904944874,28.041523554215903,25.353335386192924,31.583108634813637,TAKEOFF,HEALTHY,False,0.0,1.0,OK,42,93.49,3600.0,-0.299026,-3.17198,-0.113784,-0.051675,9.730325,0.010076
2026-01-01T00:01:23Z,AE300_CLASS-SIM-01,AE300_CLASS,LONG_ENDURANCE_LOITER,232.7085057905237,13.537951760949138,2277.2085801363323,0.8777170407553042,122.62678349321314,870.4588916807477,97.88860120247583,78.279308087151,46.779385230536825,0.9833875212753986,27.978349123050126,24.366436586520024,31.680138996794778,TAKEOFF,HEALTHY,False,0.0,1.0,OK,42,93.51,3600.0,-0.125198,-0.006945,-0.200263,-0.141284,-1.659217,0.028752
2026-01-01T00:01:24Z,AE300_CLASS-SIM-01,AE300_CLASS,LONG_ENDURANCE_LOITER,234.52573171270677,13.510387924787294,2275.017845138283,0.8802303636890757,124.802959514505,871.8838338009886,98.54742989671102,80.55368067012846,47.00377032695882,0.9826924856190725,28.0140049502561,24.735890093525516,31.522030751982868,TAKEOFF,HEALTHY,False,0.0,1.0,OK,42,93.52,3600.0,1.635061,0.640056,0.399642,-0.056855,-5.992628,0.02603
2026-01-01T00:01:25Z,AE300_CLASS-SIM-01,AE300_CLASS,LONG_ENDURANCE_LOITER,237.1621958464005,13.261905682108795,2275.3906238949103,0.88131083383932,124.0463072104553,875.0133998951178,98.02394907956234,78.54876685776561,46.98555560758925,0.9607165899751218,27.993884400171197,24.954862289678825,31.64021058534329,TAKEOFF,HEALTHY,False,0.0,1.0,OK,42,93.57,3600.0,0.855015,3.553611,-0.179195,-0.155886,-7.632799,0.002578
2026-01-01T00:01:26Z,AE300_CLASS-SIM-01,AE300_CLASS,LONG_ENDURANCE_LOITER,239.4169405965933,13.298928149807033,2285.447305875576,0.879635846730001,122.18354282655899,870.5382899981842,98.10023574962307,79.32857566595644,47.17033563385593,0.9527629080905525,27.981622631732378,24.02032666561839,31.56804128815725,TAKEOFF,HEALTHY,False,0.0,1.0,OK,42,93.67,3600.0,-0.910708,-0.661446,-0.126007,0.080306,1.583931,-0.005271
2026-01-01T00:01:27Z,AE300_CLASS-SIM-01,AE300_CLASS,LONG_ENDURANCE_LOITER,241.27205652998217,13.326288765240172,2293.3089775010844,0.8802256800047631,125.03783357389366,871.7216307357141,98.23677069594432,79.51263906905602,47.128412105098064,1.0356071873872907,27.89924751322088,24.083939641614837,31.628469504466953,TAKEOFF,HEALTHY,False,0.0,1.0,OK,42,93.63,3600.0,1.773669,0.260163,-0.01263,-0.002433,8.603496,0.076898
2026-01-01T00:01:28Z,AE300_CLASS-SIM-01,AE300_CLASS,LONG_ENDURANCE_LOITER,244.4662362673508,13.514626774825713,2288.2902488283653,0.8807129896557204,124.89244563764373,874.7839684665478,98.33973858123198,80.43617568486478,47.208728069562966,0.9340637473766719,28.020597923584013,24.752466341820252,31.71792034099846,TAKEOFF,HEALTHY,False,0.0,1.0,OK,42,93.6,3600.0,1.292351,2.916036,0.068785,0.039793,2.801044,-0.025272
2026-01-01T00:01:29Z,AE300_CLASS-SIM-01,AE300_CLASS,LONG_ENDURANCE_LOITER,249.43165258050658,13.025424736274543,2276.396138128962,0.8800332665546586,123.30055987166509,871.537400078367,97.6155014598043,78.81023707425842,47.20495973217293,1.070984276149085,28.065408077300535,24.63067427074147,31.670957602364684,TAKEOFF,HEALTHY,False,0.0,1.0,OK,42,93.4,3600.0,0.186154,0.247284,-0.662489,0.051059,-9.348956,0.111683
2026-01-01T00:01:30Z,AE300_CLASS-SIM-01,AE300_CLASS,LONG_ENDURANCE_LOITER,248.27619400421756,13.08878043801621,2286.8427297827016,0.8813376293668452,123.86788017717863,868.1209262404018,97.98778599866831,79.80357387855977,47.342879545541315,0.9802567754804893,27.941171831076357,25.045559179818525,31.613240570787237,TAKEOFF,HEALTHY,False,0.0,1.0,OK,42,93.26,3600.0,0.509853,-3.595771,-0.310075,0.126006,0.375045,0.020135
2026-01-01T00:01:31Z,AE300_CLASS-SIM-01,AE300_CLASS,LONG_ENDURANCE_LOITER,253.72706464968874,13.355348642951716,2279.3668173573146,0.8836268638500969,124.65882335305959,874.6693234044408,98.30409751704867,81.00879711328156,47.44571021267411,0.9509920841540135,28.024649095717198,25.40428356761346,32.03512374257839,TAKEOFF,HEALTHY,False,0.0,1.0,OK,42,93.17,3600.0,0.597724,1.965335,-0.031307,0.103338,-8.466075,-0.010721
2026-01-01T00:01:32Z,AE300_CLASS-SIM-01,AE300_CLASS,LONG_ENDURANCE_LOITER,253.71355573432186,13.199908922215316,2300.736275223226,0.8830686230835099,122.6704892878912,871.9435125612614,98.59350272145599,79.64922600015282,47.410634208167096,0.9332735772086804,27.966803415233063,24.595322414091182,32.09107620942705,TAKEOFF,HEALTHY,False,0.0,1.0,OK,42,93.1,3600.0,-1.204633,-0.547548,0.235573,0.078243,12.084288,-0.028681
2026-01-01T00:01:33Z,AE300_CLASS-SIM-01,AE300_CLASS,LONG_ENDURANCE_LOITER,258.7795999401117,13.453847191494043,2288.2582905124254,0.885739197756739,123.66839269860442,866.2322266535996,97.82114622712304,78.22665784214362,47.379145322209325,0.9108942390925296,28.04894764140308,24.880911975154277,31.950197566124057,TAKEOFF,HEALTHY,False,0.0,1.0,OK,42,92.97,3600.0,-0.95112,-7.34215,-0.580598,-0.097582,-1.986968,-0.052902
2026-01-01T00:01:34Z,AE300_CLASS-SIM-01,AE300_CLASS,LONG_ENDURANCE_LOITER,261.7275849764625,13.420161601635051,2286.7152182091627,0.8880849389454224,125.74983952009823,872.3948695226387,98.72988433912538,80.27631397307411,47.54567938191246,0.9152337046049034,27.94923663926209,24.955299775743626,31.81344770497395,TAKEOFF,HEALTHY,False,0.0,1.0,OK,42,92.82,3600.0,0.722257,-1.923519,0.270786,-0.066265,-5.615632,-0.050529
2026-01-01T00:01:35Z,AE300_CLASS-SIM-01,AE300_CLASS,LONG_ENDURANCE_LOITER,262.70010014320206,13.288710023421137,2298.354596236029,0.8891993443922935,127.0267315294688,877.9378183152407,98.0643418722937,81.25543059619639,47.61137000827797,1.0138510877264264,27.999973437833795,24.84084637502477,31.501026417882027,TAKEOFF,HEALTHY,False,0.0,1.0,OK,42,92.64,3600.0,1.877556,3.291656,-0.449946,-0.080365,4.016838,0.046617
2026-01-01T00:01:36Z,AE300_CLASS-SIM-01,AE300_CLASS,LONG_ENDURANCE_LOITER,266.40931990134214,13.032759181370825,2302.4709469662544,0.8919224742031674,124.18035784883075,875.5608982123065,98.22531975376866,79.31946209034172,47.75433021150809,0.9661717522959842,28.06749193671776,24.85500233079521,31.92986761859858,TAKEOFF,HEALTHY,False,0.0,1.0,OK,42,92.57,3600.0,-1.237546,0.251884,-0.358709,-0.097175,5.597186,-0.003415
2026-01-01T00:01:37Z,AE300_CLASS-SIM-01,AE300_CLASS,LONG_ENDURANCE_LOITER,269.5905645638811,13.367977812572747,2293.9084396776266,0.8897156971397117,125.27352694565461,872.7278464731152,98.88649663073252,80.43564745734697,47.80816161532396,1.0381442270387575,28.05653169138528,24.922407386490075,31.843712738431275,TAKEOFF,HEALTHY,False,0.0,1.0,OK,42,92.43,3600.0,-0.300868,-2.516678,0.274529,0.02582,-3.981296,0.068741
2026-01-01T00:01:38Z,AE300_CLASS-SIM-01,AE300_CLASS,LONG_ENDURANCE_LOITER,271.2868211883349,13.234058852972739,2294.178663835686,0.8939808813590128,126.10409521847225,874.8120692199706,99.16249338177212,78.06714985676751,47.7164458581931,1.005868946068062,28.00162836365385,25.145281258489813,31.59658469753973,TAKEOFF,HEALTHY,False,0.0,1.0,OK,42,92.31,3600.0,-0.019526,-1.55518,0.484079,-0.284174,-6.127331,0.033662
2026-01-01T00:01:39Z,AE300_CLASS-SIM-01,AE300_CLASS,LONG_ENDURANCE_LOITER,274.96514943372443,13.513026411560201,2305.4843498613495,0.8920060797569523,125.26840864298133,874.6718093092339,97.70402214423639,80.16038504330952,47.95282055882296,0.9002294060851381,27.973404518579688,24.758202432358537,31.658532156993033,TAKEOFF,HEALTHY,False,0.0,1.0,OK,42,92.12,3600.0,-0.991982,-1.633787,-1.002124,0.01107,4.169944,-0.071877
2026-01-01T00:01:40Z,AE300_CLASS-SIM-01,AE300_CLASS,LONG_ENDURANCE_LOITER,277.8580002180106,12.881784121196173,2305.3525640828607,0.89410030273246,125.7209156220368,869.1850101234137,98.25056007119385,81.01856034563318,47.80026735434334,0.9565704265545737,27.953312573876996,25.38214526748211,31.709859967747864,TAKEOFF,HEALTHY,False,0.0,1.0,OK,42,91.99,3600.0,-0.294304,-7.161065,-0.498008,-0.258304,2.495547,-0.017134
2026-01-01T00:01:41Z,AE300_CLASS-SIM-01,AE300_CLASS,LONG_ENDURANCE_LOITER,281.16148658665895,13.261207951764252,2315.243646437994,0.8931126346311679,126.74465627322066,872.3275374170772,99.271412906379,79.35335381371978,47.998213082927705,0.9722851685183836,27.93864848419818,25.24477546472425,31.96404072741398,TAKEOFF,HEALTHY,False,0.0,1.0,OK,42,91.96,3600.0,0.386774,-4.263625,0.502592,-0.037274,11.650146,-0.001513
2026-01-01T00:01:42Z,AE300_CLASS-SIM-01,AE300_CLASS,LONG_ENDURANCE_LOITER,283.77273406857927,12.919998698706525,2302.860471204625,0.8959285022504034,124.0231423377409,873.8313648868274,99.15698715447765,80.25855368804257,48.12154383426689,1.0580415595179775,28.020557064451868,25.408919084963728,32.233327843387116,TAKEOFF,HEALTHY,False,0.0,1.0,OK,42,91.83,3600.0,-2.47134,-3.268297,0.34577,-0.061646,-2.355252,0.082353
2026-01-01T00:01:43Z,AE300_CLASS-SIM-01,AE300_CLASS,LONG_ENDURANCE_LOITER,285.7904042739754,13.020595363235003,2308.0584580228006,0.8962483524291481,125.98880658812668,874.3053332065186,99.82869944629807,80.33597302053845,48.11791151026811,1.0166597651881615,27.99810008490419,25.171134443153274,31.91885367521637,TAKEOFF,HEALTHY,False,0.0,1.0,OK,42,91.72,3600.0,-0.744238,-3.115214,0.989539,-0.103667,1.515006,0.040119
2026-01-01T00:01:44Z,AE300_CLASS-SIM-01,AE300_CLASS,LONG_ENDURANCE_LOITER,286.9510654865413,13.175116302809798,2319.7909902299575,0.897228651620691,126.39374963920552,876.1318033899471,98.63132681197472,79.87147193605635,48.20425922451115,1.0177561591843516,27.93378830689987,25.541083079479982,31.7853579984506,TAKEOFF,HEALTHY,False,0.0,1.0,OK,42,91.62,3600.0,-0.70449,-1.817498,-0.2322,-0.082373,11.872445,0.040117
2026-01-01T00:01:45Z,AE300_CLASS-SIM-01,AE300_CLASS,LONG_ENDURANCE_LOITER,292.2320883452097,12.935118480136536,2317.0368238606866,0.899713492142566,128.33986193542233,873.6663563041577,99.2157769836722,80.46065492134251,48.19574621674814,0.9765086389740795,28.0183486731091,25.484827848559007,31.87669991809727,TAKEOFF,HEALTHY,False,0.0,1.0,OK,42,91.61,3600.0,0.986006,-4.872292,0.307641,-0.23525,7.180823,-0.003115
2026-01-01T00:01:46Z,AE300_CLASS-SIM-01,AE300_CLASS,LONG_ENDURANCE_LOITER,294.88129156971553,13.307152819949074,2317.6544201606534,0.8924140382405826,126.88957329900289,877.802936497085,98.08090222576837,80.2257781781652,48.43217872705749,0.9297869784450402,28.017873796124217,25.07881846267088,31.757125148748205,TAKEOFF,HEALTHY,False,0.0,1.0,OK,42,91.59,3600.0,0.119922,0.746357,-0.776457,0.322884,9.220013,-0.046547
2026-01-01T00:01:47Z,AE300_CLASS-SIM-01,AE300_CLASS,LONG_ENDURANCE_LOITER,299.4383126734773,12.986671882538783,2313.643123299991,0.8953316378419521,129.93338589825348,880.3079941275194,98.81387621533845,80.6641408175758,48.337910760411035,1.0329775601812878,27.992108675146294,25.32794295081804,31.791966353084817,TAKEOFF,HEALTHY,False,0.0,1.0,OK,42,91.52,3600.0,3.041313,2.827688,-0.038734,0.099085,5.21658,0.055563
2026-01-01T00:01:48Z,AE300_CLASS-SIM-01,AE300_CLASS,LONG_ENDURANCE_LOITER,299.12902289588163,13.154200591744262,2313.5341137058326,0.9013034962828061,127.71135028945976,880.4144528675788,98.7341534201723,82.09941369441457,48.3937266651551,1.0375876346495154,28.06043451439654,25.16915254566257,32.207909984098706,TAKEOFF,HEALTHY,False,0.0,1.0,OK,42,91.41,3600.0,-0.218951,1.120851,-0.168034,-0.130803,2.774276,0.056826
2026-01-01T00:01:49Z,AE300_CLASS-SIM-01,AE300_CLASS,LONG_ENDURANCE_LOITER,316.3080502392329,13.09937455472714,2281.404121766128,0.8193803624983774,115.97093960190351,858.2743986977628,98.78301163876611,80.1562883128759,44.66663096981588,0.9739599031863148,28.02769512656526,24.079014182665805,31.69484843481161,CLIMB,HEALTHY,False,0.0,1.0,OK,42,91.34,3600.0,-0.34224,1.116832,0.655566,-0.025439,1.133356,0.03772
2026-01-01T00:01:50Z,AE300_CLASS-SIM-01,AE300_CLASS,LONG_ENDURANCE_LOITER,329.2232374343929,12.718059032337822,2251.6490221072713,0.8163587031327139,115.57995113046954,854.9425448619671,97.30948087630995,77.27681569953604,44.316097627527704,0.9752183780809023,27.952829543152415,23.639339178763475,31.276443142218763,CLIMB,HEALTHY,False,0.0,1.0,OK,42,91.23,3600.0,0.951496,0.845162,-0.14344,0.088301,-4.09355,0.052591
2026-01-01T00:01:51Z,AE300_CLASS-SIM-01,AE300_CLASS,LONG_ENDURANCE_LOITER,346.6025026679834,12.739506962102908,2241.6358210813632,0.8240960040282078,116.51209933957759,852.7680367894674,96.74220322022275,79.29371373658086,44.17011817485435,0.9108130280072563,27.954780757201032,23.702504359171492,31.392445609445026,CLIMB,HEALTHY,False,0.0,1.0,OK,42,91.22,3600.0,1.371725,-1.963534,-0.274584,-0.16518,1.752664,-0.00649
2026-01-01T00:01:52Z,AE300_CLASS-SIM-01,AE300_CLASS,LONG_ENDURANCE_LOITER,362.7086428988153,12.67842619937764,2238.0564145529806,0.8199738981046805,115.24422069048848,850.3936360941624,96.23868595915437,79.7408981990709,44.00747038449499,0.9102665349021705,27.91229482663518,22.64768573874492,31.137146731402282,CLIMB,HEALTHY,False,0.0,1.0,OK,42,91.3,3600.0,1.080871,-2.276667,-0.396362,0.018439,12.054677,0.001302
2026-01-01T00:01:53Z,AE300_CLASS-SIM-01,AE300_CLASS,LONG_ENDURANCE_LOITER,371.4226409046651,12.584941322435581,2222.4850626328066,0.8190472425002244,110.6447405412253,850.9475545504346,96.2485087189887,80.91266268368085,43.715018219056155,0.8853928122680814,28.0266527706142,23.031124378953255,31.390359062317295,CLIMB,HEALTHY,False,0.0,1.0,OK,42,91.39,3600.0,-2.930809,-0.551669,-0.083215,-0.087455,7.51329,-0.017725
2026-01-01T00:01:54Z,AE300_CLASS-SIM-01,AE300_CLASS,LONG_ENDURANCE_LOITER,389.0607655444249,12.52171375302081,2211.457564675174,0.8172699162511033,114.4217508209749,846.896390643547,96.23315878176285,79.06704532603355,43.6544735082172,0.8976871141020286,27.92933144333634,22.450479784824715,31.217350235025084,CLIMB,HEALTHY,False,0.0,1.0,OK,42,91.55,3600.0,1.305187,-3.492738,0.157602,0.03267,5.800966,-0.000296
2026-01-01T00:01:55Z,AE300_CLASS-SIM-01,AE300_CLASS,LONG_ENDURANCE_LOITER,402.04772075064614,12.424345545539914,2191.1575744991683,0.8201276577496858,111.52217400907217,848.5663400280328,95.61715322265461,79.82997618156764,43.62666895350301,0.8858341748974288,27.970867540126797,22.042554577326953,31.23596729465666,CLIMB,HEALTHY,False,0.0,1.0,OK,42,91.72,3600.0,-1.750139,-1.972073,-0.289456,-0.038777,-8.355493,-0.010141
2026-01-01T00:01:56Z,AE300_CLASS-SIM-01,AE300_CLASS,LONG_ENDURANCE_LOITER,421.51478978522573,12.29948160559003,2194.2376447333145,0.8196147752778028,114.06180011195723,844.085835356555,94.9914150282951,78.67609213830507,43.49942933217012,0.9517537126938446,27.935659860428512,22.017427925418634,31.029992667185418,CLIMB,HEALTHY,False,0.0,1.0,OK,42,91.79,3600.0,0.939181,-5.942981,-0.774025,-0.100423,-0.142,0.058326
2026-01-01T00:01:57Z,AE300_CLASS-SIM-01,AE300_CLASS,LONG_ENDURANCE_LOITER,429.2088193038876,12.148214502740897,2188.0317105383397,0.8174844079137694,114.18642316687009,852.6492745825278,95.55046119379247,76.48232994383896,43.53008894469411,0.9155816708596721,27.958494118180493,22.83073885759722,31.027570873729307,CLIMB,HEALTHY,False,0.0,1.0,OK,42,91.84,3600.0,1.590892,3.604629,-0.08204,0.074395,-1.513783,0.025225
2026-01-01T00:01:58Z,AE300_CLASS-SIM-01,AE300_CLASS,LONG_ENDURANCE_LOITER,451.1612812274261,11.943122874065756,2190.969309417958,0.8147734527593213,111.49670443016782,853.2207600177503,95.4100256751573,78.8161829495767,43.46960169615282,0.8841452760404498,27.998906934214205,22.415515024797305,30.92058662966054,CLIMB,HEALTHY,False,0.0,1.0,OK,42,91.96,3600.0,-0.637352,5.236775,-0.084315,0.161129,6.447842,-0.003023
2026-01-01T00:01:59Z,AE300_CLASS-SIM-01,AE300_CLASS,LONG_ENDURANCE_LOITER,461.7581028250354,12.073419500045995,2185.465487321353,0.814828846462492,111.71388312026153,847.0784287186519,95.27970408101103,76.74414677008764,43.388835486859776,0.8546624464107078,27.97373983230614,22.688356657647596,31.15373875130345,CLIMB,HEALTHY,False,0.0,1.0,OK,42,92.05,3600.0,-0.524604,-0.80534,-0.106299,0.119742,4.883544,-0.030661
2026-01-01T00:02:00Z,AE300_CLASS-SIM-01,AE300_CLASS,LONG_ENDURANCE_LOITER,477.18971808397174,11.91543309125031,2174.407730432254,0.8154841136134429,111.40356887282437,846.7007233497784,94.84984008516565,77.86875783289221,43.448180401294174,0.8148425498163163,27.942630629721066,22.345499136434672,31.21665895258156,CLIMB,HEALTHY,False,0.0,1.0,OK,42,92.05,3600.0,-0.837819,-1.05757,-0.455106,0.172492,-3.226683,-0.069393
2026-01-01T00:02:01Z,AE300_CLASS-SIM-01,AE300_CLASS,LONG_ENDURANCE_LOITER,492.57318444043733,11.580108256158402,2169.0597142750125,0.8176514397437625,113.94952659557869,842.0787964318073,95.46772904350354,78.56525555253296,43.37817393972547,0.9100082871416113,27.912418111586284,22.346660060952154,30.91357023953026,CLIMB,HEALTHY,False,0.0,1.0,OK,42,92.06,3600.0,1.634985,-5.83491,0.20697,0.016311,-6.967903,0.025681
2026-01-01T00:02:02Z,AE300_CLASS-SIM-01,AE300_CLASS,LONG_ENDURANCE_LOITER,503.89089244477935,11.843266722035642,2169.0373147021824,0.8164963517174005,110.80817138094913,844.1532535525508,95.17991071285441,76.76251024213576,43.39686741115661,0.9047337460895736,27.95241840007029,22.428940086913805,31.385752006298247,CLIMB,HEALTHY,False,0.0,1.0,OK,42,92.08,3600.0,-1.701937,-3.703242,-0.030761,0.08995,-5.168946,0.021578
2026-01-01T00:02:03Z,AE300_CLASS-SIM-01,AE300_CLASS,LONG_ENDURANCE_LOITER,520.6208315686548,11.597315325625118,2182.09725671367,0.8197513018408983,110.77001560496777,847.0661931926531,95.82078626231616,77.64832907198918,43.375684503723086,0.8737953171047526,27.92337345833101,22.421681245461766,31.104451014393412,CLIMB,HEALTHY,False,0.0,1.0,OK,42,92.15,3600.0,-2.115527,-1.402282,0.619702,-0.081269,8.239643,-0.010464
2026-01-01T00:02:04Z,AE300_CLASS-SIM-01,AE300_CLASS,LONG_ENDURANCE_LOITER,536.9731691054706,11.521049065176515,2167.8106204188502,0.8181012957847998,116.42174352016804,842.8177460802369,95.31112646663887,76.40906072975108,43.39063141963363,0.8849849029045895,27.968415049941044,22.667979618643002,31.165030820922976,CLIMB,HEALTHY,False,0.0,1.0,OK,42,92.26,3600.0,3.637683,-5.244599,0.140952,-0.010034,-4.923004,0.001652
2026-01-01T00:02:05Z,AE300_CLASS-SIM-01,AE300_CLASS,LONG_ENDURANCE_LOITER,553.5499302844732,11.061318278894662,2182.1952233370444,0.8176019761556365,114.05484036840654,844.2399815325584,94.75036012769749,77.02268383127098,43.348684963878476,0.8949853024421522,27.980593434316255,21.76759141575302,31.276588662843622,CLIMB,HEALTHY,False,0.0,1.0,OK,42,92.38,3600.0,1.617098,-3.284311,-0.384887,-0.039392,10.731706,0.012266
2026-01-01T00:02:06Z,AE300_CLASS-SIM-01,AE300_CLASS,LONG_ENDURANCE_LOITER,566.6790895316038,11.286099387497982,2159.35784035737,0.8176727640034204,109.5399647125726,849.3409125593222,94.41408266648394,76.79184670647577,43.337569770035785,0.9342785968245175,27.929381760473284,22.072054364941174,31.049245240213484,CLIMB,HEALTHY,False,0.0,1.0,OK,42,92.41,3600.0,-3.265275,1.556942,-0.690527,-0.057373,-10.991615,0.051945
2026-01-01T00:02:07Z,AE300_CLASS-SIM-01,AE300_CLASS,LONG_ENDURANCE_LOITER,583.3908056346136,11.300814915747504,2165.617512248498,0.8160085886415525,110.66891948557912,848.488573713605,94.25679828981394,77.23727209967734,43.3484317522866,0.9884985486384151,27.89187064427427,22.233633436973967,31.38998221799223,CLIMB,HEALTHY,False,0.0,1.0,OK,42,92.28,3600.0,-2.100977,1.071135,-0.800693,0.018692,-3.018518,0.107388
2026-01-01T00:02:08Z,AE300_CLASS-SIM-01,AE300_CLASS,LONG_ENDURANCE_LOITER,598.0833807567334,11.019642266337089,2168.5977184367857,0.8163002950091265,113.10329127752334,845.3242773347624,94.97312934583441,75.09552324085243,43.345561988784446,0.9007991138543487,27.92615258871631,21.764814468595134,31.26373886070952,CLIMB,HEALTHY,False,0.0,1.0,OK,42,92.21,3600.0,0.434782,-1.887234,-0.04625,0.001856,1.347577,0.020118
2026-01-01T00:02:09Z,AE300_CLASS-SIM-01,AE300_CLASS,LONG_ENDURANCE_LOITER,611.6578986681005,10.91887551312263,2163.818405017589,0.8131097723055475,111.43621309436558,845.6577125679061,95.5318110895261,75.76942815402056,43.37317339702624,0.855806437750197,27.944559868139688,22.19239085645936,31.241803283746204,CLIMB,HEALTHY,False,0.0,1.0,OK,42,92.18,3600.0,-0.811004,-0.631726,0.580228,0.171315,-0.966425,-0.022729
2026-01-01T00:02:10Z,AE300_CLASS-SIM-01,AE300_CLASS,LONG_ENDURANCE_LOITER,625.123708918598,10.695602243981115,2154.892058731049,0.8148621709380404,111.17954171958873,848.1976581139744,94.7359611294552,78.19381963172866,43.228232929078715,0.8886920182903049,27.888931264357453,22.07271462884337,31.127570428627752,CLIMB,HEALTHY,False,0.0,1.0,OK,42,92.19,3600.0,-1.189272,1.73349,-0.177757,-0.043583,-8.515888,0.010109
2026-01-01T00:02:11Z,AE300_CLASS-SIM-01,AE300_CLASS,LONG_ENDURANCE_LOITER,637.2526836784293,10.87070910270339,2176.692583753921,0.8148338641440035,113.17639726897498,849.806205415649,94.8389572917329,75.54700419463215,43.19401218070933,0.9078828140580185,27.92894148069787,21.90319754387364,31.120957319900874,CLIMB,HEALTHY,False,0.0,1.0,OK,42,92.2,3600.0,0.520954,3.173003,-0.041248,-0.077484,14.503299,0.029781
2026-01-01T00:02:12Z,AE300_CLASS-SIM-01,AE300_CLASS,LONG_ENDURANCE_LOITER,654.6800350203464,10.659624969221559,2166.440917410748,0.8128787907329078,114.23649329402028,842.9116887831298,94.58219854748478,77.54353237366085,43.39650454019196,0.8829492861270389,27.89527466304784,22.03475208673363,31.108644654065596,CLIMB,HEALTHY,False,0.0,1.0,OK,42,92.25,3600.0,1.878751,-3.051398,-0.245467,0.203701,6.162184,0.006257
2026-01-01T00:02:13Z,AE300_CLASS-SIM-01,AE300_CLASS,LONG_ENDURANCE_LOITER,670.42665521888,10.628961953148698,2160.8197761149704,0.81494162015096,111.0375700175112,845.2688445834939,95.26005992641696,74.61673099680755,43.315983069215555,0.8411941866585683,27.9367843981147,22.06367848194793,31.31500619647254,CLIMB,HEALTHY,False,0.0,1.0,OK,42,92.27,3600.0,-1.731176,-1.195525,0.456228,0.029811,1.407699,-0.035932
2026-01-01T00:02:14Z,AE300_CLASS-SIM-01,AE300_CLASS,LONG_ENDURANCE_LOITER,685.9450599164704,10.349525821429715,2164.5839288277,0.813635881472661,112.19988679962793,847.4844487784931,94.59556031164756,76.4119110433278,43.279519517770794,0.8497621105624822,27.90551541324763,21.997469575710248,31.25406500063991,CLIMB,HEALTHY,False,0.0,1.0,OK,42,92.31,3600.0,-0.282487,1.5807,-0.170693,0.041263,6.538347,-0.026422
2026-01-01T00:02:15Z,AE300_CLASS-SIM-01,AE300_CLASS,LONG_ENDURANCE_LOITER,700.9431944404155,10.70649159310181,2174.617240841516,0.8129385659361352,113.0799395295361,843.2036917401042,94.43552994640436,74.99277924077609,43.261300391755356,0.8298157793118386,27.925442963634808,21.789161986273175,31.211329944764913,CLIMB,HEALTHY,False,0.0,1.0,OK,42,92.3,3600.0,0.185313,-2.898028,-0.289342,0.049765,18.076447,-0.045555
2026-01-01T00:02:16Z,AE300_CLASS-SIM-01,AE300_CLASS,LONG_ENDURANCE_LOITER,713.4381845086887,10.775139049218163,2154.4493336447526,0.8149588500986489,111.34335454019502,851.1658708223961,95.25802348840266,75.65812006077562,43.24274052240919,0.8861702328139636,27.885804544149604,22.57999768379354,31.202242794082235,CLIMB,HEALTHY,False,0.0,1.0,OK,42,92.33,3600.0,-2.027599,4.472676,0.547795,-0.060387,-1.55898,0.01025
2026-01-01T00:02:17Z,AE300_CLASS-SIM-01,AE300_CLASS,LONG_ENDURANCE_LOITER,729.7727881873614,9.891951057920307,2149.5959518083146,0.8160051518928293,114.64337876980451,849.3865991737146,94.00679039961186,75.54132124018108,43.38335792302429,0.8016074758991365,27.929795752992895,22.2106347339157,31.0316239562095,CLIMB,HEALTHY,False,0.0,1.0,OK,42,92.26,3600.0,1.799521,3.215447,-0.697419,0.016496,-6.193476,-0.07474
2026-01-01T00:02:18Z,AE300_CLASS-SIM-01,AE300_CLASS,LONG_ENDURANCE_LOITER,741.6662016613425,10.112256394600053,2153.0640842319067,0.814148299635349,112.37383010649535,844.9328600681682,94.67440078464541,75.54206978434003,43.30308380935205,0.8573430475366058,27.933258443666233,21.53946028699126,31.14418703545056,CLIMB,HEALTHY,False,0.0,1.0,OK,42,92.25,3600.0,-0.577545,-1.048051,-0.00132,0.006841,-1.689415,-0.018002
2026-01-01T00:02:19Z,AE300_CLASS-SIM-01,AE300_CLASS,LONG_ENDURANCE_LOITER,759.2584146135748,10.07076884380445,2160.9594608313337,0.8103536281991628,110.58041704878725,846.8325089836148,94.6582412338419,75.19320116399025,43.29257665157249,0.9052197649054086,27.966324005528143,22.24823340689104,31.029415403216465,CLIMB,HEALTHY,False,0.0,1.0,OK,42,92.24,3600.0,-1.98441,1.820822,0.050549,0.156484,8.679749,0.032177
2026-01-01T00:02:20Z,AE300_CLASS-SIM-01,AE300_CLASS,LONG_ENDURANCE_LOITER,770.9125399926527,10.083903949724087,2161.6686666060245,0.815363190898042,112.04324189470778,847.8451895090946,95.01794393200143,76.25757251496877,43.266716164899556,0.8646816221733441,27.958365035895998,22.10760722600351,30.89686072659201,CLIMB,HEALTHY,False,0.0,1.0,OK,42,92.27,3600.0,-1.331087,1.58621,0.413362,-0.084529,9.502066,-0.010109
2026-01-01T00:02:21Z,AE300_CLASS-SIM-01,AE300_CLASS,LONG_ENDURANCE_LOITER,789.5108133164292,9.959021467294495,2152.6172473032443,0.8143280587432488,112.89113253339676,849.9905574130424,94.19472996062478,74.31872892302064,43.318937281517734,0.9139746401008249,27.868036241836393,21.68467582723331,30.75473117831697,CLIMB,HEALTHY,False,0.0,1.0,OK,42,92.27,3600.0,-0.460873,3.995259,-0.389857,-0.009305,1.177728,0.03968
2026-01-01T00:02:22Z,AE300_CLASS-SIM-01,AE300_CLASS,LONG_ENDURANCE_LOITER,803.7527465415836,9.608180053344944,2148.1969500890027,0.8150264600834871,112.43439937896017,846.3918520244802,94.43473996513775,75.27585985694773,43.34579302239855,0.8428355514369128,27.92064325897799,22.378298607597607,31.115336522503643,CLIMB,HEALTHY,False,0.0,1.0,OK,42,92.29,3600.0,-0.838987,0.505812,-0.136858,-0.025284,-2.770255,-0.031618
2026-01-01T00:02:23Z,AE300_CLASS-SIM-01,AE300_CLASS,LONG_ENDURANCE_LOITER,816.4230754318918,9.777972338805338,2142.185912024315,0.8163435446584405,114.640957878716,846.4488800690068,94.60965490503392,74.41463627195452,43.35701187462821,0.856839505886995,27.93627130297652,22.31419286330916,30.968006400090484,CLIMB,HEALTHY,False,0.0,1.0,OK,42,92.35,3600.0,0.847137,-0.015641,0.03865,-0.085847,-8.759733,-0.018189
2026-01-01T00:02:24Z,AE300_CLASS-SIM-01,AE300_CLASS,LONG_ENDURANCE_LOITER,832.4090442233475,9.404178511224663,2141.218155661458,0.8096765427104502,114.29989216981511,850.5951352176509,95.14980830888102,73.09894208563473,43.35881177274718,0.9370722614763763,27.90803620975761,22.070507039281775,30.747047830290313,CLIMB,HEALTHY,False,0.0,1.0,OK,42,92.28,3600.0,1.631784,6.130984,0.6551,0.197673,-6.953066,0.065475
2026-01-01T00:02:25Z,AE300_CLASS-SIM-01,AE300_CLASS,LONG_ENDURANCE_LOITER,848.5482524001134,9.327503077621827,2148.959930161064,0.8100257423037703,114.09857002866403,848.2918061925964,94.12553740070946,73.40449557921487,43.18498187183155,0.8606427388166586,27.902505800559155,21.562248298368903,31.112145388060085,CLIMB,HEALTHY,False,0.0,1.0,OK,42,92.28,3600.0,1.334428,3.874684,-0.309079,0.017733,2.973886,-0.010163
2026-01-01T00:02:26Z,AE300_CLASS-SIM-01,AE300_CLASS,LONG_ENDURANCE_LOITER,862.288007390166,9.229380346943955,2142.57512467177,0.8151055720408221,114.21866123473734,844.9521065145077,94.72616837486865,73.27475917776313,43.31530921834461,0.8788155862647751,27.90643783848292,22.145692286325737,30.923094238781424,CLIMB,HEALTHY,False,0.0,1.0,OK,42,92.34,3600.0,0.698865,-0.654656,0.288812,-0.076564,-3.510576,0.006107
2026-01-01T00:02:27Z,AE300_CLASS-SIM-01,AE300_CLASS,LONG_ENDURANCE_LOITER,878.542508839442,9.377223260174137,2124.9331971884953,0.815158389184798,109.51515535440282,843.484256083023,94.87862281513381,73.88331300099955,43.22441930504521,0.8225234638417765,27.96577001868577,21.4261221423181,31.205480130534937,CLIMB,HEALTHY,False,0.0,1.0,OK,42,92.31,3600.0,-4.391028,-2.412372,0.444471,-0.193107,-21.035962,-0.05033
2026-01-01T00:02:28Z,AE300_CLASS-SIM-01,AE300_CLASS,LONG_ENDURANCE_LOITER,892.5099394440293,9.019288848581782,2140.1691668969906,0.8105581439103893,114.64564785679563,847.153004460579,93.61327923084129,73.70217833026585,43.259621478369866,0.9295059128106495,27.870153030532112,22.471378009921214,31.027114706816384,CLIMB,HEALTHY,False,0.0,1.0,OK,42,92.22,3600.0,1.582213,2.722308,-0.765194,0.03384,-3.775331,0.059042
2026-01-01T00:02:29Z,AE300_CLASS-SIM-01,AE300_CLASS,LONG_ENDURANCE_LOITER,905.6645057978375,9.00026072425046,2137.538716423399,0.8098581706033764,113.6855484067737,841.5570513095007,93.37546153455922,73.61542398581771,43.20226134788285,0.8370078137974373,27.887256777545357,21.716296537409274,31.32823586368093,CLIMB,HEALTHY,False,0.0,1.0,OK,42,92.15,3600.0,0.635444,-2.636196,-0.948671,0.013665,-4.429747,-0.032386
2026-01-01T00:02:30Z,AE300_CLASS-SIM-01,AE300_CLASS,LONG_ENDURANCE_LOITER,922.3068395729765,9.042361206904856,2129.615716658042,0.8109142959549483,113.88512492069013,842.0195338562278,94.73501715972516,72.80941136302425,43.29226822525423,0.8440405533743794,27.929658289549334,21.773082141464986,30.983444698382733,CLIMB,HEALTHY,False,0.0,1.0,OK,42,92.1,3600.0,0.478402,-2.485841,0.447048,0.055754,-11.03769,-0.025239
2026-01-01T00:02:31Z,AE300_CLASS-SIM-01,AE300_CLASS,LONG_ENDURANCE_LOITER,936.68284189937,8.799101095650563,2144.34796854629,0.8125138137867118,113.533230070893,843.5759206121652,94.65463337907126,73.52538502711266,43.29006276345245,0.874682472756597,27.99041415812006,21.55070538317023,31.135549357086052,CLIMB,HEALTHY,False,0.0,1.0,OK,42,92.14,3600.0,-0.018473,-1.125144,0.382529,-0.023599,4.271439,0.004993
2026-01-01T00:02:32Z,AE300_CLASS-SIM-01,AE300_CLASS,LONG_ENDURANCE_LOITER,949.0120951099948,8.845553936697257,2150.8810250373963,0.8128291889007865,113.9136755819266,843.1049218070413,94.27999598443357,73.4062707451854,43.26031701044432,0.856486270603076,27.929951811065678,21.710245143775282,30.895125269978422,CLIMB,HEALTHY,False,0.0,1.0,OK,42,92.23,3600.0,0.117311,-1.778889,0.021043,-0.077765,11.282724,-0.01321
2026-01-01T00:02:33Z,AE300_CLASS-SIM-01,AE300_CLASS,LONG_ENDURANCE_LOITER,964.6263015102786,8.77527542058,2142.5771509046835,0.8121299875551397,114.9902571314956,844.8131718402527,94.41230184376472,73.77396215115827,43.30099055514725,0.8452036409398618,28.01004918056186,21.792437660970055,30.912187170418868,CLIMB,HEALTHY,False,0.0,1.0,OK,42,92.33,3600.0,1.165831,0.098194,0.176212,-0.020882,3.810231,-0.024022
2026-01-01T00:02:34Z,AE300_CLASS-SIM-01,AE300_CLASS,LONG_ENDURANCE_LOITER,982.1324962166567,8.65814853266462,2127.83208512903,0.813726837990609,113.65699262614858,841.3494821577539,94.74075756542256,73.94315727906528,43.22961393376597,0.9486244913211316,27.947302112594553,21.91259127755776,31.246607437644137,CLIMB,HEALTHY,False,0.0,1.0,OK,42,92.3,3600.0,-0.502737,-3.742263,0.511585,-0.179148,-10.683269,0.078791
2026-01-01T00:02:35Z,AE300_CLASS-SIM-01,AE300_CLASS,LONG_ENDURANCE_LOITER,996.5352429720409,8.51986161280847,2131.9505471680995,0.8124599971749105,114.44317707435644,844.3941241463382,93.82025396021653,73.41782609801909,43.30029802074642,0.8082062437748762,27.86154549105046,22.072837589869135,30.613801619445425,CLIMB,HEALTHY,False,0.0,1.0,OK,42,92.23,3600.0,0.415706,-0.317731,-0.385315,-0.067314,-5.706521,-0.060939
2026-01-01T00:02:36Z,AE300_CLASS-SIM-01,AE300_CLASS,LONG_ENDURANCE_LOITER,1011.4192269015531,8.356065319114704,2144.6386717506666,0.8101241746928034,114.72530799701131,843.1345746228612,94.19691267038772,73.83013581441833,43.27572798195011,0.9126195619015288,27.88013845837783,21.979325073802652,31.138495499440324,CLIMB,HEALTHY,False,0.0,1.0,OK,42,92.14,3600.0,1.030808,-0.854923,0.038927,0.004342,8.71191,0.044949
2026-01-01T00:02:37Z,AE300_CLASS-SIM-01,AE300_CLASS,LONG_ENDURANCE_LOITER,1026.9159821636115,8.618948212991793,2129.046436445849,0.8081676274232288,112.61996602271269,845.9880687647299,94.33980439126435,73.187537398456,43.23509507264327,0.9018462996040066,27.870367188488352,22.226301821569717,31.424734374866837,CLIMB,HEALTHY,False,0.0,1.0,OK,42,92.08,3600.0,-1.20009,2.247785,0.243853,0.051828,-4.624535,0.035778
2026-01-01T00:02:38Z,AE300_CLASS-SIM-01,AE300_CLASS,LONG_ENDURANCE_LOITER,1041.2904174605983,8.322651405533845,2129.851322567476,0.8071203140985671,113.17392773065069,840.9716012783052,93.43463481673123,74.4617466377005,43.31783114222464,0.8839865637832253,27.90646410620246,21.814439348918548,31.136824657430854,CLIMB,HEALTHY,False,0.0,1.0,OK,42,92.05,3600.0,-0.311986,-2.155596,-0.5982,0.188799,-1.524478,0.019248
2026-01-01T00:02:39Z,AE300_CLASS-SIM-01,AE300_CLASS,LONG_ENDURANCE_LOITER,1055.5070498775128,8.218492979592599,2130.8413987587883,0.8098712497740914,112.17357411954312,838.3868708150355,93.93816643772196,72.94318511362519,43.22327415592131,0.8649132740596492,27.920445337434817,21.207195934595678,30.85090115474992,CLIMB,HEALTHY,False,0.0,1.0,OK,42,92.1,3600.0,-1.733081,-5.310134,-0.070351,-0.023761,0.349862,-0.000465
2026-01-01T00:02:40Z,AE300_CLASS-SIM-01,AE300_CLASS,LONG_ENDURANCE_LOITER,1070.9812662109737,8.100651402001954,2123.0510472003384,0.8106872664713698,115.37703029150697,845.9932143255701,93.98310761526,72.39508199344895,43.261659485610224,0.8870812201482817,27.925570239016565,22.030531083394475,31.003983063902226,CLIMB,HEALTHY,False,0.0,1.0,OK,42,92.18,3600.0,1.280088,2.144239,-0.009974,-0.03319,-6.879178,0.021535
2026-01-01T00:02:41Z,AE300_CLASS-SIM-01,AE300_CLASS,LONG_ENDURANCE_LOITER,1086.4133311107064,7.960485176239951,2135.534187131064,0.8119268307259184,113.04759374186081,838.6474299782669,94.69070935345546,72.9089752432097,43.19552479401292,0.8334728038910864,27.948112506500145,21.74553221487249,30.903429244266047,CLIMB,HEALTHY,False,0.0,1.0,OK,42,92.22,3600.0,-1.293252,-5.463518,0.7019,-0.170146,5.759295,-0.032586
2026-01-01T00:02:42Z,AE300_CLASS-SIM-01,AE300_CLASS,LONG_ENDURANCE_LOITER,1102.1013227904693,7.692906928042429,2123.3701361495196,0.8104227729500965,114.64688672434981,844.9927983356675,94.37638038553563,72.75779474376466,43.32672634734376,0.8534962784047812,27.919217529873926,21.849434700091507,31.00854395889831,CLIMB,HEALTHY,False,0.0,1.0,OK,42,92.32,3600.0,0.581369,1.43808,0.41197,0.010328,-5.517498,-0.011795
2026-01-01T00:02:43Z,AE300_CLASS-SIM-01,AE300_CLASS,LONG_ENDURANCE_LOITER,1115.9736245261888,7.836975555995429,2128.1838188834404,0.8081965628449327,114.2733247960457,843.4173737045735,94.02347495715227,74.36295238711165,43.2649018565161,0.8837303754156172,27.958920750449213,21.834327968123514,31.32300109448948,CLIMB,HEALTHY,False,0.0,1.0,OK,42,92.42,3600.0,0.234025,0.258749,0.1056,0.041617,0.988352,0.019869
2026-01-01T00:02:44Z,AE300_CLASS-SIM-01,AE300_CLASS,LONG_ENDURANCE_LOITER,1129.0625706920325,7.706020790755414,2121.200994431484,0.808926580159343,114.55526340928283,845.7582415664326,94.05039012806833,73.4562545576989,43.28959074840891,0.8493471192105793,28.023814948118662,21.910965373062623,30.860451481215033,CLIMB,HEALTHY,False,0.0,1.0,OK,42,92.54,3600.0,0.414759,2.554675,0.16488,0.03496,-4.817562,-0.014321
2026-01-01T00:02:45Z,AE300_CLASS-SIM-01,AE300_CLASS,LONG_ENDURANCE_LOITER,1143.4030488010721,7.419709123931411,2132.2681975889036,0.8087156898586579,114.44375845813408,843.1035135312635,94.20625741626584,71.56505773072162,43.229710290869306,0.8739560728364618,27.939167796409585,21.880234166484858,30.843009331166574,CLIMB,HEALTHY,False,0.0,1.0,OK,42,92.68,3600.0,0.46124,0.213815,0.352546,-0.020961,7.405967,0.010771
2026-01-01T00:02:46Z,AE300_CLASS-SIM-01,AE300_CLASS,LONG_ENDURANCE_LOITER,1160.2754865223965,7.3532356757504695,2120.982259952198,0.8073713522098153,116.01647219560314,844.9476466243061,94.11965535686232,73.24387079000546,43.46195504892305,0.7865161662795398,27.885068847252562,21.58341602730322,30.832862408655544,CLIMB,HEALTHY,False,0.0,1.0,OK,42,92.67,3600.0,2.105975,2.429316,0.309939,0.263324,-2.280169,-0.075614
2026-01-01T00:02:47Z,AE300_CLASS-SIM-01,AE300_CLASS,LONG_ENDURANCE_LOITER,1172.457699202669,7.3235705589102125,2115.0388621021657,0.8097441588091489,114.43919489763009,844.4136558563015,94.04624272623998,72.59540193097574,43.26973851832701,0.9584520955776702,27.923456244086367,21.197330869814216,30.806191229313026,CLIMB,HEALTHY,False,0.0,1.0,OK,42,92.54,3600.0,0.086552,1.319027,0.249616,-0.034971,-7.747549,0.095627
2026-01-01T00:02:48Z,AE300_CLASS-SIM-01,AE300_CLASS,LONG_ENDURANCE_LOITER,1186.2781344053474,7.274822416594917,2121.625746906939,0.80795203749309,117.03345384964848,844.496617664915,94.11489980822195,71.19068044327145,43.2311368068912,0.864226844607808,27.920474976669716,21.187004210216426,30.925568048584818,CLIMB,HEALTHY,False,0.0,1.0,OK,42,92.49,3600.0,2.820427,1.850708,0.351602,-0.004818,0.051293,0.002448
2026-01-01T00:02:49Z,AE300_CLASS-SIM-01,AE300_CLASS,LONG_ENDURANCE_LOITER,1203.7248118280138,7.143653551060259,2115.7091821908175,0.8076246333398615,114.2368383176837,843.1063763899999,94.03073637677197,72.80019788048531,43.27236255991076,0.841614174857026,27.930537211674636,21.914986161363718,30.883554813791385,CLIMB,HEALTHY,False,0.0,1.0,OK,42,92.49,3600.0,0.00042,0.62965,0.302222,0.042011,-4.60042,-0.019623
2026-01-01T00:02:50Z,AE300_CLASS-SIM-01,AE300_CLASS,LONG_ENDURANCE_LOITER,1219.7041087339678,7.226567430803026,2129.370486738341,0.8120751603319581,113.38816265607633,842.7837026514093,93.73411370414347,71.69760469395779,43.25000104074713,0.7948621706007637,27.91621505751776,21.489074596392992,30.957658938070693,CLIMB,HEALTHY,False,0.0,1.0,OK,42,92.41,3600.0,-1.788843,-0.978081,-0.008444,-0.190336,8.550201,-0.068299
2026-01-01T00:02:51Z,AE300_CLASS-SIM-01,AE300_CLASS,LONG_ENDURANCE_LOITER,1232.1422680207852,6.818384581456681,2120.8957698047966,0.8086351763869464,115.31556202929129,848.7578381420175,93.82431152430424,72.09289413695898,43.22323199153998,0.8033735322227191,27.975298553103983,21.430399550781082,30.78424759746573,CLIMB,HEALTHY,False,0.0,1.0,OK,42,92.28,3600.0,0.870324,6.182128,0.110973,-0.08254,1.137997,-0.058248
2026-01-01T00:02:52Z,AE300_CLASS-SIM-01,AE300_CLASS,LONG_ENDURANCE_LOITER,1248.0894997663236,6.873508175030428,2111.8663675744024,0.807538201710722,116.20891965745668,840.2732499683268,93.04290499282163,72.38148804170102,43.316347797607605,0.8329335833780497,27.848176790091376,21.471932232418922,30.928717084697983,CLIMB,HEALTHY,False,0.0,1.0,OK,42,92.18,3600.0,1.68612,-2.116063,-0.631366,0.051662,-6.47077,-0.027794
2026-01-01T00:02:53Z,AE300_CLASS-SIM-01,AE300_CLASS,LONG_ENDURANCE_LOITER,1264.7114710977887,6.635253444510292,2116.521736474876,0.8093132522827526,111.56356383454543,845.3172263252521,93.10851507275716,71.76228172671118,43.30053073360552,0.9092365098790517,27.932979140767443,20.970021392243133,30.815293649860845,CLIMB,HEALTHY,False,0.0,1.0,OK,42,92.05,3600.0,-3.177629,2.672235,-0.548638,-0.051017,-1.192935,0.048036
2026-01-01T00:02:54Z,AE300_CLASS-SIM-01,AE300_CLASS,LONG_ENDURANCE_LOITER,1277.9850854718077,6.665197461526477,2119.387342640467,0.8093565108891171,115.49892364890978,841.7152286629323,92.78036020213045,70.99281434856447,43.30962703946448,0.8109338422960832,27.935672448177048,21.943629357173073,30.948132609687583,CLIMB,HEALTHY,False,0.0,1.0,OK,42,91.92,3600.0,0.552452,-1.02725,-0.859634,-0.054433,2.296637,-0.050121
2026-01-01T00:02:55Z,AE300_CLASS-SIM-01,AE300_CLASS,LONG_ENDURANCE_LOITER,1287.996922793124,6.406434893741378,2128.179311575196,0.8064995170065358,112.1775205490343,845.6664450627122,93.58784967149052,72.2191395329917,43.300173115521915,0.8802136203843219,27.924421720326464,21.868274199817623,31.266813391422378,CLIMB,HEALTHY,False,0.0,1.0,OK,42,91.83,3600.0,-2.194289,3.901542,-0.006178,0.060561,12.760117,0.020833
2026-01-01T00:02:56Z,AE300_CLASS-SIM-01,AE300_CLASS,LONG_ENDURANCE_LOITER,1308.8639169113465,6.264800954175021,2117.0357647479477,0.8096903689436138,116.36963393940478,840.9057926845408,94.07672618921201,71.96856036561712,43.43681271855908,0.8254035146750822,27.889085816177857,21.555121822325113,30.84776599214582,CLIMB,HEALTHY,False,0.0,1.0,OK,42,91.75,3600.0,1.411805,-1.59792,0.491942,0.042865,1.952686,-0.035114
2026-01-01T00:02:57Z,AE300_CLASS-SIM-01,AE300_CLASS,LONG_ENDURANCE_LOITER,1320.8871910975768,5.991154229704495,2109.8006099474997,0.807960938341622,114.21439692075424,847.4118685635681,93.52921553797009,72.17745988746196,43.297048401854376,0.8959176970275204,27.920032586946554,22.045536231908066,30.92579493236495,CLIMB,HEALTHY,False,0.0,1.0,OK,42,91.68,3600.0,-0.366599,5.570676,-0.026583,-0.029949,-4.228431,0.036368
2026-01-01T00:02:58Z,AE300_CLASS-SIM-01,AE300_CLASS,LONG_ENDURANCE_LOITER,1337.78121809917,6.364209199306766,2109.7611043368647,0.8078470016748863,117.80999662042257,841.1281847383831,93.68268452173724,72.04936444101006,43.348675300709864,0.858833022652116,27.813009058337794,21.77786845083372,30.5805918260161,CLIMB,HEALTHY,False,0.0,1.0,OK,42,91.7,3600.0,2.6679,-1.109693,0.155902,0.016601,-3.212812,-0.000345
2026-01-01T00:02:59Z,AE300_CLASS-SIM-01,AE300_CLASS,LONG_ENDURANCE_LOITER,1354.056757698264,6.238384043641951,2117.7136398365446,0.8050476295754897,112.936991192475,842.5078836557984,93.44956629869935,70.46266610188991,43.28423212412566,0.9824174540409079,27.941207905503948,21.92567738998261,31.03621664838909,CLIMB,HEALTHY,False,0.0,1.0,OK,42,91.55,3600.0,-1.844681,1.083052,-0.020782,0.07077,6.791886,0.125013
2026-01-01T00:03:00Z,AE300_CLASS-SIM-01,AE300_CLASS,LONG_ENDURANCE_LOITER,1368.8858598824452,6.088155915731553,2095.2706332908515,0.8062894944006547,116.06071144179995,838.9547857188787,93.35611928950571,70.19274676991667,43.368161957181684,0.8911860976893107,27.933371380450943,21.785291827943503,30.900156086629423,CLIMB,HEALTHY,False,0.0,1.0,OK,42,91.43,3600.0,1.101405,-2.61777,-0.07903,0.102026,-14.371151,0.033833
2026-01-01T00:03:01Z,AE300_CLASS-SIM-01,AE300_CLASS,LONG_ENDURANCE_LOITER,1381.7778159052727,5.842592683290523,2093.2881296572136,0.8067816437421715,115.47709464449336,844.9486032666748,94.1134147637199,72.01557259766071,43.21704194734944,0.8411869353544826,27.92600659371764,22.346379868681087,31.123879920076003,CLIMB,HEALTHY,False,0.0,1.0,OK,42,91.36,3600.0,0.548716,3.483438,0.704374,-0.073864,-15.404274,-0.016005
2026-01-01T00:03:02Z,AE300_CLASS-SIM-01,AE300_CLASS,LONG_ENDURANCE_LOITER,1397.9753920392939,5.86590588074168,2101.3513061970707,0.8078741120630628,113.67574862085749,840.7874565110803,93.32552677236595,71.93541572696307,43.25452008647954,0.74685159374306,27.92645506766692,21.365112329157594,30.90438545849353,CLIMB,HEALTHY,False,0.0,1.0,OK,42,91.15,3600.0,-1.645545,-1.043419,-0.069346,-0.096872,-6.825894,-0.110633
2026-01-01T00:03:03Z,AE300_CLASS-SIM-01,AE300_CLASS,LONG_ENDURANCE_LOITER,1410.981054059848,5.786722178405112,2112.0077855654963,0.8030453813544057,114.48543986553963,843.2627804022235,93.07173539215262,69.1143614991168,43.31478920255932,0.9067366858091787,27.903962126334353,20.974588996505325,31.00001622760466,CLIMB,HEALTHY,False,0.0,1.0,OK,42,90.95,3600.0,-0.179513,2.720304,-0.258377,0.173023,6.185503,0.051892
2026-01-01T00:03:04Z,AE300_CLASS-SIM-01,AE300_CLASS,LONG_ENDURANCE_LOITER,1423.4360941037964,5.777801373008706,2099.206069099144,0.803606247354392,114.63427505120067,840.7266171362314,93.02910997381542,70.88268866064415,43.246781066932655,0.8998862498249336,27.91649410652879,21.341612659131204,30.760363934428305,CLIMB,HEALTHY,False,0.0,1.0,OK,42,90.79,3600.0,-0.198583,0.112115,-0.253304,0.090229,-4.88173,0.045572
2026-01-01T00:03:05Z,AE300_CLASS-SIM-01,AE300_CLASS,LONG_ENDURANCE_LOITER,1438.2694962921694,5.678795161865209,2101.88033265445,0.8009963496846138,114.56377855833577,838.6093111222893,93.99902216732004,68.83540664457249,43.18592891448085,0.9053071596932195,27.959003543230484,21.315435421569955,30.79158038079128,CLIMB,HEALTHY,False,0.0,1.0,OK,42,90.64,3600.0,0.085566,-1.212803,0.784644,0.149172,0.266586,0.052924
2026-01-01T00:03:06Z,AE300_CLASS-SIM-01,AE300_CLASS,LONG_ENDURANCE_LOITER,1456.4799086503856,5.189823919347091,2090.2794332736444,0.8049940887538541,117.32676603593066,839.8044982927612,93.30638575557334,71.14699809195969,43.397683159217095,0.8289818404047065,27.903545976160665,22.073610671613704,30.65420588113004,CLIMB,HEALTHY,False,0.0,1.0,OK,42,90.54,3600.0,2.546661,-0.545905,0.108933,0.182918,-10.718837,-0.024639
2026-01-01T00:03:07Z,AE300_CLASS-SIM-01,AE300_CLASS,LONG_ENDURANCE_LOITER,1471.9117419762015,5.289845262738402,2102.971651916925,0.8048851322755698,114.11844469804046,838.1641732672804,93.35638096096227,70.93002299718255,43.262341390498875,0.857677239369483,27.92655342647289,21.223585578230438,30.98963634303906,CLIMB,HEALTHY,False,0.0,1.0,OK,42,90.55,3600.0,-0.948049,-2.328721,0.178145,0.039317,2.672146,0.004266
2026-01-01T00:03:08Z,AE300_CLASS-SIM-01,AE300_CLASS,LONG_ENDURANCE_LOITER,1486.414199830775,5.736840241108856,2098.5693837335552,0.8042690215818489,116.41571844849426,843.10264641667,92.96226889033598,69.64168992339091,43.30144426995025,0.8168636103109523,27.88677271292965,21.53003943114426,31.024224135231208,CLIMB,HEALTHY,False,0.0,1.0,OK,42,90.59,3600.0,0.811749,2.266064,-0.190146,0.095578,-0.791155,-0.036038
2026-01-01T00:03:09Z,AE300_CLASS-SIM-01,AE300_CLASS,LONG_ENDURANCE_LOITER,1499.0931020757307,4.973642330695399,2086.734908690743,0.8024811738665877,113.76139986241205,840.2685206166941,92.63915893237376,69.28762423293826,43.22137748780359,0.833865428513161,27.955582443643088,21.689849537433545,30.873407777086765,CLIMB,HEALTHY,False,0.0,1.0,OK,42,90.67,3600.0,-0.950284,0.635922,-0.471065,0.091493,-11.091406,-0.017821
2026-01-01T00:03:10Z,AE300_CLASS-SIM-01,AE300_CLASS,LONG_ENDURANCE_LOITER,1514.1232753939435,5.088718805210252,2101.3955030630495,0.8059831529615193,114.34132275058754,840.6958327360015,92.23105633286977,69.96553255344999,43.31239317572217,0.8406692011432534,27.974832136848296,21.21501063792962,30.89976362113343,CLIMB,HEALTHY,False,0.0,1.0,OK,42,90.81,3600.0,-1.194677,0.020879,-0.877811,0.02032,3.618508,-0.012334
2026-01-01T00:03:11Z,AE300_CLASS-SIM-01,AE300_CLASS,LONG_ENDURANCE_LOITER,1529.5758925096309,5.042362757290896,2097.252417061037,0.8048438396896486,116.67653250806103,844.3435838078452,93.11543587649255,70.37922470114155,43.22339513856255,0.8873249166279684,27.87118077074497,21.794710299460455,31.19490704144666,CLIMB,HEALTHY,False,0.0,1.0,OK,42,90.93,3600.0,1.137608,3.905676,0.02446,-0.036366,0.12601,0.034854
2026-01-01T00:03:12Z,AE300_CLASS-SIM-01,AE300_CLASS,LONG_ENDURANCE_LOITER,1544.2613186124877,4.632229587489998,2093.1687625622817,0.806908194713023,116.34640010817118,841.0750959592932,93.54154577029205,69.99864030284841,43.337396949322326,0.8938162422162388,27.96201841196443,21.563294508246578,30.99526732322431,CLIMB,HEALTHY,False,0.0,1.0,OK,42,91.03,3600.0,0.700557,0.44066,0.448058,-0.028753,-4.048963,0.040444
2026-01-01T00:03:13Z,AE300_CLASS-SIM-01,AE300_CLASS,LONG_ENDURANCE_LOITER,1558.7985686496306,4.774595693080963,2107.9064525716635,0.8046916686119046,116.72721316550442,840.6168052349877,92.79494263202612,69.49685627044502,43.349320705247465,0.8770138580416367,27.83218201647138,21.37923891157632,31.122994132440418,CLIMB,HEALTHY,False,0.0,1.0,OK,42,91.14,3600.0,1.06684,0.311875,-0.272937,0.064466,11.619921,0.024684
2026-01-01T00:03:14Z,AE300_CLASS-SIM-01,AE300_CLASS,LONG_ENDURANCE_LOITER,1573.7533787812993,4.498446714758392,2108.165431158772,0.8054388590936996,115.64357435163993,839.1225385842989,93.51719581482867,68.92751652520367,43.33087941388999,0.8760133417213827,27.909919355122152,21.475636439741418,30.82558065114653,CLIMB,HEALTHY,False,0.0,1.0,OK,42,91.28,3600.0,-0.04453,-1.149139,0.466198,0.002918,12.49277,0.02357
2026-01-01T00:03:15Z,AE300_CLASS-SIM-01,AE300_CLASS,LONG_ENDURANCE_LOITER,1590.457349069203,4.542420797406946,2082.5168255669314,0.8051177691346738,116.60917851924984,841.3993382262488,93.18491105633355,69.01643906084888,43.3080512878084,0.84915155737206,27.88013925653666,21.32659752127263,31.15110174238926,CLIMB,HEALTHY,False,0.0,1.0,OK,42,91.48,3600.0,0.702193,1.088209,0.155635,-0.020058,-12.365954,-0.00298
2026-01-01T00:03:16Z,AE300_CLASS-SIM-01,AE300_CLASS,LONG_ENDURANCE_LOITER,1601.1012395806356,4.650894141570296,2081.0739423215878,0.8034872370270577,115.27908606734859,834.1087181897076,93.14782908685645,68.86657515615951,43.1336635697586,0.8885699752372852,27.956516351968574,21.855398284779746,30.89803331760919,CLIMB,HEALTHY,False,0.0,1.0,OK,42,91.62,3600.0,-0.606346,-5.905289,0.155237,-0.124457,-12.474856,0.037527
2026-01-01T00:03:17Z,AE300_CLASS-SIM-01,AE300_CLASS,LONG_ENDURANCE_LOITER,1618.5876057263843,4.678853122764001,2103.563014384199,0.8057856559242698,114.6732919963104,840.402677062008,93.14190632031865,67.55215426354205,43.28658653704436,0.952662399080862,27.924206441763,21.838594107130035,30.867815253211003,CLIMB,HEALTHY,False,0.0,1.0,OK,42,91.58,3600.0,-1.812699,-0.282178,0.159672,-0.084392,10.390847,0.100839
2026-01-01T00:03:18Z,AE300_CLASS-SIM-01,AE300_CLASS,LONG_ENDURANCE_LOITER,1633.2235058473577,4.440524041845479,2085.0353555807405,0.8014057829588646,117.59823235690422,843.5735636810981,92.46952106619305,69.8138598807138,43.25201156321524,0.865258125026823,27.916511214782023,21.68309764035495,30.84897808961853,CLIMB,HEALTHY,False,0.0,1.0,OK,42,91.58,3600.0,1.840222,4.200768,-0.455402,0.067083,-6.052749,0.015772
2026-01-01T00:03:19Z,AE300_CLASS-SIM-01,AE300_CLASS,LONG_ENDURANCE_LOITER,1650.2633911411015,4.333448963001024,2094.0764424588965,0.8014816229650736,118.81329566952128,840.9385881136299,93.20779553657457,67.52484525986237,43.20666661651767,0.9052610927203671,27.909072171191617,20.79889399646667,30.988510283029754,CLIMB,HEALTHY,False,0.0,1.0,OK,42,91.52,3600.0,2.97886,1.669882,0.331339,0.020273,4.750759,0.056429
2026-01-01T00:03:20Z,AE300_CLASS-SIM-01,AE300_CLASS,LONG_ENDURANCE_LOITER,1662.147288756434,4.402438288622248,2088.054509589657,0.803372376335004,117.59493989896566,837.0021507413916,92.41162631832151,68.62553107324302,43.30445398862824,0.7892570521366636,27.830369782291683,21.608392694983685,30.73852059506783,CLIMB,HEALTHY,False,0.0,1.0,OK,42,91.42,3600.0,1.283643,-2.800951,-0.443238,0.036401,-0.486004,-0.059955
2026-01-01T00:03:21Z,AE300_CLASS-SIM-01,AE300_CLASS,LONG_ENDURANCE_LOITER,1677.1894387583975,3.8159228841534203,2082.8799060300275,0.8027626431845155,117.3273081206884,837.2477188130049,93.57572018794312,68.11144207430843,43.21262829662827,0.9179184330575374,27.905044794172014,21.183930564275542,30.80190202970898,CLIMB,HEALTHY,False,0.0,1.0,OK,42,91.28,3600.0,1.504564,-1.863988,0.74847,-0.038005,-4.656471,0.06924
2026-01-01T00:03:22Z,AE300_CLASS-SIM-01,AE300_CLASS,LONG_ENDURANCE_LOITER,1694.622202958906,4.218078571091999,2080.8798047184946,0.8025077249724343,116.29079720923738,836.5377026392223,92.77636904307563,68.59860679121343,43.320811853576764,0.9026628960202421,27.882913815287463,21.273626655294027,30.921024606528146,CLIMB,HEALTHY,False,0.0,1.0,OK,42,91.14,3600.0,-0.115944,-2.967187,-0.021508,0.070775,-5.588462,0.054404
2026-01-01T00:03:23Z,AE300_CLASS-SIM-01,AE300_CLASS,LONG_ENDURANCE_LOITER,1706.529624734017,3.9901478746124606,2084.9477999078395,0.8004686102519301,114.9857410043452,843.242930383252,92.70259683066968,69.88915803099285,43.220361880075316,0.8610250409580761,27.9912856440328,21.008884223118542,30.532921447710287,CLIMB,HEALTHY,False,0.0,1.0,OK,42,91.08,3600.0,-1.003848,4.489521,-0.048331,0.060794,0.186784,0.01416
2026-01-01T00:03:24Z,AE300_CLASS-SIM-01,AE300_CLASS,LONG_ENDURANCE_LOITER,1724.152107419153,3.6815341897465963,2084.3851804716214,0.801050385801319,116.63453521740134,836.4216351193676,92.66360539851256,68.7779811756246,43.18945757889033,0.8160096722033799,27.88118022579641,20.88575628014981,30.750426431636885,CLIMB,HEALTHY,False,0.0,1.0,OK,42,91.07,3600.0,0.663816,-2.188325,-0.051699,0.00017,0.919564,-0.030608
2026-01-01T00:03:25Z,AE300_CLASS-SIM-01,AE300_CLASS,LONG_ENDURANCE_LOITER,1737.2152318468914,3.6493269180209964,2081.598659378352,0.8019972336952238,115.49001194934947,840.9100614923791,93.36239326395483,67.90170174539291,43.277839342480256,0.8363239364770433,27.909192576500814,21.772448432772332,30.886330557004236,CLIMB,HEALTHY,False,0.0,1.0,OK,42,91.13,3600.0,-0.745125,2.076056,0.6689,0.043227,-1.07381,-0.010365
2026-01-01T00:03:26Z,AE300_CLASS-SIM-01,AE300_CLASS,LONG_ENDURANCE_LOITER,1749.1917300436376,3.6810623076800044,2091.0976997016796,0.8014086595118556,117.69361902923713,836.934691908426,92.0193678494242,68.31721098286035,43.14210545674798,0.8359108749658812,27.945544895687704,20.71811234704883,30.61433223804314,CLIMB,HEALTHY,False,0.0,1.0,OK,42,91.23,3600.0,1.371796,-1.808576,-0.647628,-0.071847,9.388749,-0.010239
2026-01-01T00:03:27Z,AE300_CLASS-SIM-01,AE300_CLASS,LONG_ENDURANCE_LOITER,1765.1186182989245,3.507168687710022,2078.8781822842366,0.8044649394300588,117.69702292854761,840.1456880594502,92.72508413550814,68.43225968793917,43.194536999646495,0.8848695045093777,27.849088135807285,21.52999392796228,30.980407345264233,CLIMB,HEALTHY,False,0.0,1.0,OK,42,91.32,3600.0,0.854973,0.720457,0.052583,-0.169275,-3.030952,0.037419
2026-01-01T00:03:28Z,AE300_CLASS-SIM-01,AE300_CLASS,LONG_ENDURANCE_LOITER,1781.7977783846136,3.3939384115260745,2083.21210179814,0.7957584447412801,116.9066436002426,838.333420238271,92.60849049122359,68.59936845012987,43.24052695090528,0.7945808029223758,27.88741307765949,21.28800003499775,30.815959345093912,CLIMB,HEALTHY,False,0.0,1.0,OK,42,91.37,3600.0,1.316317,1.183699,0.025311,0.252206,4.551045,-0.048531
2026-01-01T00:03:29Z,AE300_CLASS-SIM-01,AE300_CLASS,LONG_ENDURANCE_LOITER,1796.5391753472238,3.4799794308118575,2071.7806083521814,0.8016476972086259,118.2482163444213,833.6857660613493,92.68386938749508,67.40204948885498,43.22152286731082,0.8047694503607955,27.885787011480776,21.808475566367502,30.605292063744496,CLIMB,HEALTHY,False,0.0,1.0,OK,42,91.4,3600.0,1.533016,-4.988846,0.113924,-0.018083,-6.399236,-0.040246
2026-01-01T00:03:30Z,AE300_CLASS-SIM-01,AE300_CLASS,LONG_ENDURANCE_LOITER,1809.356696107393,3.0324875922532524,2090.448879897667,0.8001864317000685,116.5958392919001,837.3067320008225,92.14982588172855,67.60055215306947,43.39000776452953,0.9077252584887223,27.85795195951362,21.43874952084454,30.666469628002314,CLIMB,HEALTHY,False,0.0,1.0,OK,42,91.36,3600.0,0.387983,-0.594547,-0.391091,0.206425,13.324628,0.063578
2026-01-01T00:03:31Z,AE300_CLASS-SIM-01,AE300_CLASS,LONG_ENDURANCE_LOITER,1823.2613744676567,3.2844081191311756,2085.4528861280914,0.8030180304280218,116.07647060535874,837.8593772902433,92.88403099468978,68.03401405830073,43.21763780601462,0.7718207155308586,27.896125488002973,21.556571488556337,30.607805288211193,CLIMB,HEALTHY,False,0.0,1.0,OK,42,91.26,3600.0,-1.010144,-1.069313,0.341177,-0.101712,8.2582,-0.073465
2026-01-01T00:03:32Z,AE300_CLASS-SIM-01,AE300_CLASS,LONG_ENDURANCE_LOITER,1841.6988798132545,3.0849164394552404,2081.5597397559573,0.8024846917401788,115.84287951054657,833.6906672246654,92.27840551605931,68.35781578535855,43.20747396915896,0.8130444784538619,27.81821804986342,21.747067052350914,30.907550122396128,CLIMB,HEALTHY,False,0.0,1.0,OK,42,91.18,3600.0,-1.244285,-5.035226,-0.254475,-0.112311,4.727731,-0.032086
2026-01-01T00:03:33Z,AE300_CLASS-SIM-01,AE300_CLASS,LONG_ENDURANCE_LOITER,1856.7103995274679,3.0840476969058095,2079.323306317167,0.8000668978451965,116.59144393509438,836.9127565778435,93.67600790361175,67.97540054958853,43.21089956360355,0.8648218625062598,27.850139464816497,21.6610418564865,30.680786308651427,CLIMB,HEALTHY,False,0.0,1.0,OK,42,91.15,3600.0,-0.318291,-1.257097,1.179997,-0.01305,3.832018,0.020999
2026-01-01T00:03:34Z,AE300_CLASS-SIM-01,AE300_CLASS,LONG_ENDURANCE_LOITER,1871.1219985193043,3.002489237054062,2076.958552390874,0.8005593103540096,116.87729748998592,837.8436639986143,92.20277792597219,67.02163451061261,43.326231631514084,0.8385890367412953,27.858645102829563,21.043230465898212,30.941259919466695,CLIMB,HEALTHY,False,0.0,1.0,OK,42,91.23,3600.0,-0.196717,-0.387118,-0.265454,0.076689,2.47739,-0.005062
2026-01-01T00:03:35Z,AE300_CLASS-SIM-01,AE300_CLASS,LONG_ENDURANCE_LOITER,1886.1985951349322,2.830345673031134,2071.442526667843,0.8013319101255311,116.08580790552638,837.1665210346553,92.87065433348211,68.0476536494917,43.17726546430012,0.8045737691305326,27.89392834527229,21.704402193941704,30.48513122980921,CLIMB,HEALTHY,False,0.0,1.0,OK,42,91.28,3600.0,-1.132153,-1.13578,0.42069,-0.115523,-2.374354,-0.039176
2026-01-01T00:03:36Z,AE300_CLASS-SIM-01,AE300_CLASS,LONG_ENDURANCE_LOITER,1900.4174994093557,2.4435935002640283,2067.7860370305516,0.7992711431638716,116.43522470524388,836.2905318889184,92.40946791176323,66.75037444863092,43.147151679530445,0.8777664619860107,27.91919902427876,21.427970327099022,30.53762155521672,CLIMB,HEALTHY,False,0.0,1.0,OK,42,91.34,3600.0,-0.251792,-1.137531,-0.001239,-0.061532,-4.603322,0.035255
2026-01-01T00:03:37Z,AE300_CLASS-SIM-01,AE300_CLASS,LONG_ENDURANCE_LOITER,1915.263192043691,2.6551005320747425,2063.9902936408625,0.799833161311179,116.89045320955121,842.8348814701789,93.244262689954,65.69146445103604,43.38324902677823,0.8010876363511845,27.92781552007498,21.454635780315343,30.615647954150756,CLIMB,HEALTHY,False,0.0,1.0,OK,42,91.35,3600.0,-0.269325,5.037496,0.862578,0.146281,-7.343691,-0.041258
2026-01-01T00:03:38Z,AE300_CLASS-SIM-01,AE300_CLASS,LONG_ENDURANCE_LOITER,1930.3695313203884,2.4412773457674977,2074.0725462611063,0.8000909742343908,118.65682210784892,837.7796563255511,92.27474316504684,67.93864913832147,43.26714665902854,0.8748054542573249,27.861510143794924,20.838388686474293,30.676116953841426,CLIMB,HEALTHY,False,0.0,1.0,OK,42,91.38,3600.0,1.479144,0.091557,-0.082555,0.011156,3.625347,0.032643
2026-01-01T00:03:39Z,AE300_CLASS-SIM-01,AE300_CLASS,LONG_ENDURANCE_LOITER,1943.5132123659237,2.479041001409048,2076.008825428743,0.7991341838653796,119.02202358124657,841.2919087217987,92.43189528198909,66.20921495683842,43.32555020033189,0.8387297206171943,27.892645811998925,21.038579914399556,30.624084537459456,CLIMB,HEALTHY,False,0.0,1.0,OK,42,91.47,3600.0,1.796796,3.785078,0.107013,0.106987,6.740376,-0.002676
2026-01-01T00:03:40Z,AE300_CLASS-SIM-01,AE300_CLASS,LONG_ENDURANCE_LOITER,1957.0563001137862,2.359745063348409,2062.6790020528083,0.8053783217172529,115.81044895175431,833.8311591033929,92.52403968135336,68.10856894166255,43.23360288116936,0.8668286512767689,27.813363471371954,20.925714609403713,30.592792557324394,CLIMB,HEALTHY,False,0.0,1.0,OK,42,91.54,3600.0,-2.481345,-5.224331,0.165539,-0.276137,-7.811927,0.022571
2026-01-01T00:03:41Z,AE300_CLASS-SIM-01,AE300_CLASS,LONG_ENDURANCE_LOITER,1971.2315052991523,2.1860655536221025,2051.450058704629,0.7964296821418991,116.58477662390466,834.9158440699242,92.44500475753048,66.96922611385459,43.28205052168168,0.8745378412149634,27.932244613445157,21.116911937487732,30.79564079662181,CLIMB,HEALTHY,False,0.0,1.0,OK,42,91.6,3600.0,-0.335535,-1.784276,0.155322,0.151449,-16.538393,0.034368
2026-01-01T00:03:42Z,AE300_CLASS-SIM-01,AE300_CLASS,LONG_ENDURANCE_LOITER,1989.6561594417676,2.0934707268308768,2063.357703552636,0.7982240038202093,116.28135530314428,838.3155646383167,92.19648992401821,66.04661652995897,43.187378192347644,0.7858160501542066,27.925273058592403,21.12960485960161,30.616990613180974,CLIMB,HEALTHY,False,0.0,1.0,OK,42,91.62,3600.0,-1.022112,1.27247,-0.052923,-0.020065,-3.1664,-0.054441
2026-01-01T00:03:43Z,AE300_CLASS-SIM-01,AE300_CLASS,LONG_ENDURANCE_LOITER,2004.9165253281071,1.891858604456767,2055.281938808269,0.800746148282142,116.70727704171058,835.8816918562572,92.22953569708437,67.48234699342095,43.227000587567915,0.7859277295456288,27.90738235685189,20.94906744312599,31.025893071580608,CLIMB,HEALTHY,False,0.0,1.0,OK,42,91.59,3600.0,-0.986445,-1.635913,-0.009599,-0.099008,-10.868401,-0.055163
2026-01-01T00:03:44Z,AE300_CLASS-SIM-01,AE300_CLASS,LONG_ENDURANCE_LOITER,2018.516838935522,1.5443743049448297,2066.619544056594,0.802407714103039,119.51579117835615,842.0448317654615,91.72435262099472,67.18730817327099,43.18115932498192,0.8495856170409549,27.83421761935549,20.88978511656682,30.637565331403742,CLIMB,HEALTHY,False,0.0,1.0,OK,42,91.61,3600.0,1.697612,4.363168,-0.519197,-0.234669,0.308659,0.007708
2026-01-01T00:03:45Z,AE300_CLASS-SIM-01,AE300_CLASS,LONG_ENDURANCE_LOITER,2034.6811662535474,1.9034412015837816,2065.047438760416,0.7956324904972226,117.12382550891044,834.7205626701528,92.54687085852775,67.31426867790307,43.28653795302923,0.8051128994387503,27.775063398905687,20.541603429753728,30.948548238609973,CLIMB,HEALTHY,False,0.0,1.0,OK,42,91.63,3600.0,-0.192959,-1.654004,0.372971,0.160007,1.269263,-0.033416
2026-01-01T00:03:46Z,AE300_CLASS-SIM-01,AE300_CLASS,LONG_ENDURANCE_LOITER,2047.546265739169,1.5744283442972662,2073.6011982336845,0.8006784680391248,117.62287290397468,835.8796678137138,92.06837529917394,66.40673317725194,43.31782864310429,0.8577145709236976,27.913195459287298,21.411055836193682,30.556158638678117,CLIMB,HEALTHY,False,0.0,1.0,OK,42,91.7,3600.0,-0.294089,-1.419673,-0.098906,-0.027749,10.063704,0.017462
2026-01-01T00:03:47Z,AE300_CLASS-SIM-01,AE300_CLASS,LONG_ENDURANCE_LOITER,2064.0952558016747,1.5465554275414966,2043.4839482270686,0.7937066238789914,116.329940814684,838.0801076993891,92.15136670583378,66.27118997810561,43.33754856600157,0.7812008508367971,27.88256710424534,21.140200899315637,30.61747890464554,CLIMB,HEALTHY,False,0.0,1.0,OK,42,91.7,3600.0,-0.652446,2.551087,0.064106,0.294551,-17.143721,-0.055458
2026-01-01T00:03:48Z,AE300_CLASS-SIM-01,AE300_CLASS,LONG_ENDURANCE_LOITER,2077.8202678954026,1.2544520443317901,2069.9611582028388,0.796414548672717,120.35698995007934,836.393219250803,92.53514900818224,65.97000446021511,43.21730863497441,0.8116354922135872,27.887940101715408,21.132877908129178,30.606594910762624,CLIMB,HEALTHY,False,0.0,1.0,OK,42,91.73,3600.0,3.126692,0.541189,0.48605,0.066448,10.7212,-0.025406
2026-01-01T00:03:49Z,AE300_CLASS-SIM-01,AE300_CLASS,LONG_ENDURANCE_LOITER,2092.4050259688024,1.3066333182395853,2075.1858236944054,0.7974131310527693,119.78791997277281,835.8278480012091,92.161604256886,64.79298612062288,43.19098536891463,0.8469983820083491,27.946126568991417,21.092693792406994,30.928109533253362,CLIMB,HEALTHY,False,0.0,1.0,OK,42,91.79,3600.0,2.169719,-0.349279,0.136214,-0.008187,16.807994,0.009884
2026-01-01T00:03:50Z,AE300_CLASS-SIM-01,AE300_CLASS,LONG_ENDURANCE_LOITER,2108.3685010727113,1.5459620527715587,2057.6723994269605,0.8021878528287111,117.21132449761213,834.1209189961086,91.47283282871258,67.79835021928199,43.26562818453594,0.8220969782285636,27.932159159327924,21.22103985955075,31.011792364081092,CLIMB,HEALTHY,False,0.0,1.0,OK,42,91.86,3600.0,-1.657044,-3.613861,-0.577043,-0.164016,-1.595803,-0.017236
2026-01-01T00:03:51Z,AE300_CLASS-SIM-01,AE300_CLASS,LONG_ENDURANCE_LOITER,2119.9004729731123,1.1657515393084175,2053.8467229932417,0.7932748568694049,119.28425979340568,835.4013017781158,92.3226542909671,67.72361897293251,43.19391345524119,0.8177891950968388,27.88645721783354,21.29955222409578,30.628192021532424,CLIMB,HEALTHY,False,0.0,1.0,OK,42,91.93,3600.0,2.062576,0.262463,0.346724,0.149585,-2.732554,-0.01735
2026-01-01T00:03:52Z,AE300_CLASS-SIM-01,AE300_CLASS,LONG_ENDURANCE_LOITER,2136.0905946413386,1.2678376497954658,2058.734682449041,0.7929475805110273,116.37659396864464,840.2532509170996,92.14318342489527,64.97077971528564,43.20352537928885,0.8369459752422788,27.910652948343394,20.5845573668798,30.583386299467556,CLIMB,HEALTHY,False,0.0,1.0,OK,42,92.04,3600.0,-1.031648,5.167361,0.231859,0.185344,4.504688,0.002889
2026-01-01T00:03:53Z,AE300_CLASS-SIM-01,AE300_CLASS,LONG_ENDURANCE_LOITER,2152.2612854841473,0.9979877758886433,2059.0882115082773,0.7943928370571326,118.49791401904238,838.9975813215617,92.15391127003721,65.63772445002351,43.20663395451747,0.7983918451933806,27.87785719582301,21.35861904498226,30.688008047536513,CLIMB,HEALTHY,False,0.0,1.0,OK,42,92.12,3600.0,0.964423,3.845462,0.282431,0.129057,6.307113,-0.03562
2026-01-01T00:03:54Z,AE300_CLASS-SIM-01,AE300_CLASS,LONG_ENDURANCE_LOITER,2165.3319606826444,0.8428296033518581,2055.493293683324,0.795919638672305,118.7288595283744,837.2964446945981,92.30744432524787,66.63033796725868,43.27077063063085,0.7935297866253439,27.844109849352026,20.94665927031299,30.6345236268556,CLIMB,HEALTHY,False,0.0,1.0,OK,42,92.16,3600.0,0.950957,1.902431,0.455206,0.123338,3.411896,-0.040796
2026-01-01T00:03:55Z,AE300_CLASS-SIM-01,AE300_CLASS,LONG_ENDURANCE_LOITER,2179.7739913910405,0.7541166012444204,2049.7690485440617,0.7951377860019591,117.75203307605175,839.0234577742202,91.96964969324551,67.42218275257113,43.219876853943724,0.8221285563625104,27.879931191727465,21.035034234992324,30.763829579929173,CLIMB,HEALTHY,False,0.0,1.0,OK,42,92.23,3600.0,-0.004543,3.870662,0.1444,0.098246,-1.330936,-0.011611
2026-01-01T00:03:56Z,AE300_CLASS-SIM-01,AE300_CLASS,LONG_ENDURANCE_LOITER,2199.4113632850854,0.5972760043274341,2058.1084108484642,0.7967117974915245,116.18500265732077,837.7730434269963,92.4230455344953,64.49337734543002,43.20773270000441,0.7571521192044376,27.828928828157917,21.261203930767124,30.62492451070499,CLIMB,HEALTHY,False,0.0,1.0,OK,42,92.17,3600.0,-1.948454,2.289094,0.608896,5.5e-05,7.412046,-0.077132
2026-01-01T00:03:57Z,AE300_CLASS-SIM-01,AE300_CLASS,LONG_ENDURANCE_LOITER,2209.4479066487042,0.6621968324465409,2047.443801449132,0.7951694677955601,119.25370057858964,832.253503054218,91.41785458719478,65.25377711586484,43.265050797060105,0.8901223913898273,27.852194388179207,21.216729035149076,30.57361508252539,CLIMB,HEALTHY,False,0.0,1.0,OK,42,92.07,3600.0,1.172737,-2.930539,-0.369356,0.120397,-2.272941,0.056727
2026-01-01T00:03:58Z,AE300_CLASS-SIM-01,AE300_CLASS,LONG_ENDURANCE_LOITER,2228.6652399462864,0.3614158276685224,2059.4067896208935,0.7946129537122885,120.97522140913306,837.0533022637381,91.34074710526346,64.57973778969813,43.25236966226459,0.8813868643637309,27.875484563504408,20.937646772291536,30.801342756419448,CLIMB,HEALTHY,False,0.0,1.0,OK,42,91.95,3600.0,3.025556,2.24876,-0.414385,0.120417,10.856514,0.048541
2026-01-01T00:03:59Z,AE300_CLASS-SIM-01,AE300_CLASS,LONG_ENDURANCE_LOITER,2240.938438381257,0.24115945628442875,2043.424517480401,0.7962109806270441,120.00383022557914,839.8135808792341,92.1214599698014,65.16866852041491,43.24903530079771,0.8036273348794103,27.87170083808151,20.665755853652936,30.496635715283485,CLIMB,HEALTHY,False,0.0,1.0,OK,42,91.86,3600.0,1.759677,4.699654,0.378731,0.041587,-4.674722,-0.029669
2026-01-01T00:04:00Z,AE300_CLASS-SIM-01,AE300_CLASS,LONG_ENDURANCE_LOITER,2256.05587907301,0.3667158848766001,2052.9379477672487,0.7966477792173404,118.8051210412475,836.7385606923033,91.72421306702898,65.17625940038837,43.15914057306608,0.8498817160806532,27.904084231768294,20.700848846608586,30.6880831528513,CLIMB,HEALTHY,False,0.0,1.0,OK,42,91.84,3600.0,0.139243,1.307601,-0.008641,-0.082463,5.197806,0.01645
2026-01-01T00:04:01Z,AE300_CLASS-SIM-01,AE300_CLASS,LONG_ENDURANCE_LOITER,2269.4349666059265,0.1636165881151748,2039.2600654128778,0.7979019202207035,119.94133350405184,836.5760307885356,92.60368887808602,64.56527264365292,43.383212838168845,0.8226205196470959,27.887073264246947,20.771190512562406,30.73252232422918,CLIMB,HEALTHY,False,0.0,1.0,OK,42,91.89,3600.0,1.066894,0.945964,0.870141,0.070831,-8.505321,-0.011391
2026-01-01T00:04:02Z,AE300_CLASS-SIM-01,AE300_CLASS,LONG_ENDURANCE_LOITER,2286.4386075770144,0.12920883733833466,2058.582944937145,0.7956634837544522,118.97411249829449,832.4171824150776,91.877336998749,64.51303751763548,43.16340564652534,0.7975329554114193,27.983254628550355,20.800263713974623,30.45449474578796,CLIMB,HEALTHY,False,0.0,1.0,OK,42,91.92,3600.0,0.239549,-2.707008,0.170799,-0.06773,11.799754,-0.035427
2026-01-01T00:04:03Z,AE300_CLASS-SIM-01,AE300_CLASS,LONG_ENDURANCE_LOITER,2298.9526678104016,0.04226482407856512,2048.9850537167904,0.7961095930434506,119.56889911241448,833.0479050221162,91.81505377300876,63.78313864871551,43.16130946385488,0.790792925799916,27.828367659132194,21.18736511238544,30.77270729456959,CLIMB,HEALTHY,False,0.0,1.0,OK,42,91.93,3600.0,0.687293,-2.128375,0.128569,-0.094707,2.931046,-0.042097
2026-01-01T00:04:04Z,AE300_CLASS-SIM-01,AE300_CLASS,LONG_ENDURANCE_LOITER,2316.2798128697823,-0.04039933639265317,2049.6096590215984,0.7912922360055298,119.87841319613285,835.240565246898,91.91692946112953,64.75163687548671,43.13784781617521,0.7642941299772469,27.846940722807066,21.02638518508697,30.769306139417694,CLIMB,HEALTHY,False,0.0,1.0,OK,42,91.87,3600.0,1.653065,1.35151,0.298778,0.090799,6.04051,-0.065945
2026-01-01T00:04:05Z,AE300_CLASS-SIM-01,AE300_CLASS,LONG_ENDURANCE_LOITER,2327.577716213557,-0.2897574977128228,2038.1241169173136,0.7939150195090959,117.053113649674,830.6539785042906,91.23781020138634,64.40276002402453,43.12481361226677,0.8261114153918558,27.91728523383053,20.45519615661227,30.63120635367101,CLIMB,HEALTHY,False,0.0,1.0,OK,42,91.89,3600.0,-1.441857,-3.589385,-0.350805,-0.028006,-4.370998,-0.004611
2026-01-01T00:04:06Z,AE300_CLASS-SIM-01,AE300_CLASS,LONG_ENDURANCE_LOITER,2345.9815795450704,-0.30162914744345853,2038.186980209797,0.7967714360730573,118.49337896572321,837.619381094279,91.7736077972669,63.93885278931291,43.22300391081309,0.8453600170997945,27.915299220758055,20.670058819654326,30.664738815688303,CLIMB,HEALTHY,False,0.0,1.0,OK,42,91.97,3600.0,-0.727332,2.575146,0.184985,-0.072392,-4.308386,0.013475
2026-01-01T00:04:07Z,AE300_CLASS-SIM-01,AE300_CLASS,LONG_ENDURANCE_LOITER,2359.166985739852,-0.229562963939216,2034.0434535392978,0.7962932133557349,119.56561319549658,830.7304542025654,92.0972602387274,66.03007560987771,43.252900777120594,0.8947718802173458,27.87740010432865,20.324955718223467,30.37832841955943,CLIMB,HEALTHY,False,0.0,1.0,OK,42,91.94,3600.0,0.140793,-4.351928,0.517491,-0.037275,-8.129963,0.063064
2026-01-01T00:04:08Z,AE300_CLASS-SIM-01,AE300_CLASS,LONG_ENDURANCE_LOITER,2374.4566971398754,-0.5202783026409772,2033.8358511254407,0.7939485807061367,119.82787352829565,830.2411504368329,91.32454691040148,65.31531156273446,43.12683674427093,0.8693151558250269,27.85411791357394,20.976002329107555,30.815938083584427,CLIMB,HEALTHY,False,0.0,1.0,OK,42,91.89,3600.0,0.861937,-4.01396,-0.22057,-0.070642,-7.077483,0.038849
2026-01-01T00:04:09Z,AE300_CLASS-SIM-01,AE300_CLASS,LONG_ENDURANCE_LOITER,2390.0008115393666,-0.39140383744569707,2031.1960436238396,0.7961162083023715,117.98762176223174,834.9265934075596,91.61578373898537,64.34509987133649,43.210129798468316,0.7918233489920021,27.81903489575192,21.062838089962963,30.675610498491224,CLIMB,HEALTHY,False,0.0,1.0,OK,42,91.84,3600.0,-1.675782,-0.054936,0.080478,-0.092284,-9.360537,-0.039368
2026-01-01T00:04:10Z,AE300_CLASS-SIM-01,AE300_CLASS,LONG_ENDURANCE_LOITER,2405.4277689651412,-0.630784014202257,2028.4414960203549,0.7956359630657119,118.68343502757068,835.0484687412512,91.1812785371743,65.23122556806133,43.13587189647257,0.8142299125457719,27.87685054120811,20.462360334437736,30.693713474987984,CLIMB,HEALTHY,False,0.0,1.0,OK,42,91.83,3600.0,-0.893493,0.349891,-0.337019,-0.159754,-11.496586,-0.016663
2026-01-01T00:04:11Z,AE300_CLASS-SIM-01,AE300_CLASS,LONG_ENDURANCE_LOITER,2420.93638423472,-0.79393969447443,2040.0652281628297,0.7880196477464414,119.18338727822405,833.1053009198585,91.07740486072953,64.65362461704211,43.16743958475456,0.8210477747693758,27.856988431026334,20.2038640633597,30.47074168839207,CLIMB,HEALTHY,False,0.0,1.0,OK,42,91.89,3600.0,0.856484,0.523854,-0.34812,0.211515,3.5007,-0.005798
2026-01-01T00:04:12Z,AE300_CLASS-SIM-01,AE300_CLASS,LONG_ENDURANCE_LOITER,2434.7749735625143,-1.1331592636986658,2030.9577353584912,0.7925338932207538,121.5700670543185,836.0248477504216,91.16812668998566,64.74405013188766,43.14112670236794,0.8740643187407486,27.81724516057286,21.089792196471095,30.576027586547415,CLIMB,HEALTHY,False,0.0,1.0,OK,42,91.89,3600.0,2.730534,2.721132,-0.227055,-0.000494,-4.503415,0.046082
2026-01-01T00:04:13Z,AE300_CLASS-SIM-01,AE300_CLASS,LONG_ENDURANCE_LOITER,2446.605391786736,-0.94553450492441,2037.2871977271623,0.7921586512870967,120.09314710254313,832.1312898090773,91.67117676016993,63.91192316499414,43.18044073498404,0.8084137440012755,27.877186537519922,20.92180920560829,30.942629350899406,CLIMB,HEALTHY,False,0.0,1.0,OK,42,91.93,3600.0,0.987433,-1.267274,0.306415,0.054376,2.932221,-0.01903
2026-01-01T00:04:14Z,AE300_CLASS-SIM-01,AE300_CLASS,LONG_ENDURANCE_LOITER,2464.3720935956603,-0.8628607667868833,2055.990349579917,0.7939948799164986,120.07297911920959,835.6258079205799,90.9111613260224,63.05953807995536,43.15225944415772,0.8570402510451499,27.863683128781503,20.7871305438372,30.79289337669028,CLIMB,HEALTHY,False,0.0,1.0,OK,42,91.97,3600.0,0.326583,1.609577,-0.443036,-0.067959,22.019546,0.028973
2026-01-01T00:04:15Z,AE300_CLASS-SIM-01,AE300_CLASS,LONG_ENDURANCE_LOITER,2479.072503885834,-1.1298137060117412,2028.7069031651877,0.7950483272410842,120.51922275446896,829.0479171663346,91.197494620683,63.47836179304212,43.227887874802214,0.8684744158109974,27.881532106614205,20.91018039086164,30.63581526616253,CLIMB,HEALTHY,False,0.0,1.0,OK,42,91.99,3600.0,0.633403,-5.057387,-0.15447,-0.055139,-5.182709,0.039934
2026-01-01T00:04:16Z,AE300_CLASS-SIM-01,AE300_CLASS,LONG_ENDURANCE_LOITER,2491.581815060322,-1.2410415105080408,2032.5570394560136,0.7925232340925554,117.13242832776307,832.3233309438746,91.33695532550226,62.99932744313671,43.16487215987861,0.8491022380794759,27.826543883512613,20.235148248334685,30.57039269118339,CLIMB,HEALTHY,False,0.0,1.0,OK,42,92.04,3600.0,-2.405683,-1.082313,0.015363,-0.016247,-0.228126,0.021819
2026-01-01T00:04:17Z,AE300_CLASS-SIM-01,AE300_CLASS,LONG_ENDURANCE_LOITER,2508.5535790156605,-1.0450151922251552,2036.927357607125,0.7894708798876697,119.3523923617874,834.0456860149357,91.36485865078582,63.59771818508679,43.123177145367414,0.8296883935057483,27.886041937158645,20.960229129444077,30.498187696094295,CLIMB,HEALTHY,False,0.0,1.0,OK,42,92.16,3600.0,-0.079849,1.211711,0.101543,0.074985,6.261338,0.004284
2026-01-01T00:04:18Z,AE300_CLASS-SIM-01,AE300_CLASS,LONG_ENDURANCE_LOITER,2521.7044869213582,-1.8000170964554467,2026.131710221932,0.7911733924362802,118.40009493396391,833.6816266399771,91.23307801544149,61.119793977854066,43.18964404806011,0.784615246105092,27.888183983269524,20.316951534009238,30.61997750582947,CLIMB,HEALTHY,False,0.0,1.0,OK,42,92.23,3600.0,-0.693139,1.205542,0.00139,0.071564,-3.384221,-0.040946
2026-01-01T00:04:19Z,AE300_CLASS-SIM-01,AE300_CLASS,LONG_ENDURANCE_LOITER,2536.612292043708,-1.4452754579981946,2030.3854330783713,0.791526708686994,117.79977472835195,828.9725105613039,90.96884606111584,62.9339033985716,43.138727168505106,0.854148794478842,27.857115536445004,20.400994273801047,30.57019702316675,CLIMB,HEALTHY,False,0.0,1.0,OK,42,92.29,3600.0,-1.902766,-3.976476,-0.237687,-0.000712,1.784227,0.028753
2026-01-01T00:04:20Z,AE300_CLASS-SIM-01,AE300_CLASS,LONG_ENDURANCE_LOITER,2552.1906416063266,-1.5383043292133476,2041.692937078535,0.790514033171845,119.77306990852743,834.1925974810639,91.19442745511067,62.41623045737313,43.08077007236369,0.802651675182469,27.82486477181004,20.1615193719425,30.488998416449252,CLIMB,HEALTHY,False,0.0,1.0,OK,42,92.36,3600.0,0.125251,1.56013,0.021718,-0.020513,14.321681,-0.02197
2026-01-01T00:04:21Z,AE300_CLASS-SIM-01,AE300_CLASS,LONG_ENDURANCE_LOITER,2565.096029085517,-1.5957653515393877,2031.7847787186847,0.7898589080875049,119.60224844162059,827.6871058413797,90.95591825847937,63.081704122536976,43.22172021058202,0.793177630464927,27.90941610405571,20.213809171128652,30.417648677354407,CLIMB,HEALTHY,False,0.0,1.0,OK,42,92.41,3600.0,-0.030377,-4.718842,-0.180716,0.149245,5.725345,-0.030724
2026-01-01T00:04:22Z,AE300_CLASS-SIM-01,AE300_CLASS,LONG_ENDURANCE_LOITER,2582.545974279938,-1.5289614453451412,2030.0651329620775,0.7914007967084135,117.15905091650217,827.1180456610848,91.21003979033493,62.339028896120375,43.104367231668974,0.8278397790846179,27.871476751278642,20.940868949841974,30.62172961856979,CLIMB,HEALTHY,False,0.0,1.0,OK,42,92.51,3600.0,-3.038568,-5.794459,0.09107,-0.045651,4.648041,0.003543
2026-01-01T00:04:23Z,AE300_CLASS-SIM-01,AE300_CLASS,LONG_ENDURANCE_LOITER,2598.138887848798,-1.874726821493601,2024.838856559206,0.7934249206687907,118.81335197481242,840.552039630279,91.29413640705361,62.86789871062881,43.200711472037355,0.9089885620912033,27.898101925034556,20.16506689182105,30.808210082518375,CLIMB,HEALTHY,False,0.0,1.0,OK,42,92.46,3600.0,-1.622808,7.383712,0.173567,-0.054968,-0.636387,0.083814
2026-01-01T00:04:24Z,AE300_CLASS-SIM-01,AE300_CLASS,LONG_ENDURANCE_LOITER,2610.5997662419436,-1.956148961296323,2015.727634290887,0.7921635151473589,119.31136565459772,832.842728274077,90.97092178023078,64.08126541946358,43.28662466268982,0.8262376640072546,27.868491413475468,20.523602330571013,30.760044532438283,CLIMB,HEALTHY,False,0.0,1.0,OK,42,92.49,3600.0,-1.031571,0.000195,-0.134715,0.072906,-9.2046,0.001621
2026-01-01T00:04:25Z,AE300_CLASS-SIM-01,AE300_CLASS,LONG_ENDURANCE_LOITER,2625.432546120426,-2.1317191097153745,2030.5698896162266,0.7898493277352926,120.18219015662663,828.0252267724726,91.38917849349615,63.9955511303709,43.209440852682924,0.8895532263721176,27.831619439909012,20.69559606293056,30.44912747462524,CLIMB,HEALTHY,False,0.0,1.0,OK,42,92.41,3600.0,0.200409,-4.092345,0.322031,0.090736,7.037262,0.066241
2026-01-01T00:04:26Z,AE300_CLASS-SIM-01,AE300_CLASS,LONG_ENDURANCE_LOITER,2640.3990924223694,-2.0489830932119424,2023.470927044843,0.7879154586955383,118.59514626810899,828.4762587349877,91.2670036911836,64.00093327356072,43.24638805960864,0.7380811631424596,27.921838326515616,20.8946944683618,30.355268152114327,CLIMB,HEALTHY,False,0.0,1.0,OK,42,92.22,3600.0,-1.313031,-3.217397,0.252544,0.215245,1.85422,-0.083808
2026-01-01T00:04:27Z,AE300_CLASS-SIM-01,AE300_CLASS,LONG_ENDURANCE_LOITER,2655.1007531304904,-2.0967827493867413,2025.6507750280678,0.7879373654507796,121.17235482448582,826.2491139290419,90.91916788332618,63.11469384111843,43.16421239604196,0.8005770803637641,27.9001014455012,20.895287444019356,30.78003458007206,CLIMB,HEALTHY,False,0.0,1.0,OK,42,92.08,3600.0,1.151967,-5.371777,-0.051004,0.136678,5.644518,-0.020695
2026-01-01T00:04:28Z,AE300_CLASS-SIM-01,AE300_CLASS,LONG_ENDURANCE_LOITER,2671.68188401304,-2.195201188316836,2025.9687713764915,0.7909014276686034,120.56875173090536,831.4603632749365,90.44749058366992,61.23622244703656,43.14465099027904,0.8335239289902509,27.921692947768587,20.579422262894095,30.730519348950715,CLIMB,HEALTHY,False,0.0,1.0,OK,42,92.03,3600.0,-0.078933,-0.852403,-0.512904,-0.021497,6.318061,0.011246
2026-01-01T00:04:29Z,AE300_CLASS-SIM-01,AE300_CLASS,LONG_ENDURANCE_LOITER,2686.804158669833,-2.488420723357021,2024.0430261109452,0.7896981291017355,122.24546137657805,833.7956037243144,90.43098766275249,62.08633879087543,43.25891663740107,0.8141330345910591,27.881502435111248,20.744836574111122,30.42097754204652,CLIMB,HEALTHY,False,0.0,1.0,OK,42,92.06,3600.0,1.867659,2.015721,-0.505657,0.133785,5.255939,-0.007479
2026-01-01T00:04:30Z,AE300_CLASS-SIM-01,AE300_CLASS,LONG_ENDURANCE_LOITER,2700.7660619238204,-2.7590752728051946,2014.5437199878872,0.7921514459349884,121.06505783103698,831.0532333656342,91.14129239970951,61.79876898886599,43.15923759319652,0.8514756507821335,27.834033055321733,20.58229728001465,30.526107607206985,CLIMB,HEALTHY,False,0.0,1.0,OK,42,92.1,3600.0,0.328805,-1.144818,0.20303,-0.086692,-4.302181,0.028858
2026-01-01T00:04:31Z,AE300_CLASS-SIM-01,AE300_CLASS,LONG_ENDURANCE_LOITER,2712.436409752914,-2.7843646597336904,2028.9445377191782,0.7905842614439853,118.95549564128052,827.4832847494666,90.86362129116785,63.077659462969834,43.14572529165412,0.8803647184703998,27.87673946722427,20.700706859559208,30.369070402806386,CLIMB,HEALTHY,False,0.0,1.0,OK,42,92.06,3600.0,-1.675853,-4.357695,-0.057071,-0.042951,10.737551,0.058463
2026-01-01T00:04:32Z,AE300_CLASS-SIM-01,AE300_CLASS,LONG_ENDURANCE_LOITER,2731.035914012254,-2.792832398183631,2023.0538521898827,0.7880012896656574,120.98150678956564,832.6723679347118,90.81852064544253,61.99531677328588,43.13938976769461,0.7919735056799089,27.926416582971044,20.86316485855658,30.451783189032046,CLIMB,HEALTHY,False,0.0,1.0,OK,42,92.05,3600.0,0.535534,1.442399,-0.058063,0.054828,6.450816,-0.028473
2026-01-01T00:04:33Z,AE300_CLASS-SIM-01,AE300_CLASS,LONG_ENDURANCE_LOITER,2745.2971109028367,-2.950290717094065,2007.7656323147103,0.7915120633272424,118.611492340846,834.1724157338275,90.74788164190166,61.372440126870394,43.1783963880755,0.846967130578494,27.82867907110023,20.75295585460368,30.579406677322286,CLIMB,HEALTHY,False,0.0,1.0,OK,42,92.05,3600.0,-2.468051,2.179165,-0.12502,-0.067419,-8.703512,0.025246
2026-01-01T00:04:34Z,AE300_CLASS-SIM-01,AE300_CLASS,LONG_ENDURANCE_LOITER,2757.3751770699573,-2.9606663577221477,2024.7747039297649,0.7926124488557507,121.8351516649242,828.1346937343023,91.0561812536786,62.17628681103822,43.195786421266526,0.8557686489362666,27.87579941052614,20.505085524865198,30.46763793776622,CLIMB,HEALTHY,False,0.0,1.0,OK,42,92.05,3600.0,0.371434,-4.215435,0.179034,-0.114672,8.151165,0.033473
2026-01-01T00:04:35Z,AE300_CLASS-SIM-01,AE300_CLASS,LONG_ENDURANCE_LOITER,2771.2271707963223,-2.980535216474479,2015.4565517364638,0.7901892257597237,119.23986687316304,833.164115332796,91.73378529292907,61.42053687228501,43.14697154960869,0.8339838652741743,27.942098995619112,20.208897818077755,30.58586983286351,CLIMB,HEALTHY,False,0.0,1.0,OK,42,92.09,3600.0,-2.012239,1.372339,0.881136,-0.070296,-0.276161,0.012794
2026-01-01T00:04:36Z,AE300_CLASS-SIM-01,AE300_CLASS,LONG_ENDURANCE_LOITER,2787.689402755442,-3.209828485904526,2012.8565845109608,0.791583535372116,123.39633523875315,832.5032564483283,90.61363458295813,63.37348042351624,43.12344061994426,0.7940112267732087,27.789344957636878,20.92401438731969,30.697125123050306,CLIMB,HEALTHY,False,0.0,1.0,OK,42,92.12,3600.0,1.886415,0.51772,-0.228976,-0.168422,-2.511063,-0.027648
2026-01-01T00:04:37Z,AE300_CLASS-SIM-01,AE300_CLASS,LONG_ENDURANCE_LOITER,2807.3304120078787,-3.432502576906794,2022.461549795437,0.788843974740436,122.17965089388936,826.5250489909955,91.41763155913418,61.82398865104861,43.14517659481194,0.8483765268646608,27.829260569106246,20.320561495078096,30.47887483960002,CLIMB,HEALTHY,False,0.0,1.0,OK,42,92.13,3600.0,1.068013,-4.618389,0.615138,-0.039665,8.552677,0.028145
2026-01-01T00:04:38Z,AE300_CLASS-SIM-01,AE300_CLASS,LONG_ENDURANCE_LOITER,2815.7394267259833,-3.1911065962398646,2019.6472483784203,0.7871158302189908,121.66135765086013,830.2856548648263,90.8786408426129,60.52280467524589,43.09291787806192,0.8663244670920273,27.856863795833554,21.090244628840463,30.55184502539578,CLIMB,HEALTHY,False,0.0,1.0,OK,42,92.11,3600.0,0.544852,-0.595528,0.125912,-0.004521,7.548027,0.047465
2026-01-01T00:04:39Z,AE300_CLASS-SIM-01,AE300_CLASS,LONG_ENDURANCE_LOITER,2831.944216272808,-3.232625535201277,2014.7745334416045,0.7897870790607262,122.83374828909119,829.091658406631,90.64760664900263,60.81130777631121,43.06688566263209,0.8067547090362563,27.91241257143146,20.544043600572568,30.33950007759406,CLIMB,HEALTHY,False,0.0,1.0,OK,42,92.16,3600.0,1.088145,-2.444648,-0.088343,-0.152842,3.285468,-0.012885
2026-01-01T00:04:40Z,AE300_CLASS-SIM-01,AE300_CLASS,LONG_ENDURANCE_LOITER,2845.814389030651,-3.263246554150722,2008.7806375307605,0.7868533277367449,121.00735294278077,826.673322743755,91.31924675885026,60.52373881659207,43.22477648525995,0.820576287759863,27.915677981189194,20.539092532423293,30.665908664837467,CLIMB,HEALTHY,False,0.0,1.0,OK,42,92.26,3600.0,-0.386095,-4.104234,0.628616,0.131327,-1.060477,0.002581
2026-01-01T00:04:41Z,AE300_CLASS-SIM-01,AE300_CLASS,LONG_ENDURANCE_LOITER,2864.041602532096,-3.5157655993214654,2010.9034481693304,0.7874972615307319,123.93148391808333,828.1606338777698,90.65480587685335,60.771279358404875,43.16527564330868,0.7985619115790729,27.870626398157732,20.400685192274192,30.297149114453845,CLIMB,HEALTHY,False,0.0,1.0,OK,42,92.38,3600.0,2.442048,-2.546213,-0.002183,0.039213,2.285663,-0.019252
2026-01-01T00:04:42Z,AE300_CLASS-SIM-01,AE300_CLASS,LONG_ENDURANCE_LOITER,2877.7921062071637,-3.870640355510082,1995.3833394558433,0.7880515244191566,122.1538460953729,832.0650614507905,90.88213791246596,59.016717110982285,43.057859847143064,0.9063333895297911,27.8156885733222,20.623855818587415,30.427923308995304,CLIMB,HEALTHY,False,0.0,1.0,OK,42,92.34,3600.0,0.742458,1.556397,0.249451,-0.096213,-12.350739,0.088614
2026-01-01T00:04:43Z,AE300_CLASS-SIM-01,AE300_CLASS,LONG_ENDURANCE_LOITER,2892.7121017014942,-3.896839982192893,2010.5120563984472,0.7878661408272261,121.01530292640277,827.5400509742257,90.72148326756464,59.5293970702303,43.16355624468266,0.9353540131806938,27.911124637056584,20.64538515746545,30.514648546763123,CLIMB,HEALTHY,False,0.0,1.0,OK,42,92.13,3600.0,-0.549378,-2.933819,0.1135,0.010239,3.676291,0.117975
2026-01-01T00:04:44Z,AE300_CLASS-SIM-01,AE300_CLASS,LONG_ENDURANCE_LOITER,2904.499278466902,-4.0964911075331765,2014.6191412137746,0.7858278952471579,120.76783733683243,829.9069139963325,90.0971679420981,59.41824374504878,43.13326030618457,0.7766811563661244,27.82701853601214,20.18481249091126,30.602373087175426,CLIMB,HEALTHY,False,0.0,1.0,OK,42,91.96,3600.0,-0.386516,0.15721,-0.468841,0.070832,9.309714,-0.039394
2026-01-01T00:04:45Z,AE300_CLASS-SIM-01,AE300_CLASS,LONG_ENDURANCE_LOITER,2921.874033686479,-4.0212302396285216,2008.877628612489,0.7869381430057564,121.39422475126325,831.5781751481462,90.84991173121243,60.23677265730171,43.13950142897087,0.781257732173362,27.82177393401737,20.63921476639382,30.58729349815125,CLIMB,HEALTHY,False,0.0,1.0,OK,42,91.83,3600.0,-0.261609,1.445142,0.310229,0.022485,4.52554,-0.034913
2026-01-01T00:04:46Z,AE300_CLASS-SIM-01,AE300_CLASS,LONG_ENDURANCE_LOITER,2937.719984694662,-4.04861258843191,2004.0829384020024,0.7884298608186826,123.05099038286785,832.7025077596727,90.478036613285,61.44151575039544,43.146743653132226,0.8445340519773842,27.867027279688983,20.4718849392856,30.4067262393943,CLIMB,HEALTHY,False,0.0,1.0,OK,42,91.75,3600.0,0.924737,2.157836,-0.051338,-0.047626,0.105676,0.027872
2026-01-01T00:04:47Z,AE300_CLASS-SIM-01,AE300_CLASS,LONG_ENDURANCE_LOITER,2952.903878109369,-3.760242877800891,2000.1975489426827,0.7869938412827018,121.33498185597135,828.6747451445409,91.19258291297427,59.59133219182748,43.10295706595818,0.7442792961447575,27.824982334584465,19.874587049091975,30.608400302971692,CLIMB,HEALTHY,False,0.0,1.0,OK,42,91.61,3600.0,-1.061277,-1.853503,0.689393,-0.039006,-2.827537,-0.071595
2026-01-01T00:04:48Z,AE300_CLASS-SIM-01,AE300_CLASS,LONG_ENDURANCE_LOITER,2970.866212499423,-4.338335152380913,1990.2164976112567,0.7884666659955261,121.05005192861316,833.5694800923219,90.34489151490473,59.52709867019365,43.11908514990767,0.8494562954420445,27.845733548473795,20.227425359306448,30.480349124302812,CLIMB,HEALTHY,False,0.0,1.0,OK,42,91.49,3600.0,-1.301196,3.170386,-0.147284,-0.102067,-12.408062,0.033089
2026-01-01T00:04:49Z,AE300_CLASS-SIM-01,AE300_CLASS,LONG_ENDURANCE_LOITER,2979.5736987047303,-4.320074889285532,1988.4404941692935,0.7855932385727504,123.06256739990822,830.6699279538182,90.71170271681459,59.90963644852385,43.19830290418586,0.856608190116347,27.872220114067883,20.64405390427702,30.619285366580648,CLIMB,HEALTHY,False,0.0,1.0,OK,42,91.4,3600.0,1.08745,0.986888,0.258157,0.104798,-12.779333,0.041802
2026-01-01T00:04:50Z,AE300_CLASS-SIM-01,AE300_CLASS,LONG_ENDURANCE_LOITER,2995.6371010262765,-4.677510762679628,2002.9549797270247,0.7873884747579591,123.573599657195,827.0897534861842,90.01244825659376,60.256622569869705,43.12219845967213,0.7297783549120743,27.868923430127413,19.799422329854345,30.361485016832507,CLIMB,HEALTHY,False,0.0,1.0,OK,42,91.22,3600.0,1.417351,-2.72579,-0.424294,-0.057554,2.346173,-0.08551
2026-01-01T00:04:51Z,AE300_CLASS-SIM-01,AE300_CLASS,LONG_ENDURANCE_LOITER,3013.138633170401,-4.298490369551152,1990.5688009513633,0.7854523280362857,122.29232258694655,834.5889249310046,90.17286485057238,59.361136799244534,43.21773716820871,0.7974135316972398,27.88235233053011,19.901376964987858,30.474143947231315,CLIMB,HEALTHY,False,0.0,1.0,OK,42,91.13,3600.0,-0.161243,4.833714,-0.22732,0.113757,-8.710653,-0.01676
2026-01-01T00:04:52Z,AE300_CLASS-SIM-01,AE300_CLASS,LONG_ENDURANCE_LOITER,3023.4365306684363,-4.826833585661873,2004.0198406954878,0.7858261151437524,121.90331149265059,827.3950032097454,90.2697041253005,59.92321408173984,43.18212856722474,0.6957893730158488,27.819739502140163,20.381630978839116,30.481558439239198,CLIMB,HEALTHY,False,0.0,1.0,OK,42,90.92,3600.0,-0.204745,-1.908682,-0.103268,0.064243,5.729928,-0.118141
2026-01-01T00:04:53Z,AE300_CLASS-SIM-01,AE300_CLASS,LONG_ENDURANCE_LOITER,3041.345805104531,-4.724683771895833,1995.0794756718985,0.7846870343487664,122.08054169098183,832.5979694680508,90.01396907479588,59.51466063493876,43.132488886667524,0.8837792089188906,27.840543833495936,20.610937940739536,30.67774754898999,CLIMB,HEALTHY,False,0.0,1.0,OK,42,90.7,3600.0,-0.182806,3.442975,-0.322118,0.05748,-1.869158,0.070695
2026-01-01T00:04:54Z,AE300_CLASS-SIM-01,AE300_CLASS,LONG_ENDURANCE_LOITER,3055.4599241580695,-4.892718957972625,1993.979377167949,0.7850439092870704,123.59205975754625,829.9182836279454,90.42365607311433,58.51238360821018,43.06176850144501,0.9096614795040604,27.844989876734957,20.080269753727258,30.704181924808413,CLIMB,HEALTHY,False,0.0,1.0,OK,42,90.43,3600.0,1.25095,0.834048,0.116304,-0.0309,-1.924335,0.096812
2026-01-01T00:04:55Z,AE300_CLASS-SIM-01,AE300_CLASS,LONG_ENDURANCE_LOITER,3070.793083193396,-4.870684169877728,1994.38670699295,0.7847330241892168,122.34325022104667,825.2897296521919,90.25264117005887,59.6212277259745,43.22917004006096,0.8167197966673284,27.75828309261694,20.273922686373215,30.897012756537013,CLIMB,HEALTHY,False,0.0,1.0,OK,42,90.32,3600.0,-0.17845,-3.764774,-0.025403,0.144782,-0.451265,0.004329
2026-01-01T00:04:56Z,AE300_CLASS-SIM-01,AE300_CLASS,LONG_ENDURANCE_LOITER,3086.4847345376634,-5.175337045274996,1998.5621460898324,0.7837011583354058,120.88623816957212,828.0758791465732,90.30785791109999,57.67904222145315,43.04751181063608,0.8129589154766467,27.83487104189413,20.40999020135114,30.30046064473723,CLIMB,HEALTHY,False,0.0,1.0,OK,42,90.33,3600.0,-1.361469,-0.430884,0.06657,0.004763,5.060753,0.001399
2026-01-01T00:04:57Z,AE300_CLASS-SIM-01,AE300_CLASS,LONG_ENDURANCE_LOITER,3101.0711706228303,-5.327563864559031,2004.9959837264746,0.7815684834312434,121.308654325632,830.1098444068082,90.99006816252898,59.4389345304008,43.14854674182388,0.8129274611400186,27.80969035089907,20.13394534398757,30.297451859295236,CLIMB,HEALTHY,False,0.0,1.0,OK,42,90.43,3600.0,-0.581143,2.318198,0.801413,0.203285,13.408525,0.002859
2026-01-01T00:04:58Z,AE300_CLASS-SIM-01,AE300_CLASS,LONG_ENDURANCE_LOITER,3112.89674986315,-5.186033958398335,1984.7081188523798,0.7854539228282615,121.1197043445263,829.6609473323135,89.99577787395904,60.26754346122478,43.13250706980885,0.8673935242239779,27.82006926547092,20.287281388315478,30.32865632876739,CLIMB,HEALTHY,False,0.0,1.0,OK,42,90.48,3600.0,-1.744346,0.746312,-0.186685,0.015452,-6.654174,0.055993
2026-01-01T00:04:59Z,AE300_CLASS-SIM-01,AE300_CLASS,LONG_ENDURANCE_LOITER,3129.009221765513,-5.381908226004286,1986.5639551219253,0.7821986239119383,121.05791318218016,822.1696247555391,89.71488056475867,59.5060611280646,43.0154774589402,0.7498632664805316,27.92148044640877,20.06895260309369,30.5205610463259,CLIMB,HEALTHY,False,0.0,1.0,OK,42,90.47,3600.0,-1.276826,-5.774902,-0.427002,0.032709,-3.322678,-0.05989
2026-01-01T00:05:00Z,AE300_CLASS-SIM-01,AE300_CLASS,LONG_ENDURANCE_LOITER,3145.4079201641953,-5.3395099694216945,1980.0644366544038,0.7839823250846455,120.87551539181806,835.460429936756,89.44712362858112,57.982796932110574,43.04724951409117,0.7437250796869013,27.903498153181957,20.97611029890946,30.39763017233817,CLIMB,HEALTHY,False,0.0,1.0,OK,42,90.37,3600.0,-2.047785,6.990548,-0.676241,-0.02057,-9.148836,-0.066479
2026-01-01T00:05:01Z,AE300_CLASS-SIM-01,AE300_CLASS,LONG_ENDURANCE_LOITER,3157.2786245389925,-5.870724009994088,1988.0886233405101,0.7836265284129365,122.21656500087796,829.1203869068717,90.31725598444649,59.04885042728867,43.08901102172513,0.7611483304492117,27.87557813717078,20.24261603039957,30.59883821260845,CLIMB,HEALTHY,False,0.0,1.0,OK,42,90.31,3600.0,-0.284444,1.243488,0.214812,0.031392,-0.363901,-0.048692
2026-01-01T00:05:02Z,AE300_CLASS-SIM-01,AE300_CLASS,LONG_ENDURANCE_LOITER,3175.2591873982824,-5.844745791838547,1978.8356503573063,0.7825629926365931,121.77445866738452,830.5050132069373,90.27215751395606,59.609303323953064,43.130055420296614,0.8197575596780811,27.896484943607962,20.369277526671794,30.472395415961284,CLIMB,HEALTHY,False,0.0,1.0,OK,42,90.33,3600.0,-0.832497,2.817519,0.200988,0.109144,-8.479593,0.010638
2026-01-01T00:05:03Z,AE300_CLASS-SIM-01,AE300_CLASS,LONG_ENDURANCE_LOITER,3191.109568439785,-5.710500645304859,1985.8237151913943,0.7822132423713336,124.14620576580373,831.7437975272567,90.06597340356501,59.68749120562811,42.98634774949485,0.8075204454259043,27.846443417149267,19.999769868148615,30.816358754172505,CLIMB,HEALTHY,False,0.0,1.0,OK,42,90.44,3600.0,1.247717,3.988097,0.026493,-0.023807,-0.339212,-0.00109
2026-01-01T00:05:04Z,AE300_CLASS-SIM-01,AE300_CLASS,LONG_ENDURANCE_LOITER,3203.6044147546713,-5.885233689814741,1987.2157988531194,0.779698076226652,122.32942920408557,830.92285140076,89.78041135190507,57.77198375189793,43.181397367122194,0.8699753162316471,27.868278815297824,20.070853252486923,30.41946190076079,CLIMB,HEALTHY,False,0.0,1.0,OK,42,90.49,3600.0,-0.08689,4.00889,-0.20736,0.287018,2.933187,0.062991
2026-01-01T00:05:05Z,AE300_CLASS-SIM-01,AE300_CLASS,LONG_ENDURANCE_LOITER,3217.3122935761567,-6.0695863382246715,1978.8041831319993,0.7822824097049481,122.05742155492159,823.6811042938253,90.13689641151859,58.57669731129487,43.20314530371601,0.7792371636224633,27.858995723748485,20.29073390179848,30.413913518995162,CLIMB,HEALTHY,False,0.0,1.0,OK,42,90.56,3600.0,-0.806788,-3.69769,0.167689,0.194837,-4.80337,-0.028441
2026-01-01T00:05:06Z,AE300_CLASS-SIM-01,AE300_CLASS,LONG_ENDURANCE_LOITER,3234.4498337164587,-5.9003822886390624,1987.4890794071407,0.7828220539232378,123.02338816738312,824.1194424746642,89.65026004749288,57.74934680559452,43.03192606790733,0.8287579908386793,27.894569839085417,19.91404446092115,30.491115587306666,CLIMB,HEALTHY,False,0.0,1.0,OK,42,90.66,3600.0,-0.380487,-3.640538,-0.305056,-0.014194,4.386664,0.020963
2026-01-01T00:05:07Z,AE300_CLASS-SIM-01,AE300_CLASS,LONG_ENDURANCE_LOITER,3246.5969814388536,-6.158701288603838,1979.44806541922,0.7843519394453611,122.69168891169049,830.671452904242,89.87713589487227,57.626650880984705,43.02242741392134,0.8200051365883372,27.882067004423952,20.25801400228254,30.781037962398965,CLIMB,HEALTHY,False,0.0,1.0,OK,42,90.82,3600.0,-0.931601,2.715175,-0.078718,-0.103602,-3.673888,0.011556
2026-01-01T00:05:08Z,AE300_CLASS-SIM-01,AE300_CLASS,LONG_ENDURANCE_LOITER,3265.1076441416685,-6.255388423966811,1981.1384175550725,0.7839023564019337,122.57094323082919,830.9940369106431,90.12524699860197,58.29756363519996,43.137099020705165,0.8857882978319278,27.852650545714774,20.131671305685597,30.66813861370665,CLIMB,HEALTHY,False,0.0,1.0,OK,42,90.87,3600.0,-1.200881,3.128091,0.178596,0.009069,-1.648894,0.077463
2026-01-01T00:05:09Z,AE300_CLASS-SIM-01,AE300_CLASS,LONG_ENDURANCE_LOITER,3279.2291034017644,-6.353702531613112,1982.4862170804502,0.7831685396096554,124.2172986560655,823.8195514910396,89.24325450483481,57.22605025645557,43.036248274404116,0.7789393890964057,27.87075533932387,20.10448180344015,30.467910931582804,CLIMB,HEALTHY,False,0.0,1.0,OK,42,90.94,3600.0,0.447658,-3.82377,-0.685358,-0.070769,0.35486,-0.028967
2026-01-01T00:05:10Z,AE300_CLASS-SIM-01,AE300_CLASS,LONG_ENDURANCE_LOITER,3290.756137477529,-6.471098182289993,1985.6470819951926,0.7837824975089462,122.89188918707397,827.9602626545874,90.90172918904896,57.866130430602105,43.0507868483318,0.7997431750615577,27.84860909811261,20.099398496141912,30.430373214779447,CLIMB,HEALTHY,False,0.0,1.0,OK,42,91.07,3600.0,-1.049115,0.238884,0.984287,-0.09089,3.9219,-0.008296
2026-01-01T00:05:11Z,AE300_CLASS-SIM-01,AE300_CLASS,LONG_ENDURANCE_LOITER,3305.2422372120027,-6.642542719411043,1979.5783610476776,0.7820768714673626,123.18500275438997,826.9015222714181,89.91460864688379,58.537845678727095,43.08466554327211,0.8251736349167137,27.82281361952179,20.30597749893183,30.488064247577288,CLIMB,HEALTHY,False,0.0,1.0,OK,42,91.24,3600.0,-0.49985,-0.261695,0.026034,0.009778,-1.097074,0.018069
2026-01-01T00:05:12Z,AE300_CLASS-SIM-01,AE300_CLASS,LONG_ENDURANCE_LOITER,3323.5209477269923,-6.4874253750777715,1983.8333481794957,0.7820253874049067,124.32700440808199,830.2645130553734,89.56865191130026,57.14845186768525,43.09973900611746,0.8255535790999836,27.811069506411027,20.101531080708757,30.41423676944186,CLIMB,HEALTHY,False,0.0,1.0,OK,42,91.42,3600.0,0.222947,2.91101,-0.292273,0.01784,4.163367,0.018761
2026-01-01T00:05:13Z,AE300_CLASS-SIM-01,AE300_CLASS,LONG_ENDURANCE_LOITER,3333.714116863632,-6.723679839129558,1977.7005257172427,0.7817164511513911,125.93712816666564,823.7719559296523,89.46596798300543,55.36298495237943,43.05822768409347,0.788714528754624,27.823191330604388,20.445885400735996,30.554064691738244,CLIMB,HEALTHY,False,0.0,1.0,OK,42,91.59,3600.0,1.996138,-3.260322,-0.368099,-0.00933,-0.992805,-0.017609
2026-01-01T00:05:14Z,AE300_CLASS-SIM-01,AE300_CLASS,LONG_ENDURANCE_LOITER,3351.968636938253,-6.842628995068018,1985.0756894161034,0.7818123361321802,123.12086699531133,822.260173307705,89.61344842557921,58.12555001319784,43.22189924862763,0.8089439422434281,27.812533364242178,19.74772625175658,30.504404366403516,CLIMB,HEALTHY,False,0.0,1.0,OK,42,91.78,3600.0,-0.997274,-4.732469,-0.195917,0.139629,7.280582,0.002831
2026-01-01T00:05:15Z,AE300_CLASS-SIM-01,AE300_CLASS,LONG_ENDURANCE_LOITER,3364.01974258809,-6.800781568122599,1982.7080124891638,0.7825392255731325,123.98755919327921,828.5369571661248,89.86398312625413,56.72344788075411,43.194550585554936,0.7899993839108673,27.87373535940702,19.367276395906952,30.609724419294082,CLIMB,HEALTHY,False,0.0,1.0,OK,42,91.97,3600.0,-0.482022,1.290703,0.06992,0.07475,5.469341,-0.016217
2026-01-01T00:05:16Z,AE300_CLASS-SIM-01,AE300_CLASS,LONG_ENDURANCE_LOITER,3383.6846270984634,-6.975154561560632,1979.9881551585863,0.7825985118446966,123.52632557865321,828.376494778238,89.39822713123145,56.768158612869854,43.14935602392719,0.8493385217902352,27.8140084446394,19.862443880206836,30.318060533370847,CLIMB,HEALTHY,False,0.0,1.0,OK,42,92.11,3600.0,-1.106064,1.195986,-0.379176,0.00966,3.355329,0.043191
2026-01-01T00:05:17Z,AE300_CLASS-SIM-01,AE300_CLASS,LONG_ENDURANCE_LOITER,3397.3952556459944,-7.225923643047482,1977.667529074098,0.782789989917565,124.33637416596214,829.5621348792661,89.60025029025287,57.00457222647511,43.02131291515135,0.8509063654887146,27.811161358413433,20.17711565214039,30.4008524280736,CLIMB,HEALTHY,False,0.0,1.0,OK,42,92.2,3600.0,-0.298577,2.531965,-0.16241,-0.136563,1.570775,0.04481
2026-01-01T00:05:18Z,AE300_CLASS-SIM-01,AE300_CLASS,LONG_ENDURANCE_LOITER,3409.5319365164437,-7.2635876937957224,1983.9454838269373,0.78151442619638,123.22867166926285,827.478255118825,89.64654658500788,60.023035050124506,43.09525803214537,0.7876602143229706,27.898182518247175,19.509551786208363,30.422351249143375,CLIMB,HEALTHY,False,0.0,1.0,OK,42,92.27,3600.0,-1.31628,0.783465,-0.089378,-0.011235,8.820954,-0.01766
2026-01-01T00:05:19Z,AE300_CLASS-SIM-01,AE300_CLASS,LONG_ENDURANCE_LOITER,3428.9175686679478,-7.285948411172482,1961.2281621142165,0.7801340899971048,126.52123990878886,827.5656853142701,89.30994965995508,56.40538396838975,43.04276615140007,0.8206976723146161,27.89446898521231,20.367279260797083,30.473262009290497,CLIMB,HEALTHY,False,0.0,1.0,OK,42,92.35,3600.0,1.962614,1.201377,-0.387098,-0.010868,-12.482668,0.016326
2026-01-01T00:05:20Z,AE300_CLASS-SIM-01,AE300_CLASS,LONG_ENDURANCE_LOITER,3438.743273600655,-7.5640046919138335,1976.1909774224187,0.778049798544875,124.42725480422767,827.2536413312924,89.15068356711966,56.01796073577791,43.06889311755569,0.8267639520977065,27.882962141628198,20.2233692839443,30.412569191861678,CLIMB,HEALTHY,False,0.0,1.0,OK,42,92.43,3600.0,0.441299,1.758832,-0.494317,0.118024,4.372791,0.023906
2026-01-01T00:05:21Z,AE300_CLASS-SIM-01,AE300_CLASS,LONG_ENDURANCE_LOITER,3454.4362634252207,-7.62174716048779,1967.9800689314875,0.7813754267255167,125.24855501415063,820.4115992293789,89.2842410723989,57.81315711739871,43.077480140212934,0.7399906952733887,27.934295000992517,20.022282791387884,30.455834877109158,CLIMB,HEALTHY,False,0.0,1.0,OK,42,92.41,3600.0,0.49335,-5.885537,-0.348249,-0.024246,-3.383216,-0.063941
2026-01-01T00:05:22Z,AE300_CLASS-SIM-01,AE300_CLASS,LONG_ENDURANCE_LOITER,3470.969657504438,-7.612546727331435,1965.5622383371006,0.7846137203405023,126.20589153357975,828.48202869296,89.87234962429409,55.83724650218465,43.14756054131609,0.7654720185762275,27.8509549000143,19.528871543058937,30.088723591787826,CLIMB,HEALTHY,False,0.0,1.0,OK,42,92.37,3600.0,0.539423,1.230437,0.223416,-0.119939,-6.398988,-0.040017
2026-01-01T00:05:23Z,AE300_CLASS-SIM-01,AE300_CLASS,LONG_ENDURANCE_LOITER,3485.662621989165,-7.775068593782938,1955.831175811365,0.7812664041910794,127.74893671390043,829.96062799031,89.47247904391772,56.59832398090467,43.12234722863563,0.8535661245673848,27.825443784580752,20.020676164126684,30.43661582776204,CLIMB,HEALTHY,False,0.0,1.0,OK,42,92.29,3600.0,2.592958,3.626924,-0.153169,-0.013999,-15.283312,0.049473
2026-01-01T00:05:24Z,AE300_CLASS-SIM-01,AE300_CLASS,LONG_ENDURANCE_LOITER,3500.830814480418,-7.76996146630169,1968.0158947933014,0.7827596646595089,126.65664519289382,827.2958385673041,90.33715259800182,56.163064353159804,43.16463400891122,0.8271414168324007,27.96958855379721,19.642423722243514,30.284796553086007,CLIMB,HEALTHY,False,0.0,1.0,OK,42,92.25,3600.0,0.973068,0.515719,0.719367,-0.04946,-2.812668,0.022522
2026-01-01T00:05:25Z,AE300_CLASS-SIM-01,AE300_CLASS,LONG_ENDURANCE_LOITER,3500.880721994826,-7.692056306194565,1913.1188570551635,0.5785874930576432,88.70882027188031,777.2772610563012,87.9724583390626,55.06080717701532,34.086225119041785,0.7596069139648005,27.828941654820245,16.98358997361149,29.745399007508738,CRUISE,HEALTHY,False,0.0,1.0,OK,42,92.15,3600.0,1.27614,3.42399,0.288629,0.124361,12.615974,0.055309
2026-01-01T00:05:26Z,AE300_CLASS-SIM-01,AE300_CLASS,LONG_ENDURANCE_LOITER,3500.3869468166913,-7.6571650581449315,1846.92255653572,0.5781514348977795,83.51204926276834,768.2392201120535,86.30433635468765,55.252854833513695,33.37306040143302,0.7043205265455894,27.754172017777638,16.728624318792445,29.45698724956312,CRUISE,HEALTHY,False,0.0,1.0,OK,42,92.11,3600.0,-1.196878,-1.840448,0.094329,0.076004,0.013186,0.022993
2026-01-01T00:05:27Z,AE300_CLASS-SIM-01,AE300_CLASS,LONG_ENDURANCE_LOITER,3500.107435280404,-7.6825663068243735,1793.721025250806,0.5781916583732813,84.12761516208192,762.6799262067559,85.60376479697426,55.97821325358153,32.849476637529534,0.6781207867683751,27.804487739162532,15.673315904051613,29.464273679343954,CRUISE,HEALTHY,False,0.0,1.0,OK,42,92.1,3600.0,1.47761,-4.565622,0.513424,0.042704,-12.473202,0.013789
2026-01-01T00:05:28Z,AE300_CLASS-SIM-01,AE300_CLASS,LONG_ENDURANCE_LOITER,3500.003377817405,-7.828206000565633,1770.4560203930992,0.5803822640953593,82.81653648903296,764.8955918214842,83.68935070823218,53.21640933267531,32.52318449421026,0.7353818040683753,27.76060880028587,15.339001860521671,29.324987585383855,CRUISE,HEALTHY,False,0.0,1.0,OK,42,91.99,3600.0,1.486874,-0.58102,-0.570752,-0.000231,-5.547713,0.082801
2026-01-01T00:05:29Z,AE300_CLASS-SIM-01,AE300_CLASS,LONG_ENDURANCE_LOITER,3500.9033783092464,-7.8149498533117,1746.1150655225981,0.5824381098097048,76.83541319651235,766.0180807869726,83.4139824577089,53.258963672517474,32.31733539245396,0.6107827079993491,27.706346448088414,15.145294354851382,29.177720992002936,CRUISE,HEALTHY,False,0.0,1.0,OK,42,91.89,3600.0,-3.713919,1.636825,-0.234364,-0.012595,-7.642985,-0.033366
2026-01-01T00:05:30Z,AE300_CLASS-SIM-01,AE300_CLASS,LONG_ENDURANCE_LOITER,3500.8523678417123,-7.995927324428866,1729.0838708833599,0.5821081222583835,79.33712430832215,763.8050312061913,83.01881380588426,52.5479295217563,32.09993240430809,0.6272935692556446,27.707204774004772,15.30831294578655,28.935393092861933,CRUISE,HEALTHY,False,0.0,1.0,OK,42,91.88,3600.0,-0.123472,0.859442,-0.161492,-0.010985,-7.654539,-0.009875
2026-01-01T00:05:31Z,AE300_CLASS-SIM-01,AE300_CLASS,LONG_ENDURANCE_LOITER,3500.8755857520155,-7.759952896387362,1721.6805255080471,0.5799889196655034,81.27412181262235,762.5339170191286,81.69603817319644,52.91687816414535,31.836094038819198,0.6322990545480238,27.728220531920613,14.815360154828037,28.98107302446513,CRUISE,HEALTHY,False,0.0,1.0,OK,42,91.95,3600.0,2.581166,0.740508,-1.108541,-0.032515,-1.395097,0.001248
2026-01-01T00:05:32Z,AE300_CLASS-SIM-01,AE300_CLASS,LONG_ENDURANCE_LOITER,3502.939768334858,-7.844443432710486,1704.7834098835567,0.5854415022991841,77.10010470281105,761.1455486567162,81.81092627851446,52.299630283359214,31.651172682955252,0.6063197462703628,27.755188360518233,14.847336811547207,29.032450705091424,CRUISE,HEALTHY,False,0.0,1.0,OK,42,92.02,3600.0,-1.914767,-1.100386,-0.759154,-0.311238,-9.764971,-0.022958
2026-01-01T00:05:33Z,AE300_CLASS-SIM-01,AE300_CLASS,LONG_ENDURANCE_LOITER,3499.6159200151396,-7.489238451798376,1695.247439195191,0.5823753034467695,78.95663705408543,761.9233283881899,81.88399857881528,51.91997045987131,31.581741951205732,0.6244084773377919,27.699579666756748,14.004080954202756,29.083566298369618,CRUISE,HEALTHY,False,0.0,1.0,OK,42,92.16,3600.0,0.460532,0.490688,-0.479608,-0.1766,-11.792789,-0.000947
2026-01-01T00:05:34Z,AE300_CLASS-SIM-01,AE300_CLASS,LONG_ENDURANCE_LOITER,3502.4035917904284,-7.839134201339477,1693.6921715805654,0.5799593433951578,76.15747765825199,753.5623188024431,82.28760612222902,51.85116345991495,31.523257128425076,0.5690590363994161,27.710221855407575,14.10753709440923,28.73683593145457,CRUISE,HEALTHY,False,0.0,1.0,OK,42,92.2,3600.0,-1.336959,-6.585832,0.104317,-0.072032,-6.791082,-0.053001
2026-01-01T00:05:35Z,AE300_CLASS-SIM-01,AE300_CLASS,LONG_ENDURANCE_LOITER,3501.6517308730217,-7.641464694921822,1690.5063893068866,0.5782709338431137,79.62172885457791,760.5312654551757,82.13127584361216,50.74152262438388,31.441717728070483,0.5205005291965166,27.743188762961786,14.62875484800276,28.845376832666137,CRUISE,HEALTHY,False,0.0,1.0,OK,42,92.11,3600.0,2.46519,0.917066,0.100813,-0.02584,-4.419526,-0.098861
2026-01-01T00:05:36Z,AE300_CLASS-SIM-01,AE300_CLASS,LONG_ENDURANCE_LOITER,3502.8244629775486,-7.659275330357811,1678.660725669393,0.5779111464278015,75.41830558187321,764.2462833632826,82.27649663431018,48.8549402120999,31.34187850699871,0.6115321965333821,27.68383671313565,14.056539598422349,29.14963632603959,CRUISE,HEALTHY,False,0.0,1.0,OK,42,92.06,3600.0,-1.463975,5.018321,0.365823,-0.061404,-11.909207,-0.006014
2026-01-01T00:05:37Z,AE300_CLASS-SIM-01,AE300_CLASS,LONG_ENDURANCE_LOITER,3503.751638153802,-7.7001159354089195,1682.0109304146993,0.5804596998095075,76.25654200850782,758.2907134273546,82.08346434605279,49.03817725501969,31.493562729522687,0.6246160324864993,27.752662828901844,14.100093817595804,28.70841510541189,CRUISE,HEALTHY,False,0.0,1.0,OK,42,92.08,3600.0,-0.846225,-1.246761,0.239961,0.029097,-6.116463,0.007282
2026-01-01T00:05:38Z,AE300_CLASS-SIM-01,AE300_CLASS,LONG_ENDURANCE_LOITER,3501.7925032029534,-7.7354351470800715,1685.245612169782,0.5780105703009315,75.31937541465025,755.3784278041045,81.72973479383793,49.74530793941237,31.32911350424773,0.6851923224279427,27.697123397456252,14.779634307087436,28.75837608722597,CRUISE,HEALTHY,False,0.0,1.0,OK,42,92.02,3600.0,-1.23258,-3.43409,-0.040003,-0.014914,-0.199385,0.069641
2026-01-01T00:05:39Z,AE300_CLASS-SIM-01,AE300_CLASS,LONG_ENDURANCE_LOITER,3504.155043213577,-7.782942614559661,1671.2982573159788,0.5817203129761642,76.37205050404492,760.8882205739645,81.36908144566395,49.74032218199679,31.2964257705958,0.6705431150014829,27.71209263785477,14.489979994786752,29.035470229123625,CRUISE,HEALTHY,False,0.0,1.0,OK,42,91.93,3600.0,-0.662477,1.418175,-0.379129,-0.17074,-13.363932,0.054203
2026-01-01T00:05:40Z,AE300_CLASS-SIM-01,AE300_CLASS,LONG_ENDURANCE_LOITER,3505.7749159857526,-7.661461245842182,1671.9839917448307,0.5773965205488454,75.17065716524688,760.7334157113518,81.75003566107509,48.45759575764769,31.31961417731777,0.5471785015302281,27.696903485327205,13.868549795200954,28.90589293930716,CRUISE,HEALTHY,False,0.0,1.0,OK,42,91.78,3600.0,-1.269782,2.150089,0.059346,0.028387,-10.586527,-0.06709
2026-01-01T00:05:41Z,AE300_CLASS-SIM-01,AE300_CLASS,LONG_ENDURANCE_LOITER,3504.8598732319806,-7.491711766402006,1686.896671232653,0.5778662927004761,77.48074956223788,754.6997193837026,81.21333017901324,49.70011442219879,31.18722479518133,0.6123383478810969,27.657744661876528,14.383930831707787,28.660834668305043,CRUISE,HEALTHY,False,0.0,1.0,OK,42,91.74,3600.0,0.884195,-4.045234,-0.438269,-0.102558,5.747627,-0.001503
2026-01-01T00:05:42Z,AE300_CLASS-SIM-01,AE300_CLASS,LONG_ENDURANCE_LOITER,3505.1818267516373,-7.776646340995344,1689.9955592542651,0.5786498327045668,75.36989335859134,757.8530300982121,81.02040106183509,49.55657036276023,31.34038356991671,0.7248024198954887,27.67330749845253,14.26391660806494,28.732893715928448,CRUISE,HEALTHY,False,0.0,1.0,OK,42,91.57,3600.0,-1.018842,-0.709811,-0.60882,0.032644,9.660265,0.11105
2026-01-01T00:05:43Z,AE300_CLASS-SIM-01,AE300_CLASS,LONG_ENDURANCE_LOITER,3505.1161503496764,-7.7239332885149246,1679.2073471883632,0.580733257894352,75.52677173776586,761.2475784699019,81.85080073937097,49.011286422397944,31.276262778324007,0.7226281737709256,27.665202561636093,14.426128102810678,28.70412241121097,CRUISE,HEALTHY,False,0.0,1.0,OK,42,91.3,3600.0,-1.221817,2.2067,0.218904,-0.105718,-1.225278,0.108232
2026-01-01T00:05:44Z,AE300_CLASS-SIM-01,AE300_CLASS,LONG_ENDURANCE_LOITER,3507.728936173437,-7.6498043335084,1674.3394613110472,0.5795100384717109,76.62952778041263,756.9899666597415,81.93609143548339,49.1771504393862,31.29970638980817,0.6113279892272473,27.71488498827724,14.39940758967925,28.823399953482536,CRUISE,HEALTHY,False,0.0,1.0,OK,42,91.19,3600.0,-0.028255,-1.86636,0.314253,-0.037198,-5.727375,-0.002585
2026-01-01T00:05:45Z,AE300_CLASS-SIM-01,AE300_CLASS,LONG_ENDURANCE_LOITER,3504.3415064290493,-7.5304047608553235,1671.3323249982493,0.5792643633468504,75.84841957169924,763.3197384819093,81.17727763479571,48.059464288712114,31.221274508002185,0.6275920526527995,27.642524711162423,14.181901587188202,28.489928768563573,CRUISE,HEALTHY,False,0.0,1.0,OK,42,91.15,3600.0,-0.835528,4.433103,-0.435302,-0.099978,-8.39784,0.013904
2026-01-01T00:05:46Z,AE300_CLASS-SIM-01,AE300_CLASS,LONG_ENDURANCE_LOITER,3505.9161875867476,-7.861143339924551,1667.9349373009911,0.5805045521392814,74.53841808353722,760.5857000573424,81.25919332818964,49.89640957945812,31.31796688524793,0.5675226905690568,27.66060082602008,14.502765920807706,28.771953536617143,CRUISE,HEALTHY,False,0.0,1.0,OK,42,91.08,3600.0,-2.021944,1.761962,-0.35773,-0.050086,-11.953195,-0.046598
2026-01-01T00:05:47Z,AE300_CLASS-SIM-01,AE300_CLASS,LONG_ENDURANCE_LOITER,3505.554067047549,-7.59691669598671,1672.8288068244015,0.5784401633019266,77.45567050365831,760.5846569937346,81.49508909541045,48.151619709823564,31.162826847765988,0.5652230325272414,27.70988131880671,14.275984173490013,28.82128791767684,CRUISE,HEALTHY,False,0.0,1.0,OK,42,91.02,3600.0,0.964975,1.953947,-0.105721,-0.125398,-6.473395,-0.048066
2026-01-01T00:05:48Z,AE300_CLASS-SIM-01,AE300_CLASS,LONG_ENDURANCE_LOITER,3507.619486475057,-7.96749240575328,1676.174352427957,0.5785592401086406,75.27750448740413,762.2948845559765,81.96912346067452,48.51650806035774,31.369451683707993,0.5451885545052183,27.69672004801178,14.423940464781134,28.671765310206613,CRUISE,HEALTHY,False,0.0,1.0,OK,42,90.91,3600.0,-0.863606,4.029943,0.379864,0.080326,-2.707794,-0.067983
2026-01-01T00:05:49Z,AE300_CLASS-SIM-01,AE300_CLASS,LONG_ENDURANCE_LOITER,3506.764203125858,-7.957022727603535,1682.4496672098362,0.5802217301423185,76.52671527142141,753.0686257756577,81.11937647997799,48.63236637281306,31.25807658681206,0.4913053432772599,27.74663915357201,14.352068919402111,28.685109527229727,CRUISE,HEALTHY,False,0.0,1.0,OK,42,90.67,3600.0,0.130756,-5.554553,-0.476976,-0.091729,3.30956,-0.122445
2026-01-01T00:05:50Z,AE300_CLASS-SIM-01,AE300_CLASS,LONG_ENDURANCE_LOITER,3508.0580899620063,-7.8943077696128015,1672.6076791687676,0.5787470083323311,78.46894998305216,762.7738037238245,81.71110838428677,48.43685686670489,31.29957885206237,0.555876808413776,27.722599874908266,14.088142490731098,28.854857661052577,CRUISE,HEALTHY,False,0.0,1.0,OK,42,90.45,3600.0,2.225216,4.400137,0.123556,0.004236,-6.212414,-0.057328
2026-01-01T00:05:51Z,AE300_CLASS-SIM-01,AE300_CLASS,LONG_ENDURANCE_LOITER,3506.476980376771,-7.719136932751049,1678.0820709905088,0.5718084849129028,76.36795040098829,759.9982957401429,81.74518979197757,47.85638754470173,31.34611370506967,0.6263653129347299,27.71425736172238,14.619202265152117,28.8606608585876,CRUISE,HEALTHY,False,0.0,1.0,OK,42,90.34,3600.0,1.105839,3.029717,0.229502,0.326662,1.875237,0.016207
2026-01-01T00:05:52Z,AE300_CLASS-SIM-01,AE300_CLASS,LONG_ENDURANCE_LOITER,3505.7236804405857,-8.161710208026538,1673.7572465010157,0.5794006789305501,75.65882072278443,760.416993069353,81.60709773158055,48.94583466607828,31.225526381017573,0.6333138333491317,27.71690876951748,14.75397563491978,28.549516032259923,CRUISE,HEALTHY,False,0.0,1.0,OK,42,90.3,3600.0,-0.28489,2.328449,0.074193,-0.066654,-3.075643,0.020713
2026-01-01T00:05:53Z,AE300_CLASS-SIM-01,AE300_CLASS,LONG_ENDURANCE_LOITER,3506.6356199114025,-7.670323594292733,1687.770179727617,0.5782831733283145,75.72028972718543,760.2677494666943,81.92701107400634,47.45969146702899,31.258835083427705,0.6653164866080744,27.77221956533683,14.524031135321977,28.81141304620845,CRUISE,HEALTHY,False,0.0,1.0,OK,42,90.26,3600.0,-0.567754,1.901745,0.391762,0.00397,10.85204,0.053001
2026-01-01T00:05:54Z,AE300_CLASS-SIM-01,AE300_CLASS,LONG_ENDURANCE_LOITER,3507.4946448117007,-7.715632940663379,1675.9986563251452,0.5781065537253174,74.70890862951234,761.7542336276838,81.01914694390189,47.31900950900247,31.240742194020633,0.701711765767095,27.67962545024469,14.09928631051595,28.721481319176593,CRUISE,HEALTHY,False,0.0,1.0,OK,42,90.13,3600.0,-1.518328,3.465006,-0.516038,-0.008655,-0.917145,0.089443
2026-01-01T00:05:55Z,AE300_CLASS-SIM-01,AE300_CLASS,LONG_ENDURANCE_LOITER,3510.3166285796997,-8.222735887409739,1669.6544767570651,0.5831140925698343,76.83592862246428,755.0007750273526,81.50966208617925,47.67050276803558,31.281594578285294,0.6948218258577931,27.712009232461234,14.135062008557584,28.92150178007052,CRUISE,HEALTHY,False,0.0,1.0,OK,42,89.97,3600.0,0.26902,-3.918216,-0.072155,-0.166335,-8.957065,0.080416
2026-01-01T00:05:56Z,AE300_CLASS-SIM-01,AE300_CLASS,LONG_ENDURANCE_LOITER,3507.033429035514,-7.957525876923608,1664.2239771191553,0.5744455007867567,74.88625904286907,754.7750883466748,81.66589826594702,46.52602417744087,31.038201206576797,0.564996821834433,27.67752932710401,14.1133213330506,29.030721022900128,CRUISE,HEALTHY,False,0.0,1.0,OK,42,89.83,3600.0,-0.563687,-2.537714,0.129788,-0.082966,-12.725473,-0.04622
2026-01-01T00:05:57Z,AE300_CLASS-SIM-01,AE300_CLASS,LONG_ENDURANCE_LOITER,3507.4130194943996,-7.672028147186787,1676.2835169630582,0.5774153905486548,74.94966776936684,757.8839091068957,81.17715760981883,47.627436557656885,31.20868117528586,0.5693945315492009,27.73601767036199,14.421004230087831,28.73494976562568,CRUISE,HEALTHY,False,0.0,1.0,OK,42,89.75,3600.0,-1.209198,-0.295133,-0.352173,-0.013869,-0.419428,-0.04259
2026-01-01T00:05:58Z,AE300_CLASS-SIM-01,AE300_CLASS,LONG_ENDURANCE_LOITER,3508.804098156412,-7.818381459033375,1670.218868340195,0.5775652348822847,75.2124995018517,755.378464890163,80.78778483615862,47.120148347911275,31.252940475353174,0.5805740596299342,27.79710967181204,14.556682790112337,28.997185927833453,CRUISE,HEALTHY,False,0.0,1.0,OK,42,89.73,3600.0,-0.831046,-2.680856,-0.73752,0.0257,-6.337665,-0.031406
2026-01-01T00:05:59Z,AE300_CLASS-SIM-01,AE300_CLASS,LONG_ENDURANCE_LOITER,3510.0312483564944,-7.529519748708709,1670.6605421853758,0.5722270100771676,75.42410171348357,759.5632066303597,81.5828454292029,47.60544305595581,31.29426663597744,0.6289580285597682,27.728178213972356,14.0071554460431,28.636612478987583,CRUISE,HEALTHY,False,0.0,1.0,OK,42,89.78,3600.0,-0.050912,2.413933,0.111246,0.276268,-3.943071,0.019282
2026-01-01T00:06:00Z,AE300_CLASS-SIM-01,AE300_CLASS,LONG_ENDURANCE_LOITER,3511.512079975446,-7.793955678818849,1671.6859789785292,0.576029938285633,75.14452945399326,755.9911280394699,80.93391952855129,46.046197564309836,31.19941967004799,0.5850160635650928,27.74044915978911,14.37501133603449,28.840110312349406,CRUISE,HEALTHY,False,0.0,1.0,OK,42,89.86,3600.0,-0.625812,-1.64984,-0.532455,0.04939,-2.727641,-0.025697
2026-01-01T00:06:01Z,AE300_CLASS-SIM-01,AE300_CLASS,LONG_ENDURANCE_LOITER,3508.2287537321026,-7.828886585599319,1678.4557404982247,0.578629361176395,75.85071122835183,760.9738577818971,81.51163534026071,47.94936120864828,31.177850522749992,0.5300639855292134,27.706838785914453,14.50276252269653,28.886010456209252,CRUISE,HEALTHY,False,0.0,1.0,OK,42,89.86,3600.0,-0.261299,2.809194,0.024012,-0.069595,3.269455,-0.081684
2026-01-01T00:06:02Z,AE300_CLASS-SIM-01,AE300_CLASS,LONG_ENDURANCE_LOITER,3510.229239588116,-7.864661782266984,1670.162512022581,0.5782246686592996,76.5115764640543,756.3579522745731,82.0040086191607,46.482225200092806,31.168362555055584,0.6852026698473318,27.73078975754267,14.175849324703467,28.842214636233074,CRUISE,HEALTHY,False,0.0,1.0,OK,42,89.81,3600.0,0.448468,-1.729406,0.504473,-0.071892,-5.456951,0.07339
2026-01-01T00:06:03Z,AE300_CLASS-SIM-01,AE300_CLASS,LONG_ENDURANCE_LOITER,3510.080673215271,-8.225857231261758,1669.3460703447545,0.5769437613112359,75.47805702947164,758.5965619375801,82.00978021058094,46.91964246779438,31.136055086051464,0.6261151921408163,27.682923916461636,14.23452741533495,28.754743293451984,CRUISE,HEALTHY,False,0.0,1.0,OK,42,89.86,3600.0,-0.030701,1.135524,0.513252,-0.057916,-6.164052,0.014717
2026-01-01T00:06:04Z,AE300_CLASS-SIM-01,AE300_CLASS,LONG_ENDURANCE_LOITER,3513.463766801027,-8.151762204806255,1672.8551968069978,0.5769623189184001,74.91064897165568,760.400427873767,81.8642381439693,47.115465702770855,31.179420603782205,0.6063923403196188,27.69173999395165,14.255934685215745,28.769713325752587,CRUISE,HEALTHY,False,0.0,1.0,OK,42,90.01,3600.0,-0.710111,2.852399,0.370522,-0.016902,-2.552678,-0.004993
2026-01-01T00:06:05Z,AE300_CLASS-SIM-01,AE300_CLASS,LONG_ENDURANCE_LOITER,3510.732209325424,-7.704316170073798,1666.844235158644,0.5747926115954731,73.63756226852045,760.2830966538039,81.60768702721116,47.551240505538054,31.10604260505975,0.6916867456647845,27.671520217124122,14.328012907296092,28.925476269006385,CRUISE,HEALTHY,False,0.0,1.0,OK,42,90.05,3600.0,-2.043247,2.790937,0.136021,-0.002342,-7.761788,0.081262
2026-01-01T00:06:06Z,AE300_CLASS-SIM-01,AE300_CLASS,LONG_ENDURANCE_LOITER,3509.1255909723664,-7.9008880477162915,1676.5930669186057,0.5825331279691112,76.28661411377009,762.3312849444172,82.03437168898738,47.402666857390095,31.128615955979868,0.658986791700778,27.63589277252363,14.75592170230668,28.826725920413498,CRUISE,HEALTHY,False,0.0,1.0,OK,42,90.08,3600.0,-0.405139,3.348582,0.506063,-0.274219,-0.072699,0.045521
2026-01-01T00:06:07Z,AE300_CLASS-SIM-01,AE300_CLASS,LONG_ENDURANCE_LOITER,3506.8832505376386,-7.871656722335581,1679.7995256296904,0.5762683764963447,76.80918708006938,755.4297125320343,80.90090993153441,46.99942319462831,31.186019755426805,0.5955544726101519,27.744851870991432,14.0187076099748,28.84310741833559,CRUISE,HEALTHY,False,0.0,1.0,OK,42,90.17,3600.0,1.052989,-2.275282,-0.611773,0.011387,3.701948,-0.015857
2026-01-01T00:06:08Z,AE300_CLASS-SIM-01,AE300_CLASS,LONG_ENDURANCE_LOITER,3511.2130660678567,-8.055729615042635,1665.8718722654912,0.576690488699164,78.43977584734105,759.4080552625735,80.70885412634209,44.388552916334525,31.224269429281446,0.6068361207038727,27.74135398381403,14.007667174782044,28.84807259355665,CRUISE,HEALTHY,False,0.0,1.0,OK,42,90.3,3600.0,2.770775,1.803753,-0.795041,0.034954,-9.906141,-0.0046
2026-01-01T00:06:09Z,AE300_CLASS-SIM-01,AE300_CLASS,LONG_ENDURANCE_LOITER,3512.6328965581783,-7.890983182094609,1672.005804139712,0.5766414347531058,76.5542381994854,757.7222945520693,81.92047943810333,46.61399967189737,31.096744709946172,0.7000636324493955,27.671461177280516,14.099464280121996,28.78507889120336,CRUISE,HEALTHY,False,0.0,1.0,OK,42,90.32,3600.0,0.724207,-0.025064,0.42402,-0.088827,-3.5018,0.088738
2026-01-01T00:06:10Z,AE300_CLASS-SIM-01,AE300_CLASS,LONG_ENDURANCE_LOITER,3511.7169332806425,-7.883507596878293,1674.749782424688,0.5764356270522952,76.06057245441349,751.1378031752196,82.32536937999512,46.85733837194421,31.207449437364648,0.5490192366721884,27.67674974523165,14.066417786866959,29.014817031968363,CRUISE,HEALTHY,False,0.0,1.0,OK,42,90.3,3600.0,0.277302,-6.552792,0.836315,0.033119,-0.488575,-0.062135
2026-01-01T00:06:11Z,AE300_CLASS-SIM-01,AE300_CLASS,LONG_ENDURANCE_LOITER,3510.989966458433,-7.713434466605451,1670.2023673589638,0.5755341560600861,75.4986446382737,761.3098794602514,80.62533734294753,45.84168342144829,31.051938603273232,0.562030291616165,27.663069018731008,13.781884842121261,28.683645698404906,CRUISE,HEALTHY,False,0.0,1.0,OK,42,90.25,3600.0,-0.289856,3.668464,-0.849732,-0.084099,-4.527416,-0.04866
2026-01-01T00:06:12Z,AE300_CLASS-SIM-01,AE300_CLASS,LONG_ENDURANCE_LOITER,3509.099140399812,-7.98148618735303,1683.0418011217,0.5771708125041985,76.04612363000253,754.8836837474124,80.78133037229392,45.970627977854114,31.162350123299817,0.6499699591004298,27.73157101030324,14.453530433261507,28.68254396894928,CRUISE,HEALTHY,False,0.0,1.0,OK,42,90.22,3600.0,0.301276,-2.821733,-0.698951,-0.031594,8.122491,0.038744
2026-01-01T00:06:13Z,AE300_CLASS-SIM-01,AE300_CLASS,LONG_ENDURANCE_LOITER,3512.410562122343,-7.878630672434879,1673.114121608463,0.5803621345817984,73.49637377403323,757.0107238681087,82.01465438194373,45.67314937521183,31.122484475405955,0.5870294105321673,27.686488038921006,13.783677768832659,28.881880237539686,CRUISE,HEALTHY,False,0.0,1.0,OK,42,90.22,3600.0,-2.915028,-1.537544,0.500978,-0.200729,-3.019582,-0.025619
2026-01-01T00:06:14Z,AE300_CLASS-SIM-01,AE300_CLASS,LONG_ENDURANCE_LOITER,3513.6256935500323,-7.755814408318014,1668.3134597172993,0.5763851427936958,74.6022623205368,756.7129075086067,82.43522764175366,46.98197140197803,31.08602502233198,0.6188853901588286,27.6412911214313,13.90088056429367,28.635828839293435,CRUISE,HEALTHY,False,0.0,1.0,OK,42,90.3,3600.0,-1.346288,-1.135048,0.933959,-0.093541,-7.369023,0.007559
2026-01-01T00:06:15Z,AE300_CLASS-SIM-01,AE300_CLASS,LONG_ENDURANCE_LOITER,3512.2123237004944,-7.69316677187374,1678.3385145752438,0.5771823542928582,74.3274949912864,756.1048606040819,81.5853679957984,46.34916011003047,31.136742522949884,0.6305656129266303,27.68135539468752,14.32652081145188,29.030316679773286,CRUISE,HEALTHY,False,0.0,1.0,OK,42,90.42,3600.0,-1.779685,-1.954799,0.085713,-0.068801,2.714685,0.01904
2026-01-01T00:06:16Z,AE300_CLASS-SIM-01,AE300_CLASS,LONG_ENDURANCE_LOITER,3512.873524932833,-7.658452863895652,1678.0889899137376,0.5731261220736326,74.30788253972439,755.2628380035702,81.07509277205136,46.79012590598584,31.18649157174116,0.667120785219873,27.707576658929742,14.123118742714244,28.478481423606265,CRUISE,HEALTHY,False,0.0,1.0,OK,42,90.49,3600.0,-1.181319,-1.922319,-0.384915,0.13964,3.906903,0.057331
2026-01-01T00:06:17Z,AE300_CLASS-SIM-01,AE300_CLASS,LONG_ENDURANCE_LOITER,3513.489722746964,-7.833129420440699,1675.3375890905374,0.5801973290802551,77.3380011767443,759.7714454579186,81.02363520640131,46.41542203372334,31.14009114613021,0.5756795316501343,27.71521159767491,14.362015311684951,28.626981719291063,CRUISE,HEALTHY,False,0.0,1.0,OK,42,90.57,3600.0,0.923519,1.248934,-0.472853,-0.170716,-0.171075,-0.036683
2026-01-01T00:06:18Z,AE300_CLASS-SIM-01,AE300_CLASS,LONG_ENDURANCE_LOITER,3515.4315887000075,-7.823289813565032,1661.837290951167,0.575806405192401,76.07536011968372,760.2734644133786,81.30150731549799,47.54068936859552,31.153179669512625,0.5513296003404723,27.63852971325886,14.589831000273486,28.969035858912314,CRUISE,HEALTHY,False,0.0,1.0,OK,42,90.59,3600.0,0.291141,2.647778,-0.180862,0.000581,-13.157942,-0.059571
2026-01-01T00:06:19Z,AE300_CLASS-SIM-01,AE300_CLASS,LONG_ENDURANCE_LOITER,3514.373252734496,-7.615921769600771,1681.2207693426276,0.5772005907922928,74.5096537968877,762.3740195479736,81.69150940547547,46.49526175653175,31.098024681324215,0.621996542195785,27.62823739332266,14.46108571043578,28.646013009395865,CRUISE,HEALTHY,False,0.0,1.0,OK,42,90.67,3600.0,-1.676562,4.259862,0.206494,-0.103612,6.129295,0.010661
2026-01-01T00:06:20Z,AE300_CLASS-SIM-01,AE300_CLASS,LONG_ENDURANCE_LOITER,3514.6973263046507,-7.920162242522916,1671.8572891660042,0.5742437560120456,75.46932832589361,762.7926572140838,82.07025288643649,47.111558637602435,31.132773337447176,0.6483645479007556,27.740221949057208,14.000359186303642,28.7768432486355,CRUISE,HEALTHY,False,0.0,1.0,OK,42,90.74,3600.0,0.059793,5.638937,0.611199,0.045672,-2.290112,0.038253
2026-01-01T00:06:21Z,AE300_CLASS-SIM-01,AE300_CLASS,LONG_ENDURANCE_LOITER,3511.6610020495873,-7.675095289521472,1688.0471165875326,0.5758419834310644,72.90098205420608,759.1836654673492,81.03693841178264,46.23411575506624,31.168056051300333,0.621764659699076,27.675442162202827,14.052544252316906,28.806744976048495,CRUISE,HEALTHY,False,0.0,1.0,OK,42,90.85,3600.0,-2.942151,1.489209,-0.418096,0.029433,14.045852,0.011266
2026-01-01T00:06:22Z,AE300_CLASS-SIM-01,AE300_CLASS,LONG_ENDURANCE_LOITER,3514.032266317696,-8.01158759024247,1671.1477369035324,0.5762852458525709,75.41653006039715,753.4973275004243,81.88566025690072,44.45831402263433,31.099850382555225,0.5823350303323693,27.7008370510604,14.414045980991974,28.956294815286892,CRUISE,HEALTHY,False,0.0,1.0,OK,42,90.94,3600.0,-0.183771,-3.962402,0.429987,-0.056607,-2.876744,-0.028316
2026-01-01T00:06:23Z,AE300_CLASS-SIM-01,AE300_CLASS,LONG_ENDURANCE_LOITER,3513.8303825889616,-7.758856083743412,1674.730145196556,0.5721072242799365,78.10333692843193,753.4029627344667,81.62615772577749,47.106690012497275,31.139341661985014,0.587922244500838,27.727943387114816,13.775558938884787,28.776816335900758,CRUISE,HEALTHY,False,0.0,1.0,OK,42,91.05,3600.0,2.929017,-3.374501,0.20939,0.146102,2.120424,-0.020965
2026-01-01T00:06:24Z,AE300_CLASS-SIM-01,AE300_CLASS,LONG_ENDURANCE_LOITER,3514.305703136686,-7.950079539794903,1676.2443925765147,0.5776095025399848,75.17097278152269,759.5938235741208,81.45657014621942,46.005855021797345,31.103497824157046,0.5966355889467484,27.66693027177459,14.370336040674713,28.821298173779955,CRUISE,HEALTHY,False,0.0,1.0,OK,42,91.19,3600.0,-0.655935,1.847768,0.017538,-0.092211,2.825059,-0.014164
2026-01-01T00:06:25Z,AE300_CLASS-SIM-01,AE300_CLASS,LONG_ENDURANCE_LOITER,3513.018065856636,-8.097855161912165,1676.0996946073992,0.5737482150211988,75.99443007123223,759.5709102553573,80.85906106762886,45.55481447423979,31.215612671048362,0.6258673953325489,27.677970431057915,13.95973124035934,28.70894573900019,CRUISE,HEALTHY,False,0.0,1.0,OK,42,91.34,3600.0,0.925406,2.800277,-0.560714,0.164414,3.380594,0.016467
2026-01-01T00:06:26Z,AE300_CLASS-SIM-01,AE300_CLASS,LONG_ENDURANCE_LOITER,3513.870707152396,-7.719255850654087,1667.5733941472665,0.5774900994794628,75.06553087529736,754.4393084940201,81.23595722151283,44.51447430897296,31.10407279704317,0.6023256086527908,27.727673157900707,13.672144340692425,28.959202468963703,CRUISE,HEALTHY,False,0.0,1.0,OK,42,91.5,3600.0,-0.971971,-3.514707,-0.204324,-0.087632,-5.891372,-0.008455
2026-01-01T00:06:27Z,AE300_CLASS-SIM-01,AE300_CLASS,LONG_ENDURANCE_LOITER,3517.1399898515874,-7.6656025563542896,1672.525354513195,0.5772550663954782,73.65830371672197,759.3336111999719,81.07757287104867,45.33213455357544,31.040042939888906,0.6101641416236422,27.66165487195071,14.348980547188432,28.513097556724382,CRUISE,HEALTHY,False,0.0,1.0,OK,42,91.69,3600.0,-2.46082,1.325459,-0.375396,-0.151843,-1.400788,-0.000749
2026-01-01T00:06:28Z,AE300_CLASS-SIM-01,AE300_CLASS,LONG_ENDURANCE_LOITER,3512.9709698461925,-7.649192389928967,1679.104759894746,0.5730529214796874,75.551594495775,760.16808861821,81.61003964592652,46.85300770601467,31.169373390413394,0.5769674530263735,27.69581737188902,14.228926788005129,28.74282958373941,CRUISE,HEALTHY,False,0.0,1.0,OK,42,91.86,3600.0,0.127955,3.078144,0.186225,0.140755,6.238769,-0.032289
2026-01-01T00:06:29Z,AE300_CLASS-SIM-01,AE300_CLASS,LONG_ENDURANCE_LOITER,3515.82943314701,-7.845761683517643,1672.9027690627665,0.5729789022906885,76.58240235636939,754.5559829119321,81.31999765620263,46.467573022285684,31.121323450113994,0.5144241169554283,27.73015002154578,14.029307388386558,28.96614911113575,CRUISE,HEALTHY,False,0.0,1.0,OK,42,91.88,3600.0,1.374613,-2.277701,-0.080373,0.103041,0.889306,-0.094496
2026-01-01T00:06:30Z,AE300_CLASS-SIM-01,AE300_CLASS,LONG_ENDURANCE_LOITER,3515.9494192798925,-7.865659871193432,1685.942179107771,0.5744453235824126,77.13514672970602,757.3755821805549,81.60194458638259,46.769892869252956,31.14688173052957,0.5788691573227934,27.65509508431687,14.038954968683068,28.797521924009157,CRUISE,HEALTHY,False,0.0,1.0,OK,42,91.9,3600.0,1.740525,0.277736,0.205578,0.079011,14.074291,-0.030419
2026-01-01T00:06:31Z,AE300_CLASS-SIM-01,AE300_CLASS,LONG_ENDURANCE_LOITER,3516.5879637408666,-7.753433516004072,1681.5625615029107,0.5729725657497724,74.55508321695864,753.2211818137878,82.325477434956,46.961561235906984,31.12097248239976,0.5493429939550674,27.69435362320349,14.381425773114277,28.744062488852535,CRUISE,HEALTHY,False,0.0,1.0,OK,42,91.85,3600.0,-0.715009,-3.654602,0.946184,0.111436,10.315511,-0.059281
2026-01-01T00:06:32Z,AE300_CLASS-SIM-01,AE300_CLASS,LONG_ENDURANCE_LOITER,3518.785275608957,-7.514841492769738,1665.6837650603213,0.5728043103565315,74.35270908409156,761.7164078690754,81.87767302603777,46.57983128165786,31.090551943095956,0.5728422051991419,27.729944907801894,14.112804600594488,28.742375460327462,CRUISE,HEALTHY,False,0.0,1.0,OK,42,91.81,3600.0,-1.130429,4.662695,0.513395,0.09154,-5.017262,-0.035534
2026-01-01T00:06:33Z,AE300_CLASS-SIM-01,AE300_CLASS,LONG_ENDURANCE_LOITER,3518.3374270815366,-7.891456816470059,1670.5522105559141,0.5747938776837853,76.51232988458412,761.8056306564908,81.66888554854673,47.370536578368906,31.072541448679672,0.5776700673268136,27.720446670685774,14.276271382654366,28.567403466466732,CRUISE,HEALTHY,False,0.0,1.0,OK,42,91.78,3600.0,1.109318,4.714074,0.297152,0.001195,-0.419906,-0.031385
2026-01-01T00:06:34Z,AE300_CLASS-SIM-01,AE300_CLASS,LONG_ENDURANCE_LOITER,3517.184663241629,-7.877333543421223,1668.5075374748992,0.577660440886054,76.0867350241601,761.0167414246351,81.52076178770616,46.74982038177969,31.024511461166803,0.6099921086332714,27.69475277948327,13.812889174436496,28.699279489400027,CRUISE,HEALTHY,False,0.0,1.0,OK,42,91.85,3600.0,0.207909,3.260281,0.116073,-0.160401,-3.662964,-0.000353
2026-01-01T00:06:35Z,AE300_CLASS-SIM-01,AE300_CLASS,LONG_ENDURANCE_LOITER,3517.4443690315184,-7.804518472432045,1675.1939657035573,0.5734585751572817,76.05705173968686,756.6384340449318,80.10769514910585,46.261778381867884,31.141621594717865,0.533708334727405,27.698681672673146,14.696726124827157,28.66552753642592,CRUISE,HEALTHY,False,0.0,1.0,OK,42,91.82,3600.0,0.738083,-0.314368,-1.282333,0.109698,3.556563,-0.075214
2026-01-01T00:06:36Z,AE300_CLASS-SIM-01,AE300_CLASS,LONG_ENDURANCE_LOITER,3518.1850418024596,-8.063784256766006,1683.2389076048255,0.5743787892914612,75.49271368174772,760.9167015245984,81.69349324195294,45.92282119615614,31.034220854933128,0.6315958222721653,27.669152585783028,13.584099404124178,28.77104425242217,CRUISE,HEALTHY,False,0.0,1.0,OK,42,91.81,3600.0,0.295576,4.042015,0.306075,-0.029346,11.696439,0.022439
2026-01-01T00:06:37Z,AE300_CLASS-SIM-01,AE300_CLASS,LONG_ENDURANCE_LOITER,3516.2140244426564,-7.627380969288672,1672.9695800708344,0.5726593468562098,74.50845472548767,751.8107539294832,80.89787398262732,47.52449130081638,31.20314026094381,0.6419460821050492,27.69037913088962,14.087809438293199,28.634966916277087,CRUISE,HEALTHY,False,0.0,1.0,OK,42,91.79,3600.0,-0.820412,-5.102513,-0.47174,0.209075,2.074537,0.033552
2026-01-01T00:06:38Z,AE300_CLASS-SIM-01,AE300_CLASS,LONG_ENDURANCE_LOITER,3521.7765175358786,-7.899776951744301,1686.4252546962011,0.5771809784131595,73.1382201303114,755.2128092010821,81.08836545598028,46.58642416145922,31.061790106466187,0.7440233293904742,27.650915123017555,14.28421330078336,28.870328388978137,CRUISE,HEALTHY,False,0.0,1.0,OK,42,91.58,3600.0,-2.690447,-2.42942,-0.309236,-0.107235,14.512491,0.133889
2026-01-01T00:06:39Z,AE300_CLASS-SIM-01,AE300_CLASS,LONG_ENDURANCE_LOITER,3518.9370359326904,-7.856578973938855,1664.1859651803222,0.5745311542073872,76.0506533602243,757.9711680574617,81.64283016137334,47.84884004689306,31.117803131085182,0.612335164431147,27.647077310591335,14.033646022493642,28.74431851727105,CRUISE,HEALTHY,False,0.0,1.0,OK,42,91.49,3600.0,0.602558,0.837599,0.248375,0.045194,-7.612417,0.00303
2026-01-01T00:06:40Z,AE300_CLASS-SIM-01,AE300_CLASS,LONG_ENDURANCE_LOITER,3519.5704379389313,-7.946497388972382,1664.8332788683015,0.5718660268641835,73.22388329985411,756.3724367413023,80.72169436078966,45.79164682516817,31.03412751050145,0.5489449702638355,27.709081139980864,14.433840024430857,28.69426012266685,CRUISE,HEALTHY,False,0.0,1.0,OK,42,91.37,3600.0,-1.705427,-0.071918,-0.645091,0.066112,-5.958928,-0.059201
2026-01-01T00:06:41Z,AE300_CLASS-SIM-01,AE300_CLASS,LONG_ENDURANCE_LOITER,3518.788903483029,-7.795774423368025,1666.2692316653836,0.572601198843472,76.91044267675407,759.4824384483,81.65054542807047,47.422991248267806,30.93530169096517,0.6699181967887967,27.709516945979676,14.513133236524782,28.83415945117418,CRUISE,HEALTHY,False,0.0,1.0,OK,42,91.22,3600.0,1.758254,2.778742,0.297691,-0.051651,-4.016391,0.061762
2026-01-01T00:06:42Z,AE300_CLASS-SIM-01,AE300_CLASS,LONG_ENDURANCE_LOITER,3519.7703569339897,-7.9193266848846084,1673.720996324318,0.5734674132731,76.467814400576,752.5410500205451,81.13294296856071,48.36851175393472,31.012550685547588,0.5981891832739289,27.65847463395663,14.308778454623326,28.66505648253919,CRUISE,HEALTHY,False,0.0,1.0,OK,42,91.15,3600.0,1.306824,-4.210441,-0.217296,-0.004341,3.530498,-0.010186
2026-01-01T00:06:43Z,AE300_CLASS-SIM-01,AE300_CLASS,LONG_ENDURANCE_LOITER,3519.6710785472847,-7.752341736766457,1666.143432347598,0.5755923737536819,76.39305494288459,759.9134233130121,81.43669979539392,49.37981038760596,31.109564941248298,0.6234838031692753,27.658684305798822,14.177033161831748,28.98885631741516,CRUISE,HEALTHY,False,0.0,1.0,OK,42,91.13,3600.0,0.725576,2.525198,0.068377,0.010677,-4.704655,0.014238
2026-01-01T00:06:44Z,AE300_CLASS-SIM-01,AE300_CLASS,LONG_ENDURANCE_LOITER,3522.7663221254597,-7.659563766247097,1676.4149152699777,0.5714280735268027,75.94204910471316,753.4600389886998,80.70089861385759,46.822453998040835,31.073862599574543,0.6494506443911011,27.71355014414484,14.363753057505868,28.626620461005793,CRUISE,HEALTHY,False,0.0,1.0,OK,42,91.11,3600.0,0.796046,-3.137462,-0.641237,0.129108,6.519065,0.041761
2026-01-01T00:06:45Z,AE300_CLASS-SIM-01,AE300_CLASS,LONG_ENDURANCE_LOITER,3520.2970804275187,-8.109022063299719,1656.7787803089382,0.5753449217833225,74.31425948517933,759.355382629509,81.86582142595135,46.087271055832595,31.074067318860244,0.5789809926887204,27.619772952806454,14.239396660615407,28.703098367718244,CRUISE,HEALTHY,False,0.0,1.0,OK,42,91.1,3600.0,-0.952457,2.391948,0.506122,-0.01295,-13.75576,-0.030075
2026-01-01T00:06:46Z,AE300_CLASS-SIM-01,AE300_CLASS,LONG_ENDURANCE_LOITER,3520.04693719119,-7.588294491919131,1660.0051626741833,0.5745536210586217,73.98465479106069,759.431941722428,81.49816349899486,46.93074046635508,30.978133603728395,0.5742159655228487,27.730641542441536,14.731769948574511,28.845186746220218,CRUISE,HEALTHY,False,0.0,1.0,OK,42,91.11,3600.0,-1.695908,2.092394,0.13253,-0.083632,-10.745147,-0.034694
2026-01-01T00:06:47Z,AE300_CLASS-SIM-01,AE300_CLASS,LONG_ENDURANCE_LOITER,3519.6134648784387,-7.835396595368063,1687.562265447722,0.5739169668335591,77.16288086548293,754.7923122817382,81.34173520804099,47.129613697220144,31.054845314014422,0.5741143127873204,27.6611142393121,14.495142961002093,28.951284342530165,CRUISE,HEALTHY,False,0.0,1.0,OK,42,91.11,3600.0,1.82937,-2.167201,-0.02249,0.016297,16.863173,-0.034589
2026-01-01T00:06:48Z,AE300_CLASS-SIM-01,AE300_CLASS,LONG_ENDURANCE_LOITER,3523.480336549304,-7.617289215390857,1671.3960990201872,0.5730139651479004,77.00336006430838,758.8382550014599,80.91537361516264,45.7191507105521,31.056700369461506,0.6005588310235526,27.6923811559503,14.51854487271157,28.88581846240772,CRUISE,HEALTHY,False,0.0,1.0,OK,42,91.18,3600.0,1.555671,1.848792,-0.438464,0.050883,1.074725,-0.00776
2026-01-01T00:06:49Z,AE300_CLASS-SIM-01,AE300_CLASS,LONG_ENDURANCE_LOITER,3523.4594563372743,-8.179250617976205,1672.1113524588338,0.5749499831054004,73.24709487256254,754.9843814993372,80.97606477050483,46.6110087157689,31.121035044484,0.699487107024356,27.660810269652234,14.352879476859037,28.855193761536935,CRUISE,HEALTHY,False,0.0,1.0,OK,42,91.14,3600.0,-1.93786,-1.856213,-0.388149,0.043109,1.412678,0.090461
2026-01-01T00:06:50Z,AE300_CLASS-SIM-01,AE300_CLASS,LONG_ENDURANCE_LOITER,3522.298610374444,-7.8313146709507295,1672.3475708710112,0.5768599887264614,76.64944814407025,753.8260884409713,81.70916225362717,47.34596807179919,31.038441399689738,0.6593190791369002,27.700848151874705,14.253180271606432,28.788971381498783,CRUISE,HEALTHY,False,0.0,1.0,OK,42,91.08,3600.0,0.805845,-3.804659,0.318802,-0.116644,0.698114,0.049377
2026-01-01T00:06:51Z,AE300_CLASS-SIM-01,AE300_CLASS,LONG_ENDURANCE_LOITER,3518.9423308409973,-7.904862789388909,1665.427427890993,0.5710361949527057,77.06505118150996,758.182732241875,81.33446851615975,46.10230960024581,31.033493400749496,0.65295401093884,27.660189976580575,14.189719312309578,28.90040651373074,CRUISE,HEALTHY,False,0.0,1.0,OK,42,91.03,3600.0,2.24124,1.892593,-0.021503,0.099684,-4.971541,0.045205
2026-01-01T00:06:52Z,AE300_CLASS-SIM-01,AE300_CLASS,LONG_ENDURANCE_LOITER,3519.318220528596,-7.903079908805252,1666.9839531190612,0.5730656736178233,74.53329657089452,757.1327336967677,82.21032954879482,46.302051916481986,31.029406056539344,0.6980373854683996,27.6712114080992,14.733698512494009,28.770406252025758,CRUISE,HEALTHY,False,0.0,1.0,OK,42,90.88,3600.0,-0.577995,0.450791,0.86142,0.027504,-3.158226,0.0898
2026-01-01T00:06:53Z,AE300_CLASS-SIM-01,AE300_CLASS,LONG_ENDURANCE_LOITER,3525.1475918135448,-7.783555689843908,1672.0225642937967,0.5731263143938026,74.35874665209155,756.9360365307629,81.74531481484131,46.56128257126644,30.989086505121453,0.5969229981273474,27.73285451778089,14.554972643259907,28.668946509116715,CRUISE,HEALTHY,False,0.0,1.0,OK,42,90.86,3600.0,-0.938919,0.109706,0.4024,-0.017326,2.09838,-0.011284
2026-01-01T00:06:54Z,AE300_CLASS-SIM-01,AE300_CLASS,LONG_ENDURANCE_LOITER,3521.7243909411013,-7.840823434777203,1680.4493454937174,0.5754737987984433,73.52718002484161,755.9608446400215,80.91953547900117,46.340126812387155,31.100529257727715,0.5441256041201683,27.628344264601516,13.936986474685126,28.81152698473937,CRUISE,HEALTHY,False,0.0,1.0,OK,42,90.78,3600.0,-2.046101,-1.307168,-0.441678,0.00712,9.859781,-0.064998
2026-01-01T00:06:55Z,AE300_CLASS-SIM-01,AE300_CLASS,LONG_ENDURANCE_LOITER,3523.9109302107595,-7.833751421639457,1677.8702363894067,0.5695798894175927,76.68401332432664,755.8028294014631,81.6642844999989,45.43772641803576,31.00074315143542,0.6187092447664604,27.739272342019415,13.708105062967944,28.772454607824194,CRUISE,HEALTHY,False,0.0,1.0,OK,42,90.77,3600.0,2.008051,-0.199115,0.345223,0.12951,8.813472,0.011873
2026-01-01T00:06:56Z,AE300_CLASS-SIM-01,AE300_CLASS,LONG_ENDURANCE_LOITER,3521.60447029561,-7.82518569437886,1674.964774089868,0.5756046435153191,74.42822600474818,759.2493711755723,81.94432281856824,45.161040873302454,31.033367843579214,0.651144498908911,27.68263667034226,13.818578320557183,28.908696443170747,CRUISE,HEALTHY,False,0.0,1.0,OK,42,90.75,3600.0,-1.147599,1.982399,0.59998,-0.057127,4.988654,0.042223
2026-01-01T00:06:57Z,AE300_CLASS-SIM-01,AE300_CLASS,LONG_ENDURANCE_LOITER,3521.685585243512,-7.92940423032815,1669.12721193931,0.5743856215579534,74.29373228603833,754.7127451814341,81.37323417490158,47.4084297055745,31.130055854280624,0.5401092765217297,27.705542832878944,13.85397904501806,28.919486143464468,CRUISE,HEALTHY,False,0.0,1.0,OK,42,90.68,3600.0,-1.016154,-2.225897,0.021195,0.07868,-1.128757,-0.068569
2026-01-01T00:06:58Z,AE300_CLASS-SIM-01,AE300_CLASS,LONG_ENDURANCE_LOITER,3522.3295569164097,-8.005490162020278,1665.1670085809942,0.5727263900013483,75.51309975460595,757.9603876832241,81.32293198056492,45.417818946929735,31.03265803623867,0.6054972342938464,27.739341971229187,13.96574729310721,28.525734648128335,CRUISE,HEALTHY,False,0.0,1.0,OK,42,90.71,3600.0,0.530108,1.451378,-0.019168,0.042978,-4.727539,-0.002565
2026-01-01T00:06:59Z,AE300_CLASS-SIM-01,AE300_CLASS,LONG_ENDURANCE_LOITER,3523.9388599858744,-7.711541440191703,1670.3023260424056,0.5724036907046846,73.94608186831297,761.5042159352572,80.85901143716941,45.9268987250233,31.019375239075135,0.5242938923844536,27.743799634796307,14.36345645024863,28.90037194126814,CRUISE,HEALTHY,False,0.0,1.0,OK,42,90.65,3600.0,-1.283355,4.785384,-0.472159,0.044334,0.805208,-0.08353
2026-01-01T00:07:00Z,AE300_CLASS-SIM-01,AE300_CLASS,LONG_ENDURANCE_LOITER,3525.0795997603486,-7.9317442851942115,1661.6175188477007,0.5724471218448228,73.79431644592435,757.9201525206612,81.68218881876334,47.7940554174649,31.003661872945788,0.6493551693704197,27.680873648335595,14.030845178562881,28.83594951040209,CRUISE,HEALTHY,False,0.0,1.0,OK,42,90.59,3600.0,-1.219986,1.427698,0.359149,0.029665,-7.583925,0.041626
2026-01-01T00:07:01Z,AE300_CLASS-SIM-01,AE300_CLASS,LONG_ENDURANCE_LOITER,3523.915240185874,-7.868839303393021,1661.5150454670902,0.5708882597865625,75.87274694988346,759.0180994639512,80.87239797075705,47.10409907230433,30.945574608446666,0.6084264717703638,27.749380645191422,14.414704509084203,28.883690994283274,CRUISE,HEALTHY,False,0.0,1.0,OK,42,90.64,3600.0,1.072323,2.831169,-0.429994,0.035924,-6.935584,0.001448
2026-01-01T00:07:02Z,AE300_CLASS-SIM-01,AE300_CLASS,LONG_ENDURANCE_LOITER,3527.61066028516,-8.016440487016053,1661.92609918201,0.5711315130353003,74.70045524397442,749.9190769096381,81.21940595367778,46.06652325520709,31.0207475763037,0.6234770770377895,27.66861843527522,14.347576826308694,28.872211147370855,CRUISE,HEALTHY,False,0.0,1.0,OK,42,90.73,3600.0,-0.005575,-6.151125,-0.068831,0.105601,-6.009803,0.016605
2026-01-01T00:07:03Z,AE300_CLASS-SIM-01,AE300_CLASS,LONG_ENDURANCE_LOITER,3523.847181315313,-7.986453638307361,1653.1335171525818,0.5703186800512614,74.05068848724727,756.6959370774731,80.88413192950046,46.088326505732205,30.89638569791208,0.6152528021803466,27.70961831708676,14.289428625939289,28.764987373517116,CRUISE,HEALTHY,False,0.0,1.0,OK,42,90.89,3600.0,-0.491585,0.819731,-0.386451,0.020447,-14.160399,0.008889
2026-01-01T00:07:04Z,AE300_CLASS-SIM-01,AE300_CLASS,LONG_ENDURANCE_LOITER,3522.940915757773,-8.00713446372534,1665.7437504520628,0.5716176517984012,75.09796734919641,760.4562425554204,81.67180296756112,45.680742098111196,31.006793566989536,0.6363007606784544,27.660290468393804,14.421509461789064,28.738488246689993,CRUISE,HEALTHY,False,0.0,1.0,OK,42,91.03,3600.0,0.400834,4.348098,0.402196,0.086784,-1.514669,0.029581
2026-01-01T00:07:05Z,AE300_CLASS-SIM-01,AE300_CLASS,LONG_ENDURANCE_LOITER,3523.3901202700285,-7.847502419587254,1669.9974698602596,0.5718931295901132,74.9363961530252,754.4277440781896,81.57772399682005,46.47858836912006,30.972260487892193,0.6234930237426496,27.646293177834405,13.896695656871051,28.430464634505967,CRUISE,HEALTHY,False,0.0,1.0,OK,42,91.2,3600.0,0.031298,-1.901549,0.306353,0.041499,2.674871,0.016666
2026-01-01T00:07:06Z,AE300_CLASS-SIM-01,AE300_CLASS,LONG_ENDURANCE_LOITER,3526.6046891453116,-8.099255745986257,1669.2905672414627,0.5730147037226063,75.75273779950533,753.0463945431269,81.27064820182203,47.93066524857394,31.06131690795815,0.6517856650070568,27.705919764154867,13.861579740052022,28.869161131639572,CRUISE,HEALTHY,False,0.0,1.0,OK,42,91.32,3600.0,0.878783,-3.298412,-0.011985,0.083808,1.558456,0.044455
2026-01-01T00:07:07Z,AE300_CLASS-SIM-01,AE300_CLASS,LONG_ENDURANCE_LOITER,3525.773069166981,-7.83498641527473,1663.816519505963,0.5718511034712898,75.16766517029907,757.083680817342,81.51895187298013,46.01403163696015,30.8740457370579,0.6804059468263122,27.79193364264472,14.29546917814967,28.562180681019576,CRUISE,HEALTHY,False,0.0,1.0,OK,42,91.34,3600.0,0.21179,0.716536,0.238566,-0.061208,-3.83387,0.073449
2026-01-01T00:07:08Z,AE300_CLASS-SIM-01,AE300_CLASS,LONG_ENDURANCE_LOITER,3525.102833587362,-7.844339435349426,1677.5180796298623,0.5696954308521285,74.77723597622963,756.9191739774003,81.68264273765121,46.209720745149326,30.856999006853677,0.6351790100835066,27.737298752863314,14.134597049142712,28.820977139338655,CRUISE,HEALTHY,False,0.0,1.0,OK,42,91.39,3600.0,0.190069,1.04939,0.424164,0.006953,10.664318,0.029158
2026-01-01T00:07:09Z,AE300_CLASS-SIM-01,AE300_CLASS,LONG_ENDURANCE_LOITER,3525.803414671011,-8.049214404057368,1675.1990990104523,0.5728204462410834,75.56094341163363,760.5529504236519,80.81570922883874,46.028006380491476,30.956489280536022,0.5817655297083465,27.723575815130992,14.101286459046994,28.610722857946893,CRUISE,HEALTHY,False,0.0,1.0,OK,42,91.45,3600.0,0.695271,4.229302,-0.455457,-0.008568,7.883948,-0.025341
2026-01-01T00:07:10Z,AE300_CLASS-SIM-01,AE300_CLASS,LONG_ENDURANCE_LOITER,3526.866334280458,-7.8984390833688805,1674.4407448257202,0.5727559787759917,75.50755067826711,757.2203103133148,81.20249405101839,45.88390122482457,30.960529279104367,0.5921035220643311,27.75978669909229,14.55829286615735,28.85394032536794,CRUISE,HEALTHY,False,0.0,1.0,OK,42,91.55,3600.0,0.471947,0.73173,-0.077489,-0.00703,6.805004,-0.015116
2026-01-01T00:07:11Z,AE300_CLASS-SIM-01,AE300_CLASS,LONG_ENDURANCE_LOITER,3527.587902429141,-7.938825170778489,1658.9539576450693,0.5714615949472954,75.02447709809023,756.9424390918908,81.49529151868084,47.2712877160829,30.897855739229453,0.576290250948043,27.750171503109826,14.385064821626452,28.69981051365364,CRUISE,HEALTHY,False,0.0,1.0,OK,42,91.65,3600.0,0.218396,0.763419,0.220967,-0.022737,-8.476027,-0.03048
2026-01-01T00:07:12Z,AE300_CLASS-SIM-01,AE300_CLASS,LONG_ENDURANCE_LOITER,3527.1119105192993,-7.942679819273961,1667.8866982396848,0.572763548002659,78.17274485789893,756.8077484765815,81.57897535074355,45.05013138720764,30.9064772966193,0.662259850759755,27.708173294310683,12.83516835126876,28.858941357793995,CRUISE,HEALTHY,False,0.0,1.0,OK,42,91.66,3600.0,3.173009,0.354694,0.296572,-0.062611,0.162924,0.055002
2026-01-01T00:07:13Z,AE300_CLASS-SIM-01,AE300_CLASS,LONG_ENDURANCE_LOITER,3530.402499117196,-8.228300279332109,1678.185250972546,0.5661985129811724,76.08125069805179,756.2286848709073,80.2201252273232,46.85834246568809,31.000808300920404,0.6232726187960889,27.715417227965943,14.02653248958344,28.478041159650587,CRUISE,HEALTHY,False,0.0,1.0,OK,42,91.69,3600.0,2.380398,1.496268,-1.005819,0.282124,12.514547,0.018687
2026-01-01T00:07:14Z,AE300_CLASS-SIM-01,AE300_CLASS,LONG_ENDURANCE_LOITER,3528.8155738112832,-7.668092467638609,1675.3404633219632,0.5676909150074639,72.87708766989455,753.860664041665,80.55757947383914,46.51218393813306,30.95154979119906,0.5424708394862179,27.723052705772524,14.32849931772603,28.67443752270839,CRUISE,HEALTHY,False,0.0,1.0,OK,42,91.64,3600.0,-1.530257,-1.651771,-0.639856,0.194541,10.706452,-0.062134
2026-01-01T00:07:15Z,AE300_CLASS-SIM-01,AE300_CLASS,LONG_ENDURANCE_LOITER,3527.771520051327,-8.224667146044922,1664.9914245876698,0.5716056790391697,75.05042115119089,757.2667035438568,81.38113342569993,46.24543536747615,30.94130377349158,0.6518582161603332,27.688091090477823,14.241579627662974,28.728147523550323,CRUISE,HEALTHY,False,0.0,1.0,OK,42,91.6,3600.0,0.618011,1.496766,0.168224,0.042218,-0.2053,0.045913
2026-01-01T00:07:16Z,AE300_CLASS-SIM-01,AE300_CLASS,LONG_ENDURANCE_LOITER,3527.312689908109,-7.8554064338007406,1663.3145426516962,0.5722874453171359,74.85238068688763,755.3313073439992,81.12036664270842,46.03373687339947,30.821571547797667,0.6239316005939824,27.70111633352078,14.399335476680722,28.675766462132483,CRUISE,HEALTHY,False,0.0,1.0,OK,42,91.63,3600.0,-0.075517,-0.987258,-0.110829,-0.108811,-2.547134,0.017534
2026-01-01T00:07:17Z,AE300_CLASS-SIM-01,AE300_CLASS,LONG_ENDURANCE_LOITER,3531.378428973568,-7.99244019015724,1660.959223584567,0.5694520240997086,72.54614955472702,760.4501605615696,81.88181758054397,46.97179195737936,30.862742137977207,0.6881429174531327,27.677729142238924,14.061860106730808,28.970485697085817,CRUISE,HEALTHY,False,0.0,1.0,OK,42,91.54,3600.0,-1.857629,4.849097,0.664303,0.033569,-4.404955,0.082731
2026-01-01T00:07:18Z,AE300_CLASS-SIM-01,AE300_CLASS,LONG_ENDURANCE_LOITER,3529.7762446646,-7.606955741308023,1668.7099159609745,0.5705695747644789,73.9895028539654,750.9636929679127,81.1362755560526,47.42958789073203,30.948625672261368,0.6074842881702336,27.65194398022795,14.208763431255854,28.906230751354727,CRUISE,HEALTHY,False,0.0,1.0,OK,42,91.55,3600.0,-0.943487,-5.239396,-0.08171,0.081699,3.328608,0.001754
2026-01-01T00:07:19Z,AE300_CLASS-SIM-01,AE300_CLASS,LONG_ENDURANCE_LOITER,3529.686482925109,-7.913752350817623,1661.274027864288,0.5730222424161028,70.69797401023564,757.1837318266164,82.41509500594964,45.170096816846026,30.894401917217152,0.6061489950320685,27.67318149578979,14.44974768295424,28.824588231296616,CRUISE,HEALTHY,False,0.0,1.0,OK,42,91.61,3600.0,-4.324524,0.73996,1.173598,-0.068091,-4.962232,-0.000621
2026-01-01T00:07:20Z,AE300_CLASS-SIM-01,AE300_CLASS,LONG_ENDURANCE_LOITER,3529.52137985175,-7.820813156228648,1666.853859938912,0.5775718501897682,74.95080290916498,756.6350370718883,80.4855460145158,45.98581728627073,30.973915515144864,0.5463439986546207,27.60532597284203,14.146664150439287,28.958744161845125,CRUISE,HEALTHY,False,0.0,1.0,OK,42,91.6,3600.0,-0.932105,-0.961832,-0.816768,-0.173636,-1.593922,-0.0626
2026-01-01T00:07:21Z,AE300_CLASS-SIM-01,AE300_CLASS,LONG_ENDURANCE_LOITER,3529.6090263884985,-7.992464144939405,1653.6110651889496,0.572040871881768,75.59831170650136,751.0758813295386,81.762602822625,47.09413195520172,30.96920088766924,0.6326327590067624,27.717719020719198,14.291320092132633,28.88281526354205,CRUISE,HEALTHY,False,0.0,1.0,OK,42,91.59,3600.0,0.698373,-5.229612,0.466257,0.017108,-14.619683,0.025371
2026-01-01T00:07:22Z,AE300_CLASS-SIM-01,AE300_CLASS,LONG_ENDURANCE_LOITER,3527.069843144294,-8.168845783730095,1661.3523034690427,0.5708009657172609,75.2278347835962,756.9503278635545,81.75156748134042,47.41505691325776,30.845108208641637,0.6170446334001392,27.657601904101043,14.076764238978459,28.80022507327934,CRUISE,HEALTHY,False,0.0,1.0,OK,42,91.65,3600.0,0.742152,1.120015,0.470933,-0.054752,-6.307134,0.010379
2026-01-01T00:07:23Z,AE300_CLASS-SIM-01,AE300_CLASS,LONG_ENDURANCE_LOITER,3524.9374369357975,-7.583641676882329,1670.3530997688308,0.5697934419340216,77.2134407323028,755.0449006412376,81.30531029686644,46.02033674111638,30.992760516553524,0.6015189808577137,27.697437984773188,14.492507738858576,28.8391392621584,CRUISE,HEALTHY,False,0.0,1.0,OK,42,91.77,3600.0,2.351271,-1.107212,0.045684,0.138943,3.457607,-0.004546
2026-01-01T00:07:24Z,AE300_CLASS-SIM-01,AE300_CLASS,LONG_ENDURANCE_LOITER,3530.2215082053294,-7.780411051116076,1684.0415041290994,0.5715439118066897,74.84425198087746,756.4719542134168,81.83217661725955,45.92062018361477,30.87313195103814,0.5369929497442396,27.644047362062174,13.974168049092638,28.742389793059107,CRUISE,HEALTHY,False,0.0,1.0,OK,42,91.79,3600.0,-0.135683,0.143548,0.573087,-0.045962,17.165523,-0.069602
2026-01-01T00:07:25Z,AE300_CLASS-SIM-01,AE300_CLASS,LONG_ENDURANCE_LOITER,3533.209180544211,-7.868212190372326,1659.771456687143,0.5693773723626051,76.4642415199802,759.1251995927346,81.25195763170886,46.04934736270291,30.953517280224748,0.5614127571854829,27.707026749404687,14.809440918586473,28.78099571614634,CRUISE,HEALTHY,False,0.0,1.0,OK,42,91.78,3600.0,1.889361,3.356278,0.014322,0.116675,-6.324384,-0.044273
2026-01-01T00:07:26Z,AE300_CLASS-SIM-01,AE300_CLASS,LONG_ENDURANCE_LOITER,3529.6446665891885,-7.888697219851792,1662.7498321999794,0.5679693440700689,75.57301998091472,759.077120952012,81.09618906147723,46.10040439356774,30.824517999225957,0.5992999769197495,27.66879425617049,13.822468801169983,29.033429733020316,CRUISE,HEALTHY,False,0.0,1.0,OK,42,91.83,3600.0,1.315985,3.69783,-0.112589,0.052218,-2.296639,-0.00555
2026-01-01T00:07:27Z,AE300_CLASS-SIM-01,AE300_CLASS,LONG_ENDURANCE_LOITER,3531.76034528573,-7.866034673189534,1672.1075794294113,0.5722238906153377,74.10923567067523,756.6868277653094,81.11184029937203,46.78931167148641,30.898904295612176,0.5887619738739833,27.638060501665954,14.167785324559826,28.718376052952102,CRUISE,HEALTHY,False,0.0,1.0,OK,42,91.93,3600.0,-0.842843,0.382123,-0.114702,-0.031044,6.415121,-0.017579
2026-01-01T00:07:28Z,AE300_CLASS-SIM-01,AE300_CLASS,LONG_ENDURANCE_LOITER,3528.4775729415683,-7.8773860882020434,1672.5650686854988,0.5756627735564784,74.12232786751929,754.3917846777908,80.73047156854682,46.58952887756297,30.886733160201697,0.5694079628387828,27.684178715488443,13.528450322099989,28.88738507897186,CRUISE,HEALTHY,False,0.0,1.0,OK,42,91.99,3600.0,-1.361935,-2.688939,-0.542685,-0.180564,5.177548,-0.038565
2026-01-01T00:07:29Z,AE300_CLASS-SIM-01,AE300_CLASS,LONG_ENDURANCE_LOITER,3530.409637676148,-7.960375220388712,1655.7047136426818,0.5693655958313799,74.25202268404969,755.8450629604052,81.4423977407587,47.63096533222862,30.91474826000142,0.649148320256159,27.74896353644241,14.291098415708323,28.742334601138317,CRUISE,HEALTHY,False,0.0,1.0,OK,42,92.01,3600.0,-0.216204,0.156182,0.19361,0.075871,-10.796663,0.043326
2026-01-01T00:07:30Z,AE300_CLASS-SIM-01,AE300_CLASS,LONG_ENDURANCE_LOITER,3533.3318496775646,-7.7958667889239335,1670.1154243884826,0.5675452902604732,73.50620009571287,755.0835869610116,81.57415470620596,46.38517770812487,30.935189562664355,0.664971187637385,27.739029653158152,14.479984464049107,28.59170373147705,CRUISE,HEALTHY,False,0.0,1.0,OK,42,91.98,3600.0,-0.832105,-0.330471,0.361652,0.172919,4.933511,0.060168
2026-01-01T00:07:31Z,AE300_CLASS-SIM-01,AE300_CLASS,LONG_ENDURANCE_LOITER,3532.7946603198907,-8.049588952102908,1653.9158973730819,0.5698038456146761,76.30686401055765,757.11975897767,82.12814666376906,46.54954066609434,31.01003775825141,0.6137086236402425,27.69190550971385,13.732641726131542,28.91324938792463,CRUISE,HEALTHY,False,0.0,1.0,OK,42,92.0,3600.0,1.912835,1.526737,0.92181,0.172251,-11.041795,0.008345
2026-01-01T00:07:32Z,AE300_CLASS-SIM-01,AE300_CLASS,LONG_ENDURANCE_LOITER,3531.5700446298215,-8.057158156012319,1674.3118760476673,0.5726194756406222,76.04098094258127,754.7920508476715,81.19400056839919,46.34359374831882,30.906313139412624,0.6755652133409122,27.705675624622494,14.707062750248326,28.880656322300474,CRUISE,HEALTHY,False,0.0,1.0,OK,42,91.95,3600.0,1.221553,-1.404333,-0.034457,-0.038084,8.549793,0.069084
2026-01-01T00:07:33Z,AE300_CLASS-SIM-01,AE300_CLASS,LONG_ENDURANCE_LOITER,3532.2235584845857,-7.837435713323077,1677.168746699815,0.5742238506939553,76.09688167267613,755.8545809436065,81.11623506626832,46.87970592662373,30.95599328098435,0.6251090541434785,27.709074502926367,14.128151667380218,28.696305705925347,CRUISE,HEALTHY,False,0.0,1.0,OK,42,91.95,3600.0,0.76008,-0.964308,-0.144031,-0.058733,10.249964,0.017711
2026-01-01T00:07:34Z,AE300_CLASS-SIM-01,AE300_CLASS,LONG_ENDURANCE_LOITER,3532.585081068317,-7.943069940597008,1677.1377696087836,0.5696720875944535,74.6069279324628,753.3361432512221,81.5330383948783,47.5473027960235,30.949217751882152,0.6146754932585965,27.713810866110006,14.064804315169587,28.824104396008213,CRUISE,HEALTHY,False,0.0,1.0,OK,42,92.01,3600.0,0.064716,-2.423233,0.291601,0.100992,10.903686,0.008855
2026-01-01T00:07:35Z,AE300_CLASS-SIM-01,AE300_CLASS,LONG_ENDURANCE_LOITER,3533.5517558095567,-7.956285594437528,1665.9592526059578,0.5709796021425448,74.14074392721604,755.0567196862013,81.9756747670527,48.68517055203367,30.775679241231643,0.5487825370719789,27.652494049483856,14.07802020231676,28.87868092245289,CRUISE,HEALTHY,False,0.0,1.0,OK,42,91.98,3600.0,-0.585022,-0.949563,0.736414,-0.117982,-0.195684,-0.057391
2026-01-01T00:07:36Z,AE300_CLASS-SIM-01,AE300_CLASS,LONG_ENDURANCE_LOITER,3534.220212746406,-7.940861996149595,1668.5814349522327,0.5686158276867432,74.19039289769671,755.6559577488961,80.49127201590467,45.389673973342546,30.77684097864972,0.6397782685742797,27.700537829446528,14.290462616111157,28.467777872079235,CRUISE,HEALTHY,False,0.0,1.0,OK,42,91.96,3600.0,-0.173056,0.162551,-0.723905,-0.024618,3.302266,0.034623
2026-01-01T00:07:37Z,AE300_CLASS-SIM-01,AE300_CLASS,LONG_ENDURANCE_LOITER,3531.360508556781,-7.868825764769604,1645.3121102339057,0.5723735011394421,72.12205117264392,758.0501017387418,80.8011138563125,47.26393909324817,31.03281858850928,0.5030350680105095,27.718482187415574,13.56283318550511,28.807153756643352,CRUISE,HEALTHY,False,0.0,1.0,OK,42,91.78,3600.0,-2.855671,1.704382,-0.431785,0.095235,-20.611498,-0.103437
2026-01-01T00:07:38Z,AE300_CLASS-SIM-01,AE300_CLASS,LONG_ENDURANCE_LOITER,3533.528225593056,-7.9504821465802165,1658.2649076317775,0.5714095670674778,72.59410977796486,759.1418357111528,81.0136219300925,45.175668489843225,30.9322194415893,0.6022323104646858,27.766916011406376,14.469826796085785,28.62282888336246,CRUISE,HEALTHY,False,0.0,1.0,OK,42,91.69,3600.0,-2.195058,3.05009,-0.22321,0.024653,-7.801699,-0.00403
2026-01-01T00:07:39Z,AE300_CLASS-SIM-01,AE300_CLASS,LONG_ENDURANCE_LOITER,3533.963424389504,-7.9534352181413706,1675.214750044889,0.5706477626994615,74.69076743277496,755.082105641532,81.17184159410247,47.472444721918016,30.8329401589194,0.5874225267253507,27.667973758141706,13.935428583044482,28.531648683452072,CRUISE,HEALTHY,False,0.0,1.0,OK,42,91.67,3600.0,0.017471,-0.846048,-0.060705,-0.046597,9.303966,-0.018562
2026-01-01T00:07:40Z,AE300_CLASS-SIM-01,AE300_CLASS,LONG_ENDURANCE_LOITER,3533.2178713809444,-7.748469281884772,1662.968351138256,0.5711057930340819,71.22381616008808,757.2095590375752,81.1187912969952,45.94990448427553,30.839770348169104,0.5828199472222768,27.605542521238245,14.376370897626147,28.777828083846906,CRUISE,HEALTHY,False,0.0,1.0,OK,42,91.67,3600.0,-3.714186,0.985529,-0.114971,-0.055615,-2.986643,-0.02331
2026-01-01T00:07:41Z,AE300_CLASS-SIM-01,AE300_CLASS,LONG_ENDURANCE_LOITER,3534.125045913838,-8.119801543184604,1654.0094639049942,0.5700689975353482,76.52828603971399,756.1636741711075,80.5659651064962,46.546065872113864,30.821907393012353,0.6439487321444324,27.71471031948772,13.2020883552772,28.822574170103046,CRUISE,HEALTHY,False,0.0,1.0,OK,42,91.65,3600.0,2.117357,0.536056,-0.658757,-0.034213,-11.616808,0.03824
2026-01-01T00:07:42Z,AE300_CLASS-SIM-01,AE300_CLASS,LONG_ENDURANCE_LOITER,3533.3432657342287,-8.189774462732457,1662.8630754388512,0.5703673967635146,72.28247150622833,757.5441444444597,81.52851818745454,46.390235597748806,30.769246080129356,0.5609294497269176,27.731421753101834,13.642607123934093,28.899870821363436,CRUISE,HEALTHY,False,0.0,1.0,OK,42,91.62,3600.0,-2.085474,1.940326,0.307692,-0.094912,-2.621521,-0.044805
2026-01-01T00:07:43Z,AE300_CLASS-SIM-01,AE300_CLASS,LONG_ENDURANCE_LOITER,3534.8532113623146,-7.992531740602994,1652.1097004054357,0.5691762637094397,75.19770192878048,751.8059064478889,81.40620978470487,46.421556385806674,30.778873995482822,0.6433964453688041,27.602237673616738,14.198117182996445,28.982527961760788,CRUISE,HEALTHY,False,0.0,1.0,OK,42,91.59,3600.0,0.813309,-3.728657,0.199887,-0.038807,-12.847505,0.038201
2026-01-01T00:07:44Z,AE300_CLASS-SIM-01,AE300_CLASS,LONG_ENDURANCE_LOITER,3537.513450062186,-7.921326971717201,1661.8384761803516,0.5681223342808441,73.99085203450298,757.0470409819364,80.8153719319081,46.98529725859522,30.941685104938145,0.6020861130739834,27.636495629871646,13.688828777067336,28.85550997962299,CRUISE,HEALTHY,False,0.0,1.0,OK,42,91.65,3600.0,-0.304719,1.692223,-0.369447,0.167734,-2.336765,-0.002519
2026-01-01T00:07:45Z,AE300_CLASS-SIM-01,AE300_CLASS,LONG_ENDURANCE_LOITER,3535.5164413376197,-7.849914759529785,1660.0987313771016,0.5709794289132615,74.16348200002649,753.4498971034727,80.9949903903724,45.319582703967264,30.9292534960949,0.6004683848392119,27.715995464267184,13.929330917769112,28.580648455392748,CRUISE,HEALTHY,False,0.0,1.0,OK,42,91.76,3600.0,-0.613355,-2.563961,-0.200836,0.052781,-4.476786,-0.005103
2026-01-01T00:07:46Z,AE300_CLASS-SIM-01,AE300_CLASS,LONG_ENDURANCE_LOITER,3535.507765092209,-7.817901928073927,1660.0729803273243,0.5675013602969654,74.55599035250404,756.8747012877305,81.91152950482952,46.63335950555702,30.84472823919227,0.637107665521839,27.644037765249287,13.79953170721745,28.57526569007911,CRUISE,HEALTHY,False,0.0,1.0,OK,42,91.86,3600.0,0.294387,1.582864,0.740135,0.099883,-3.6141,0.032883
2026-01-01T00:07:47Z,AE300_CLASS-SIM-01,AE300_CLASS,LONG_ENDURANCE_LOITER,3534.112892477574,-7.86540324099166,1665.6323874925345,0.5693256587928496,70.9679718245624,761.2093045339274,80.76663361153034,48.07230588865467,30.7153312527215,0.5681169467527591,27.601987886122654,14.195308705909651,28.57207413823506,CRUISE,HEALTHY,False,0.0,1.0,OK,42,91.89,3600.0,-3.491695,5.6106,-0.403682,-0.091333,1.984562,-0.036609
2026-01-01T00:07:48Z,AE300_CLASS-SIM-01,AE300_CLASS,LONG_ENDURANCE_LOITER,3534.754136132489,-8.192240768939794,1668.9274585116448,0.5705138363940442,76.67876436326308,753.5105238916043,81.26433297646425,45.227924287706756,30.778380770457883,0.5812616844336731,27.708623341709025,14.389917853842084,28.885335215824583,CRUISE,HEALTHY,False,0.0,1.0,OK,42,91.93,3600.0,2.348102,-2.026647,0.083764,-0.074615,4.906764,-0.023956
2026-01-01T00:07:49Z,AE300_CLASS-SIM-01,AE300_CLASS,LONG_ENDURANCE_LOITER,3535.351943207835,-7.838234864811598,1663.0613155720673,0.5683659577233574,73.38667293285158,753.8392170839548,81.94671379791342,46.580753189924984,30.805157500116195,0.592743345156676,27.78782797094258,14.4744547713623,28.627928468829246,CRUISE,HEALTHY,False,0.0,1.0,OK,42,92.01,3600.0,-0.971696,-1.595436,0.77873,0.031837,-0.501745,-0.011681
2026-01-01T00:07:50Z,AE300_CLASS-SIM-01,AE300_CLASS,LONG_ENDURANCE_LOITER,3536.45826428663,-8.0217831461521,1664.2749560768275,0.5675369419541311,74.86281745758811,759.4494207321868,80.56834828724148,45.3561247826842,30.761889260576577,0.5848233894613344,27.769870945640406,14.38160491748724,28.877148735721885,CRUISE,HEALTHY,False,0.0,1.0,OK,42,92.1,3600.0,0.826558,4.401886,-0.582028,0.024073,1.35218,-0.019121
2026-01-01T00:07:51Z,AE300_CLASS-SIM-01,AE300_CLASS,LONG_ENDURANCE_LOITER,3536.724663580942,-8.034234889805898,1652.9758572671394,0.570427116819732,74.91534562568313,758.9609050146421,81.0614159959859,46.19013331088534,30.79727979742195,0.6445493220550349,27.631067171021805,14.300049732342075,28.731838668438947,CRUISE,HEALTHY,False,0.0,1.0,OK,42,92.15,3600.0,0.445608,3.314424,-0.102778,-0.047272,-10.449393,0.039576
2026-01-01T00:07:52Z,AE300_CLASS-SIM-01,AE300_CLASS,LONG_ENDURANCE_LOITER,3535.785781471807,-8.3056201558274,1662.066424352552,0.5716833047544269,76.43868391918757,756.3317059912479,82.03600040796077,46.269742315577766,30.840473877807863,0.5840432882629825,27.66923532867906,13.87412111183822,28.42524630356237,CRUISE,HEALTHY,False,0.0,1.0,OK,42,92.22,3600.0,2.028955,0.654559,0.849266,-0.056778,-2.178466,-0.021605
2026-01-01T00:07:53Z,AE300_CLASS-SIM-01,AE300_CLASS,LONG_ENDURANCE_LOITER,3539.556901016183,-8.090815572941409,1657.2956162871076,0.5663521778488959,73.98054634876277,760.2509730555358,82.09210689586857,44.89010258985443,30.75820769114022,0.5577373313314838,27.729296279333173,14.161493079697204,28.638252912395377,CRUISE,HEALTHY,False,0.0,1.0,OK,42,92.22,3600.0,0.144109,5.487982,0.939282,0.057922,-5.716186,-0.045919
2026-01-01T00:07:54Z,AE300_CLASS-SIM-01,AE300_CLASS,LONG_ENDURANCE_LOITER,3537.9876474996745,-8.067824914423277,1674.089360053137,0.5697302826663957,75.10160437819776,747.8223694088476,81.11666012282113,48.0681664694278,30.8552415284805,0.5210991579564337,27.677169224901185,13.713200558245507,28.989816234433086,CRUISE,HEALTHY,False,0.0,1.0,OK,42,92.08,3600.0,0.760381,-7.645257,-0.042566,0.036011,10.844788,-0.083611
2026-01-01T00:07:55Z,AE300_CLASS-SIM-01,AE300_CLASS,LONG_ENDURANCE_LOITER,3538.4977305547272,-8.11302286931325,1662.9126948817773,0.5633458750024691,72.80500510223557,755.3683263178046,81.52407762092128,44.642918369934975,30.74900398638711,0.6495888115084053,27.631591614846908,14.14055284485465,28.7424598877256,CRUISE,HEALTHY,False,0.0,1.0,OK,42,91.93,3600.0,-0.474685,1.351881,0.420292,0.175193,1.684125,0.047494
2026-01-01T00:07:56Z,AE300_CLASS-SIM-01,AE300_CLASS,LONG_ENDURANCE_LOITER,3540.955408864373,-8.034015378461694,1661.3563392101403,0.5701947679911779,72.47582294502995,754.6243582220858,80.93525618858783,46.1705590265374,30.81897751955087,0.629024989670877,27.659645946183467,14.110949565682724,28.95554268926034,CRUISE,HEALTHY,False,0.0,1.0,OK,42,91.85,3600.0,-1.940818,-0.900387,-0.190473,-0.004408,-0.67017,0.024635
2026-01-01T00:07:57Z,AE300_CLASS-SIM-01,AE300_CLASS,LONG_ENDURANCE_LOITER,3537.3893150881677,-7.979361346576811,1661.0893750191995,0.5682830808774173,72.06484327244313,759.1695162842313,80.78868288793898,47.156394393673,30.72699067108846,0.5758747886887465,27.738061660335443,14.36624720984069,28.7626890898797,CRUISE,HEALTHY,False,0.0,1.0,OK,42,91.79,3600.0,-2.087204,3.9891,-0.336426,-0.026644,-0.914578,-0.027934
2026-01-01T00:07:58Z,AE300_CLASS-SIM-01,AE300_CLASS,LONG_ENDURANCE_LOITER,3540.030614713598,-8.046060694816237,1662.2668849599067,0.5670100845484057,75.34460513450533,753.254373833415,81.80227045995535,46.011373766210355,30.76170422356632,0.6381000397499788,27.690434800046024,13.976851572452773,28.726298468757744,CRUISE,HEALTHY,False,0.0,1.0,OK,42,91.75,3600.0,1.435762,-1.586063,0.690174,0.055699,0.736122,0.034824
2026-01-01T00:07:59Z,AE300_CLASS-SIM-01,AE300_CLASS,LONG_ENDURANCE_LOITER,3540.4821416717505,-8.103847025239697,1661.3257601362952,0.5682781492122507,75.27790452488898,754.8929167591734,81.94449362017039,46.142375030182464,30.742413440772328,0.5961956197586609,27.6367580600231,13.753348464460823,28.650614756365897,CRUISE,HEALTHY,False,0.0,1.0,OK,42,91.79,3600.0,1.234735,-0.1492,0.830423,-0.008899,-0.276806,-0.007476
2026-01-01T00:08:00Z,AE300_CLASS-SIM-01,AE300_CLASS,LONG_ENDURANCE_LOITER,3541.0976841672145,-8.011029514964905,1658.7008729302022,0.5706348876730313,76.15509766505745,758.6641091186942,80.74367751332575,45.85007191228183,30.861699679845568,0.614678143396678,27.6786621296339,14.27801357242746,28.880722476831835,CRUISE,HEALTHY,False,0.0,1.0,OK,42,91.88,3600.0,1.628607,2.998374,-0.393989,0.01771,-3.759711,0.009992
2026-01-01T00:08:01Z,AE300_CLASS-SIM-01,AE300_CLASS,LONG_ENDURANCE_LOITER,3538.789290290072,-7.974786026409028,1668.4632680493055,0.5657854863141409,74.13924065991851,752.0053033985646,80.68176583441455,45.787998983809665,30.77770405164969,0.5892706366073178,27.663373983380637,14.0761184323359,28.55699605739289,CRUISE,HEALTHY,False,0.0,1.0,OK,42,92.0,3600.0,0.353707,-2.652493,-0.428579,0.116059,6.996175,-0.01362
2026-01-01T00:08:02Z,AE300_CLASS-SIM-01,AE300_CLASS,LONG_ENDURANCE_LOITER,3540.5421947257405,-7.839635420049685,1661.3068868220485,0.5676250050437026,74.59328874885041,749.4224380301534,81.36275402096558,48.89883817199381,30.737917977061922,0.5983358316321407,27.718998485622265,14.552394956859143,28.874698516205875,CRUISE,HEALTHY,False,0.0,1.0,OK,42,92.13,3600.0,0.39309,-5.735575,0.256185,0.012495,-0.022909,-0.005042
2026-01-01T00:08:03Z,AE300_CLASS-SIM-01,AE300_CLASS,LONG_ENDURANCE_LOITER,3536.9181048336395,-7.926475022835434,1679.7487959066746,0.5691994275480644,72.59145907832713,755.8678351038557,80.54168607137106,47.305719930706665,30.68412757320211,0.6069722305776886,27.654886503866752,13.893004045928542,28.95078883233066,CRUISE,HEALTHY,False,0.0,1.0,OK,42,92.29,3600.0,-1.72991,0.46872,-0.577598,-0.098438,17.956631,0.002985
2026-01-01T00:08:04Z,AE300_CLASS-SIM-01,AE300_CLASS,LONG_ENDURANCE_LOITER,3540.559226151381,-8.09650663368512,1653.612661111569,0.564135384905989,72.45040256948181,755.3687595609622,81.55590976088904,45.777139938078605,30.83191542988647,0.5712785624971254,27.67962073444859,13.7312089675975,28.8758934145503,CRUISE,HEALTHY,False,0.0,1.0,OK,42,92.41,3600.0,-0.94216,1.226406,0.475452,0.238949,-6.76762,-0.030728
2026-01-01T00:08:05Z,AE300_CLASS-SIM-01,AE300_CLASS,LONG_ENDURANCE_LOITER,3543.802831577633,-8.278540220908106,1659.0900966818356,0.5703325899971303,72.18066459432572,756.6185519307097,81.66127634705609,46.3155354562458,30.766901190665294,0.6827415089675081,27.76702176603437,14.034635553987343,28.646835418886255,CRUISE,HEALTHY,False,0.0,1.0,OK,42,92.4,3600.0,-2.014105,1.339769,0.55256,-0.056316,-2.317786,0.078534
2026-01-01T00:08:06Z,AE300_CLASS-SIM-01,AE300_CLASS,LONG_ENDURANCE_LOITER,3539.5291207424802,-7.869364468344783,1651.794778748889,0.5672221246512903,74.17981740524039,753.599995038695,81.23434232972782,48.4244798782115,30.722792390761143,0.5838424740652713,27.72964147844129,14.123244759014337,28.942005426881114,CRUISE,HEALTHY,False,0.0,1.0,OK,42,92.42,3600.0,0.088064,-1.431412,0.132603,0.01431,-9.359383,-0.019345
2026-01-01T00:08:07Z,AE300_CLASS-SIM-01,AE300_CLASS,LONG_ENDURANCE_LOITER,3541.408647591346,-8.05481398624616,1648.7951121644908,0.5644120457638917,71.64453988803395,756.0471185998705,80.49222035954135,47.3074872398994,30.728106307055267,0.5923821472608808,27.65521750514265,14.236191451779433,28.60484337618835,CRUISE,HEALTHY,False,0.0,1.0,OK,42,92.46,3600.0,-1.820077,1.830879,-0.57734,0.129496,-11.188889,-0.009556
2026-01-01T00:08:08Z,AE300_CLASS-SIM-01,AE300_CLASS,LONG_ENDURANCE_LOITER,3539.9360744080363,-7.840939431101116,1663.647515470819,0.567105898719261,74.84943910016752,754.9865468158076,81.2743980197016,45.541529002699484,30.846718943890902,0.577222497009037,27.751155865002712,13.990997547670123,28.845995627390053,CRUISE,HEALTHY,False,0.0,1.0,OK,42,92.5,3600.0,0.796808,0.024393,0.203596,0.155276,3.618365,-0.025499
2026-01-01T00:08:09Z,AE300_CLASS-SIM-01,AE300_CLASS,LONG_ENDURANCE_LOITER,3542.768001915206,-7.848805570060826,1655.1647845959353,0.5696512708025577,76.40057661252429,754.2137676429052,81.11446937023126,45.786523626802136,30.697912673629364,0.6802542640533462,27.648689335742453,13.763167144685461,28.965979234427643,CRUISE,HEALTHY,False,0.0,1.0,OK,42,92.44,3600.0,1.911155,-1.320596,0.019303,-0.094873,-5.75036,0.07644
2026-01-01T00:08:10Z,AE300_CLASS-SIM-01,AE300_CLASS,LONG_ENDURANCE_LOITER,3542.856014558024,-7.704419210118368,1657.7800655183785,0.5676768046987175,73.12595391772898,755.3159234475485,80.29731772575894,46.809268504879476,30.734311422387524,0.6005851264500862,27.67318764975564,13.77552139740633,28.832914087695425,CRUISE,HEALTHY,False,0.0,1.0,OK,42,92.47,3600.0,-1.223282,0.030044,-0.797733,0.010104,-3.130878,-0.00266
2026-01-01T00:08:11Z,AE300_CLASS-SIM-01,AE300_CLASS,LONG_ENDURANCE_LOITER,3540.415082193162,-7.947331774808774,1675.3382834202203,0.5703195278257734,72.01279730948674,753.3883875737993,81.28212373380515,46.16292165626126,30.627143070113306,0.6204491578496252,27.68834505397593,14.61639023215152,28.685185925424044,CRUISE,HEALTHY,False,0.0,1.0,OK,42,92.51,3600.0,-2.49257,-2.232047,0.161746,-0.197799,13.506376,0.016102
2026-01-01T00:08:12Z,AE300_CLASS-SIM-01,AE300_CLASS,LONG_ENDURANCE_LOITER,3544.1762475022324,-8.21582083622707,1653.5050484809274,0.5687160511923463,75.36294389217387,752.1871302540571,81.10011545598834,45.04392344447486,30.696438966680407,0.6407063247711124,27.671290897945052,13.965527427299143,28.553114023999303,CRUISE,HEALTHY,False,0.0,1.0,OK,42,92.52,3600.0,1.307801,-2.871493,-0.023624,-0.077408,-8.449127,0.03675
2026-01-01T00:08:13Z,AE300_CLASS-SIM-01,AE300_CLASS,LONG_ENDURANCE_LOITER,3541.7042300563303,-7.763682352466836,1661.095579954061,0.5651923541636684,73.52952113708218,750.3716100689892,80.62971854561803,47.37015926068268,30.6949682610617,0.6880625223395788,27.6848188335895,14.02758967327573,28.818130583452746,CRUISE,HEALTHY,False,0.0,1.0,OK,42,92.4,3600.0,-0.385314,-4.351505,-0.463859,0.058688,0.238221,0.08556
2026-01-01T00:08:14Z,AE300_CLASS-SIM-01,AE300_CLASS,LONG_ENDURANCE_LOITER,3538.9204115559637,-7.998299505492365,1660.1261946775767,0.5700932899082425,75.17743923121128,751.6466499868054,81.64186263096751,45.9865081599712,30.64545537043243,0.6117841813133612,27.680465483210526,14.498068532912338,28.772502912873275,CRUISE,HEALTHY,False,0.0,1.0,OK,42,92.37,3600.0,0.778596,-3.863416,0.524433,-0.169074,-1.598535,0.007553
2026-01-01T00:08:15Z,AE300_CLASS-SIM-01,AE300_CLASS,LONG_ENDURANCE_LOITER,3543.490306563147,-7.895584755753499,1668.003198038674,0.5686126647340491,75.75329043257877,756.501878537473,81.1551533187077,47.25837706298585,30.690474460311137,0.6043455044807806,27.75738284552556,14.52125204716139,28.71959640948948,CRUISE,HEALTHY,False,0.0,1.0,OK,42,92.41,3600.0,1.406432,1.154448,0.034488,-0.077866,6.160833,0.000466
2026-01-01T00:08:16Z,AE300_CLASS-SIM-01,AE300_CLASS,LONG_ENDURANCE_LOITER,3542.754016068385,-7.8128472072919575,1665.8400240714473,0.5676008594780917,73.47418584615708,755.7029010535955,81.06675132111664,45.6359989362693,30.699876740359223,0.6147283751319934,27.673447478642306,14.303968598909867,28.913560834303002,CRUISE,HEALTHY,False,0.0,1.0,OK,42,92.5,3600.0,-0.788014,0.49483,-0.046983,-0.029672,4.249674,0.011243
2026-01-01T00:08:17Z,AE300_CLASS-SIM-01,AE300_CLASS,LONG_ENDURANCE_LOITER,3545.141715227352,-8.075401904246746,1665.4118471853044,0.5670498621888594,72.27078360118307,756.6343775217772,81.13908939647025,48.40080804081113,30.77577673159212,0.6347209375848778,27.698373614944877,14.080083865858478,28.569095782839536,CRUISE,HEALTHY,False,0.0,1.0,OK,42,92.55,3600.0,-1.657409,1.814463,0.036302,0.068085,4.219581,0.031533
2026-01-01T00:08:18Z,AE300_CLASS-SIM-01,AE300_CLASS,LONG_ENDURANCE_LOITER,3541.330913098594,-8.166489926968294,1659.671080854602,0.5626071032617638,73.1542685997752,754.0340051749381,80.97319830043091,45.62943329873982,30.6640562373089,0.6802292958445296,27.714836120815978,13.861023466728287,28.7088102660579,CRUISE,HEALTHY,False,0.0,1.0,OK,42,92.5,3600.0,0.091766,0.328564,-0.080156,0.135121,0.276369,0.079038
2026-01-01T00:08:19Z,AE300_CLASS-SIM-01,AE300_CLASS,LONG_ENDURANCE_LOITER,3544.149449188441,-8.152440789808496,1654.505194019196,0.5687634722830777,73.30080134793127,751.6387599666232,81.04753724761233,46.28781303033568,30.562391706322945,0.6007553861446786,27.723013022682025,14.162629239334256,29.052944965518442,CRUISE,HEALTHY,False,0.0,1.0,OK,42,92.54,3600.0,-0.733383,-3.367428,-0.025718,-0.191237,-5.613168,-0.002503
2026-01-01T00:08:20Z,AE300_CLASS-SIM-01,AE300_CLASS,LONG_ENDURANCE_LOITER,3546.3211086679125,-7.82154878517626,1679.3737148921457,0.5681829791902159,74.04314697061746,757.4069726314665,80.81210422184274,46.274644756632355,30.638097502020532,0.6204331816154889,27.66216097862774,13.819328811003205,28.779909979131116,CRUISE,HEALTHY,False,0.0,1.0,OK,42,92.6,3600.0,-0.28,2.152411,-0.27036,-0.101189,18.920467,0.017198
2026-01-01T00:08:21Z,AE300_CLASS-SIM-01,AE300_CLASS,LONG_ENDURANCE_LOITER,3544.4904025357987,-8.329658473387815,1649.468224924572,0.5642963761079862,72.66792743665326,755.8174768688797,81.15909337396053,47.084205755115555,30.71833677804172,0.6506944194431421,27.712516707736018,14.086458304357945,28.8822050564334,CRUISE,HEALTHY,False,0.0,1.0,OK,42,92.6,3600.0,-0.511672,1.925002,0.105897,0.128178,-9.920746,0.049
2026-01-01T00:08:22Z,AE300_CLASS-SIM-01,AE300_CLASS,LONG_ENDURANCE_LOITER,3546.3286141371054,-7.9857574120386206,1668.4386387383927,0.5618235750301447,73.42282455527612,753.777471755933,81.57608852503192,47.51001119744215,30.582365721743365,0.6658962247523059,27.641266571654363,13.67933730199652,28.68157277266474,CRUISE,HEALTHY,False,0.0,1.0,OK,42,92.51,3600.0,0.316961,0.136811,0.568817,0.096146,10.719676,0.065546
2026-01-01T00:08:23Z,AE300_CLASS-SIM-01,AE300_CLASS,LONG_ENDURANCE_LOITER,3544.7247104938215,-8.277575723270662,1663.974295960974,0.5677981987888471,75.15531707655572,753.3966054267418,81.03637940729188,46.14406977520954,30.766864332967092,0.47478760780850826,27.64979012524222,14.02151170588279,28.553293448698525,CRUISE,HEALTHY,False,0.0,1.0,OK,42,92.27,3600.0,1.458545,-1.18562,0.007365,0.065384,5.464669,-0.127575
2026-01-01T00:08:24Z,AE300_CLASS-SIM-01,AE300_CLASS,LONG_ENDURANCE_LOITER,3545.0670649186386,-8.06436587591003,1654.7053641246068,0.5664925742158418,74.5862939354055,753.9253313713441,80.8470644590833,46.02464035395258,30.661346855436946,0.5239491693089628,27.706473577115187,13.882696874918636,28.9047726240777,CRUISE,HEALTHY,False,0.0,1.0,OK,42,92.0,3600.0,0.853386,-0.622424,-0.186097,0.003093,-3.955066,-0.078098
2026-01-01T00:08:25Z,AE300_CLASS-SIM-01,AE300_CLASS,LONG_ENDURANCE_LOITER,3546.5936509205344,-7.871585998963009,1652.116159305187,0.565545105505504,72.13914126636242,752.588940876695,81.61126005221163,47.4255154425389,30.589113775539268,0.5815759870071837,27.684907115799273,14.191826940310703,28.450984225243726,CRUISE,HEALTHY,False,0.0,1.0,OK,42,91.81,3600.0,-1.656583,-1.955346,0.584188,-0.034926,-6.322834,-0.020123
2026-01-01T00:08:26Z,AE300_CLASS-SIM-01,AE300_CLASS,LONG_ENDURANCE_LOITER,3543.5550958373033,-7.97529345215651,1645.4339370891469,0.5653185263998435,73.9496946299458,755.703941598737,80.98085005147351,45.84586340700559,30.704885069038987,0.6149676867106563,27.662017801174184,14.025610334075926,28.771844543088516,CRUISE,HEALTHY,False,0.0,1.0,OK,42,91.72,3600.0,0.336699,1.337686,-0.040074,0.093907,-12.781495,0.013439
2026-01-01T00:08:27Z,AE300_CLASS-SIM-01,AE300_CLASS,LONG_ENDURANCE_LOITER,3548.7894770742982,-7.932430237635048,1667.46312850891,0.5649151488437644,73.04217603254166,753.8576153012417,80.97682614823673,45.29554381802111,30.726376186515928,0.6418191872762115,27.675614876060678,14.204955090348024,28.747217512054057,CRUISE,HEALTHY,False,0.0,1.0,OK,42,91.65,3600.0,-0.599177,-0.472202,-0.034563,0.129092,9.594441,0.040508
2026-01-01T00:08:28Z,AE300_CLASS-SIM-01,AE300_CLASS,LONG_ENDURANCE_LOITER,3547.544388436044,-8.253666270549047,1657.825628685724,0.5659445290047944,74.51898762518007,752.7336581729744,79.91327571961084,45.22852893164887,30.642966948485906,0.6048781028875627,27.755135440966683,14.185414471663762,28.72542565039889,CRUISE,HEALTHY,False,0.0,1.0,OK,42,91.66,3600.0,1.059858,-1.480367,-1.100821,0.009855,-0.141539,0.003241
2026-01-01T00:08:29Z,AE300_CLASS-SIM-01,AE300_CLASS,LONG_ENDURANCE_LOITER,3546.6685848019997,-7.888034108836162,1654.5985109490266,0.5657042809093673,72.2768569777409,758.4428263447762,81.21167983478927,45.54218779379167,30.635972492956476,0.624872551856867,27.677700286190163,13.848398210005598,28.61446854952425,CRUISE,HEALTHY,False,0.0,1.0,OK,42,91.69,3600.0,-1.502983,3.91506,0.197611,0.011944,-3.367612,0.02331
2026-01-01T00:08:30Z,AE300_CLASS-SIM-01,AE300_CLASS,LONG_ENDURANCE_LOITER,3547.4781398185587,-8.109011172184632,1655.4370101218958,0.5632369673989801,73.77846547493205,753.9390715089412,80.88712438540506,46.30814681789798,30.68393020252918,0.6334436741322477,27.7097817104608,13.93468738319302,28.62697336893528,CRUISE,HEALTHY,False,0.0,1.0,OK,42,91.74,3600.0,0.608238,0.176381,-0.103501,0.15486,-1.676633,0.032914
2026-01-01T00:08:31Z,AE300_CLASS-SIM-01,AE300_CLASS,LONG_ENDURANCE_LOITER,3545.6563487602384,-8.145917920545156,1658.6348973173162,0.5642607610900283,73.7870477511819,751.7198279455246,80.28123068285925,46.831296333160445,30.606795771476406,0.5641416794917103,27.643862213587024,14.13194854265926,28.917672815947824,CRUISE,HEALTHY,False,0.0,1.0,OK,42,91.77,3600.0,0.54103,-2.181672,-0.701597,0.047103,1.804813,-0.036561
2026-01-01T00:08:32Z,AE300_CLASS-SIM-01,AE300_CLASS,LONG_ENDURANCE_LOITER,3546.8701366832383,-8.090920364785244,1665.8828041516629,0.5621366843488592,76.2037440044209,761.2431987733067,79.80763609675304,46.047533014920916,30.588334712964876,0.589828435797294,27.670824226356725,14.246714976413134,28.693964736079984,CRUISE,HEALTHY,False,0.0,1.0,OK,42,91.83,3600.0,3.24173,7.767053,-1.148997,0.112461,10.005236,-0.009905
2026-01-01T00:08:33Z,AE300_CLASS-SIM-01,AE300_CLASS,LONG_ENDURANCE_LOITER,3546.3609119059724,-8.08605504692154,1661.8689077871438,0.5633143755262876,71.49135282476746,759.9560108292487,80.7332069926624,46.00927058938794,30.603815005452994,0.6263420893821338,27.758414757055736,14.1753171091708,28.482509035887883,CRUISE,HEALTHY,False,0.0,1.0,OK,42,91.87,3600.0,-1.623925,6.264989,-0.214723,0.091295,6.307828,0.026396
2026-01-01T00:08:34Z,AE300_CLASS-SIM-01,AE300_CLASS,LONG_ENDURANCE_LOITER,3545.9036128392854,-8.121713403167726,1656.2718248224655,0.5621621580669673,74.68124222200429,751.3112482619663,81.69109577648456,47.669168443449934,30.60899902001833,0.621366894336741,27.638168803327723,14.186589777512681,28.634948553393357,CRUISE,HEALTHY,False,0.0,1.0,OK,42,91.92,3600.0,1.803929,-2.070779,0.76055,0.144207,1.342885,0.021998
2026-01-01T00:08:35Z,AE300_CLASS-SIM-01,AE300_CLASS,LONG_ENDURANCE_LOITER,3546.6014702499406,-8.106910349248047,1654.7732624859111,0.5648799842242955,74.83532585840922,752.1307011787923,81.79668155987882,44.9909403934295,30.717031857790428,0.5558051359605076,27.687349696076847,13.85057818155745,28.65753174806316,CRUISE,HEALTHY,False,0.0,1.0,OK,42,91.91,3600.0,1.521586,-1.838644,0.853869,0.152278,-0.601751,-0.04452
2026-01-01T00:08:36Z,AE300_CLASS-SIM-01,AE300_CLASS,LONG_ENDURANCE_LOITER,3549.686884339382,-7.8401774955671915,1666.2512150396824,0.5646448327898618,73.82491728653181,752.1163627830582,80.56653476722869,45.138495894149194,30.590063759655283,0.6127153613791144,27.610861153243675,13.981881253954251,28.93590847235707,CRUISE,HEALTHY,False,0.0,1.0,OK,42,91.96,3600.0,0.230991,-2.103328,-0.38276,0.028083,10.640501,0.012348
2026-01-01T00:08:37Z,AE300_CLASS-SIM-01,AE300_CLASS,LONG_ENDURANCE_LOITER,3550.420240340985,-8.154570540771926,1648.0234775348863,0.5662984484917176,70.55737283854789,757.3912325219834,80.91342931119885,47.66506775567105,30.508912652866993,0.6427346877635212,27.68325694150476,13.894622767490935,28.502441861768876,CRUISE,HEALTHY,False,0.0,1.0,OK,42,91.95,3600.0,-3.005706,3.104077,-0.056228,-0.119749,-8.327714,0.041602
2026-01-01T00:08:38Z,AE300_CLASS-SIM-01,AE300_CLASS,LONG_ENDURANCE_LOITER,3549.8835208499663,-7.967013735717812,1670.1815305430634,0.5673191308287515,72.78261025640691,751.448607708596,80.39053384297074,47.356314231958905,30.56205285612622,0.6679634569870431,27.708223713043534,14.091059566671998,28.66130183553773,CRUISE,HEALTHY,False,0.0,1.0,OK,42,91.85,3600.0,-1.154354,-3.288595,-0.604329,-0.112416,12.91379,0.066187
2026-01-01T00:08:39Z,AE300_CLASS-SIM-01,AE300_CLASS,LONG_ENDURANCE_LOITER,3550.2334336119275,-8.072396372001274,1654.9851931529558,0.5666192823005691,73.35215561617989,752.0007092845061,81.27308841927133,46.04529702109084,30.634290952325223,0.5808644301198469,27.638799516741642,14.510761879247271,28.938737517902183,CRUISE,HEALTHY,False,0.0,1.0,OK,42,91.82,3600.0,-0.40488,-2.524555,0.265737,-0.021587,-2.736678,-0.020889
2026-01-01T00:08:40Z,AE300_CLASS-SIM-01,AE300_CLASS,LONG_ENDURANCE_LOITER,3550.8206269368425,-8.129888774523312,1655.3515128794788,0.5679161700433081,73.0639860374002,752.441515262495,81.84248341805558,46.05477032388695,30.707275217024435,0.5382955042353177,27.70783530284816,14.60971567157581,28.710622164846924,CRUISE,HEALTHY,False,0.0,1.0,OK,42,91.73,3600.0,-0.868561,-2.340178,0.813537,-0.00342,-3.155635,-0.064137
2026-01-01T00:08:41Z,AE300_CLASS-SIM-01,AE300_CLASS,LONG_ENDURANCE_LOITER,3549.351468009073,-8.248521373498349,1664.9141948053905,0.5635355014104761,73.38536024112003,750.7326930571891,81.69739188921329,47.072560626426295,30.595488265313108,0.5492214601935161,27.74848772920243,13.876762788013917,28.539792596880257,CRUISE,HEALTHY,False,0.0,1.0,OK,42,91.61,3600.0,0.265342,-2.992224,0.693024,0.048604,7.300806,-0.051598
2026-01-01T00:08:42Z,AE300_CLASS-SIM-01,AE300_CLASS,LONG_ENDURANCE_LOITER,3547.3568229812913,-8.171894769784066,1647.0393835336756,0.5637543583269544,74.46098955830821,753.1148080348729,81.15366290771426,45.47168564445868,30.597507454459947,0.6875337269751829,27.6730555448956,14.100022764711332,28.47015803173153,CRUISE,HEALTHY,False,0.0,1.0,OK,42,91.42,3600.0,1.284798,-0.681131,0.165508,0.051659,-9.984418,0.086891
2026-01-01T00:08:43Z,AE300_CLASS-SIM-01,AE300_CLASS,LONG_ENDURANCE_LOITER,3552.5326844361507,-8.148222408483143,1664.4596451420107,0.5646778818327246,74.27295876935369,756.0213941206496,80.78681436101756,47.01025280148224,30.544272486112064,0.6360352631766052,27.67133031812194,14.087713158273301,28.63510198134146,CRUISE,HEALTHY,False,0.0,1.0,OK,42,91.28,3600.0,0.888123,2.005805,-0.196676,-0.035935,7.605468,0.035161
2026-01-01T00:08:44Z,AE300_CLASS-SIM-01,AE300_CLASS,LONG_ENDURANCE_LOITER,3550.5800144671102,-8.239486883536593,1658.7228699209406,0.564936860518404,72.76035391907547,753.965113626087,81.04752621754885,45.553841294710274,30.578300638144245,0.5557134248366644,27.780711394406914,14.298733424946011,28.74477888637581,CRUISE,HEALTHY,False,0.0,1.0,OK,42,91.16,3600.0,-0.546671,0.000166,0.064745,-0.008943,1.894478,-0.045213
2026-01-01T00:08:45Z,AE300_CLASS-SIM-01,AE300_CLASS,LONG_ENDURANCE_LOITER,3552.515745148791,-8.37681211392681,1638.9702765328434,0.5639741451492275,71.65506865151373,753.4333308481176,81.07658144245394,46.85570980499043,30.513945195632154,0.6188816875630713,27.68740120462235,14.083402885985718,28.62526283974795,CRUISE,HEALTHY,False,0.0,1.0,OK,42,91.11,3600.0,-1.380224,-0.187465,0.103804,-0.037248,-17.494342,0.01836
2026-01-01T00:08:46Z,AE300_CLASS-SIM-01,AE300_CLASS,LONG_ENDURANCE_LOITER,3553.0848037198944,-8.097091953830118,1669.177376165814,0.5631161923896052,74.39752663331548,753.9053907326737,80.83336367903537,46.606438444393966,30.56050581520365,0.4810449166299289,27.564254437104957,14.359029220116335,28.887181285866074,CRUISE,HEALTHY,False,0.0,1.0,OK,42,90.92,3600.0,1.227981,0.211414,-0.12361,0.045351,13.287423,-0.119012
2026-01-01T00:08:47Z,AE300_CLASS-SIM-01,AE300_CLASS,LONG_ENDURANCE_LOITER,3554.0936376820105,-8.085836307949394,1647.593725124887,0.5637820444359101,73.43135256893615,751.2293933889988,81.71951826565723,47.96816100816243,30.60336856253238,0.600279543923785,27.634914029116473,14.439385432787118,28.713502446627597,CRUISE,HEALTHY,False,0.0,1.0,OK,42,90.84,3600.0,0.153386,-2.598102,0.768484,0.066842,-8.080255,0.000108
2026-01-01T00:08:48Z,AE300_CLASS-SIM-01,AE300_CLASS,LONG_ENDURANCE_LOITER,3551.0814049175356,-8.012672371547302,1652.4262584074463,0.5648392048916983,71.52594395494287,757.069584262747,80.92748660702414,47.04517767906326,30.558819353620258,0.5945744869600208,27.63816355843511,14.201535260619513,28.570094362705664,CRUISE,HEALTHY,False,0.0,1.0,OK,42,90.86,3600.0,-1.953648,2.958139,-0.029606,-0.014417,-3.468023,-0.005967
2026-01-01T00:08:49Z,AE300_CLASS-SIM-01,AE300_CLASS,LONG_ENDURANCE_LOITER,3551.0380432078778,-8.086332821077516,1657.2588810015434,0.5610575030892614,73.08575395253253,756.2290262379809,80.80103145664648,45.864788574832424,30.576847998413587,0.5949703213275279,27.64537918387041,13.960857449233103,28.849995285111437,CRUISE,HEALTHY,False,0.0,1.0,OK,42,90.97,3600.0,0.281084,3.018022,-0.125032,0.147942,2.492921,-0.004051
2026-01-01T00:08:50Z,AE300_CLASS-SIM-01,AE300_CLASS,LONG_ENDURANCE_LOITER,3550.443438099301,-8.144303596554183,1646.622967287303,0.5662767032949202,73.25038718001765,751.598465921721,81.00961515032276,45.02836423273305,30.501310321819215,0.534867604492249,27.6438721839505,14.377115891978297,28.590330536711903,CRUISE,HEALTHY,False,0.0,1.0,OK,42,90.99,3600.0,-0.288041,-2.650648,0.057822,-0.118919,-9.078587,-0.066008
2026-01-01T00:08:51Z,AE300_CLASS-SIM-01,AE300_CLASS,LONG_ENDURANCE_LOITER,3552.972064956705,-8.215217940266115,1661.4951998480408,0.5622660178163192,73.40610098091868,754.1036536105961,82.01242015115366,46.582899990528674,30.52396253846391,0.631335894849728,27.772013882846807,13.479177332885076,28.573339979804807,CRUISE,HEALTHY,False,0.0,1.0,OK,42,91.02,3600.0,0.521332,0.755778,1.079384,0.048609,6.4757,0.031859
2026-01-01T00:08:52Z,AE300_CLASS-SIM-01,AE300_CLASS,LONG_ENDURANCE_LOITER,3552.169906186583,-8.153977375485434,1653.7332460458924,0.5616339597112378,75.16489992511269,749.9490126914868,80.87162416636042,46.931608809761876,30.553942720786186,0.5563710377309916,27.63248342943474,13.897222157261611,28.585571874090235,CRUISE,HEALTHY,False,0.0,1.0,OK,42,91.03,3600.0,2.35499,-3.281901,-0.041362,0.10972,-0.55716,-0.042639
2026-01-01T00:08:53Z,AE300_CLASS-SIM-01,AE300_CLASS,LONG_ENDURANCE_LOITER,3553.0856244153324,-8.303273227714183,1661.637874632507,0.5643977657129956,73.57119730363931,757.94398034767,80.76152419877573,45.42132315774388,30.51910533468132,0.5917151689753628,27.682735412648004,13.715166563897316,28.39507756678217,CRUISE,HEALTHY,False,0.0,1.0,OK,42,91.1,3600.0,0.482549,4.283852,-0.162086,-0.026133,6.961141,-0.008242
2026-01-01T00:08:54Z,AE300_CLASS-SIM-01,AE300_CLASS,LONG_ENDURANCE_LOITER,3552.1889095289844,-8.040723119753935,1656.7845163916838,0.5664900180305608,75.85119598849786,756.0117503071826,81.5774787659012,46.685640268503285,30.650782755182338,0.6836023731152877,27.724364169108398,14.174444110362192,28.667169597707254,CRUISE,HEALTHY,False,0.0,1.0,OK,42,91.07,3600.0,2.158486,1.609107,0.625895,0.021784,1.090551,0.082658
2026-01-01T00:08:55Z,AE300_CLASS-SIM-01,AE300_CLASS,LONG_ENDURANCE_LOITER,3553.2208223613825,-8.147013983540923,1660.0635555312492,0.5625744554404327,73.04527945394165,747.2677922242304,81.72754729465967,45.84209372684675,30.57174158079027,0.6658494614082895,27.698272854700075,14.393987571349633,28.511107843427073,CRUISE,HEALTHY,False,0.0,1.0,OK,42,90.98,3600.0,0.040134,-6.217253,0.791813,0.084341,4.945946,0.066244
2026-01-01T00:08:56Z,AE300_CLASS-SIM-01,AE300_CLASS,LONG_ENDURANCE_LOITER,3557.13141841975,-7.934913268206482,1657.0632999428587,0.5667895526046448,71.7591467751931,753.0308001749422,81.598881947006,44.438111200257794,30.574252483051268,0.624132093519075,27.76497370588806,13.483952441802286,28.9382272885474,CRUISE,HEALTHY,False,0.0,1.0,OK,42,90.92,3600.0,-2.15998,-1.587399,0.636264,-0.074046,0.968115,0.022916
2026-01-01T00:08:57Z,AE300_CLASS-SIM-01,AE300_CLASS,LONG_ENDURANCE_LOITER,3552.9486726731557,-8.166672631107993,1646.928942260531,0.5616879322887025,73.78760633407248,750.7010481840174,81.27890970679819,45.45720667594203,30.46406155748822,0.5763678665251311,27.699616517985714,13.873787908828325,28.70132828547618,CRUISE,HEALTHY,False,0.0,1.0,OK,42,90.92,3600.0,0.932988,-2.587379,0.34309,0.007561,-8.191781,-0.022982
2026-01-01T00:08:58Z,AE300_CLASS-SIM-01,AE300_CLASS,LONG_ENDURANCE_LOITER,3555.0847152331585,-7.9388994085200855,1653.1963985161844,0.5616994347567266,73.34660581553054,755.1100538735525,80.28526791841115,45.25932645500932,30.48991124864994,0.5907023970095557,27.655650432358176,14.167261137297439,28.45484094823161,CRUISE,HEALTHY,False,0.0,1.0,OK,42,91.0,3600.0,0.274752,1.632378,-0.629864,0.040075,-1.172042,-0.008375
2026-01-01T00:08:59Z,AE300_CLASS-SIM-01,AE300_CLASS,LONG_ENDURANCE_LOITER,3551.923351247138,-8.152987362130757,1654.021590987591,0.560802833466405,72.44356576325038,752.645971607897,80.76242284079572,46.14105868949977,30.489586913195534,0.666492151998201,27.705563533367844,13.711170108589531,28.709201836169907,CRUISE,HEALTHY,False,0.0,1.0,OK,42,91.02,3600.0,-0.206673,-0.367671,-0.129173,0.083473,0.509021,0.068021
2026-01-01T00:09:00Z,AE300_CLASS-SIM-01,AE300_CLASS,LONG_ENDURANCE_LOITER,3554.731477523363,-7.922337233370785,1650.932580787549,0.5651710410318047,73.27140689824878,757.9219415840955,81.51712074291173,46.175007988380415,30.509764180139303,0.6227219130343158,27.678760907056112,14.455551754222562,28.70620983059577,CRUISE,HEALTHY,False,0.0,1.0,OK,42,91.08,3600.0,-0.312124,3.74276,0.602813,-0.059632,-3.405875,0.022663
2026-01-01T00:09:01Z,AE300_CLASS-SIM-01,AE300_CLASS,LONG_ENDURANCE_LOITER,3554.1895158492102,-8.175129131597954,1646.528108100035,0.5646737243167927,72.13563889268437,756.7970332626983,80.351211548601,46.111347191315915,30.590734361337002,0.5030086633964904,27.76665309134299,13.822029733531087,28.715017855887815,CRUISE,HEALTHY,False,0.0,1.0,OK,42,91.0,3600.0,-1.1398,2.940573,-0.57578,0.033561,-8.271591,-0.097082
2026-01-01T00:09:02Z,AE300_CLASS-SIM-01,AE300_CLASS,LONG_ENDURANCE_LOITER,3555.907678888779,-7.998908924410946,1656.82064640371,0.5654796176522612,73.86110331470938,758.6293499443675,81.1648925122716,47.66874876115236,30.572005771957304,0.5185361654555444,27.790310139264296,13.775467943003894,28.91759940352764,CRUISE,HEALTHY,False,0.0,1.0,OK,42,90.84,3600.0,0.242972,4.387165,0.221014,-0.021789,1.406897,-0.082033
2026-01-01T00:09:03Z,AE300_CLASS-SIM-01,AE300_CLASS,LONG_ENDURANCE_LOITER,3555.3432204677097,-7.95030615832931,1649.9682103322368,0.5646605799952701,72.84182216617108,758.09675783761,81.12405864981584,46.78997665319136,30.384316842261008,0.595879295939785,27.702231661155935,14.013011742911345,28.836855658978322,CRUISE,HEALTHY,False,0.0,1.0,OK,42,90.8,3600.0,-0.709512,3.958283,0.174951,-0.182873,-5.63572,-0.004525
2026-01-01T00:09:04Z,AE300_CLASS-SIM-01,AE300_CLASS,LONG_ENDURANCE_LOITER,3555.0066991878493,-8.103793045355916,1662.9402561644813,0.5587759553264426,73.92178457013027,752.7173397624399,80.51292773632422,46.27610506674866,30.584029252656187,0.646426689966659,27.680348639229475,14.206805868096682,28.822306560349933,CRUISE,HEALTHY,False,0.0,1.0,OK,42,90.75,3600.0,1.468239,0.02728,-0.38477,0.242903,9.205795,0.048432
2026-01-01T00:09:05Z,AE300_CLASS-SIM-01,AE300_CLASS,LONG_ENDURANCE_LOITER,3555.6770239023413,-8.216714608050756,1650.1091389338078,0.564933282455312,73.08549765860076,750.6995769872279,80.16209559569165,46.6927165075523,30.473796497103454,0.6144678231782751,27.735285002547922,13.549562756438666,28.684740090157465,CRUISE,HEALTHY,False,0.0,1.0,OK,42,90.77,3600.0,-0.184285,-3.147887,-0.754418,-0.089108,-4.309521,0.014441
2026-01-01T00:09:06Z,AE300_CLASS-SIM-01,AE300_CLASS,LONG_ENDURANCE_LOITER,3555.8045648412776,-8.057432508049745,1663.1140077114392,0.5605229145524934,73.86568600384824,756.4938254769021,80.83322723358808,45.864447355531766,30.52793149946488,0.6150523049068153,27.70893439744651,14.108780990459499,28.543629196032086,CRUISE,HEALTHY,False,0.0,1.0,OK,42,90.84,3600.0,1.119798,3.428048,-0.056,0.129287,9.687548,0.016671
2026-01-01T00:09:07Z,AE300_CLASS-SIM-01,AE300_CLASS,LONG_ENDURANCE_LOITER,3557.7985310596887,-7.941017879206816,1655.626580781839,0.5601177499929613,72.96043996257697,754.1265688439994,80.39883990746112,45.670777700677256,30.414484016255024,0.6267988543581634,27.69222207372179,13.444818828638137,28.743059138740243,CRUISE,HEALTHY,False,0.0,1.0,OK,42,90.93,3600.0,0.177949,1.076484,-0.465433,0.038845,3.107575,0.02887
2026-01-01T00:09:08Z,AE300_CLASS-SIM-01,AE300_CLASS,LONG_ENDURANCE_LOITER,3556.480893144571,-8.040214625263605,1651.467388525844,0.5614273442288169,72.09217263163777,752.0520310410822,80.91919447142008,46.09827773450851,30.483824936320545,0.5803564979647554,27.671471299466557,14.68902837175739,28.57414502739498,CRUISE,HEALTHY,False,0.0,1.0,OK,42,91.06,3600.0,-0.753359,-1.136723,0.061283,0.066699,-0.820298,-0.01785
2026-01-01T00:09:09Z,AE300_CLASS-SIM-01,AE300_CLASS,LONG_ENDURANCE_LOITER,3555.981223805363,-7.625240065562961,1657.0393259480297,0.5601945841227381,74.17442583273487,750.9874757937182,81.31661408135945,45.78881331451592,30.46510263479936,0.6717534803063381,27.70812705444137,14.226765137823358,28.754406165652487,CRUISE,HEALTHY,False,0.0,1.0,OK,42,91.1,3600.0,1.126307,-2.329789,0.475053,0.097999,5.346201,0.074132
2026-01-01T00:09:10Z,AE300_CLASS-SIM-01,AE300_CLASS,LONG_ENDURANCE_LOITER,3556.4040402850173,-8.029256432920862,1662.440860080755,0.563148263965823,75.40573023068853,755.8936276657276,80.99974183652623,46.17751324528842,30.495947177587116,0.5429704960003394,27.681811683738005,13.999381835115365,28.6261698821271,CRUISE,HEALTHY,False,0.0,1.0,OK,42,91.08,3600.0,2.304031,2.355853,0.14286,0.019808,10.190605,-0.055714
2026-01-01T00:09:11Z,AE300_CLASS-SIM-01,AE300_CLASS,LONG_ENDURANCE_LOITER,3557.8297478512895,-8.119404886547741,1659.2763173032324,0.5641292550651619,73.26555705238052,749.660747991621,81.7069882692089,45.83876101589724,30.479082634009785,0.5837979934070242,27.665821677650165,14.394401099259492,28.89590375795515,CRUISE,HEALTHY,False,0.0,1.0,OK,42,91.13,3600.0,0.059327,-4.038494,0.829507,-0.041021,6.276982,-0.015465
2026-01-01T00:09:12Z,AE300_CLASS-SIM-01,AE300_CLASS,LONG_ENDURANCE_LOITER,3558.242347681124,-8.14036744740703,1658.0784239265686,0.5628748666908114,72.78563147425729,754.4123230352176,80.69945545974005,46.16941188862403,30.492412255454788,0.6262787484046978,27.660536239003257,14.142382598471286,28.551464868522167,CRUISE,HEALTHY,False,0.0,1.0,OK,42,91.2,3600.0,-0.230268,0.971564,-0.181779,0.013761,4.942608,0.02732
2026-01-01T00:09:13Z,AE300_CLASS-SIM-01,AE300_CLASS,LONG_ENDURANCE_LOITER,3556.969432850851,-8.205222597255696,1646.1243618230772,0.5646828397182865,71.75781709472899,751.4853448552296,81.45972338603555,45.46561109592773,30.465093924800204,0.5535405238594999,27.71856334010371,14.18152078599805,28.797667983637883,CRUISE,HEALTHY,False,0.0,1.0,OK,42,91.24,3600.0,-1.475223,-2.292664,0.558343,-0.083717,-7.744004,-0.046211
2026-01-01T00:09:14Z,AE300_CLASS-SIM-01,AE300_CLASS,LONG_ENDURANCE_LOITER,3558.8871028230988,-8.116486885872327,1649.8422159915715,0.5609458189624256,74.6791271004721,755.560448483012,80.57961654591358,45.98008275248667,30.454599373626863,0.5482475541995431,27.69229492244718,13.80101054596557,28.54336012661653,CRUISE,HEALTHY,False,0.0,1.0,OK,42,91.24,3600.0,1.91031,2.475594,-0.301476,0.042228,-3.288408,-0.05016
2026-01-01T00:09:15Z,AE300_CLASS-SIM-01,AE300_CLASS,LONG_ENDURANCE_LOITER,3556.1146345021207,-8.363737191697517,1650.7970004288786,0.5623298100591502,71.8490240206513,755.2177546190736,80.85892109757305,46.43219784918126,30.45785573240009,0.5635319550302906,27.689697146898357,13.545014636473374,28.76657095618457,CRUISE,HEALTHY,False,0.0,1.0,OK,42,91.27,3600.0,-0.836864,2.123045,-0.020351,0.000681,-2.26743,-0.03523
2026-01-01T00:09:16Z,AE300_CLASS-SIM-01,AE300_CLASS,LONG_ENDURANCE_LOITER,3557.180134776089,-7.993073201828063,1650.9119259937459,0.5645493094568622,71.51217064321841,751.474618536301,81.05665142206145,46.93238767891488,30.565051322225013,0.600748944241156,27.7585858470417,13.835076482298506,28.849884895958144,CRUISE,HEALTHY,False,0.0,1.0,OK,42,91.36,3600.0,-1.911204,-2.483161,0.158064,0.021887,-2.854883,0.001074
2026-01-01T00:09:17Z,AE300_CLASS-SIM-01,AE300_CLASS,LONG_ENDURANCE_LOITER,3557.425112342945,-8.069419418920006,1636.7734000581715,0.5601053028251787,73.56292689681618,749.6742361661467,81.07417173681972,46.70357459515154,30.431200291388617,0.5552198077335281,27.666052136020358,13.630391220964622,28.66930231640216,CRUISE,HEALTHY,False,0.0,1.0,OK,42,91.42,3600.0,0.902363,-3.260535,0.202828,0.053287,-16.002731,-0.042802
2026-01-01T00:09:18Z,AE300_CLASS-SIM-01,AE300_CLASS,LONG_ENDURANCE_LOITER,3559.244045028241,-8.17999242755543,1664.7699033841661,0.5608339196333533,74.74977701974444,750.4102881218647,80.9116080958023,46.93434506129178,30.525385954624788,0.5798463148079971,27.707165969388594,14.044647923580131,28.60290809380248,CRUISE,HEALTHY,False,0.0,1.0,OK,42,91.49,3600.0,2.099104,-2.531938,0.05447,0.126817,12.510324,-0.018196
2026-01-01T00:09:19Z,AE300_CLASS-SIM-01,AE300_CLASS,LONG_ENDURANCE_LOITER,3560.2673592491565,-7.856358497424466,1656.2354329488878,0.5633296824551111,73.79938274231476,749.2117182914449,81.08277313101269,45.06008032556273,30.41833663889934,0.6959805354257679,27.674776297217413,13.694401461221599,28.856201000899205,CRUISE,HEALTHY,False,0.0,1.0,OK,42,91.41,3600.0,0.431182,-4.584112,0.213122,-0.072778,3.520856,0.097041
2026-01-01T00:09:20Z,AE300_CLASS-SIM-01,AE300_CLASS,LONG_ENDURANCE_LOITER,3558.1744440916964,-8.20448660900219,1661.5610352917781,0.5622067472518281,70.880173052537,754.8023202979188,80.69407628126564,47.22882045644082,30.413584275649974,0.645933564759713,27.755878265003226,13.65933043164418,28.653746327408413,CRUISE,HEALTHY,False,0.0,1.0,OK,42,91.32,3600.0,-1.952682,1.588427,-0.174926,-0.036655,8.870054,0.047338
2026-01-01T00:09:21Z,AE300_CLASS-SIM-01,AE300_CLASS,LONG_ENDURANCE_LOITER,3560.4314227597015,-8.26761701439828,1654.593878797025,0.5615956139704426,72.57632986535047,753.392875240456,80.9013690116873,46.05486630386641,30.41025185626406,0.5735809146178982,27.680050423347215,13.899346024924244,28.616315568973615,CRUISE,HEALTHY,False,0.0,1.0,OK,42,91.3,3600.0,-0.119372,0.369252,0.039072,-0.017857,2.14673,-0.024759
2026-01-01T00:09:22Z,AE300_CLASS-SIM-01,AE300_CLASS,LONG_ENDURANCE_LOITER,3560.5869195641394,-8.412870827957843,1647.472696643607,0.5614098413172913,71.76663701924164,757.7943023226836,80.8746017435654,46.06144306243589,30.41341384631511,0.5977888426701208,27.63612737260645,13.859988337184111,28.541006418104793,CRUISE,HEALTHY,False,0.0,1.0,OK,42,91.39,3600.0,-0.74657,4.968869,0.019183,-0.005458,-4.724357,-0.000403
2026-01-01T00:09:23Z,AE300_CLASS-SIM-01,AE300_CLASS,LONG_ENDURANCE_LOITER,3559.9374299764013,-8.526285464743351,1644.574086514404,0.564821792202968,73.94377344698648,756.9025599394196,81.4874025681234,46.47884956079095,30.41146212679139,0.5517578589797407,27.73055088076161,13.928464183237583,29.055075840264855,CRUISE,HEALTHY,False,0.0,1.0,OK,42,91.42,3600.0,1.011216,3.450877,0.604934,-0.136515,-8.606596,-0.047786
2026-01-01T00:09:24Z,AE300_CLASS-SIM-01,AE300_CLASS,LONG_ENDURANCE_LOITER,3560.0584136420443,-7.848005015722319,1651.2567171877517,0.5644902790126992,75.05462579918625,750.3216936948885,80.64149300714122,45.02439955121578,30.361064445060766,0.6283874229114756,27.6767595481854,13.922964242959,28.763823046451616,CRUISE,HEALTHY,False,0.0,1.0,OK,42,91.45,3600.0,1.459019,-3.785964,-0.258386,-0.183022,-2.557056,0.028693
2026-01-01T00:09:25Z,AE300_CLASS-SIM-01,AE300_CLASS,LONG_ENDURANCE_LOITER,3558.072505608013,-7.952565907487246,1649.7947535598662,0.5628072268549,73.64052395635717,757.0008893361756,80.8093705248369,44.09296192416962,30.43451594492806,0.6073364919324997,27.64319783616815,13.949662309565063,28.625649192379147,CRUISE,HEALTHY,False,0.0,1.0,OK,42,91.54,3600.0,0.419231,3.346229,-0.088283,-0.048687,-3.938105,0.008168
2026-01-01T00:09:26Z,AE300_CLASS-SIM-01,AE300_CLASS,LONG_ENDURANCE_LOITER,3559.0969801871875,-8.046499487970829,1648.176491859029,0.5608539082371925,72.2169160454679,756.5987062884897,80.8349583448731,45.96091071159296,30.40087759994616,0.6190689645951355,27.738484581096788,14.097934337847756,28.78224680615497,CRUISE,HEALTHY,False,0.0,1.0,OK,42,91.65,3600.0,-0.604398,3.470267,-0.042394,-0.006891,-4.818124,0.020739
2026-01-01T00:09:27Z,AE300_CLASS-SIM-01,AE300_CLASS,LONG_ENDURANCE_LOITER,3562.272981672463,-8.35590003286031,1645.8738935368674,0.5611809343037109,71.8593171303526,750.135371573143,80.0077058639742,44.74474836120326,30.408152024182666,0.595051050966161,27.65273329782513,13.925414847887566,28.613556543169096,CRUISE,HEALTHY,False,0.0,1.0,OK,42,91.8,3600.0,-0.713216,-2.731332,-0.85666,-0.008027,-6.648491,-0.003211
2026-01-01T00:09:28Z,AE300_CLASS-SIM-01,AE300_CLASS,LONG_ENDURANCE_LOITER,3563.2520219972225,-8.174748915108776,1656.765201203336,0.5619215790397409,70.96492043036714,752.8389431545876,80.290968493724,45.79301803657648,30.375063804330072,0.6152988594599281,27.630704866169847,13.904309235242163,28.76390877702418,CRUISE,HEALTHY,False,0.0,1.0,OK,42,91.97,3600.0,-1.901359,-0.352644,-0.570308,-0.066234,4.355149,0.016862
2026-01-01T00:09:29Z,AE300_CLASS-SIM-01,AE300_CLASS,LONG_ENDURANCE_LOITER,3563.2300802226505,-8.266771628329098,1651.8993037449864,0.5618076878852171,74.78354989778515,748.9217744580717,80.43381764555528,48.26433665302617,30.399614219395538,0.5129510925881675,27.661040625819236,13.067398336870488,28.71359941982599,CRUISE,HEALTHY,False,0.0,1.0,OK,42,91.95,3600.0,2.032063,-4.146747,-0.424043,-0.036264,-0.386522,-0.085405
2026-01-01T00:09:30Z,AE300_CLASS-SIM-01,AE300_CLASS,LONG_ENDURANCE_LOITER,3563.3358892616293,-8.29053723521319,1648.364143620973,0.5632109446743743,70.48167914034583,749.3458135928674,80.73797647283814,45.23668193593089,30.394596752983194,0.5411123463416728,27.69285876396118,13.85145220546375,28.759254783393658,CRUISE,HEALTHY,False,0.0,1.0,OK,42,91.88,3600.0,-2.46858,-4.003561,-0.130485,-0.094462,-4.307197,-0.057795
2026-01-01T00:09:31Z,AE300_CLASS-SIM-01,AE300_CLASS,LONG_ENDURANCE_LOITER,3562.6743366244577,-8.124425782054887,1641.4192259633398,0.5622730618911685,72.31150698990358,752.5564538618013,81.30916184911476,45.260269566745215,30.48952884426905,0.6629178014682017,27.71434119607651,13.600197927532745,28.348347141698863,CRUISE,HEALTHY,False,0.0,1.0,OK,42,91.76,3600.0,-0.660789,-0.768492,0.441345,0.033752,-11.228667,0.064292
2026-01-01T00:09:32Z,AE300_CLASS-SIM-01,AE300_CLASS,LONG_ENDURANCE_LOITER,3564.244514997653,-8.140362947871047,1646.2111637486728,0.5635592458996325,71.60628139211592,751.8120123137134,81.0704581801643,44.92085085334133,30.398118255047635,0.6468628941541017,27.692617843470824,14.266774323573346,28.84574642451084,CRUISE,HEALTHY,False,0.0,1.0,OK,42,91.63,3600.0,-1.573988,-1.786992,0.191331,-0.108328,-6.847995,0.047701
2026-01-01T00:09:33Z,AE300_CLASS-SIM-01,AE300_CLASS,LONG_ENDURANCE_LOITER,3562.8903953804206,-8.509223327665731,1643.5713108082782,0.5626630318611326,70.69565627336434,752.0616274796076,80.98338849021665,47.11217205045652,30.366415560233424,0.5688300874508355,27.682019179296596,13.99598277723136,28.65198401195017,CRUISE,HEALTHY,False,0.0,1.0,OK,42,91.53,3600.0,-1.97154,-0.985613,0.103836,-0.108063,-9.503333,-0.030073
2026-01-01T00:09:34Z,AE300_CLASS-SIM-01,AE300_CLASS,LONG_ENDURANCE_LOITER,3564.705215654642,-8.280225110307804,1652.0370164697263,0.5619510314811,72.17535620687272,755.3042760182675,80.89491831680105,46.5291797424937,30.4087929282358,0.6146605591579121,27.658764936999244,13.699640050472656,28.85819549628092,CRUISE,HEALTHY,False,0.0,1.0,OK,42,91.5,3600.0,-0.627027,2.177376,0.022115,-0.039667,-0.79221,0.016045
2026-01-01T00:09:35Z,AE300_CLASS-SIM-01,AE300_CLASS,LONG_ENDURANCE_LOITER,3564.337104050619,-8.315439724428307,1652.3461092008044,0.5562372963777776,71.93421294455982,755.6206889360471,80.76838627885604,45.95451081118959,30.21239405403086,0.5800062653059518,27.697535094629437,14.026621412351597,28.81830439220594,CRUISE,HEALTHY,False,0.0,1.0,OK,42,91.55,3600.0,0.099631,3.80628,-0.045539,-0.01308,1.657935,-0.016148
2026-01-01T00:09:36Z,AE300_CLASS-SIM-01,AE300_CLASS,LONG_ENDURANCE_LOITER,3563.3209770087033,-8.188484735529983,1641.6394207452945,0.5605000478307445,71.02496443154062,747.7325001290369,80.33318595910724,47.13229159766504,30.37337381113892,0.6074874897387496,27.66340795511786,13.348032243539752,28.81378303844135,CRUISE,HEALTHY,False,0.0,1.0,OK,42,91.62,3600.0,-1.531316,-5.037454,-0.47635,0.003281,-8.889166,0.010181
2026-01-01T00:09:37Z,AE300_CLASS-SIM-01,AE300_CLASS,LONG_ENDURANCE_LOITER,3560.6305916791052,-8.248496679296522,1650.4661183388862,0.561294312620193,71.70527893979553,747.7369711122935,80.45783963733206,45.2090897490074,30.339452735267972,0.6411809808420341,27.63534729461592,13.973654643271939,28.696525682462397,CRUISE,HEALTHY,False,0.0,1.0,OK,42,91.66,3600.0,-0.882793,-5.12931,-0.356384,-0.057856,-0.232929,0.043598
2026-01-01T00:09:38Z,AE300_CLASS-SIM-01,AE300_CLASS,LONG_ENDURANCE_LOITER,3565.582096757622,-8.186888972679732,1656.270521259558,0.5604131354813876,73.19907768107167,748.6517567982912,79.62792148912132,46.16207370485742,30.40794050162855,0.6188612907537417,27.662837706813235,14.328441060071485,28.60321453467845,CRUISE,HEALTHY,False,0.0,1.0,OK,42,91.7,3600.0,0.629589,-4.110414,-1.180569,0.039421,5.77994,0.02158
2026-01-01T00:09:39Z,AE300_CLASS-SIM-01,AE300_CLASS,LONG_ENDURANCE_LOITER,3565.025257923448,-8.079365172309993,1662.647969822358,0.5600477589422385,71.76989514711163,748.6419151213431,81.51052684236124,46.1949832195459,30.40548465685159,0.737650723699766,27.69678039979902,13.48899169822975,28.64222577393061,CRUISE,HEALTHY,False,0.0,1.0,OK,42,91.53,3600.0,-0.834401,-4.134111,0.709723,0.053333,12.436917,0.140585
2026-01-01T00:09:40Z,AE300_CLASS-SIM-01,AE300_CLASS,LONG_ENDURANCE_LOITER,3563.1842910331916,-8.229582279389435,1647.6828479303065,0.5594320118239265,70.79245775488171,757.272458904503,80.94325843661096,45.64075801666981,30.41999104404489,0.6185324128856091,27.694749843295565,14.083351488805473,28.691116647864924,CRUISE,HEALTHY,False,0.0,1.0,OK,42,91.43,3600.0,-1.531777,4.804473,0.153728,0.095442,-2.118254,0.021812
2026-01-01T00:09:41Z,AE300_CLASS-SIM-01,AE300_CLASS,LONG_ENDURANCE_LOITER,3565.9043220844774,-8.058876589211767,1651.5241949707636,0.5600895140433109,74.5779217983707,751.4520639287678,80.9816831253945,46.179856921282344,30.334191394259868,0.560917736454327,27.669511738071552,13.728351170083473,28.45172200115768,CRUISE,HEALTHY,False,0.0,1.0,OK,42,91.36,3600.0,1.962261,-1.322074,0.195072,-0.014079,1.829253,-0.035967
2026-01-01T00:09:42Z,AE300_CLASS-SIM-01,AE300_CLASS,LONG_ENDURANCE_LOITER,3564.1742725277363,-8.133551400789663,1659.1309598209248,0.5615633281248927,69.19369001130545,754.5625743287708,80.55123895147375,46.20877859000351,30.36614914831196,0.5885341644940022,27.67951999579443,13.8674533044418,28.871517503299998,CRUISE,HEALTHY,False,0.0,1.0,OK,42,91.37,3600.0,-3.561073,1.550001,-0.247384,-0.036732,8.99923,-0.008929
2026-01-01T00:09:43Z,AE300_CLASS-SIM-01,AE300_CLASS,LONG_ENDURANCE_LOITER,3565.374550123413,-8.012295842649085,1656.7328889294956,0.5617128789739553,70.23516115386016,755.8702328294293,80.5931669840248,46.42765469817001,30.304877999687726,0.5438121451922824,27.762608581478815,13.585250259564509,28.841187948407534,CRUISE,HEALTHY,False,0.0,1.0,OK,42,91.32,3600.0,-2.694587,2.676056,-0.215752,-0.108573,6.226749,-0.053845
2026-01-01T00:09:44Z,AE300_CLASS-SIM-01,AE300_CLASS,LONG_ENDURANCE_LOITER,3565.8341961387205,-8.239785685521705,1649.7239410452316,0.5577008413099677,72.52456624558111,749.6887277554101,80.61808823153615,46.60141734973824,30.374714423443237,0.5303781797626257,27.717556165260817,13.868380045523828,28.5873593803318,CRUISE,HEALTHY,False,0.0,1.0,OK,42,91.23,3600.0,0.448402,-2.412644,-0.160772,0.11231,0.310847,-0.065715
2026-01-01T00:09:45Z,AE300_CLASS-SIM-01,AE300_CLASS,LONG_ENDURANCE_LOITER,3567.0291053649544,-8.203490116455642,1641.762311453381,0.563922892150172,72.50465514062819,752.4692630813321,80.61055604562107,46.81351003837838,30.32420359288044,0.5274871392351947,27.656293142973134,14.266707360481842,28.792922235835103,CRUISE,HEALTHY,False,0.0,1.0,OK,42,91.09,3600.0,-0.581287,-0.992337,-0.203827,-0.169355,-8.942526,-0.07089
2026-01-01T00:09:46Z,AE300_CLASS-SIM-01,AE300_CLASS,LONG_ENDURANCE_LOITER,3565.7790926826265,-7.974062233804431,1655.0417362617982,0.559618336424246,72.29612844040389,753.5959741003201,80.41531974080252,45.809995133363145,30.37044073311792,0.5210331384117947,27.67581104689696,13.775923342733517,28.821727878613594,CRUISE,HEALTHY,False,0.0,1.0,OK,42,90.92,3600.0,-0.36076,0.795502,-0.385766,0.032383,4.820434,-0.075918
2026-01-01T00:09:47Z,AE300_CLASS-SIM-01,AE300_CLASS,LONG_ENDURANCE_LOITER,3563.647395923425,-8.238917822147473,1646.3180601858976,0.5619958995036007,72.43988370591178,757.6796940331232,81.08448044658775,45.453103178823255,30.36254338826127,0.580948914592856,27.717703314855942,13.465346314083511,28.543378566116303,CRUISE,HEALTHY,False,0.0,1.0,OK,42,90.84,3600.0,-0.292829,4.652084,0.270676,-0.061342,-4.365736,-0.016847
2026-01-01T00:09:48Z,AE300_CLASS-SIM-01,AE300_CLASS,LONG_ENDURANCE_LOITER,3567.3502015444988,-7.9994698660247865,1634.1607668318964,0.5627489424319809,72.29900213164929,747.3525254837351,79.43252251378375,44.49744169251294,30.343215817699523,0.5938519967760721,27.708599101147264,13.698325116240689,28.50014219059676,CRUISE,HEALTHY,False,0.0,1.0,OK,42,90.82,3600.0,-0.853029,-6.120007,-1.397296,-0.116645,-17.105359,-0.004407
2026-01-01T00:09:49Z,AE300_CLASS-SIM-01,AE300_CLASS,LONG_ENDURANCE_LOITER,3566.299562337701,-8.179933204438012,1651.0741630869297,0.5583459130256976,73.63774262009642,750.8642125456391,80.38874290881549,45.33201441832731,30.405123069532262,0.590776971155667,27.655434157244564,14.139169447773051,28.987175886496676,CRUISE,HEALTHY,False,0.0,1.0,OK,42,90.9,3600.0,1.364734,-1.480023,-0.411984,0.110757,0.865907,-0.005808
2026-01-01T00:09:50Z,AE300_CLASS-SIM-01,AE300_CLASS,LONG_ENDURANCE_LOITER,3567.4862411231807,-8.001539792486346,1656.5955079235248,0.5586372053451681,72.48517101393618,748.9897484500528,80.68470744254854,45.256412968902005,30.312694358858238,0.5629429437837872,27.67167443973385,14.019172993319618,28.647255174857822,CRUISE,HEALTHY,False,0.0,1.0,OK,42,90.97,3600.0,0.012972,-3.548202,-0.096417,0.01562,7.100087,-0.033459
2026-01-01T00:09:51Z,AE300_CLASS-SIM-01,AE300_CLASS,LONG_ENDURANCE_LOITER,3564.6276826276094,-8.300175660492348,1638.591377778673,0.5602608477246909,73.0895443809126,753.2759601186299,80.41941528729623,45.99412843206059,30.30489582560158,0.545403489212274,27.712779124630167,14.103077790011861,28.806928662484346,CRUISE,HEALTHY,False,0.0,1.0,OK,42,91.01,3600.0,0.713207,0.726116,-0.362677,-0.046307,-10.939244,-0.051459
2026-01-01T00:09:52Z,AE300_CLASS-SIM-01,AE300_CLASS,LONG_ENDURANCE_LOITER,3566.764244776719,-8.012994642995027,1645.65631069412,0.5610039723400467,71.75573113440554,751.9072285006263,79.68103309164383,45.52330439804017,30.334803550975447,0.5781068215218703,27.753293067431155,13.507096126385457,28.57947255663255,CRUISE,HEALTHY,False,0.0,1.0,OK,42,91.09,3600.0,-1.052389,-1.104521,-1.108366,-0.046962,-4.140014,-0.019084
2026-01-01T00:09:53Z,AE300_CLASS-SIM-01,AE300_CLASS,LONG_ENDURANCE_LOITER,3566.5719840143142,-8.276106950889723,1656.2154933305287,0.5625772757098662,71.49357354636922,750.4867126786335,80.24667116010619,46.8859014751855,30.392834196767133,0.5917252987528764,27.627145194807174,13.462003882048988,28.689019584610243,CRUISE,HEALTHY,False,0.0,1.0,OK,42,91.21,3600.0,-1.312335,-2.62249,-0.563139,-0.05187,5.676944,-0.0062
2026-01-01T00:09:54Z,AE300_CLASS-SIM-01,AE300_CLASS,LONG_ENDURANCE_LOITER,3569.005825059488,-8.503103538934988,1646.6306501823326,0.5627820463245693,72.10652887667439,756.6588774690903,81.05626579582275,44.849549730636504,30.304249741499472,0.5906386700637567,27.644832318973144,13.561209156140713,28.88885590370263,CRUISE,HEALTHY,False,0.0,1.0,OK,42,91.37,3600.0,-0.560308,3.683291,0.229505,-0.156825,-4.5243,-0.007597
2026-01-01T00:09:55Z,AE300_CLASS-SIM-01,AE300_CLASS,LONG_ENDURANCE_LOITER,3566.9683025048043,-8.033057820861933,1645.7086481032582,0.5594184183099306,73.10437605266861,750.7886853248411,81.01656802599742,44.027350869784755,30.34442885651995,0.48528149183505587,27.673802532752074,14.106609581453773,28.755600381603532,CRUISE,HEALTHY,False,0.0,1.0,OK,42,91.34,3600.0,0.508697,-1.936447,0.208196,0.00919,-4.777602,-0.111721
2026-01-01T00:09:56Z,AE300_CLASS-SIM-01,AE300_CLASS,LONG_ENDURANCE_LOITER,3566.7392529684257,-8.371914305878676,1643.8275572947668,0.5597663711186557,69.71715318456786,752.4043841681814,80.89797041157823,45.52186346206575,30.34580237278028,0.6063683768044313,27.661153852652856,13.267647212211504,28.681683541717753,CRUISE,HEALTHY,False,0.0,1.0,OK,42,91.38,3600.0,-2.568254,-0.023721,0.100251,0.003268,-6.271329,0.009416
2026-01-01T00:09:57Z,AE300_CLASS-SIM-01,AE300_CLASS,LONG_ENDURANCE_LOITER,3567.509780891549,-8.284857454335294,1651.886355457411,0.5621528485850505,72.29387675288439,753.9695540716801,80.1046276596021,45.966769289407075,30.306925767287463,0.6515514786432112,27.661145306282098,13.774180281109455,28.819909266316593,CRUISE,HEALTHY,False,0.0,1.0,OK,42,91.39,3600.0,-0.456744,0.943576,-0.707319,-0.124804,1.270096,0.053713
2026-01-01T00:09:58Z,AE300_CLASS-SIM-01,AE300_CLASS,LONG_ENDURANCE_LOITER,3569.053868503327,-8.366073681940563,1666.2781454287112,0.5570852387157509,72.24393394821362,753.3656634930747,80.87188747324521,45.59242150526023,30.295671817537954,0.5855997569635107,27.638069914359633,14.489905088072287,28.62750399833119,CRUISE,HEALTHY,False,0.0,1.0,OK,42,91.46,3600.0,0.353254,1.507752,0.097167,0.053632,17.015567,-0.010279
2026-01-01T00:09:59Z,AE300_CLASS-SIM-01,AE300_CLASS,LONG_ENDURANCE_LOITER,3570.339840933679,-8.251586817541126,1645.8175956225048,0.5582557793413274,70.29793422991229,751.9219633679393,80.56512244210357,46.74512912292553,30.231193056307777,0.5701355269839375,27.646713274498737,14.275766410935585,28.52950693197825,CRUISE,HEALTHY,False,0.0,1.0,OK,42,91.54,3600.0,-1.859513,-0.245233,-0.192074,-0.044889,-2.807737,-0.025841
2026-01-01T00:10:00Z,AE300_CLASS-SIM-01,AE300_CLASS,LONG_ENDURANCE_LOITER,3570.5404194640587,-8.057506082019403,1647.162311991635,0.5563372870890282,70.52402399724379,754.7558096232895,80.1778249317575,46.07818577431993,30.306093940918732,0.6130135763911881,27.70145791103389,13.561074237873328,28.51300455754902,CRUISE,HEALTHY,False,0.0,1.0,OK,42,91.64,3600.0,-1.497912,2.84936,-0.547945,0.109406,-0.320236,0.018022
2026-01-01T00:10:01Z,AE300_CLASS-SIM-01,AE300_CLASS,LONG_ENDURANCE_LOITER,3571.021885650646,-8.299073408756376,1628.8183661992289,0.5603126621109193,70.94747515782012,753.6332201590928,81.36867848738243,45.75484133673927,30.35521718257075,0.6028989804403021,27.746035318482367,13.520711732499088,28.65751714600983,CRUISE,SENSOR_DRIFT,True,0.0005,1.0,DRIFT:cht,42,91.78,3600.0,-1.4346,1.147471,0.62945,0.015215,-19.153591,0.006581
2026-01-01T00:10:02Z,AE300_CLASS-SIM-01,AE300_CLASS,LONG_ENDURANCE_LOITER,3571.2117626095824,-8.234874894864637,1656.0191741206627,0.5580753148603724,74.98198870750126,758.2441639495385,80.86565752976487,46.205934572862155,30.3632100645261,0.5424896776771647,27.63000177249575,14.21443814265271,28.699263295650383,CRUISE,SENSOR_DRIFT,True,0.001,1.0,DRIFT:cht,42,91.82,3600.0,2.874997,6.162207,0.137309,0.104901,8.442849,-0.053038
2026-01-01T00:10:03Z,AE300_CLASS-SIM-01,AE300_CLASS,LONG_ENDURANCE_LOITER,3570.114787585576,-8.20628605002237,1631.135588567417,0.5584825117347223,71.31003738697459,754.8493845258427,81.18330551930686,46.22203231841123,30.311676150411945,0.5284684383481963,27.706051125086326,14.024500666944107,28.844359577407722,CRUISE,SENSOR_DRIFT,True,0.0015,1.0,DRIFT:cht,42,91.78,3600.0,-0.86413,2.673626,0.459171,0.042014,-16.287476,-0.067111
2026-01-01T00:10:04Z,AE300_CLASS-SIM-01,AE300_CLASS,LONG_ENDURANCE_LOITER,3573.884385425716,-8.4634800606317,1645.0027810534868,0.5573033455135635,72.5104499899031,752.2930839464073,80.62702133501634,46.60094860477735,30.218102939287686,0.5489340630130889,27.641400020935535,13.725752033254233,28.472707824554224,CRUISE,SENSOR_DRIFT,True,0.002,1.0,DRIFT:cht,42,91.73,3600.0,0.746808,0.627021,-0.082053,-0.007585,-1.87264,-0.046121
2026-01-01T00:10:05Z,AE300_CLASS-SIM-01,AE300_CLASS,LONG_ENDURANCE_LOITER,3570.8867387263967,-8.236060902932003,1642.1007552225822,0.5604596537202337,72.20603301490763,755.2077479318998,80.64140249502385,45.70255024912025,30.246660315532754,0.59540292732189,27.710801915003128,13.70861927737995,28.73417385189519,CRUISE,SENSOR_DRIFT,True,0.0025,1.0,DRIFT:cht,42,91.79,3600.0,-0.238586,2.658118,-0.086549,-0.093489,-5.46111,-0.000799
2026-01-01T00:10:06Z,AE300_CLASS-SIM-01,AE300_CLASS,LONG_ENDURANCE_LOITER,3569.9930007705525,-8.099021203050455,1643.4312646460012,0.5603397233828218,72.35984682318997,756.4677841128636,80.2066611727082,44.46399688167696,30.239694000292307,0.5333480271796023,27.626946899044455,14.016654224142883,28.655200962052234,CRUISE,SENSOR_DRIFT,True,0.003,1.0,DRIFT:cht,42,91.76,3600.0,-0.218131,3.776168,-0.534687,-0.101294,-4.617743,-0.063001
2026-01-01T00:10:07Z,AE300_CLASS-SIM-01,AE300_CLASS,LONG_ENDURANCE_LOITER,3570.74512499959,-8.272564591616018,1643.1941884322919,0.5618613443962441,71.32161407417061,748.4839188690426,81.08103121013968,45.530986322365756,30.3952335390006,0.5719117698853465,27.716039295160915,14.153017855474266,28.577043152757923,CRUISE,SENSOR_DRIFT,True,0.0035,1.0,DRIFT:cht,42,91.76,3600.0,-1.354052,-4.398181,0.315323,-0.009325,-5.740665,-0.025217
2026-01-01T00:10:08Z,AE300_CLASS-SIM-01,AE300_CLASS,LONG_ENDURANCE_LOITER,3570.602790565308,-8.104956636521981,1651.2833443820834,0.5556636282834266,70.807999902792,745.0606716716841,80.98754936059932,45.48745717960922,30.259418482418653,0.5194115486190584,27.638219468081424,13.683140854140234,28.55381045706485,CRUISE,SENSOR_DRIFT,True,0.004,1.0,DRIFT:cht,42,91.67,3600.0,-1.070427,-6.665729,0.261667,0.085877,3.796718,-0.075389
2026-01-01T00:10:09Z,AE300_CLASS-SIM-01,AE300_CLASS,LONG_ENDURANCE_LOITER,3572.1464510829733,-8.130282811308259,1663.0306400444447,0.5583690568490292,73.72218498776378,749.8155355894188,79.9627163398959,45.40618581397773,30.169524901996777,0.5961223405172806,27.650869032544257,13.238417194807441,28.914478861439342,CRUISE,SENSOR_DRIFT,True,0.0045,1.0,DRIFT:cht,42,91.66,3600.0,1.471037,-2.414919,-0.758069,-0.096475,15.729362,0.00061
2026-01-01T00:10:10Z,AE300_CLASS-SIM-01,AE300_CLASS,LONG_ENDURANCE_LOITER,3571.415879652564,-8.465087339886072,1653.3148079243495,0.5568761046082548,73.68657322521977,750.0627406848541,80.4698551876287,45.99438131498679,30.297222372691397,0.6299793367483437,27.67844118838026,13.981453921511585,28.76533519604638,CRUISE,SENSOR_DRIFT,True,0.005,1.0,DRIFT:cht,42,91.66,3600.0,2.024964,-1.491287,-0.233142,0.090881,6.660358,0.035146
2026-01-01T00:10:11Z,AE300_CLASS-SIM-01,AE300_CLASS,LONG_ENDURANCE_LOITER,3572.7756011825977,-8.2424845755755,1636.7947963130541,0.5594559240711358,72.32137960599086,750.9349076699342,81.28507103975971,44.483248150547894,30.35651270094028,0.5943307971969757,27.694675198559576,13.702526176166408,28.402845806550964,CRUISE,SENSOR_DRIFT,True,0.0055,1.0,DRIFT:cht,42,91.73,3600.0,0.031706,-1.383263,0.571569,0.055595,-10.241642,-0.001394
2026-01-01T00:10:12Z,AE300_CLASS-SIM-01,AE300_CLASS,LONG_ENDURANCE_LOITER,3572.517857879574,-8.17251553669335,1651.529696863822,0.5577857517849404,69.41344897929507,747.7531693038269,81.63030209601611,44.76388375725353,30.33973510907275,0.5532347233132553,27.67461987360553,14.006772605135442,28.52929343783773,CRUISE,SENSOR_DRIFT,True,0.006,1.0,DRIFT:cht,42,91.75,3600.0,-2.689194,-4.28501,0.924493,0.099918,4.773008,-0.041904
2026-01-01T00:10:13Z,AE300_CLASS-SIM-01,AE300_CLASS,LONG_ENDURANCE_LOITER,3575.3681206834367,-8.213009433158424,1649.9063346798264,0.5575708465900223,73.1172846818712,756.4672315299644,80.64463174385209,47.15842804887477,30.21365832002788,0.629588485623252,27.701426323104684,13.496806433411235,28.683809944889454,CRUISE,SENSOR_DRIFT,True,0.0065,1.0,DRIFT:cht,42,91.75,3600.0,1.068454,4.519552,-0.052738,-0.017509,3.456522,0.034611
2026-01-01T00:10:14Z,AE300_CLASS-SIM-01,AE300_CLASS,LONG_ENDURANCE_LOITER,3573.243372139099,-8.353988927451628,1649.070658040141,0.5583228821225201,72.16378337333916,751.8313875123372,80.66002301100586,45.37126056029888,30.25498634857743,0.5661635672451372,27.788077770059182,13.392752220748134,28.56344398495104,CRUISE,SENSOR_DRIFT,True,0.007,1.0,DRIFT:cht,42,91.78,3600.0,0.170049,-0.11686,-0.038439,-0.000832,2.581139,-0.029031
2026-01-01T00:10:15Z,AE300_CLASS-SIM-01,AE300_CLASS,LONG_ENDURANCE_LOITER,3572.726235327983,-7.921577503002833,1637.2079629242564,0.5588063900505177,72.57825734575671,752.9342852237031,81.25369932371264,46.712893484105685,30.21578143502635,0.6038060405713706,27.60718495094478,13.843451447308205,28.531471912676906,CRUISE,SENSOR_DRIFT,True,0.0075,1.0,DRIFT:cht,42,91.86,3600.0,0.078707,0.447089,0.549751,-0.058621,-9.481061,0.0084
2026-01-01T00:10:16Z,AE300_CLASS-SIM-01,AE300_CLASS,LONG_ENDURANCE_LOITER,3573.457800098433,-8.482098709015432,1649.167278182648,0.5544856504876366,72.44531426671783,748.5427792326658,80.31182376901826,46.656594333788334,30.274356770509986,0.6467249506753474,27.744081760446438,13.58004349414652,28.874832029506223,CRUISE,SENSOR_DRIFT,True,0.008,1.0,DRIFT:cht,42,91.88,3600.0,1.184413,-2.444817,-0.35546,0.163872,3.811497,0.053059
2026-01-01T00:10:17Z,AE300_CLASS-SIM-01,AE300_CLASS,LONG_ENDURANCE_LOITER,3571.7916405056303,-8.119019293252606,1642.7640771030638,0.5559424300177517,73.04855488247861,754.599657063725,81.10285040438569,45.85333669883152,30.24324228837056,0.6186553655659457,27.693786882167593,13.972473630854795,28.680002175567783,CRUISE,SENSOR_DRIFT,True,0.008499999999999999,1.0,DRIFT:cht,42,91.91,3600.0,1.258438,3.00245,0.449382,0.089767,-2.089336,0.024775
2026-01-01T00:10:18Z,AE300_CLASS-SIM-01,AE300_CLASS,LONG_ENDURANCE_LOITER,3575.5065999791836,-8.47665692855832,1645.182797937377,0.5549595797395815,72.60665701543151,756.5279969633775,80.47445893535587,45.77450399401115,30.27695751712122,0.5018344026023258,27.660695544946638,13.91759356058595,28.21426904678613,CRUISE,SENSOR_DRIFT,True,0.009,1.0,DRIFT:cht,42,91.82,3600.0,1.309405,5.51519,-0.158517,0.162965,1.074584,-0.091503
2026-01-01T00:10:19Z,AE300_CLASS-SIM-01,AE300_CLASS,LONG_ENDURANCE_LOITER,3573.029736755337,-8.069088475709979,1653.0069639518588,0.5584001516062553,73.39100222256863,752.5096857827225,80.93454231368841,45.393668319072994,30.234760846537306,0.5663608380584157,27.73206294417014,14.262878880595201,28.85522119794506,CRUISE,SENSOR_DRIFT,True,0.0095,1.0,DRIFT:cht,42,91.77,3600.0,1.189178,0.379606,0.28425,-0.003058,8.269048,-0.028184
2026-01-01T00:10:20Z,AE300_CLASS-SIM-01,AE300_CLASS,LONG_ENDURANCE_LOITER,3574.135311604958,-8.37892469176335,1654.809076887616,0.5586635719809404,72.66850639332233,750.1100273214763,80.87298090040157,44.735122052545165,30.262099905665174,0.6568029834375017,27.746709079414508,14.017140680014098,28.44034709057512,CRUISE,SENSOR_DRIFT,True,0.01,1.0,DRIFT:cht,42,91.67,3600.0,0.698625,-1.804833,0.207268,0.007732,9.510419,0.061962
2026-01-01T00:10:21Z,AE300_CLASS-SIM-01,AE300_CLASS,LONG_ENDURANCE_LOITER,3575.295995196419,-7.9165477383913405,1639.6742579708039,0.5573816368541795,74.07613042605051,753.5889771517402,81.79432017137553,45.030304087524996,30.160915203298266,0.6497743086685323,27.633575760867558,13.743725684249481,28.63721940943892,CRUISE,SENSOR_DRIFT,True,0.0105,1.0,DRIFT:cht,42,91.53,3600.0,1.816029,1.460961,1.12919,-0.049977,-5.603188,0.0553
2026-01-01T00:10:22Z,AE300_CLASS-SIM-01,AE300_CLASS,LONG_ENDURANCE_LOITER,3576.806509462604,-8.147001218937625,1648.8382735724824,0.5566193806684392,73.81525657361854,763.1101162778187,80.98614447177954,45.73359932803667,30.13867346573077,0.565937586529885,27.672806146065597,13.640548836985978,28.644070807109962,CRUISE,SENSOR_DRIFT,True,0.011,1.0,DRIFT:cht,42,91.43,3600.0,1.892056,11.375422,0.328936,-0.043829,3.848885,-0.028218
2026-01-01T00:10:23Z,AE300_CLASS-SIM-01,AE300_CLASS,LONG_ENDURANCE_LOITER,3578.1720746202614,-8.05370779067744,1644.4112724550555,0.5549319249591531,73.97153242548991,751.6772655583814,79.8949600989131,46.25007866903448,30.27433144599863,0.4853939668126311,27.648316020248064,13.765965744883783,28.756075233077745,CRUISE,SENSOR_DRIFT,True,0.011499999999999998,1.0,DRIFT:cht,42,91.21,3600.0,2.221405,0.229925,-0.740068,0.158242,0.228424,-0.10798
2026-01-01T00:10:24Z,AE300_CLASS-SIM-01,AE300_CLASS,LONG_ENDURANCE_LOITER,3574.9839558806398,-8.367245527720332,1650.4975707428637,0.5563360825260989,72.93482923720359,748.6791840336834,80.06015325620892,46.282127197284666,30.224186747926165,0.6360059519080288,27.659938137491192,13.558743607761567,28.84942256657616,CRUISE,SENSOR_DRIFT,True,0.012,1.0,DRIFT:cht,42,91.02,3600.0,1.337927,-2.70993,-0.571873,0.063616,6.423885,0.042293
2026-01-01T00:10:25Z,AE300_CLASS-SIM-01,AE300_CLASS,LONG_ENDURANCE_LOITER,3573.7256628641094,-8.056346550188563,1654.5352056998615,0.5589171487255019,71.33321268208572,749.4819732459748,80.57099590270666,44.535000261418375,30.147579529154086,0.6234440915000359,27.707159474776436,13.48057621177463,28.746149183774488,CRUISE,SENSOR_DRIFT,True,0.012499999999999999,1.0,DRIFT:cht,42,90.88,3600.0,-0.970754,-2.775826,-0.083305,-0.110331,9.651554,0.028692
2026-01-01T00:10:26Z,AE300_CLASS-SIM-01,AE300_CLASS,LONG_ENDURANCE_LOITER,3576.944081221236,-8.019224132520504,1649.1599168204903,0.5592383742286808,72.8447681461198,754.4888553948116,80.08313622704848,45.52793699989676,30.19918812616891,0.5833979108316381,27.69888462918428,13.983936228294517,28.702985638045256,CRUISE,SENSOR_DRIFT,True,0.013,1.0,DRIFT:cht,42,90.86,3600.0,0.386302,2.068716,-0.590474,-0.080672,3.574107,-0.011734
2026-01-01T00:10:27Z,AE300_CLASS-SIM-01,AE300_CLASS,LONG_ENDURANCE_LOITER,3576.2497356933195,-8.357707996825253,1652.740555453929,0.5577449201786823,70.89757464677156,751.1795444475601,79.87467210073966,45.657120840693,30.18587052630247,0.5684512613310478,27.74445682641258,13.444949979255696,28.749522225212477,CRUISE,SENSOR_DRIFT,True,0.0135,1.0,DRIFT:cht,42,90.87,3600.0,-1.00089,-0.605848,-0.79969,-0.042251,7.127403,-0.026261
2026-01-01T00:10:28Z,AE300_CLASS-SIM-01,AE300_CLASS,LONG_ENDURANCE_LOITER,3580.0477390090746,-8.087399713432394,1644.7237748949885,0.5547015596908503,70.44829777904708,750.5463422724891,80.34682469490474,45.0110772042805,30.174441053539926,0.5896367761620561,27.70042495265974,13.41863144339482,28.540642941985915,CRUISE,SENSOR_DRIFT,True,0.014,1.0,DRIFT:cht,42,90.97,3600.0,-1.274838,-0.85575,-0.298699,0.060317,0.159264,-0.003828
2026-01-01T00:10:29Z,AE300_CLASS-SIM-01,AE300_CLASS,LONG_ENDURANCE_LOITER,3576.780693895968,-8.279954092144802,1657.6838079837596,0.5573584325793871,70.11851836017829,752.8464140626818,80.89834183111108,45.51196973962466,30.117462905828933,0.6732859834673011,27.638164775228784,13.986376276197044,28.672403342681193,CRUISE,SENSOR_DRIFT,True,0.014499999999999999,1.0,DRIFT:cht,42,90.97,3600.0,-1.763682,1.118199,0.24907,-0.087118,12.983022,0.07903
2026-01-01T00:10:30Z,AE300_CLASS-SIM-01,AE300_CLASS,LONG_ENDURANCE_LOITER,3578.173943096272,-7.996244038647629,1648.644612026336,0.5557008533640948,73.6511821417799,749.8852487996675,80.72321245296496,44.51484421189753,30.124516985495468,0.5964215547753628,27.695627258217975,13.275601943407997,28.71640514340719,CRUISE,SENSOR_DRIFT,True,0.015,1.0,DRIFT:cht,42,91.05,3600.0,1.730857,-1.77422,0.086977,-0.018573,4.417858,0.002812
2026-01-01T00:10:31Z,AE300_CLASS-SIM-01,AE300_CLASS,LONG_ENDURANCE_LOITER,3576.2961090603553,-8.061960939063468,1642.1336890362857,0.5544951797033243,72.30914573918471,749.0636920440119,81.21745491469149,45.6100528985328,30.173660722010624,0.6206758384762722,27.640649551493997,13.39774776044492,28.702481072978347,CRUISE,SENSOR_DRIFT,True,0.0155,1.0,DRIFT:cht,42,91.15,3600.0,0.686071,-2.233109,0.602106,0.082463,-1.333558,0.027711
2026-01-01T00:10:32Z,AE300_CLASS-SIM-01,AE300_CLASS,LONG_ENDURANCE_LOITER,3576.1282717157646,-8.420557078617975,1650.3390346004724,0.5577167948866345,70.57782959977597,749.8723936917327,80.23656871532712,47.115110797223274,30.233369712730806,0.5750424181637318,27.703838896907545,13.375812938958356,28.539747734208,CRUISE,SENSOR_DRIFT,True,0.016,1.0,DRIFT:cht,42,91.25,3600.0,-1.173405,-1.735696,-0.393274,0.025232,6.344738,-0.019041
2026-01-01T00:10:33Z,AE300_CLASS-SIM-01,AE300_CLASS,LONG_ENDURANCE_LOITER,3578.187597929216,-8.189362357325079,1643.6838330742964,0.5570869361123376,72.30685415550067,751.1247842289432,80.50680077471858,45.23855165221213,30.18917341269591,0.6124027869483344,27.688669137382856,13.427264828278194,28.490221823008344,CRUISE,SENSOR_DRIFT,True,0.0165,1.0,DRIFT:cht,42,91.39,3600.0,0.383201,-0.610964,-0.127717,-0.000947,-0.48044,0.018421
2026-01-01T00:10:34Z,AE300_CLASS-SIM-01,AE300_CLASS,LONG_ENDURANCE_LOITER,3578.8811509917505,-8.038087388737749,1645.3172619817974,0.5556918146901976,72.49386866377063,748.3765290919121,81.22590914859077,45.755119445259865,30.131338111909905,0.5863459442512137,27.65959698384832,14.172520295692074,28.609141354025017,CRUISE,SENSOR_DRIFT,True,0.016999999999999998,1.0,DRIFT:cht,42,91.58,3600.0,0.628859,-3.214778,0.601112,-0.007177,1.506463,-0.007106
2026-01-01T00:10:35Z,AE300_CLASS-SIM-01,AE300_CLASS,LONG_ENDURANCE_LOITER,3578.768402154527,-8.1744208294821,1638.9492965494956,0.5568268128716644,72.55620218764427,747.1850382741479,80.74741664628574,45.55325452400646,30.175552212178,0.5953907377139939,27.69098889157407,14.178397840526804,28.461967645360193,CRUISE,SENSOR_DRIFT,True,0.017499999999999998,1.0,DRIFT:cht,42,91.82,3600.0,0.659728,-4.501411,0.119299,-0.003369,-4.982255,0.001569
2026-01-01T00:10:36Z,AE300_CLASS-SIM-01,AE300_CLASS,LONG_ENDURANCE_LOITER,3578.2746502846285,-8.162128417776787,1647.3854551018048,0.5572824474703205,75.77629676521398,753.2328701163069,81.13944379407677,45.32677911430384,30.104428489591314,0.5795787822632686,27.709044168119405,13.89741901023888,28.698797875462077,CRUISE,SENSOR_DRIFT,True,0.018,1.0,DRIFT:cht,42,92.04,3600.0,3.795392,1.429668,0.504414,-0.092715,3.202562,-0.014466
2026-01-01T00:10:37Z,AE300_CLASS-SIM-01,AE300_CLASS,LONG_ENDURANCE_LOITER,3578.7188874602084,-8.319833019084571,1642.644286796355,0.5577368296882093,73.2868030406041,748.6726474831993,80.97039455817037,45.030315631646246,30.188387835936812,0.5850202797300196,27.7431409689292,13.64812425683203,28.66451838167393,CRUISE,SENSOR_DRIFT,True,0.0185,1.0,DRIFT:cht,42,92.26,3600.0,1.376434,-3.087516,0.325923,-0.028786,-1.881969,-0.009288
2026-01-01T00:10:38Z,AE300_CLASS-SIM-01,AE300_CLASS,LONG_ENDURANCE_LOITER,3580.2028190292685,-8.396497867922472,1643.277603823889,0.555678951442875,71.5231114165025,750.2357349293541,81.12456565748819,45.070299095043545,30.19048662201636,0.6077511903843152,27.62457388910695,13.927473679541448,28.425116082711476,CRUISE,SENSOR_DRIFT,True,0.019,1.0,DRIFT:cht,42,92.49,3600.0,-0.009372,-1.018033,0.492587,0.048291,-0.794348,0.014195
2026-01-01T00:10:39Z,AE300_CLASS-SIM-01,AE300_CLASS,LONG_ENDURANCE_LOITER,3580.4875922877022,-8.34312420101508,1643.730491916849,0.553547803737111,72.34737808843484,754.039257512789,80.2578433888513,45.05861396650839,30.18002933012979,0.615112922598988,27.58302958966424,14.374521170367203,28.715842568310524,CRUISE,SENSOR_DRIFT,True,0.0195,1.0,DRIFT:cht,42,92.67,3600.0,1.116994,3.22291,-0.344521,0.123506,0.73544,0.022574
2026-01-01T00:10:40Z,AE300_CLASS-SIM-01,AE300_CLASS,LONG_ENDURANCE_LOITER,3580.843357791659,-8.29021793568617,1630.5687667430059,0.5574100501831065,71.45074931580427,752.9436438728906,80.51933615421075,45.77267846046087,30.1025025129223,0.6323632887871165,27.632805268969175,14.441746712765532,28.971668345596978,CRUISE,SENSOR_DRIFT,True,0.02,1.0,DRIFT:cht,42,92.8,3600.0,-0.416249,1.277609,-0.09681,-0.093128,-12.927455,0.038529
2026-01-01T00:10:41Z,AE300_CLASS-SIM-01,AE300_CLASS,LONG_ENDURANCE_LOITER,3582.4995544287044,-8.079006434962105,1642.8487251806305,0.558317941896343,72.05767755150558,747.0476265753434,81.29105613774112,46.525485008517364,30.14337248387152,0.5382681887079257,27.656836073515475,13.219909044322293,28.77715470577955,CRUISE,SENSOR_DRIFT,True,0.020499999999999997,1.0,DRIFT:cht,42,92.82,3600.0,-0.203236,-5.061805,0.656219,-0.092839,-1.327166,-0.056095
2026-01-01T00:10:42Z,AE300_CLASS-SIM-01,AE300_CLASS,LONG_ENDURANCE_LOITER,3577.8980668527342,-8.228945066447697,1637.4190348657141,0.553055684019092,72.48978242935797,750.4396797569628,80.98861952569615,44.48415919177525,30.09606479356073,0.4858932804164213,27.59285390440088,14.30388748808107,28.94734886500678,CRUISE,SENSOR_DRIFT,True,0.021,1.0,DRIFT:cht,42,92.67,3600.0,1.248696,-0.37742,0.388204,0.059415,-5.505162,-0.106463
2026-01-01T00:10:43Z,AE300_CLASS-SIM-01,AE300_CLASS,LONG_ENDURANCE_LOITER,3580.6946448633917,-8.397185425997089,1641.1200726600944,0.5575804817383061,71.50842945329643,752.0165369835186,80.60251319359288,45.073772584125756,30.106183256923742,0.6064723241243117,27.641095918438044,13.898125824728574,28.563488857916262,CRUISE,SENSOR_DRIFT,True,0.021500000000000002,1.0,DRIFT:cht,42,92.61,3600.0,-0.274684,0.424153,-0.013786,-0.09526,-2.381722,0.012589
2026-01-01T00:10:44Z,AE300_CLASS-SIM-01,AE300_CLASS,LONG_ENDURANCE_LOITER,3580.9991317650533,-8.067658140327243,1641.9161998866716,0.5575971844379598,69.8447073995902,750.0109916153382,80.61753234507388,47.18773434286332,30.016409153518975,0.5888791518023565,27.738382671213888,13.525278366051309,28.601716476738194,CRUISE,SENSOR_DRIFT,True,0.022,1.0,DRIFT:cht,42,92.6,3600.0,-2.2954,-1.945213,-0.010935,-0.191029,-2.02808,-0.005181
2026-01-01T00:10:45Z,AE300_CLASS-SIM-01,AE300_CLASS,LONG_ENDURANCE_LOITER,3581.5582145381895,-8.249217656335519,1653.938268822494,0.5565787658019646,73.8976703718535,750.2968323285648,80.26865514103098,45.356678691652874,30.060711857182515,0.6149023381950164,27.66462366703485,13.557425494844674,28.707857679149978,CRUISE,SENSOR_DRIFT,True,0.0225,1.0,DRIFT:cht,42,92.61,3600.0,2.080042,-1.278305,-0.359362,-0.111913,10.010383,0.021136
2026-01-01T00:10:46Z,AE300_CLASS-SIM-01,AE300_CLASS,LONG_ENDURANCE_LOITER,3579.5975576461697,-8.16296002145698,1639.5138472921783,0.557924253494249,71.65822281377103,753.051052248672,80.67951381601729,46.17650036689869,30.133106928023572,0.5182271501769564,27.720354208566647,13.730835175904598,28.750902971680983,CRUISE,SENSOR_DRIFT,True,0.022999999999999996,1.0,DRIFT:cht,42,92.53,3600.0,-0.439383,1.10213,0.038782,-0.089658,-4.876395,-0.076088
2026-01-01T00:10:47Z,AE300_CLASS-SIM-01,AE300_CLASS,LONG_ENDURANCE_LOITER,3582.6010262809596,-8.396171239828465,1636.342976918883,0.556841013233201,71.77177454742565,753.8805583958756,80.51533955647716,46.409722681934326,30.14816076269898,0.6059746359050363,27.66498569558331,13.825046435242829,28.810820132657526,CRUISE,SENSOR_DRIFT,True,0.0235,1.0,DRIFT:cht,42,92.52,3600.0,0.030955,2.36774,-0.124259,-0.039268,-8.006065,0.011966
2026-01-01T00:10:48Z,AE300_CLASS-SIM-01,AE300_CLASS,LONG_ENDURANCE_LOITER,3581.736858630187,-8.202142015265602,1642.955403258473,0.5557037535400364,74.40364945234123,754.6002535091276,80.628080991768,45.71775117105087,30.07690295002814,0.5851677746499783,27.692265732654853,14.008680536836698,28.74369204825382,CRUISE,SENSOR_DRIFT,True,0.024,1.0,DRIFT:cht,42,92.56,3600.0,2.662457,3.149436,-0.000123,-0.065805,-0.979274,-0.008353
2026-01-01T00:10:49Z,AE300_CLASS-SIM-01,AE300_CLASS,LONG_ENDURANCE_LOITER,3580.40681848685,-8.136912186357801,1641.8938071647553,0.5534048051674328,73.89773337218428,755.3094453997246,80.70785477236424,46.13358081146671,30.1613151268051,0.6556969797408052,27.708956240874155,13.353368496215982,28.932196787330888,CRUISE,SENSOR_DRIFT,True,0.024499999999999997,1.0,DRIFT:cht,42,92.51,3600.0,2.490002,4.325592,0.10969,0.111552,-0.948543,0.063257
2026-01-01T00:10:50Z,AE300_CLASS-SIM-01,AE300_CLASS,LONG_ENDURANCE_LOITER,3583.9217176574525,-8.361529640891924,1635.1921898355622,0.5563126571638385,71.79591347145234,752.1131077644966,80.92052112548198,45.04527192693205,30.044554996204553,0.6101848081390444,27.658441665433752,13.793682445169711,28.428643393674164,CRUISE,SENSOR_DRIFT,True,0.024999999999999998,1.0,DRIFT:cht,42,92.52,3600.0,0.147993,0.755215,0.31851,-0.109817,-7.790042,0.016842
2026-01-01T00:10:51Z,AE300_CLASS-SIM-01,AE300_CLASS,LONG_ENDURANCE_LOITER,3582.1974834890457,-8.179499640586423,1646.5254375431855,0.5536505567855262,70.63612671169709,751.2101174468512,80.83527228337432,45.86678791111512,30.0770454940365,0.6061608268052998,27.73981507936774,13.809576056146817,28.384586926044022,CRUISE,SENSOR_DRIFT,True,0.025500000000000002,1.0,DRIFT:cht,42,92.57,3600.0,-0.753012,0.255681,0.255055,0.024933,4.335705,0.01389
2026-01-01T00:10:52Z,AE300_CLASS-SIM-01,AE300_CLASS,LONG_ENDURANCE_LOITER,3583.1330833354336,-7.9817902927019455,1633.1565211713062,0.5552109644751733,71.857853762089,751.4113115215745,80.66704053265487,46.4870069686671,30.109115998263636,0.650171162364435,27.674958316121014,13.64117076874835,28.528598449124132,CRUISE,SENSOR_DRIFT,True,0.026,1.0,DRIFT:cht,42,92.56,3600.0,0.039759,-0.047659,0.088883,0.003414,-8.958311,0.057478
2026-01-01T00:10:53Z,AE300_CLASS-SIM-01,AE300_CLASS,LONG_ENDURANCE_LOITER,3580.355177537128,-8.248658040736379,1656.430607981674,0.5559922285303293,73.04208138146798,749.963213423439,80.46649663789206,46.3506180124991,30.220804843328683,0.6595879003849804,27.71181801070123,13.754936336207876,28.659850536847706,CRUISE,SENSOR_DRIFT,True,0.0265,1.0,DRIFT:cht,42,92.47,3600.0,1.398948,-1.385688,-0.118002,0.087806,14.085191,0.066601
2026-01-01T00:10:54Z,AE300_CLASS-SIM-01,AE300_CLASS,LONG_ENDURANCE_LOITER,3582.203072354191,-8.508891794862066,1634.0493687830408,0.5550996000690439,71.76694044010374,746.9821280359628,80.55647080483003,45.23864916686202,30.0261668248777,0.5759079543680382,27.66671378960693,13.557579592307551,28.766810050516035,CRUISE,SENSOR_DRIFT,True,0.027,1.0,DRIFT:cht,42,92.44,3600.0,0.498295,-3.929372,-0.024077,-0.075954,-8.152374,-0.016781
2026-01-01T00:10:55Z,AE300_CLASS-SIM-01,AE300_CLASS,LONG_ENDURANCE_LOITER,3580.7315062427188,-8.591177929414727,1641.844311329162,0.555116496803027,72.66923117862424,749.5643044395233,80.15702033575396,45.49873865344965,30.066297906810487,0.6622999952147004,27.666526504845855,13.724794971088954,28.99853909579549,CRUISE,SENSOR_DRIFT,True,0.027499999999999997,1.0,DRIFT:cht,42,92.34,3600.0,1.501665,-1.2554,-0.420976,-0.034122,-0.264643,0.069651
2026-01-01T00:10:56Z,AE300_CLASS-SIM-01,AE300_CLASS,LONG_ENDURANCE_LOITER,3583.546243498288,-8.211525965169631,1646.2298326479847,0.5563112881359213,72.51730663168287,751.5930517184158,80.61205626231941,45.01100520126396,30.108578869292998,0.6837266224358355,27.72786655749245,13.830105915996517,28.75501771659175,CRUISE,SENSOR_DRIFT,True,0.028,1.0,DRIFT:cht,42,92.16,3600.0,0.750889,0.1242,0.025311,-0.038966,3.802735,0.090598
2026-01-01T00:10:57Z,AE300_CLASS-SIM-01,AE300_CLASS,LONG_ENDURANCE_LOITER,3582.787145227813,-8.335667732220864,1648.2249735253697,0.5577470616596437,71.13606941084728,749.6731192368835,81.54534478418758,45.57806496072865,30.194704913132043,0.6016819223628035,27.68923017980172,13.645463446142903,28.76744341308612,CRUISE,SENSOR_DRIFT,True,0.028499999999999998,1.0,DRIFT:cht,42,92.08,3600.0,-0.740016,-2.000671,0.938284,-0.010269,5.059121,0.007867
2026-01-01T00:10:58Z,AE300_CLASS-SIM-01,AE300_CLASS,LONG_ENDURANCE_LOITER,3586.38010066889,-8.45348265775345,1639.0072309778136,0.5565271267457181,71.96700501651601,749.6225579784236,81.01483955243353,46.429821231033046,30.054580430434616,0.6018656257654907,27.63098766513103,13.466646852776547,28.64410184462677,CRUISE,SENSOR_DRIFT,True,0.028999999999999998,1.0,DRIFT:cht,42,92.08,3600.0,0.337478,-1.71698,0.404537,-0.112709,-4.276492,0.008331
2026-01-01T00:10:59Z,AE300_CLASS-SIM-01,AE300_CLASS,LONG_ENDURANCE_LOITER,3584.6430697773294,-8.444905151133332,1636.3469298229622,0.552491123381301,72.72421943389537,745.4715201044797,80.10215579733905,43.90402902831236,30.10295626067034,0.511121916761036,27.680539514450796,14.225328954472047,28.8759090979078,CRUISE,SENSOR_DRIFT,True,0.0295,1.0,DRIFT:cht,42,91.94,3600.0,1.748425,-4.987687,-0.472965,0.090898,-5.65748,-0.080763
2026-01-01T00:11:00Z,AE300_CLASS-SIM-01,AE300_CLASS,LONG_ENDURANCE_LOITER,3582.139623494717,-8.256753711270507,1634.320312899407,0.5521591824740341,71.98235461674888,754.3969994373881,80.82403207268608,44.87530312004184,30.11637344030782,0.49121385167295734,27.64909620519787,13.484485120494327,28.636059068351408,CRUISE,SENSOR_DRIFT,True,0.03,1.0,DRIFT:cht,42,91.7,3600.0,0.946018,3.897115,0.278279,0.13013,-6.616169,-0.100154
2026-01-01T00:11:01Z,AE300_CLASS-SIM-01,AE300_CLASS,LONG_ENDURANCE_LOITER,3584.79676815552,-8.324377229699547,1639.904442166636,0.5545145114516751,72.82926031539147,751.352787191684,80.42304735165587,45.82030274070885,30.119895496568642,0.5670953672057684,27.676781619617728,14.078405597285615,28.458313849836635,CRUISE,SENSOR_DRIFT,True,0.0305,1.0,DRIFT:cht,42,91.55,3600.0,1.493365,0.446238,-0.122032,0.050779,-1.00753,-0.02495
2026-01-01T00:11:02Z,AE300_CLASS-SIM-01,AE300_CLASS,LONG_ENDURANCE_LOITER,3588.0605886479193,-8.505671226008914,1638.5942957274694,0.5524935594001874,74.96862021857487,749.5021581363168,80.32244729972449,45.159324295888375,30.072321243372727,0.5772724635046033,27.67378594945276,12.669251897222363,28.63171893662573,CRUISE,SENSOR_DRIFT,True,0.031,1.0,DRIFT:cht,42,91.47,3600.0,4.10296,-0.79101,-0.202452,0.078546,-1.583879,-0.013937
2026-01-01T00:11:03Z,AE300_CLASS-SIM-01,AE300_CLASS,LONG_ENDURANCE_LOITER,3585.6327705382905,-8.150654074327534,1650.059645997532,0.5539427656953982,73.18263855659565,747.8040253082102,80.88995008660159,44.98350054587548,29.99176052522569,0.5836366698893564,27.735064013402138,13.780498009178322,28.84703521613826,CRUISE,SENSOR_DRIFT,True,0.0315,1.0,DRIFT:cht,42,91.47,3600.0,1.783419,-3.115653,0.366267,-0.049344,9.925705,-0.007954
2026-01-01T00:11:04Z,AE300_CLASS-SIM-01,AE300_CLASS,LONG_ENDURANCE_LOITER,3584.735486787862,-8.150903142398608,1636.2154726776764,0.5546930815854028,72.40045461899459,752.7174762026913,80.65429958476432,44.83744259663393,30.111918396319712,0.6698485295924743,27.65563667358407,13.173808400507735,28.69687698496271,CRUISE,SENSOR_DRIFT,True,0.032,1.0,DRIFT:cht,42,91.38,3600.0,0.892757,1.639069,0.1243,0.043086,-4.148131,0.077962
2026-01-01T00:11:05Z,AE300_CLASS-SIM-01,AE300_CLASS,LONG_ENDURANCE_LOITER,3585.6143405200332,-8.329387650615518,1644.5582130322312,0.5532538818070155,71.76648613391833,750.561847932416,81.1996759125014,45.48695332426166,29.98121747769362,0.5380452792216818,27.684501703384285,13.383731508749555,28.38705060535603,CRUISE,SENSOR_DRIFT,True,0.0325,1.0,DRIFT:cht,42,91.29,3600.0,0.649726,-0.037082,0.678598,-0.035094,4.518998,-0.053313
2026-01-01T00:11:06Z,AE300_CLASS-SIM-01,AE300_CLASS,LONG_ENDURANCE_LOITER,3587.3169403500374,-8.20868887593334,1637.9723910335917,0.5546782276732125,72.35777915272381,752.5058418705794,80.80724449297125,43.24211879668966,30.037186175851087,0.6151013329520033,27.662457940003375,13.73160279646468,28.733418227293026,CRUISE,SENSOR_DRIFT,True,0.033,1.0,DRIFT:cht,42,91.25,3600.0,0.885365,1.482861,0.279877,-0.03213,-2.295528,0.02324
2026-01-01T00:11:07Z,AE300_CLASS-SIM-01,AE300_CLASS,LONG_ENDURANCE_LOITER,3586.73754946604,-8.086817137919821,1648.3226307904417,0.5537780232092087,71.85298887567585,742.8150468832287,80.38500150457229,44.30240570094659,30.061148414168176,0.5986106656809452,27.706654132096467,14.137925452196196,28.616289940198595,CRUISE,SENSOR_DRIFT,True,0.033499999999999995,1.0,DRIFT:cht,42,91.26,3600.0,0.400892,-8.141268,-0.138788,0.024762,8.184822,0.007059
2026-01-01T00:11:08Z,AE300_CLASS-SIM-01,AE300_CLASS,LONG_ENDURANCE_LOITER,3590.2893113365717,-8.27977874786348,1631.1465947469087,0.5528152501891738,71.62310663337703,752.4307989668525,80.10248555622726,45.195050151365336,30.034471060560538,0.5715018921180532,27.71122021641644,13.909503243252322,28.794632572484264,CRUISE,SENSOR_DRIFT,True,0.033999999999999996,1.0,DRIFT:cht,42,91.32,3600.0,0.484073,1.87117,-0.408822,0.033552,-8.537303,-0.019624
2026-01-01T00:11:09Z,AE300_CLASS-SIM-01,AE300_CLASS,LONG_ENDURANCE_LOITER,3586.6246743495453,-8.135908743640691,1630.654514604298,0.5510868677616567,70.5269641618956,750.7755260267338,81.06663874312878,44.932154503552475,30.01179101634411,0.581882370840937,27.70162042646197,13.572001961964137,28.539052129061446,CRUISE,SENSOR_DRIFT,True,0.0345,1.0,DRIFT:cht,42,91.44,3600.0,-0.422409,0.488969,0.580362,0.083762,-8.119181,-0.008383
2026-01-01T00:11:10Z,AE300_CLASS-SIM-01,AE300_CLASS,LONG_ENDURANCE_LOITER,3585.3556444787005,-8.403687459605857,1648.3291134045928,0.5539697308048358,71.14032506447366,754.1878285326619,80.25904315525916,46.64658336333915,30.120868490024606,0.5940595579691663,27.618709021892144,14.40032267396969,28.676573274679598,CRUISE,SENSOR_DRIFT,True,0.034999999999999996,1.0,DRIFT:cht,42,91.6,3600.0,0.044633,3.587363,-0.235595,0.091326,9.251352,0.002866
2026-01-01T00:11:11Z,AE300_CLASS-SIM-01,AE300_CLASS,LONG_ENDURANCE_LOITER,3587.140432089182,-8.176151519854448,1644.8873897957346,0.5563339979118941,71.23831394050549,751.5952448643679,79.98556832927088,46.001651434182044,30.031535107357985,0.6041203128166533,27.672740716577238,13.636358989703426,28.487664406589225,CRUISE,SENSOR_DRIFT,True,0.0355,1.0,DRIFT:cht,42,91.79,3600.0,-0.494556,0.225328,-0.537324,-0.092663,4.782214,0.011851
2026-01-01T00:11:12Z,AE300_CLASS-SIM-01,AE300_CLASS,LONG_ENDURANCE_LOITER,3589.064433200814,-8.097756515700905,1635.9589831513208,0.5547434446463059,72.65843547991986,750.7030888578828,79.82906261573739,44.324555754721004,29.982312978129404,0.49515555088128976,27.734859638354198,13.820149961247179,28.612822164843383,CRUISE,SENSOR_DRIFT,True,0.036,1.0,DRIFT:cht,42,91.81,3600.0,1.04298,-0.455546,-0.699951,-0.091368,-4.36879,-0.096758
2026-01-01T00:11:13Z,AE300_CLASS-SIM-01,AE300_CLASS,LONG_ENDURANCE_LOITER,3584.8459594024116,-8.596434163606594,1639.7236655479903,0.5575015859915741,71.1855905794444,753.0759468819009,80.29689543634198,45.47351340726362,30.098313299274253,0.5757788127914987,27.650877917546236,14.13344372542424,28.62356725764217,CRUISE,SENSOR_DRIFT,True,0.0365,1.0,DRIFT:cht,42,91.87,3600.0,-0.33523,1.815382,-0.263569,-0.080102,-1.747752,-0.017331
2026-01-01T00:11:14Z,AE300_CLASS-SIM-01,AE300_CLASS,LONG_ENDURANCE_LOITER,3590.020646019718,-8.42728228350265,1649.471170554071,0.5540321030339177,72.65628377858906,751.0027737469269,80.28220866311352,45.4207764099905,29.995137534684254,0.634462087259509,27.670303532979126,13.257254167603252,28.36423730955847,CRUISE,SENSOR_DRIFT,True,0.037,1.0,DRIFT:cht,42,91.91,3600.0,1.423478,0.257028,-0.268476,-0.064016,8.355377,0.042445
2026-01-01T00:11:15Z,AE300_CLASS-SIM-01,AE300_CLASS,LONG_ENDURANCE_LOITER,3586.0462864078827,-8.23344075000327,1631.448318962147,0.5540092624607681,72.26583913195921,750.4299286205021,80.7037756929205,45.55241179582139,29.855370152501905,0.5766552624781938,27.695373651901132,14.196475165964445,28.868536820585586,CRUISE,SENSOR_DRIFT,True,0.0375,1.0,DRIFT:cht,42,91.99,3600.0,0.899644,-0.470631,0.159952,-0.19686,-9.417995,-0.015236
2026-01-01T00:11:16Z,AE300_CLASS-SIM-01,AE300_CLASS,LONG_ENDURANCE_LOITER,3586.844163118511,-8.380236572674692,1628.4304457205292,0.5563731034835535,73.40223828887054,751.5696615587416,80.57805704652044,46.5870374433148,30.086894744343166,0.6432662991260121,27.69658042888975,13.597806029702987,28.730054234151595,CRUISE,SENSOR_DRIFT,True,0.038,1.0,DRIFT:cht,42,92.0,3600.0,1.804221,0.305639,0.017357,-0.054437,-13.049556,0.050463
2026-01-01T00:11:17Z,AE300_CLASS-SIM-01,AE300_CLASS,LONG_ENDURANCE_LOITER,3590.365476999297,-8.358014812357988,1636.8189094836118,0.5555242022966923,74.24610968314883,748.4666118561954,80.38161592372333,45.707441570067616,30.039672775596383,0.5675836966548153,27.7535977687552,13.827387506043701,28.694110374829464,CRUISE,SENSOR_DRIFT,True,0.0385,1.0,DRIFT:cht,42,92.03,3600.0,2.700527,-2.678311,-0.183221,-0.077086,-4.811537,-0.025057
2026-01-01T00:11:18Z,AE300_CLASS-SIM-01,AE300_CLASS,LONG_ENDURANCE_LOITER,3592.032265516207,-8.398419849847295,1638.5430335034998,0.550675173723775,71.85593721577028,746.372829320932,80.8334887669483,45.76179336804408,29.990114587869613,0.586507016596981,27.70865931027505,13.35820471712057,28.644445420845617,CRUISE,SENSOR_DRIFT,True,0.039,1.0,DRIFT:cht,42,92.12,3600.0,1.104556,-3.680387,0.311468,0.056844,-1.530443,-0.004169
2026-01-01T00:11:19Z,AE300_CLASS-SIM-01,AE300_CLASS,LONG_ENDURANCE_LOITER,3590.6957293561527,-8.600043131813107,1643.8410296257666,0.5497579356795375,71.92435465319231,747.2612394196474,81.13783870929144,44.41689113819865,29.903989570822464,0.5969628360325001,27.661596245675753,13.24574680136107,28.69210992072855,CRUISE,SENSOR_DRIFT,True,0.03949999999999999,1.0,DRIFT:cht,42,92.24,3600.0,1.59313,-2.305529,0.656728,0.02048,5.255173,0.007122
2026-01-01T00:11:20Z,AE300_CLASS-SIM-01,AE300_CLASS,LONG_ENDURANCE_LOITER,3586.9117413053154,-8.489779580230904,1634.904344864212,0.5546347478146134,73.75857157643065,753.5834347047683,80.42162579511383,43.332880158235916,30.022714671151423,0.6570737197212739,27.727439693481244,13.834198109602266,28.43422964929064,CRUISE,SENSOR_DRIFT,True,0.04,1.0,DRIFT:cht,42,92.23,3600.0,2.632321,2.926282,-0.075038,-0.031797,-4.247061,0.065653
2026-01-01T00:11:21Z,AE300_CLASS-SIM-01,AE300_CLASS,LONG_ENDURANCE_LOITER,3589.3635546460723,-8.045912688672994,1628.8981774097965,0.5506588629982447,73.29701549762451,749.2653102059127,79.95563050920019,46.69051602865011,30.02318968159584,0.5736527664381598,27.632200797107817,14.30772062248307,28.608404737173764,CRUISE,SENSOR_DRIFT,True,0.0405,1.0,DRIFT:cht,42,92.24,3600.0,2.315778,-1.001565,-0.51495,0.114232,-9.304739,-0.01629
2026-01-01T00:11:22Z,AE300_CLASS-SIM-01,AE300_CLASS,LONG_ENDURANCE_LOITER,3592.500032497745,-8.203581230934846,1635.0533868400091,0.5518529056488084,73.94914419496881,754.544518079807,79.63962949946607,45.85470233733427,29.98451657514491,0.54427019946518,27.688445348790534,13.286805072583006,28.541521675791234,CRUISE,SENSOR_DRIFT,True,0.040999999999999995,1.0,DRIFT:cht,42,92.2,3600.0,2.935024,4.208556,-0.821746,0.035886,-2.814819,-0.045904
2026-01-01T00:11:23Z,AE300_CLASS-SIM-01,AE300_CLASS,LONG_ENDURANCE_LOITER,3589.458855057411,-8.414236366391076,1638.0837641590776,0.5507718969792194,74.11130447655093,751.8075778370691,81.28861648717651,45.24696995888705,29.95512551370549,0.66983437299504,27.654796830947856,13.63638216972478,28.71891458252296,CRUISE,SENSOR_DRIFT,True,0.0415,1.0,DRIFT:cht,42,92.05,3600.0,3.526319,1.948346,0.84381,0.05303,0.818079,0.080215
2026-01-01T00:11:24Z,AE300_CLASS-SIM-01,AE300_CLASS,LONG_ENDURANCE_LOITER,3589.052502196645,-8.234214888190042,1642.5519611447123,0.5552659233633483,73.22046706917276,754.0432411847145,80.4281947660141,44.64541720714644,30.110915791798554,0.5219403017728146,27.62080241401172,13.857594064786365,28.854072893092773,CRUISE,SENSOR_DRIFT,True,0.042,1.0,DRIFT:cht,42,91.86,3600.0,1.762796,3.050163,-0.046393,0.042315,4.203309,-0.069366
2026-01-01T00:11:25Z,AE300_CLASS-SIM-01,AE300_CLASS,LONG_ENDURANCE_LOITER,3591.4459424304873,-8.192654950095173,1624.382332879829,0.551652425227153,69.62451510716735,752.5653712707925,79.77845208226859,44.28819023270388,30.011422242258185,0.6383596400234063,27.67144793054422,13.857293490028944,28.690410748772322,CRUISE,SENSOR_DRIFT,True,0.042499999999999996,1.0,DRIFT:cht,42,91.66,3600.0,-1.362271,2.259348,-0.684291,0.069955,-13.535585,0.04823
2026-01-01T00:11:26Z,AE300_CLASS-SIM-01,AE300_CLASS,LONG_ENDURANCE_LOITER,3591.0910011249775,-8.508397741624854,1642.1916143345566,0.5538019489573077,73.22011758668202,751.2309271442774,79.94570283730931,45.95677489111976,29.976762235651908,0.5687903044820669,27.665964940175176,13.47735088127328,28.742486651401844,CRUISE,SENSOR_DRIFT,True,0.043000000000000003,1.0,DRIFT:cht,42,91.53,3600.0,2.224635,0.792162,-0.528336,-0.04299,3.862943,-0.022105
2026-01-01T00:11:27Z,AE300_CLASS-SIM-01,AE300_CLASS,LONG_ENDURANCE_LOITER,3589.5394945662965,-8.494856223554294,1635.820389031488,0.555727501696478,73.42568974778065,745.7397092548833,81.07645566860386,46.51264266885653,29.902669278908956,0.4769838181763372,27.674805228641365,14.019341863386533,28.847266963832954,CRUISE,SENSOR_DRIFT,True,0.0435,1.0,DRIFT:cht,42,91.26,3600.0,2.110032,-5.149937,0.575404,-0.19339,-3.49058,-0.114824
2026-01-01T00:11:28Z,AE300_CLASS-SIM-01,AE300_CLASS,LONG_ENDURANCE_LOITER,3590.61295102265,-8.084677881775304,1622.4106994148283,0.5516881411965839,71.50999090042603,753.5375312989032,81.0494073297754,46.17237555034336,29.888341761051333,0.629203253243087,27.69799949323409,13.179430940611958,28.29794320078861,CRUISE,SENSOR_DRIFT,True,0.044,1.0,DRIFT:cht,42,91.02,3600.0,0.383261,3.070588,0.566052,-0.062345,-16.256772,0.038783
2026-01-01T00:11:29Z,AE300_CLASS-SIM-01,AE300_CLASS,LONG_ENDURANCE_LOITER,3593.7287011067483,-8.376131056763048,1628.894380723181,0.5519321409910674,72.52285847751855,750.0559303776123,79.76359925377831,46.95965899839918,30.025893135123635,0.575229373528034,27.665777750292087,13.78683439998295,28.437969695450224,CRUISE,SENSOR_DRIFT,True,0.044500000000000005,1.0,DRIFT:cht,42,90.88,3600.0,1.638084,-0.153193,-0.707989,0.069249,-9.345192,-0.015116
2026-01-01T00:11:30Z,AE300_CLASS-SIM-01,AE300_CLASS,LONG_ENDURANCE_LOITER,3592.908257079048,-8.550367441286692,1637.281347260669,0.5499355842730135,70.59333676199688,754.872864531611,80.48546653883912,45.52888155844553,29.841222865831707,0.5633922473431908,27.695973744396877,13.735416196481186,28.283726084266874,CRUISE,SENSOR_DRIFT,True,0.045,1.0,DRIFT:cht,42,90.82,3600.0,0.227064,5.300646,0.041447,-0.034627,0.044271,-0.025999
2026-01-01T00:11:31Z,AE300_CLASS-SIM-01,AE300_CLASS,LONG_ENDURANCE_LOITER,3592.987474551753,-8.297415169366538,1646.645854397531,0.5508865074590931,69.12939803514801,747.4508125676621,79.961957543788,45.97443923579253,29.795167370210493,0.5700172589786091,27.734500802794983,13.677526400410605,28.740695755511066,CRUISE,SENSOR_DRIFT,True,0.0455,1.0,DRIFT:cht,42,90.81,3600.0,-1.606074,-2.532759,-0.470042,-0.108338,9.845858,-0.019478
2026-01-01T00:11:32Z,AE300_CLASS-SIM-01,AE300_CLASS,LONG_ENDURANCE_LOITER,3590.4665954289662,-8.594338831021352,1647.6046534698817,0.5523236428527266,72.17558603991856,747.0878739912974,80.49781057531415,44.369840628755625,30.025650007973038,0.7128816604129725,27.696770351284336,13.483066300502129,28.22561718208087,CRUISE,SENSOR_DRIFT,True,0.04599999999999999,1.0,DRIFT:cht,42,90.64,3600.0,1.5507,-2.881725,0.060925,0.072817,10.626999,0.122925
2026-01-01T00:11:33Z,AE300_CLASS-SIM-01,AE300_CLASS,LONG_ENDURANCE_LOITER,3590.6551220100046,-8.122452543527745,1630.2240514400983,0.5513037847820816,72.89049569920859,754.3460463635404,80.35946672990865,44.9955718231339,29.95500156578213,0.5618215610888041,27.65440366737444,13.795302015678205,28.632877380856286,CRUISE,SENSOR_DRIFT,True,0.0465,1.0,DRIFT:cht,42,90.53,3600.0,1.94828,4.118433,-0.071497,0.039501,-6.538269,-0.027764
2026-01-01T00:11:34Z,AE300_CLASS-SIM-01,AE300_CLASS,LONG_ENDURANCE_LOITER,3596.6317513941817,-8.291495909827917,1645.3708534808238,0.5498271266162508,72.71851953805778,748.1482219482302,80.62405692119803,45.92042739959313,29.949963265254123,0.6983309102540823,27.7344193537215,14.023099554222455,28.719144326518,CRUISE,SENSOR_DRIFT,True,0.047,1.0,DRIFT:cht,42,90.31,3600.0,2.124299,-1.599832,0.212664,0.088508,9.320189,0.109399
2026-01-01T00:11:35Z,AE300_CLASS-SIM-01,AE300_CLASS,LONG_ENDURANCE_LOITER,3596.3319099134637,-8.574510041085029,1646.789258994348,0.5499114507699403,71.2994179006153,751.7214051335329,80.9978741966112,44.3503014114515,29.91248558000711,0.5943261915817548,27.669789251302877,13.924323756359069,29.119308307496677,CRUISE,SENSOR_DRIFT,True,0.047499999999999994,1.0,DRIFT:cht,42,90.22,3600.0,1.004069,2.274809,0.600502,0.054258,11.248462,0.005566
2026-01-01T00:11:36Z,AE300_CLASS-SIM-01,AE300_CLASS,LONG_ENDURANCE_LOITER,3594.5683750021826,-8.470885526330408,1628.0061636011992,0.5511676739910106,70.80797816363621,751.4355840572058,80.64315708878388,44.932800360060774,30.058603019061206,0.5567781200660586,27.672410378390833,13.858051331010207,28.73714518955587,CRUISE,SENSOR_DRIFT,True,0.048,1.0,DRIFT:cht,42,90.18,3600.0,0.246028,1.642854,0.244275,0.158087,-7.589551,-0.032349
2026-01-01T00:11:37Z,AE300_CLASS-SIM-01,AE300_CLASS,LONG_ENDURANCE_LOITER,3596.108283974234,-8.297973002898487,1644.3225577913927,0.5504122078983684,73.22105438975579,752.6366263877,81.1173686480007,43.90397475437874,29.881342484378607,0.6268505997470671,27.571076772610038,13.812092986255353,28.76172543257617,CRUISE,SENSOR_DRIFT,True,0.048499999999999995,1.0,DRIFT:cht,42,90.13,3600.0,2.588204,2.827553,0.72475,0.008118,8.954599,0.038015
2026-01-01T00:11:38Z,AE300_CLASS-SIM-01,AE300_CLASS,LONG_ENDURANCE_LOITER,3593.5798815731187,-8.428417388905673,1629.3316566482831,0.5506235724272039,71.38445418039889,748.1683711044246,80.10143681716845,45.08744352282405,29.91505527297136,0.674081203893845,27.661307677861593,13.765925011453694,28.515640160165532,CRUISE,SENSOR_DRIFT,True,0.048999999999999995,1.0,DRIFT:cht,42,90.03,3600.0,0.884153,-1.535005,-0.288908,0.03758,-5.953603,0.085233
2026-01-01T00:11:39Z,AE300_CLASS-SIM-01,AE300_CLASS,LONG_ENDURANCE_LOITER,3593.8125760332073,-8.621185883690194,1625.7355057601874,0.5491769125316032,72.26084507567549,753.0705565914758,79.62621537400581,44.84673477937907,29.846296457462756,0.5777888170193682,27.72004959619796,13.526804248173603,28.594462918561753,CRUISE,SENSOR_DRIFT,True,0.0495,1.0,DRIFT:cht,42,90.02,3600.0,2.18501,3.879908,-0.748743,0.024672,-8.990243,-0.010438
2026-01-01T00:11:40Z,AE300_CLASS-SIM-01,AE300_CLASS,LONG_ENDURANCE_LOITER,3597.132337544084,-8.298486577595533,1631.2988801428019,0.551832982086823,70.9434719991591,751.2115654541809,80.65893995550454,44.14701701398845,29.935087540698426,0.5843265130814117,27.698749646282337,13.908462315585039,28.67262578721913,CRUISE,SENSOR_DRIFT,True,0.049999999999999996,1.0,DRIFT:cht,42,90.11,3600.0,0.104679,1.131453,0.271338,0.014427,-3.886662,-0.004849
2026-01-01T00:11:41Z,AE300_CLASS-SIM-01,AE300_CLASS,LONG_ENDURANCE_LOITER,3594.747230171951,-8.228813628183532,1630.392539560689,0.548798349952655,67.8626601135714,749.8147683935935,80.05416352458663,45.64284699130295,29.80257391516402,0.5604303039170174,27.695717081658163,13.34829679754222,28.661814764054864,CRUISE,SENSOR_DRIFT,True,0.050499999999999996,1.0,DRIFT:cht,42,90.22,3600.0,-2.551568,0.315875,-0.314965,-0.004389,-4.121231,-0.027614
2026-01-01T00:11:42Z,AE300_CLASS-SIM-01,AE300_CLASS,LONG_ENDURANCE_LOITER,3594.6190115619434,-8.375375791921545,1640.5545431237429,0.553269230409867,72.13402059382624,747.7088832508364,80.21456453159684,45.8418209008298,29.85584163447048,0.5814763764552172,27.66141465759958,13.624428757144024,28.44845180049157,CRUISE,SENSOR_DRIFT,True,0.051000000000000004,1.0,DRIFT:cht,42,90.4,3600.0,1.177643,-2.588275,-0.182617,-0.116064,5.020674,-0.008224
2026-01-01T00:11:43Z,AE300_CLASS-SIM-01,AE300_CLASS,LONG_ENDURANCE_LOITER,3592.9291541787525,-8.293984567202013,1643.0218173497667,0.5477035288728825,72.49063269008039,752.9979750342108,80.68566464914007,44.94189257423843,29.85677666548994,0.59306942705142,27.68670516108065,13.682369405685337,28.5722419364307,CRUISE,SENSOR_DRIFT,True,0.0515,1.0,DRIFT:cht,42,90.61,3600.0,2.323434,3.793616,0.319202,0.089906,8.604981,0.005383
2026-01-01T00:11:44Z,AE300_CLASS-SIM-01,AE300_CLASS,LONG_ENDURANCE_LOITER,3594.3356183734118,-8.310334130041042,1639.453341375255,0.5516137654630446,72.1525692074609,754.6439140125942,80.13335694458688,46.38093567119865,29.865614885241474,0.6392642350203137,27.726072199004996,13.563901861003787,28.847824563079918,CRUISE,SENSOR_DRIFT,True,0.052,1.0,DRIFT:cht,42,90.75,3600.0,1.40257,4.650416,-0.246278,-0.041916,4.557537,0.050278
2026-01-01T00:11:45Z,AE300_CLASS-SIM-01,AE300_CLASS,LONG_ENDURANCE_LOITER,3596.9156750422403,-8.506969654049868,1633.4227285050779,0.553401888248577,73.205510935592,746.9564566754236,80.34848438782385,45.460364214308164,29.875470291295734,0.6953984981255481,27.686027786095213,13.631463843907023,28.776725758584835,CRUISE,SENSOR_DRIFT,True,0.0525,1.0,DRIFT:cht,42,90.73,3600.0,2.320258,-3.266699,-0.057476,-0.106553,-2.43037,0.105525
2026-01-01T00:11:46Z,AE300_CLASS-SIM-01,AE300_CLASS,LONG_ENDURANCE_LOITER,3595.9168261623886,-8.225906060427603,1624.2521648705265,0.550153297968115,73.36656828768628,754.2924795474424,80.05998994923651,44.52667535709014,29.936243873235142,0.5611970422184553,27.6658818600882,13.911119497201348,28.51590079463199,CRUISE,SENSOR_DRIFT,True,0.053,1.0,DRIFT:cht,42,90.72,3600.0,2.695701,4.455884,-0.33561,0.070801,-11.224191,-0.027605
2026-01-01T00:11:47Z,AE300_CLASS-SIM-01,AE300_CLASS,LONG_ENDURANCE_LOITER,3593.769033089868,-8.573824281502498,1635.880449935753,0.5472580021879028,71.61371868837927,745.975013592945,81.14276847607158,47.119049250694914,29.834976089573622,0.6007237705870285,27.63815256904012,13.553594007195661,28.86745456394785,CRUISE,SENSOR_DRIFT,True,0.0535,1.0,DRIFT:cht,42,90.76,3600.0,1.790503,-2.852506,0.781864,0.085016,1.665742,0.013235
2026-01-01T00:11:48Z,AE300_CLASS-SIM-01,AE300_CLASS,LONG_ENDURANCE_LOITER,3596.2696641481075,-8.423208649638596,1629.097527383454,0.5532014696644206,67.75503157114815,748.6100110249133,80.38097014462535,44.71241684037915,29.94655178200929,0.6431969258389139,27.620030880408528,14.272625591385495,28.382863406934042,CRUISE,SENSOR_DRIFT,True,0.054,1.0,DRIFT:cht,42,90.75,3600.0,-3.149718,-1.615987,-0.008997,-0.021327,-6.17401,0.053606
2026-01-01T00:11:49Z,AE300_CLASS-SIM-01,AE300_CLASS,LONG_ENDURANCE_LOITER,3599.155168244736,-8.359470289664088,1632.053798214757,0.5500145994739817,71.95096327669543,750.410375003337,79.98437245398306,45.07113836067438,29.844770125532538,0.534364542996037,27.643763736511207,13.297778322279166,28.53274708245905,CRUISE,SENSOR_DRIFT,True,0.0545,1.0,DRIFT:cht,42,90.73,3600.0,1.421901,0.753994,-0.397132,-0.012617,-2.909991,-0.054222
2026-01-01T00:11:50Z,AE300_CLASS-SIM-01,AE300_CLASS,LONG_ENDURANCE_LOITER,3598.12345983295,-8.365479305459163,1649.2845951937882,0.546336669730136,72.60192534738476,749.8217449010515,80.76231665238939,45.874637730653696,29.877382740795795,0.5967471587660799,27.64663718086066,13.825066032099858,28.31335702328952,CRUISE,SENSOR_DRIFT,True,0.05499999999999999,1.0,DRIFT:cht,42,90.76,3600.0,2.689061,0.995678,0.421644,0.16393,15.80558,0.009773
2026-01-01T00:11:51Z,AE300_CLASS-SIM-01,AE300_CLASS,LONG_ENDURANCE_LOITER,3598.8925123852464,-8.388703289362686,1631.939225576995,0.5502167517829248,71.78207973978915,753.413183783748,81.84716029411167,46.29818771814676,29.849634757080636,0.6172541178524218,27.703276861869615,13.36160535711814,28.40548667121265,CRUISE,SENSOR_DRIFT,True,0.0555,1.0,DRIFT:cht,42,90.8,3600.0,1.318534,3.832849,1.501166,0.000427,-1.733278,0.029102
2026-01-01T00:11:52Z,AE300_CLASS-SIM-01,AE300_CLASS,LONG_ENDURANCE_LOITER,3597.884876586423,-8.265712546463472,1623.9504822752265,0.5491642648707519,72.73073538665159,749.8745261709397,81.02623448335154,44.05729062062339,30.02095656620692,0.5196403661897528,27.595120893406104,13.61967148489583,28.423855884197962,CRUISE,SENSOR_DRIFT,True,0.056,1.0,DRIFT:cht,42,90.74,3600.0,2.316238,0.395793,0.685901,0.210986,-9.516202,-0.068129
2026-01-01T00:11:53Z,AE300_CLASS-SIM-01,AE300_CLASS,LONG_ENDURANCE_LOITER,3598.174189736256,-8.399569132853301,1633.7472031922175,0.5488454809659095,72.54599505035736,748.8461247099794,80.8823838154563,45.099292209248844,29.818220498331197,0.5128391472868207,27.669346812915194,13.254775901543775,28.390948625924338,CRUISE,SENSOR_DRIFT,True,0.056499999999999995,1.0,DRIFT:cht,42,90.64,3600.0,2.320667,-0.419858,0.549407,0.022015,0.548062,-0.07474
2026-01-01T00:11:54Z,AE300_CLASS-SIM-01,AE300_CLASS,LONG_ENDURANCE_LOITER,3599.276034448569,-8.656802024326025,1644.8874610756782,0.5507739782233366,71.92380108560776,746.8142943535031,80.72652548760638,45.24579532599002,29.83120652618072,0.5977143350169205,27.608863521051394,13.14313129699105,28.424833194770923,CRUISE,SENSOR_DRIFT,True,0.056999999999999995,1.0,DRIFT:cht,42,90.63,3600.0,1.645386,-2.607357,0.381214,-0.037113,11.239778,0.009411
2026-01-01T00:11:55Z,AE300_CLASS-SIM-01,AE300_CLASS,LONG_ENDURANCE_LOITER,3599.2616646387883,-8.39228167756385,1642.229449258396,0.5485388081744508,72.72511971946638,749.3697735742327,79.955011008353,45.571432163643955,29.86468490183261,0.5603479670571665,27.67779865293248,13.593062693454383,28.569226123780116,CRUISE,SENSOR_DRIFT,True,0.0575,1.0,DRIFT:cht,42,90.65,3600.0,2.523069,0.150187,-0.37865,0.077822,9.00541,-0.02716
2026-01-01T00:11:56Z,AE300_CLASS-SIM-01,AE300_CLASS,LONG_ENDURANCE_LOITER,3598.3710092650326,-8.589176624268385,1635.2944415046436,0.5486976015555874,70.64887958683495,748.9916254695303,80.7065167436954,45.397348477405764,29.83305067694966,0.5628838708938988,27.701494971193892,12.911093660438695,28.711302331879708,CRUISE,SENSOR_DRIFT,True,0.057999999999999996,1.0,DRIFT:cht,42,90.72,3600.0,0.643519,-0.041035,0.380041,0.044472,2.331704,-0.024565
2026-01-01T00:11:57Z,AE300_CLASS-SIM-01,AE300_CLASS,LONG_ENDURANCE_LOITER,3596.4314005800284,-8.607386943824201,1631.055714190061,0.5545675210131344,74.15320843782081,751.6207264395167,80.5334723829778,43.65229815372858,29.870598602890833,0.5638155934449768,27.6433394197029,13.674748109540875,28.520449354475,CRUISE,SENSOR_DRIFT,True,0.058499999999999996,1.0,DRIFT:cht,42,90.79,3600.0,3.258517,1.342208,0.156851,-0.138607,-3.730532,-0.02598
2026-01-01T00:11:58Z,AE300_CLASS-SIM-01,AE300_CLASS,LONG_ENDURANCE_LOITER,3600.7988988139027,-8.687110386859072,1635.0651486024358,0.5483933207044871,71.43729341440749,750.4724921662889,79.86706334959085,45.37048770396583,29.84472703201685,0.5587402767072666,27.657127047030663,13.580134615687234,28.47535867434969,CRUISE,SENSOR_DRIFT,True,0.059,1.0,DRIFT:cht,42,90.88,3600.0,1.494998,1.51644,-0.488724,0.052359,1.036515,-0.029041
2026-01-01T00:11:59Z,AE300_CLASS-SIM-01,AE300_CLASS,LONG_ENDURANCE_LOITER,3599.758116460463,-8.440085079108496,1630.1455867451762,0.5532554420435636,72.50688918075653,748.5249231870661,80.43231271774886,44.3537503066441,29.82753554668009,0.5739993298082323,27.62602194457978,13.740899607136575,28.514110564134132,CRUISE,SENSOR_DRIFT,True,0.0595,1.0,DRIFT:cht,42,91.01,3600.0,1.579041,-1.700625,0.046416,-0.143307,-4.977942,-0.015572
2026-01-01T00:12:00Z,AE300_CLASS-SIM-01,AE300_CLASS,LONG_ENDURANCE_LOITER,3599.4667999988287,-8.485307978868502,1655.0226967192339,0.548674769699652,69.27505509810344,745.0936889445953,80.7051854012931,46.358189476523904,29.80910883790926,0.6458916852267995,27.7055010565567,13.566042772318356,28.550303868201862,CRUISE,SENSOR_DRIFT,True,0.06,1.0,DRIFT:cht,42,91.04,3600.0,-0.911906,-4.137348,0.33944,0.004001,20.631964,0.057901
2026-01-01T00:12:01Z,AE300_CLASS-SIM-01,AE300_CLASS,LONG_ENDURANCE_LOITER,3600.006755075073,-8.266662049957375,1619.8907927314056,0.49861992836994756,63.82166418942262,744.2677790713975,80.00356380501991,45.84811682069577,27.987341093082584,0.5800859657770733,27.671810085767955,13.326628631353723,28.546379440469995,LOITER,SENSOR_DRIFT,True,0.0605,1.0,DRIFT:cht,42,91.12,3600.0,1.361343,5.701892,0.124122,0.082312,3.183805,0.012828
2026-01-01T00:12:02Z,AE300_CLASS-SIM-01,AE300_CLASS,LONG_ENDURANCE_LOITER,3599.866739687917,-8.500625225393028,1606.7298173312859,0.4998130740741538,63.08154907657389,745.4309105223364,78.83827681807375,45.812130677701376,27.764979723021746,0.5688810885841223,27.76383681136167,12.632564050697196,28.2778775546271,LOITER,SENSOR_DRIFT,True,0.061,1.0,DRIFT:cht,42,91.24,3600.0,1.258771,7.650167,-0.682824,-0.043821,3.05341,0.006069
2026-01-01T00:12:03Z,AE300_CLASS-SIM-01,AE300_CLASS,LONG_ENDURANCE_LOITER,3599.180078600622,-8.521923813485973,1600.2720600406653,0.4988515760485083,63.90408793897044,733.6068541449278,78.4442266275929,44.69397557559815,27.617268713720883,0.6276608664616878,27.59505729753419,12.506709090199735,28.40884593762975,LOITER,SENSOR_DRIFT,True,0.06149999999999999,1.0,DRIFT:cht,42,91.25,3600.0,2.692346,-3.351795,-0.795613,-0.051713,6.823363,0.068849
2026-01-01T00:12:04Z,AE300_CLASS-SIM-01,AE300_CLASS,LONG_ENDURANCE_LOITER,3598.0622530167057,-8.620879888601833,1600.7961790290858,0.49789091228786075,62.47478296251173,736.2840751668834,79.36884094087097,45.177040745153164,27.581372622254815,0.5419181016827421,27.643487625048593,12.964289986708732,28.141375651461967,LOITER,SENSOR_DRIFT,True,0.062,1.0,DRIFT:cht,42,91.31,3600.0,1.860862,0.096725,0.3516,0.029796,15.441953,-0.013685
2026-01-01T00:12:05Z,AE300_CLASS-SIM-01,AE300_CLASS,LONG_ENDURANCE_LOITER,3601.7044145123823,-8.505279624521032,1580.6967516793293,0.49754774598833834,60.79772834077279,734.0713066109978,78.4541094821083,44.332317187215125,27.51081442325781,0.5857857618864688,27.618441060340057,12.411847079826154,28.234701661990364,LOITER,SENSOR_DRIFT,True,0.0625,1.0,DRIFT:cht,42,91.38,3600.0,0.3548,-1.804437,-0.390082,0.033732,1.63525,0.032534
2026-01-01T00:12:06Z,AE300_CLASS-SIM-01,AE300_CLASS,LONG_ENDURANCE_LOITER,3599.9019567307428,-8.357451113640979,1575.6764285999147,0.49697518030133253,60.815550101049915,732.6726277418951,79.35837507165355,45.04120807919955,27.47084312849726,0.5274966016919899,27.614614117274954,12.368866024011133,28.345188728201887,LOITER,SENSOR_DRIFT,True,0.063,1.0,DRIFT:cht,42,91.46,3600.0,0.538372,-2.938816,0.650768,0.065753,1.581622,-0.023799
2026-01-01T00:12:07Z,AE300_CLASS-SIM-01,AE300_CLASS,LONG_ENDURANCE_LOITER,3597.716843816972,-8.075787801318343,1581.787796419195,0.5024337754957483,63.035409714565944,734.8639545495437,78.94747603334666,44.2051137853017,27.584300724674424,0.5698731007398641,27.656494201720328,12.638176421713563,28.52383996855257,LOITER,SENSOR_DRIFT,True,0.0635,1.0,DRIFT:cht,42,91.57,3600.0,1.827724,-1.938452,0.29193,0.020518,9.586118,0.01778
2026-01-01T00:12:08Z,AE300_CLASS-SIM-01,AE300_CLASS,LONG_ENDURANCE_LOITER,3595.7329723828425,-8.110500212093077,1569.18724419772,0.4969760618367285,61.081181794769954,731.2680547791324,78.90262935888576,43.536094810722126,27.468873886593943,0.6017951910818963,27.61787982692339,12.49324414847199,28.05711290407003,LOITER,SENSOR_DRIFT,True,0.064,1.0,DRIFT:cht,42,91.62,3600.0,0.823666,-4.26477,0.337644,0.120721,0.278701,0.052386
2026-01-01T00:12:09Z,AE300_CLASS-SIM-01,AE300_CLASS,LONG_ENDURANCE_LOITER,3597.036511955621,-7.998420265732804,1573.9943519120877,0.49923244392411753,61.186740571947034,735.6500995382777,78.61361538197829,43.98500095189868,27.469154305412616,0.5071432866944902,27.60547957045059,12.664570078048568,28.069542214333396,LOITER,SENSOR_DRIFT,True,0.0645,1.0,DRIFT:cht,42,91.65,3600.0,0.570138,-0.320747,0.096459,0.064068,6.825043,-0.042262
2026-01-01T00:12:10Z,AE300_CLASS-SIM-01,AE300_CLASS,LONG_ENDURANCE_LOITER,3598.448023233791,-8.384946324663769,1554.2705803406836,0.4999544479865716,59.73424184809018,737.6175874196467,78.40239203580909,45.84257575244931,27.485034874705516,0.501775702661824,27.562263387296912,12.311535742062041,28.055696299241006,LOITER,SENSOR_DRIFT,True,0.065,1.0,DRIFT:cht,42,91.64,3600.0,-0.561344,1.956971,-0.084955,0.066595,-11.814761,-0.047444
2026-01-01T00:12:11Z,AE300_CLASS-SIM-01,AE300_CLASS,LONG_ENDURANCE_LOITER,3599.828554220263,-8.38263185497668,1572.4655573720945,0.49913893288389355,61.649649742996864,735.5124501524697,78.98106240129394,44.467137035907676,27.344375603841147,0.6221039967155597,27.630827997793567,12.389547710191165,27.809893678836858,LOITER,SENSOR_DRIFT,True,0.06549999999999999,1.0,DRIFT:cht,42,91.55,3600.0,1.498985,0.064226,0.524289,-0.036614,7.491969,0.073498
2026-01-01T00:12:12Z,AE300_CLASS-SIM-01,AE300_CLASS,LONG_ENDURANCE_LOITER,3597.776996212139,-8.364213183415794,1565.761688444332,0.498876890340318,61.105336950920226,734.5125194709476,78.66763313533053,44.68351311616645,27.383790281008636,0.5914723569805045,27.638958282285337,12.36579467697526,28.260570893490975,LOITER,SENSOR_DRIFT,True,0.066,1.0,DRIFT:cht,42,91.48,3600.0,1.032553,-0.84171,0.236195,0.022475,1.709385,0.043278
2026-01-01T00:12:13Z,AE300_CLASS-SIM-01,AE300_CLASS,LONG_ENDURANCE_LOITER,3594.521766933106,-8.342737756283617,1553.5988427672598,0.4976006307361171,59.20755273389887,735.0126445396265,79.16517339745258,43.98338919997875,27.428214247089883,0.654375981198865,27.657954152014653,12.280424911820724,28.133963914545692,LOITER,SENSOR_DRIFT,True,0.0665,1.0,DRIFT:cht,42,91.29,3600.0,-0.631318,-0.044054,0.764419,0.122668,-9.337693,0.106945
2026-01-01T00:12:14Z,AE300_CLASS-SIM-01,AE300_CLASS,LONG_ENDURANCE_LOITER,3596.2972836086306,-8.470860122715061,1559.9724244395127,0.5016001374481486,63.15129553436341,730.8564871378207,78.05849713649559,43.6354979583124,27.419095227765254,0.5997669136709021,27.749619811914776,12.364782803774737,28.163639729854214,LOITER,SENSOR_DRIFT,True,0.06699999999999999,1.0,DRIFT:cht,42,91.1,3600.0,2.852768,-4.860361,-0.356252,-0.024109,-3.473015,0.051059
2026-01-01T00:12:15Z,AE300_CLASS-SIM-01,AE300_CLASS,LONG_ENDURANCE_LOITER,3596.9146010552026,-8.476538857049576,1562.4935017231248,0.4987730983856075,58.39968189176918,735.7846347618536,78.3336440240366,45.061523106608846,27.378248919011334,0.49171328832756067,27.631022942004293,11.872849298509458,28.042724170279747,LOITER,SENSOR_DRIFT,True,0.0675,1.0,DRIFT:cht,42,90.92,3600.0,-1.486026,0.636934,-0.065033,0.0334,-0.367485,-0.056021
2026-01-01T00:12:16Z,AE300_CLASS-SIM-01,AE300_CLASS,LONG_ENDURANCE_LOITER,3596.7204547194256,-8.409587838479823,1569.6273704910564,0.4956429350749635,61.48704668413039,734.0852480638456,78.83730171457661,44.507704933293724,27.412150496671394,0.6174205116279138,27.626472250564326,12.897294290062419,28.066445590909705,LOITER,SENSOR_DRIFT,True,0.06799999999999999,1.0,DRIFT:cht,42,90.7,3600.0,2.031089,-0.450979,0.480255,0.185745,8.280224,0.071078
2026-01-01T00:12:17Z,AE300_CLASS-SIM-01,AE300_CLASS,LONG_ENDURANCE_LOITER,3593.881328877997,-8.257855210042443,1552.393371887928,0.5006957958071024,61.93131295395079,738.3990041983999,78.373730534832,43.941919051289766,27.40057107298875,0.5181420669621729,27.612829027658478,12.636383590272294,28.217665421275335,LOITER,SENSOR_DRIFT,True,0.06849999999999999,1.0,DRIFT:cht,42,90.56,3600.0,1.633286,2.738641,0.000276,0.004472,-9.550437,-0.029769
2026-01-01T00:12:18Z,AE300_CLASS-SIM-01,AE300_CLASS,LONG_ENDURANCE_LOITER,3594.627124362139,-8.38146523400227,1573.8962640060975,0.4986377727103298,61.18557758655744,730.6011705448075,78.37613573273809,44.41433783309648,27.417121833549754,0.5527536386130629,27.679217025160355,12.711232030489212,28.38818643712105,LOITER,SENSOR_DRIFT,True,0.069,1.0,DRIFT:cht,42,90.54,3600.0,1.296868,-4.537128,0.009709,0.090566,12.208003,0.005488
2026-01-01T00:12:19Z,AE300_CLASS-SIM-01,AE300_CLASS,LONG_ENDURANCE_LOITER,3596.449998956761,-8.131831312911952,1561.3930806098883,0.4968432384126315,62.663335585019254,737.5540899250392,79.09747357835745,44.90984192366469,27.48101962930844,0.5757137408379629,27.65006139963796,12.074573886906471,28.266798147219994,LOITER,SENSOR_DRIFT,True,0.06949999999999999,1.0,DRIFT:cht,42,90.52,3600.0,2.788755,2.544635,0.753596,0.220495,0.524805,0.029219
2026-01-01T00:12:20Z,AE300_CLASS-SIM-01,AE300_CLASS,LONG_ENDURANCE_LOITER,3593.880239673688,-8.333881963593592,1562.8385944060728,0.5004143666485997,61.676562102957746,737.9748940024037,77.16214811700863,43.94982069098763,27.43409098444946,0.6319195339596724,27.670127080645894,12.994041914333328,28.245381215240823,LOITER,SENSOR_DRIFT,True,0.06999999999999999,1.0,DRIFT:cht,42,90.41,3600.0,1.513295,2.471009,-1.19865,0.052036,1.355015,0.08425
2026-01-01T00:12:21Z,AE300_CLASS-SIM-01,AE300_CLASS,LONG_ENDURANCE_LOITER,3594.448738308335,-8.284476542404725,1562.333119143294,0.49787972950840975,61.13685299916275,732.2324508799245,78.62254536858647,43.76820068811435,27.33820956946466,0.5222216568664688,27.66100144368205,12.72144935542445,28.050010076797815,LOITER,SENSOR_DRIFT,True,0.0705,1.0,DRIFT:cht,42,90.38,3600.0,1.28321,-2.823623,0.272838,0.042945,1.252846,-0.02462
2026-01-01T00:12:22Z,AE300_CLASS-SIM-01,AE300_CLASS,LONG_ENDURANCE_LOITER,3592.2483671752307,-8.218992818826159,1552.6450531788537,0.5005129630856344,63.91296732809238,739.8710002801556,78.71449477661197,44.33360913786276,27.49300478929775,0.44263580240004163,27.622184618239412,12.740774919576962,28.16860828582573,LOITER,SENSOR_DRIFT,True,0.071,1.0,DRIFT:cht,42,90.22,3600.0,3.62822,4.227717,0.348046,0.106711,-9.043989,-0.105126
2026-01-01T00:12:23Z,AE300_CLASS-SIM-01,AE300_CLASS,LONG_ENDURANCE_LOITER,3595.7750113782545,-8.366352844496262,1563.1216420242229,0.4988421850630425,61.13660880590987,733.7966756927304,78.5025092961277,43.04757099858558,27.413281880364245,0.5770445957682885,27.684699860770134,12.1465951901033,27.963945543638523,LOITER,SENSOR_DRIFT,True,0.0715,1.0,DRIFT:cht,42,90.12,3600.0,1.199371,-1.391655,0.139688,0.080603,1.564499,0.029765
2026-01-01T00:12:24Z,AE300_CLASS-SIM-01,AE300_CLASS,LONG_ENDURANCE_LOITER,3593.6445150173463,-7.923910066696229,1571.001181702499,0.49825618674806593,62.3730580108426,737.3578582031872,77.76301259870573,44.847017942036345,27.34434647703605,0.5435381398118657,27.641644537110633,12.827780496929668,28.105294551576755,LOITER,SENSOR_DRIFT,True,0.072,1.0,DRIFT:cht,42,90.13,3600.0,2.106842,1.862381,-0.591918,0.035338,9.730989,-0.003469
2026-01-01T00:12:25Z,AE300_CLASS-SIM-01,AE300_CLASS,LONG_ENDURANCE_LOITER,3590.8257883790666,-8.308567288075574,1547.7778741973648,0.49873641714835326,63.36977604947717,736.9345579001738,78.84635595159223,44.188914060028154,27.4973926893303,0.5211200234834857,27.656592005557137,12.352204899971989,28.361826677648626,LOITER,SENSOR_DRIFT,True,0.0725,1.0,DRIFT:cht,42,90.16,3600.0,3.451436,1.746717,0.492402,0.175005,-13.456816,-0.02599
2026-01-01T00:12:26Z,AE300_CLASS-SIM-01,AE300_CLASS,LONG_ENDURANCE_LOITER,3593.0293308076175,-8.097464273374397,1558.3192107329414,0.5021264223636033,62.60381753827539,735.2150252511735,78.62005941860774,43.864216141386834,27.372570157494533,0.5382556743305261,27.612579552354866,12.382400530101974,27.965591971502395,LOITER,SENSOR_DRIFT,True,0.073,1.0,DRIFT:cht,42,90.27,3600.0,1.93983,-0.895461,0.235341,-0.07409,-4.034197,-0.010186
2026-01-01T00:12:27Z,AE300_CLASS-SIM-01,AE300_CLASS,LONG_ENDURANCE_LOITER,3594.1200653559417,-8.538846024397749,1560.467152126072,0.5005818043686764,62.93003825515776,730.3299714388361,78.33341210774857,44.01505986761727,27.352819376617973,0.6080238597409876,27.607749273261785,11.867534615238162,28.339387042266004,LOITER,SENSOR_DRIFT,True,0.0735,1.0,DRIFT:cht,42,90.31,3600.0,2.8945,-5.072482,-0.059958,-0.047315,-2.200859,0.059883
2026-01-01T00:12:28Z,AE300_CLASS-SIM-01,AE300_CLASS,LONG_ENDURANCE_LOITER,3591.786963413165,-8.615632941489752,1560.8401350037316,0.5017203752111227,60.202824793622874,741.8330633118563,77.99657063024517,43.68185423558021,27.275070419473835,0.5493897429948392,27.63525169075844,12.034757514747232,28.64149967142662,LOITER,SENSOR_DRIFT,True,0.074,1.0,DRIFT:cht,42,90.45,3600.0,0.082621,6.264015,-0.414506,-0.167498,-2.471754,0.00072
2026-01-01T00:12:29Z,AE300_CLASS-SIM-01,AE300_CLASS,LONG_ENDURANCE_LOITER,3591.5850365745146,-8.42430165872818,1568.6945066336775,0.5028613139995012,63.31576159843639,731.9223979815905,78.46881857992314,41.993712104756774,27.400866795275057,0.4739114960329328,27.608454819288493,12.480029537157801,28.28417402582375,LOITER,SENSOR_DRIFT,True,0.0745,1.0,DRIFT:cht,42,90.46,3600.0,2.811072,-4.104578,0.033512,-0.088238,4.501533,-0.075383
2026-01-01T00:12:30Z,AE300_CLASS-SIM-01,AE300_CLASS,LONG_ENDURANCE_LOITER,3591.672090128399,-8.120550146902765,1566.9373612202946,0.5004957987144776,60.25959655239979,740.0374741193668,78.01017449906077,45.05603095749271,27.466662221638156,0.5705428709341028,27.681845587490802,11.555517800332149,28.187977641140183,LOITER,SENSOR_DRIFT,True,0.075,1.0,DRIFT:cht,42,90.5,3600.0,-0.219287,4.159156,-0.421271,0.056536,2.884793,0.021941
2026-01-01T00:12:31Z,AE300_CLASS-SIM-01,AE300_CLASS,LONG_ENDURANCE_LOITER,3593.4521902588212,-8.208016581446008,1553.3014894433736,0.4985924501001584,58.56703028120857,736.4292523427978,77.52308992172493,44.52742497418585,27.414875175236258,0.5261057017312316,27.661398993369158,12.414682629386819,28.253324959709477,LOITER,SENSOR_DRIFT,True,0.0755,1.0,DRIFT:cht,42,90.57,3600.0,-1.5472,1.035059,-0.887193,0.073954,-9.98153,-0.021713
2026-01-01T00:12:32Z,AE300_CLASS-SIM-01,AE300_CLASS,LONG_ENDURANCE_LOITER,3589.813502399527,-8.251599651487558,1550.317219116821,0.49549357882878037,61.712334856718854,734.675085555531,78.49218746127907,43.00290214690331,27.4556458657189,0.5546587070761196,27.64984665271274,12.53841216107601,28.367290236580544,LOITER,SENSOR_DRIFT,True,0.076,1.0,DRIFT:cht,42,90.69,3600.0,2.171898,0.01671,0.126503,0.23566,-11.344026,0.00828
2026-01-01T00:12:33Z,AE300_CLASS-SIM-01,AE300_CLASS,LONG_ENDURANCE_LOITER,3592.133867391568,-8.276951283297727,1566.9241988676213,0.49547775485288975,59.55451296463253,735.0473468025059,78.2797852814661,44.03726761599317,27.342306827307006,0.5735949773775346,27.59069140110867,12.475456919622212,28.015513614061593,LOITER,SENSOR_DRIFT,True,0.0765,1.0,DRIFT:cht,42,90.84,3600.0,0.073596,0.482925,-0.051444,0.134242,6.515854,0.027656
2026-01-01T00:12:34Z,AE300_CLASS-SIM-01,AE300_CLASS,LONG_ENDURANCE_LOITER,3591.585577906848,-8.623277147888887,1564.1779070129433,0.49616253033873486,61.385430289156496,737.7598916012898,78.47016374375612,42.135966724440124,27.299370304056158,0.479828821482413,27.572709009877503,12.513424032088404,28.30053776254904,LOITER,SENSOR_DRIFT,True,0.077,1.0,DRIFT:cht,42,90.88,3600.0,2.193552,3.458151,0.158579,0.076716,4.483911,-0.066037
2026-01-01T00:12:35Z,AE300_CLASS-SIM-01,AE300_CLASS,LONG_ENDURANCE_LOITER,3591.4016496218146,-8.249420792582853,1561.6242665671266,0.4985272936365741,60.495649428477364,734.015682882638,77.77235339599473,42.807566871959715,27.343662753573845,0.542069553628859,27.763072843092367,12.073836129190626,28.19755100270296,LOITER,SENSOR_DRIFT,True,0.0775,1.0,DRIFT:cht,42,90.99,3600.0,0.596799,-1.118108,-0.546588,0.041023,1.662778,-0.004531
2026-01-01T00:12:36Z,AE300_CLASS-SIM-01,AE300_CLASS,LONG_ENDURANCE_LOITER,3588.3405923093846,-8.396263119490728,1559.2462611111362,0.5007373791000853,61.312712759919606,734.7060451866197,78.1724445350009,42.32700797636773,27.29781808305203,0.5301637791304195,27.643421306202452,12.64471248279854,28.180950588556016,LOITER,SENSOR_DRIFT,True,0.078,1.0,DRIFT:cht,42,91.13,3600.0,1.245456,-0.741913,-0.173432,-0.085231,-1.694719,-0.017371
2026-01-01T00:12:37Z,AE300_CLASS-SIM-01,AE300_CLASS,LONG_ENDURANCE_LOITER,3589.833375815668,-8.59449763514872,1565.4226028672122,0.49762936824686393,62.87519191454806,738.9216229719757,78.28066092226462,42.640735483992344,27.33456235223707,0.5630227248484265,27.627832154991864,12.307273122946631,28.300495256199913,LOITER,SENSOR_DRIFT,True,0.0785,1.0,DRIFT:cht,42,91.28,3600.0,3.430989,4.268276,-0.056171,0.055592,4.810534,0.01644
2026-01-01T00:12:38Z,AE300_CLASS-SIM-01,AE300_CLASS,LONG_ENDURANCE_LOITER,3590.693457359131,-8.386599530705155,1550.0347563228383,0.4999074653654679,60.91306861798575,735.8296101331628,78.43238428994631,41.898240430647334,27.339051475953692,0.5704653782211755,27.66592383827208,12.511152898662935,27.9192137177646,LOITER,SENSOR_DRIFT,True,0.07899999999999999,1.0,DRIFT:cht,42,91.42,3600.0,0.918168,0.506699,0.081141,-0.020536,-11.101357,0.023074
2026-01-01T00:12:39Z,AE300_CLASS-SIM-01,AE300_CLASS,LONG_ENDURANCE_LOITER,3591.5981612758196,-8.271283107805122,1553.1589021450127,0.4973927278879374,62.21785531081941,737.1267247844052,78.14392549453521,44.19943386309247,27.225244603188596,0.500381096591467,27.55784804566922,12.206181817813189,28.441830040414967,LOITER,SENSOR_DRIFT,True,0.0795,1.0,DRIFT:cht,42,91.49,3600.0,2.463264,2.184368,-0.194444,-0.047797,-7.509082,-0.046166
2026-01-01T00:12:40Z,AE300_CLASS-SIM-01,AE300_CLASS,LONG_ENDURANCE_LOITER,3592.5046927698672,-8.296028360982362,1557.082172225705,0.4984985191400971,62.53928148674966,730.8408641892904,78.10503272941455,44.711836163714445,27.268693376206098,0.5135660132161143,27.640935275751332,12.559807491451316,28.121695179606473,LOITER,SENSOR_DRIFT,True,0.08,1.0,DRIFT:cht,42,91.54,3600.0,2.648669,-4.288481,-0.233797,-0.041333,-3.602558,-0.033292
2026-01-01T00:12:41Z,AE300_CLASS-SIM-01,AE300_CLASS,LONG_ENDURANCE_LOITER,3589.268885728317,-8.238306424436436,1575.2504706771185,0.49866285515647435,61.876933549564306,739.4879645296091,78.11468383131212,42.36142121455777,27.34507730961887,0.5956804250057138,27.65483438317323,12.445222535280891,27.99801447337409,LOITER,SENSOR_DRIFT,True,0.08049999999999999,1.0,DRIFT:cht,42,91.53,3600.0,1.933613,4.277213,-0.226619,0.030993,14.475818,0.048763
2026-01-01T00:12:42Z,AE300_CLASS-SIM-01,AE300_CLASS,LONG_ENDURANCE_LOITER,3588.8013350209862,-8.142804538830326,1552.850689354801,0.49839939454128235,61.433574006926506,733.2514170738549,78.47252684748688,43.859339136512276,27.354659166739317,0.5032765503457162,27.57453815222519,12.552506920806572,28.139213596454802,LOITER,SENSOR_DRIFT,True,0.081,1.0,DRIFT:cht,42,91.51,3600.0,1.436132,-2.002534,0.131741,0.049716,-7.90517,-0.043561
2026-01-01T00:12:43Z,AE300_CLASS-SIM-01,AE300_CLASS,LONG_ENDURANCE_LOITER,3591.381807193869,-8.043381746655957,1575.3935913887883,0.4969822120603644,62.68417100004668,737.6375523418785,78.70137538286544,43.177126868407356,27.404067241878334,0.5472348245119066,27.645486772983233,12.011904076956561,28.31164438472677,LOITER,SENSOR_DRIFT,True,0.0815,1.0,DRIFT:cht,42,91.55,3600.0,2.778559,2.570605,0.374778,0.149067,15.153679,0.000953
2026-01-01T00:12:44Z,AE300_CLASS-SIM-01,AE300_CLASS,LONG_ENDURANCE_LOITER,3587.96917078943,-8.254621795023548,1563.0738526780588,0.4991978519893064,61.89125293930516,737.3952627141695,78.26976991983595,42.23767566786362,27.360082958861828,0.5107886769071097,27.58737710176791,12.166045268741053,28.257257844983492,LOITER,SENSOR_DRIFT,True,0.08199999999999999,1.0,DRIFT:cht,42,91.58,3600.0,1.910136,2.114377,-0.067503,0.030937,2.445743,-0.036215
2026-01-01T00:12:45Z,AE300_CLASS-SIM-01,AE300_CLASS,LONG_ENDURANCE_LOITER,3587.950459890596,-8.642521502069973,1558.711789421046,0.5011479862594733,61.370687548389206,734.7233494278619,78.82777412491363,44.14734919965474,27.385879339951263,0.42240949996849686,27.709673559252945,12.663102890030563,28.58380792230854,LOITER,SENSOR_DRIFT,True,0.0825,1.0,DRIFT:cht,42,91.44,3600.0,1.468837,-0.59288,0.464031,-0.017155,-2.878888,-0.125467
2026-01-01T00:12:46Z,AE300_CLASS-SIM-01,AE300_CLASS,LONG_ENDURANCE_LOITER,3586.6571987845264,-8.585417061746806,1561.417257338433,0.49823232412355445,62.81382805289155,738.1903851749988,78.31830265869154,43.2635039462888,27.35456641592136,0.5356201181909821,27.626718427059046,12.78278798940505,28.403381704683326,LOITER,SENSOR_DRIFT,True,0.083,1.0,DRIFT:cht,42,91.38,3600.0,3.277463,3.384123,-0.038348,0.050561,0.084515,-0.011367
2026-01-01T00:12:47Z,AE300_CLASS-SIM-01,AE300_CLASS,LONG_ENDURANCE_LOITER,3589.192086931932,-8.344414351088721,1546.3575695861014,0.49846020158382803,60.985385181299414,734.8112591642359,78.05475164203735,43.44770536816051,27.259475881936865,0.4895031260355397,27.68921045217258,12.18021517246023,28.214293407263543,LOITER,SENSOR_DRIFT,True,0.08349999999999999,1.0,DRIFT:cht,42,91.3,3600.0,1.158128,-0.280465,-0.298201,-0.052352,-14.840717,-0.057511
2026-01-01T00:12:48Z,AE300_CLASS-SIM-01,AE300_CLASS,LONG_ENDURANCE_LOITER,3588.7333595714917,-8.18031469852588,1566.8694072505996,0.4993358917591618,62.91865900512961,739.01304051401,78.54716058724318,41.90122224633813,27.288749816334953,0.5784525717362115,27.615204043605594,12.956609403382688,28.204595380912536,LOITER,SENSOR_DRIFT,True,0.084,1.0,DRIFT:cht,42,91.22,3600.0,2.803231,3.582825,0.188695,-0.053512,5.470648,0.031132
2026-01-01T00:12:49Z,AE300_CLASS-SIM-01,AE300_CLASS,LONG_ENDURANCE_LOITER,3587.164910194076,-8.14702911090548,1559.9949075523537,0.49905625777516005,63.15301177977877,731.0399414665055,78.22667438984736,44.16539356007383,27.323027368637693,0.613126451987104,27.57723603943493,11.963042259308851,28.32935406567103,LOITER,SENSOR_DRIFT,True,0.0845,1.0,DRIFT:cht,42,91.08,3600.0,3.054866,-4.369075,-0.133629,-0.009685,-1.470682,0.065866
2026-01-01T00:12:50Z,AE300_CLASS-SIM-01,AE300_CLASS,LONG_ENDURANCE_LOITER,3588.071197594886,-8.343008665045938,1564.047011878646,0.5001676626325114,60.93282656161806,733.1770299634737,78.43959368529336,44.227096200735616,27.24776363133028,0.5381693021692985,27.630488604822137,12.594895847093532,28.212425097246562,LOITER,SENSOR_DRIFT,True,0.08499999999999999,1.0,DRIFT:cht,42,91.05,3600.0,0.851219,-2.273409,0.067595,-0.126415,2.156141,-0.00955
2026-01-01T00:12:51Z,AE300_CLASS-SIM-01,AE300_CLASS,LONG_ENDURANCE_LOITER,3585.689111132232,-8.125016720187975,1557.4388482990012,0.49806660092475075,59.928600131039964,733.1519598432088,78.58560962778711,43.72935882340515,27.35232186996536,0.5718516661910581,27.723751730473886,12.24461587172284,27.970645079848985,LOITER,SENSOR_DRIFT,True,0.08549999999999999,1.0,DRIFT:cht,42,91.07,3600.0,-0.043869,-2.090527,0.224073,0.052559,-4.071588,0.02485
2026-01-01T00:12:52Z,AE300_CLASS-SIM-01,AE300_CLASS,LONG_ENDURANCE_LOITER,3584.667556749279,-8.416129785956748,1554.3627656242554,0.49881166031962837,63.63269755083482,739.4550651638425,78.57947281579675,45.275356834857476,27.293598372346572,0.4735746261930621,27.68235539257737,11.916860670665336,28.100136994933706,LOITER,SENSOR_DRIFT,True,0.08600000000000001,1.0,DRIFT:cht,42,90.98,3600.0,3.860594,4.369618,0.218692,-0.029546,-7.120175,-0.073613
2026-01-01T00:12:53Z,AE300_CLASS-SIM-01,AE300_CLASS,LONG_ENDURANCE_LOITER,3586.75900432747,-8.32421965586975,1559.8157911828555,0.4962363035322436,61.996902923083454,737.9481827004665,78.3606782268225,42.74819732856321,27.238758443455456,0.5105867482633984,27.655906722177317,12.570985187868574,28.09314020425916,LOITER,SENSOR_DRIFT,True,0.0865,1.0,DRIFT:cht,42,90.91,3600.0,2.504541,3.300094,0.025084,0.007963,-0.751262,-0.035587
2026-01-01T00:12:54Z,AE300_CLASS-SIM-01,AE300_CLASS,LONG_ENDURANCE_LOITER,3582.3981465813126,-8.244140942592033,1554.8379170792625,0.49994955352945913,61.03470405406928,732.3657148960823,78.41977875224927,45.45671828749417,27.357182627449188,0.5531288957318362,27.654552536732083,11.94203531597245,28.044694045495532,LOITER,SENSOR_DRIFT,True,0.087,1.0,DRIFT:cht,42,90.92,3600.0,0.970824,-3.077457,0.067598,0.001667,-6.332283,0.005756
2026-01-01T00:12:55Z,AE300_CLASS-SIM-01,AE300_CLASS,LONG_ENDURANCE_LOITER,3581.6833421521646,-8.045942196236783,1571.782980804751,0.4993306105974034,62.19999745863727,730.7812930180309,78.25132517940537,44.97514874035787,27.318755939745504,0.5215704601924968,27.569860752744525,12.880927395859372,28.202361370967406,LOITER,SENSOR_DRIFT,True,0.08750000000000001,1.0,DRIFT:cht,42,90.93,3600.0,2.018454,-4.75638,-0.107762,-0.018639,10.361621,-0.025721
2026-01-01T00:12:56Z,AE300_CLASS-SIM-01,AE300_CLASS,LONG_ENDURANCE_LOITER,3582.5500844051408,-8.442343556014436,1552.1179231104015,0.4982550314670946,62.30059037635298,733.710646499466,78.69883992229657,43.51768377286485,27.373239944837415,0.5308863425254098,27.761981707132502,12.296954696603546,28.077203288726956,LOITER,SENSOR_DRIFT,True,0.088,1.0,DRIFT:cht,42,90.99,3600.0,2.661988,-1.221448,0.344783,0.072342,-9.120508,-0.016052
2026-01-01T00:12:57Z,AE300_CLASS-SIM-01,AE300_CLASS,LONG_ENDURANCE_LOITER,3583.3811840954913,-8.333625235967274,1548.9933477674267,0.4990811891797191,59.560857346220025,735.5662424952836,77.74026447625256,43.12582166174521,27.344403913743818,0.6506222975132852,27.59703376719132,12.42067174419756,28.10396783755625,LOITER,SENSOR_DRIFT,True,0.0885,1.0,DRIFT:cht,42,90.92,3600.0,-0.313465,0.359101,-0.617598,0.014449,-12.38347,0.103406
2026-01-01T00:12:58Z,AE300_CLASS-SIM-01,AE300_CLASS,LONG_ENDURANCE_LOITER,3583.3512791722433,-8.407510549759982,1566.7679771694686,0.4974894967371477,64.96856191270747,736.2722158104714,77.89298177807196,43.13756317384681,27.258651021796805,0.5829242175554467,27.57458770645948,12.062947256729403,28.123628576059858,LOITER,SENSOR_DRIFT,True,0.08900000000000001,1.0,DRIFT:cht,42,90.85,3600.0,5.405083,1.463643,-0.452795,-0.014621,5.83063,0.036296
2026-01-01T00:12:59Z,AE300_CLASS-SIM-01,AE300_CLASS,LONG_ENDURANCE_LOITER,3585.415954581242,-8.11358593232156,1570.632718667587,0.4994987564790485,61.9434027843161,737.3263364995207,77.83162011379059,41.88075800856625,27.331590508404414,0.5016461264943906,27.637511728162092,12.500586491768955,28.249407285832998,LOITER,SENSOR_DRIFT,True,0.0895,1.0,DRIFT:cht,42,90.77,3600.0,1.776527,1.818959,-0.523517,-0.012413,9.355003,-0.045658
2026-01-01T00:13:00Z,AE300_CLASS-SIM-01,AE300_CLASS,LONG_ENDURANCE_LOITER,3585.533671434772,-8.172014118581634,1562.303335191089,0.4975286678517596,62.197954284828384,733.425905724936,78.25741118992238,45.673721673307966,27.314954107818252,0.56714320872832,27.61188987616375,12.770186150766866,28.326059075791076,LOITER,SENSOR_DRIFT,True,0.09,1.0,DRIFT:cht,42,90.74,3600.0,2.375813,-1.629374,-0.086275,0.039673,1.44201,0.020521
2026-01-01T00:13:01Z,AE300_CLASS-SIM-01,AE300_CLASS,LONG_ENDURANCE_LOITER,3585.013462694417,-8.262872133092802,1568.1470765556915,0.5009296137795128,62.432597158696936,734.7682912812808,78.74751995739804,42.67942063543855,27.259575639164787,0.5444641957863682,27.570439923954456,12.711908468183864,28.067409991577094,LOITER,SENSOR_DRIFT,True,0.09050000000000001,1.0,DRIFT:cht,42,90.79,3600.0,2.204277,-0.882557,0.380432,-0.135527,6.434772,-0.003382
2026-01-01T00:13:02Z,AE300_CLASS-SIM-01,AE300_CLASS,LONG_ENDURANCE_LOITER,3582.890647065631,-8.325378182738207,1561.152164484508,0.49767248180694224,61.983691798114855,734.9161598334151,78.14295787923943,42.79045238832017,27.366172278953687,0.4521449833948711,27.631850704744636,12.322425825331914,28.27449466151573,LOITER,SENSOR_DRIFT,True,0.091,1.0,DRIFT:cht,42,90.72,3600.0,2.303575,-0.026207,-0.211635,0.083892,-0.105769,-0.094645
2026-01-01T00:13:03Z,AE300_CLASS-SIM-01,AE300_CLASS,LONG_ENDURANCE_LOITER,3581.151894138555,-8.366634467853208,1560.1300490577153,0.5004734805540743,62.509820811212784,731.7632618498932,78.12391607445589,44.200632498121756,27.227867995552053,0.5432847772019297,27.639699597229,12.346826549493661,28.61586757096283,LOITER,SENSOR_DRIFT,True,0.0915,1.0,DRIFT:cht,42,90.75,3600.0,2.47778,-3.693567,-0.247859,-0.151386,-1.752676,-0.004479
2026-01-01T00:13:04Z,AE300_CLASS-SIM-01,AE300_CLASS,LONG_ENDURANCE_LOITER,3582.4496858796115,-8.222482316041917,1555.4518693770926,0.4993623742908771,63.21671102169048,733.4246414890688,78.31782355666394,42.68639640661952,27.22988095876935,0.5934600935051441,27.617889481505898,11.73794358873702,28.47613709306844,LOITER,SENSOR_DRIFT,True,0.09199999999999998,1.0,DRIFT:cht,42,90.74,3600.0,3.175998,-1.978222,-0.056318,-0.114818,-6.516907,0.04596
2026-01-01T00:13:05Z,AE300_CLASS-SIM-01,AE300_CLASS,LONG_ENDURANCE_LOITER,3581.601089819639,-8.325183469789716,1572.2717323005772,0.497996939092048,61.87905694906792,731.6259685318482,77.60592297112582,43.30591950810354,27.31894452947011,0.5605334726437676,27.620784179900173,12.467570465746741,27.935581037201214,LOITER,SENSOR_DRIFT,True,0.0925,1.0,DRIFT:cht,42,90.79,3600.0,2.153205,-3.391212,-0.757314,0.023668,10.699468,0.01355
2026-01-01T00:13:06Z,AE300_CLASS-SIM-01,AE300_CLASS,LONG_ENDURANCE_LOITER,3583.2299330707256,-8.262297059792427,1574.5704220547204,0.49826892754682633,60.87263235365681,734.9167408569388,78.1932469743675,43.81687594502856,27.29742027749044,0.49006775841529265,27.57458999512045,12.539831443905324,28.418458585299355,LOITER,SENSOR_DRIFT,True,0.093,1.0,DRIFT:cht,42,90.81,3600.0,1.040476,-0.20751,-0.163974,-0.005608,13.216949,-0.056919
2026-01-01T00:13:07Z,AE300_CLASS-SIM-01,AE300_CLASS,LONG_ENDURANCE_LOITER,3582.39415410121,-8.162793756700326,1567.8138683747081,0.4987610969191026,61.045972149059445,735.5995411560841,78.8830984175405,43.89786542774514,27.339332340102583,0.5259313102233036,27.631910679527884,12.424806665298785,28.203119572036783,LOITER,SENSOR_DRIFT,True,0.09349999999999999,1.0,DRIFT:cht,42,90.87,3600.0,1.054831,0.286318,0.525669,0.020705,6.452788,-0.021188
2026-01-01T00:13:08Z,AE300_CLASS-SIM-01,AE300_CLASS,LONG_ENDURANCE_LOITER,3583.7625194846005,-8.635144842319507,1560.9073803759927,0.4980420654496685,60.32856876274178,736.9275399186823,78.01304925033259,43.14411807364246,27.40399545454365,0.592175236907529,27.662969410484582,12.574123832514784,28.185947137898076,LOITER,SENSOR_DRIFT,True,0.094,1.0,DRIFT:cht,42,90.91,3600.0,0.905635,2.231045,-0.337527,0.11054,-0.204489,0.045333
2026-01-01T00:13:09Z,AE300_CLASS-SIM-01,AE300_CLASS,LONG_ENDURANCE_LOITER,3584.745097644087,-8.161024061633169,1555.416170230118,0.49537439861816784,62.855119403429335,734.8840716507648,77.69521086464079,43.81208034254687,27.275557885664256,0.5705868763430928,27.657644644228117,12.276877457171828,28.305404725291705,LOITER,SENSOR_DRIFT,True,0.0945,1.0,DRIFT:cht,42,90.98,3600.0,3.361223,0.275538,-0.624872,0.080205,-4.586842,0.024859
2026-01-01T00:13:10Z,AE300_CLASS-SIM-01,AE300_CLASS,LONG_ENDURANCE_LOITER,3580.7346238575287,-8.344561910606775,1556.9065265905513,0.5004100970037607,61.76019624099856,738.8772599294861,79.13995991859885,42.82010211263926,27.1150708261578,0.5936904165912417,27.626281262196606,12.19896666906475,28.121999164543183,LOITER,SENSOR_DRIFT,True,0.09499999999999999,1.0,DRIFT:cht,42,90.99,3600.0,1.761399,3.470284,0.794935,-0.251617,-4.003475,0.046295
2026-01-01T00:13:11Z,AE300_CLASS-SIM-01,AE300_CLASS,LONG_ENDURANCE_LOITER,3580.5947104848824,-8.083331089305991,1561.7212113384278,0.5006888903819094,62.77413743518401,734.1624871131559,78.16088965679397,43.92565349842127,27.33818716702716,0.5915236908810665,27.629483699798357,12.510850297070935,28.29774181213634,LOITER,SENSOR_DRIFT,True,0.0955,1.0,DRIFT:cht,42,91.0,3600.0,2.442977,-1.604624,-0.205741,-0.045763,0.025547,0.043772
2026-01-01T00:13:12Z,AE300_CLASS-SIM-01,AE300_CLASS,LONG_ENDURANCE_LOITER,3580.3764334134753,-8.44643148126089,1554.9273408339448,0.4976131672101421,62.99923208549401,738.5473845506061,77.72548780934306,42.94085357444495,27.26612101808015,0.5824108197875243,27.618805920713577,12.32883480452556,27.998165734877695,LOITER,SENSOR_DRIFT,True,0.096,1.0,DRIFT:cht,42,91.0,3600.0,3.473338,3.747878,-0.628647,-0.012293,-6.313908,0.035656
2026-01-01T00:13:13Z,AE300_CLASS-SIM-01,AE300_CLASS,LONG_ENDURANCE_LOITER,3581.4129416617907,-8.298680760660382,1555.962328100497,0.4975497566198189,63.61016907090511,732.2024789487028,77.95612085800062,44.51335724269929,27.290770450584073,0.5767680214220624,27.65598552011622,12.446620121850408,28.15754862468248,LOITER,SENSOR_DRIFT,True,0.09649999999999999,1.0,DRIFT:cht,42,91.0,3600.0,3.951428,-2.71457,-0.387735,0.017606,-4.905152,0.030159
2026-01-01T00:13:14Z,AE300_CLASS-SIM-01,AE300_CLASS,LONG_ENDURANCE_LOITER,3581.6706174570063,-8.098400837579648,1568.0993662223677,0.4956713847750327,63.84817194479515,734.0078586152423,77.99426302241933,43.305392195186364,27.33472291434342,0.5709305095134752,27.629685088538196,12.707986247763976,28.230601451161906,LOITER,SENSOR_DRIFT,True,0.09699999999999999,1.0,DRIFT:cht,42,91.02,3600.0,4.283508,-0.703292,-0.324052,0.132461,8.160627,0.025161
2026-01-01T00:13:15Z,AE300_CLASS-SIM-01,AE300_CLASS,LONG_ENDURANCE_LOITER,3579.299272960421,-8.377237038475519,1563.3510955528996,0.4978508375442418,60.37034421453002,737.3760448484354,78.11706115727259,44.80303018536762,27.19930711074422,0.5384582689818099,27.61188653863938,12.163525749355582,28.136432628405757,LOITER,SENSOR_DRIFT,True,0.0975,1.0,DRIFT:cht,42,91.1,3600.0,0.807525,2.541469,-0.202783,-0.073124,3.356773,-0.007909
2026-01-01T00:13:16Z,AE300_CLASS-SIM-01,AE300_CLASS,LONG_ENDURANCE_LOITER,3582.5500313077355,-8.247806643800244,1554.9068986178593,0.4943321611687432,59.92744348513113,733.4958115108833,78.04718391659725,43.259720432656636,27.145786837731162,0.5424450190536753,27.68097993773465,12.942470915031814,27.925113185973853,LOITER,SENSOR_DRIFT,True,0.09799999999999999,1.0,DRIFT:cht,42,91.27,3600.0,0.735338,-0.751628,-0.24012,-0.001626,-3.904143,-0.002564
2026-01-01T00:13:17Z,AE300_CLASS-SIM-01,AE300_CLASS,LONG_ENDURANCE_LOITER,3578.4275404907708,-8.395727671738772,1561.4383075268945,0.49552341802721006,64.35887148908705,735.1136871873509,78.27608625200628,44.80443037514497,27.279786418479276,0.5645648795583479,27.609823916215415,12.043933974229802,28.117554736042052,LOITER,SENSOR_DRIFT,True,0.09849999999999999,1.0,DRIFT:cht,42,91.41,3600.0,5.21199,0.834725,0.001569,0.101144,3.092218,0.01942
2026-01-01T00:13:18Z,AE300_CLASS-SIM-01,AE300_CLASS,LONG_ENDURANCE_LOITER,3582.6455431234967,-8.170919873629973,1562.3094034348867,0.49598376115613757,63.36327036623876,731.1841993563394,77.62548523595844,42.97605292889337,27.396650195060122,0.6319370025820379,27.621791470141336,12.252290958767952,27.96288354764973,LOITER,SENSOR_DRIFT,True,0.099,1.0,DRIFT:cht,42,91.4,3600.0,3.897898,-3.408572,-0.642901,0.202371,4.186273,0.086726
2026-01-01T00:13:19Z,AE300_CLASS-SIM-01,AE300_CLASS,LONG_ENDURANCE_LOITER,3579.217575188809,-8.239851526355217,1565.8839547906161,0.49973146793670326,61.92871147999758,736.5365351370522,78.0145316872781,43.90809768592859,27.24757833431166,0.5671879316243661,27.65496610011254,12.474657839965445,28.327947684779847,LOITER,SENSOR_DRIFT,True,0.09949999999999999,1.0,DRIFT:cht,42,91.43,3600.0,2.004809,1.256895,-0.285086,-0.078564,6.625125,0.020575
2026-01-01T00:13:20Z,AE300_CLASS-SIM-01,AE300_CLASS,LONG_ENDURANCE_LOITER,3576.480380228938,-8.422171295167004,1558.4360441270492,0.49499707110825125,61.663152340762004,733.9246091302962,78.91833540465282,43.573289297631085,27.338409606462072,0.5600681974565641,27.61838445578678,12.49359790015161,28.318009550821564,LOITER,SENSOR_DRIFT,True,0.09999999999999999,1.0,DRIFT:cht,42,91.5,3600.0,2.625688,-0.232271,0.63907,0.176509,-0.082697,0.015014
2026-01-01T00:13:21Z,AE300_CLASS-SIM-01,AE300_CLASS,LONG_ENDURANCE_LOITER,3580.3615305610924,-8.280560795154448,1548.763287559666,0.494421538342299,61.77445664191473,728.421366927538,79.13593321641409,43.960071021807025,27.237135438453873,0.49653923050661875,27.680921009714968,12.118857834238652,28.055690460218855,LOITER,SENSOR_DRIFT,True,0.1005,1.0,DRIFT:cht,42,91.51,3600.0,2.670507,-5.737772,0.878241,0.099471,-8.970975,-0.048099
2026-01-01T00:13:22Z,AE300_CLASS-SIM-01,AE300_CLASS,LONG_ENDURANCE_LOITER,3577.1579593968386,-8.241881596808561,1564.6108437590165,0.5002160322975192,63.56397313769026,734.9635749962764,78.78652958452743,42.88288679643883,27.1646551795074,0.5162530115594118,27.60753092424946,12.262819000031712,28.064347139749902,LOITER,SENSOR_DRIFT,True,0.10099999999999999,1.0,DRIFT:cht,42,91.51,3600.0,3.601097,-0.389765,0.490109,-0.174658,5.468262,-0.030439
2026-01-01T00:13:23Z,AE300_CLASS-SIM-01,AE300_CLASS,LONG_ENDURANCE_LOITER,3577.3506636759585,-8.164272550161092,1572.2414604152918,0.4943535398557148,60.53817343664231,732.7392768710577,78.67103701400445,43.27960508120993,27.229092322563208,0.578687433104883,27.678022054123353,12.446253291909679,28.08564933986895,LOITER,SENSOR_DRIFT,True,0.10149999999999999,1.0,DRIFT:cht,42,91.51,3600.0,1.335751,-1.539825,0.400414,0.090857,14.037003,0.033915
2026-01-01T00:13:24Z,AE300_CLASS-SIM-01,AE300_CLASS,LONG_ENDURANCE_LOITER,3578.183197128631,-8.290545786823442,1558.5169663949052,0.4967529773405741,63.42142526420085,735.6489091196863,78.79167702213894,44.590275600281686,27.29870951187627,0.5236235159823709,27.681364591112082,12.591046866110648,28.59841626545676,LOITER,SENSOR_DRIFT,True,0.10200000000000001,1.0,DRIFT:cht,42,91.53,3600.0,4.005793,1.03804,0.518217,0.080493,0.209345,-0.021838
2026-01-01T00:13:25Z,AE300_CLASS-SIM-01,AE300_CLASS,LONG_ENDURANCE_LOITER,3577.978381845969,-8.149182772983863,1562.206424138117,0.49755312556758646,61.889237207759145,735.7670456468775,78.55929915303999,44.436228970274065,27.288333543256112,0.5255655120743851,27.626662480017316,12.053932565769449,28.45692205089203,LOITER,SENSOR_DRIFT,True,0.1025,1.0,DRIFT:cht,42,91.58,3600.0,2.20977,0.844842,0.276113,0.040449,3.545127,-0.020238
2026-01-01T00:13:26Z,AE300_CLASS-SIM-01,AE300_CLASS,LONG_ENDURANCE_LOITER,3576.436916828396,-8.107000333095714,1562.078710091527,0.49833233138654653,62.079703752340166,732.7312446949205,77.88808755723791,44.92480759521962,27.27527207271913,0.5970131127854951,27.695118015149358,12.327025780345028,28.271094715012342,LOITER,SENSOR_DRIFT,True,0.103,1.0,DRIFT:cht,42,91.57,3600.0,2.242964,-2.405582,-0.410101,-0.00268,2.871853,0.050812
2026-01-01T00:13:27Z,AE300_CLASS-SIM-01,AE300_CLASS,LONG_ENDURANCE_LOITER,3577.0516431473643,-8.42397889584936,1558.813890841109,0.49887342587889116,61.590368315041545,734.0214396426495,78.24507180856853,45.251035638249846,27.15702342420998,0.5689305523239905,27.629573272019968,12.257549615078121,28.165716370162677,LOITER,SENSOR_DRIFT,True,0.1035,1.0,DRIFT:cht,42,91.57,3600.0,1.964882,-0.937702,-0.069504,-0.14526,-0.988869,0.022366
2026-01-01T00:13:28Z,AE300_CLASS-SIM-01,AE300_CLASS,LONG_ENDURANCE_LOITER,3577.720641085327,-8.139998709574163,1561.3837665050219,0.4998574403048709,63.89531018489883,737.2107725391372,78.07645867980317,43.877144776440666,27.295650406647447,0.5096337294365426,27.576914376518584,11.842379646988984,28.21770492621147,LOITER,SENSOR_DRIFT,True,0.104,1.0,DRIFT:cht,42,91.57,3600.0,3.810786,1.733748,-0.259717,-0.047482,0.79556,-0.037481
2026-01-01T00:13:29Z,AE300_CLASS-SIM-01,AE300_CLASS,LONG_ENDURANCE_LOITER,3576.902086027327,-8.424224908605536,1567.3732683438304,0.4979499389440955,64.0068372236831,735.9563399549802,77.84155354809359,43.84705150301683,27.30453706966925,0.5216746230907406,27.581993309263208,12.478767415983235,28.056928784201062,LOITER,SENSOR_DRIFT,True,0.1045,1.0,DRIFT:cht,42,91.57,3600.0,4.477024,1.126988,-0.493224,0.024872,6.8359,-0.024902
2026-01-01T00:13:30Z,AE300_CLASS-SIM-01,AE300_CLASS,LONG_ENDURANCE_LOITER,3577.871807685068,-8.306314597302082,1572.0926445218051,0.49337073028400996,62.43450523098161,738.9150588340239,77.91992506920039,43.322843209903944,27.238780400207297,0.5155286814859554,27.649447031379143,12.059518397197927,28.19023903944785,LOITER,SENSOR_DRIFT,True,0.105,1.0,DRIFT:cht,42,91.57,3600.0,3.471989,4.917151,-0.370503,0.124825,13.167986,-0.029237
2026-01-01T00:13:31Z,AE300_CLASS-SIM-01,AE300_CLASS,LONG_ENDURANCE_LOITER,3576.699917282453,-8.275782575226513,1552.988401529167,0.4996529633897956,63.215327705231964,731.9913555901647,77.7373719462892,42.64968762765681,27.29431110230462,0.5586795471854014,27.67125053051546,12.349766110404566,28.06800309851611,LOITER,SENSOR_DRIFT,True,0.1055,1.0,DRIFT:cht,42,91.6,3600.0,3.336334,-3.263823,-0.578709,-0.033773,-6.869073,0.011887
2026-01-01T00:13:32Z,AE300_CLASS-SIM-01,AE300_CLASS,LONG_ENDURANCE_LOITER,3577.0396453939975,-8.324816218816615,1561.2650608650492,0.4944662878879068,61.5319634012478,737.7269099018862,77.99655511803553,44.151818223690206,27.12036575412407,0.5210866838195441,27.63277813216964,12.96983958265954,28.031182679977395,LOITER,SENSOR_DRIFT,True,0.106,1.0,DRIFT:cht,42,91.64,3600.0,2.452455,3.553808,-0.290125,-0.027384,2.476681,-0.023923
2026-01-01T00:13:33Z,AE300_CLASS-SIM-01,AE300_CLASS,LONG_ENDURANCE_LOITER,3576.403315339996,-8.081539597892045,1554.8781898806135,0.4967926346421372,62.46355824472385,730.746363133904,78.11324053347379,44.54485844810493,27.290218502280705,0.5391860426702617,27.644140308169405,12.620815434667128,28.322232512349046,LOITER,SENSOR_DRIFT,True,0.1065,1.0,DRIFT:cht,42,91.72,3600.0,2.830304,-4.102042,-0.173113,0.067063,-3.89829,-0.006445
2026-01-01T00:13:34Z,AE300_CLASS-SIM-01,AE300_CLASS,LONG_ENDURANCE_LOITER,3574.2976539112065,-8.008151646867837,1569.1124471492199,0.4988677427739339,61.19031748719646,732.0318152472361,78.17022355940317,43.51249289924044,27.151382033642065,0.568481584322183,27.691100999645105,12.618952417822525,28.10479194826927,LOITER,SENSOR_DRIFT,True,0.107,1.0,DRIFT:cht,42,91.82,3600.0,1.190026,-3.312828,-0.135795,-0.145542,9.62085,0.022044
2026-01-01T00:13:35Z,AE300_CLASS-SIM-01,AE300_CLASS,LONG_ENDURANCE_LOITER,3573.676119771624,-8.1916623600141,1558.7942754550634,0.4983728548352843,63.07512815930168,737.9396571166061,77.80689799719855,43.64990365369727,27.234315431497837,0.5417623593733129,27.67416395829715,12.737414306166809,28.41579529511912,LOITER,SENSOR_DRIFT,True,0.1075,1.0,DRIFT:cht,42,91.94,3600.0,3.315356,2.850923,-0.509518,-0.049955,-1.075382,-0.004673
2026-01-01T00:13:36Z,AE300_CLASS-SIM-01,AE300_CLASS,LONG_ENDURANCE_LOITER,3575.241559978727,-8.251423153534002,1558.0666432900712,0.4939908074555281,64.04127158345477,733.9749698319645,78.54316547284748,44.039364758172454,27.180037441565425,0.5046308921495987,27.70145349527586,12.532073584847225,28.11876977713264,LOITER,SENSOR_DRIFT,True,0.108,1.0,DRIFT:cht,42,92.02,3600.0,4.976555,-0.167291,0.26039,0.050526,-0.579752,-0.04019
2026-01-01T00:13:37Z,AE300_CLASS-SIM-01,AE300_CLASS,LONG_ENDURANCE_LOITER,3574.1491038219333,-8.07026552247613,1566.3463844402784,0.49450169890938317,64.43091126005018,737.5754219375798,78.24605617255509,42.44994856784853,27.316629385097908,0.5676012612055401,27.581245858377756,12.374785910937385,28.674612447756232,LOITER,SENSOR_DRIFT,True,0.1085,1.0,DRIFT:cht,42,92.07,3600.0,5.15822,3.204995,-0.016157,0.178938,8.447709,0.022914
2026-01-01T00:13:38Z,AE300_CLASS-SIM-01,AE300_CLASS,LONG_ENDURANCE_LOITER,3574.0988267101957,-8.34277707063183,1552.7160966030012,0.5009516053742662,63.41515642589942,738.804959335326,78.42551163479554,44.52952831895774,27.201122192119996,0.5534591621375846,27.651025028310983,12.858609834021696,28.253341842262355,LOITER,SENSOR_DRIFT,True,0.109,1.0,DRIFT:cht,42,92.09,3600.0,3.465251,3.402893,0.11818,-0.164239,-6.823218,0.006442
2026-01-01T00:13:39Z,AE300_CLASS-SIM-01,AE300_CLASS,LONG_ENDURANCE_LOITER,3572.8712561969196,-8.220150828923849,1548.010069853005,0.49273901491441185,63.40054028470647,733.8087696056293,78.19534867789012,44.17062001375929,27.334474641606874,0.5701750706899006,27.71665089483595,12.594148933101527,28.250676286026124,LOITER,SENSOR_DRIFT,True,0.1095,1.0,DRIFT:cht,42,92.11,3600.0,4.526406,-0.082313,-0.069154,0.254328,-9.971836,0.025941
2026-01-01T00:13:40Z,AE300_CLASS-SIM-01,AE300_CLASS,LONG_ENDURANCE_LOITER,3573.9055567787304,-8.420866662362366,1566.4063411918319,0.4924635653144668,61.564395791133805,734.9161804451604,77.95675160565364,43.081029891495255,27.359649209701807,0.5957847327312179,27.612079968014093,12.301938695528326,28.013622554798,LOITER,SENSOR_DRIFT,True,0.10999999999999999,1.0,DRIFT:cht,42,92.11,3600.0,2.973906,1.349275,-0.272425,0.301031,9.709016,0.052078
2026-01-01T00:13:41Z,AE300_CLASS-SIM-01,AE300_CLASS,LONG_ENDURANCE_LOITER,3574.3379139594326,-8.263784118884322,1545.9184737302344,0.4975296095116625,62.903925644174656,737.5426934700995,78.2782931656691,43.14896245514011,27.367095267994085,0.5463805804660393,27.668280641833338,12.280413229252838,28.308488475761546,LOITER,SENSOR_DRIFT,True,0.1105,1.0,DRIFT:cht,42,92.14,3600.0,3.429965,2.825639,0.028336,0.135104,-11.534504,0.001034
2026-01-01T00:13:42Z,AE300_CLASS-SIM-01,AE300_CLASS,LONG_ENDURANCE_LOITER,3570.832429527267,-8.29391330646097,1551.1952068166568,0.4960916406578484,63.96559332552992,733.1253098421515,78.63367623501092,44.756122021993086,27.244897513997564,0.5907842691617472,27.660726699921963,12.476672692395953,28.317378247692773,LOITER,SENSOR_DRIFT,True,0.111,1.0,DRIFT:cht,42,92.13,3600.0,4.746709,-1.28566,0.380845,0.061163,-6.362307,0.045806
2026-01-01T00:13:43Z,AE300_CLASS-SIM-01,AE300_CLASS,LONG_ENDURANCE_LOITER,3575.5112298863105,-8.318473934759881,1552.9081070495242,0.4952393031838216,63.6394683994256,737.9959755693078,78.06795249714554,41.65155168073527,27.204699568279874,0.5706987338503259,27.63679942876801,12.495312445711686,28.12615812817653,LOITER,SENSOR_DRIFT,True,0.11149999999999999,1.0,DRIFT:cht,42,92.08,3600.0,4.526732,3.765348,-0.178208,0.04805,-4.406814,0.026014
2026-01-01T00:13:44Z,AE300_CLASS-SIM-01,AE300_CLASS,LONG_ENDURANCE_LOITER,3574.0079061738375,-8.169685250900827,1563.6971439073727,0.4975668086147306,63.03512100476595,736.1116711491558,77.89114365636162,43.78498608652764,27.29130833706594,0.5980072086647209,27.65609773269349,12.151099492038325,28.082791073447908,LOITER,SENSOR_DRIFT,True,0.112,1.0,DRIFT:cht,42,92.02,3600.0,3.444118,1.265923,-0.37213,0.053285,5.75992,0.052479
2026-01-01T00:13:45Z,AE300_CLASS-SIM-01,AE300_CLASS,LONG_ENDURANCE_LOITER,3571.569500100343,-8.191024858223964,1558.7056325336716,0.4949747580909604,60.891537288495336,728.9457339555645,76.90417162843707,43.35658962960837,27.381664597543946,0.6268614685156584,27.600309282415935,12.485112180355726,27.984630628686045,LOITER,SENSOR_DRIFT,True,0.11249999999999999,1.0,DRIFT:cht,42,91.85,3600.0,1.715522,-5.361091,-1.348132,0.234055,1.167331,0.082188
2026-01-01T00:13:46Z,AE300_CLASS-SIM-01,AE300_CLASS,LONG_ENDURANCE_LOITER,3569.989507661385,-8.397345757369425,1557.9521794856378,0.4968308479753432,62.69541742388007,736.672525624883,78.15549701708227,43.50009984947904,27.175455007132467,0.4854845715347153,27.579464736901517,12.634382092465332,28.153460260633253,LOITER,SENSOR_DRIFT,True,0.11299999999999999,1.0,DRIFT:cht,42,91.66,3600.0,3.473442,2.21081,-0.106229,-0.035174,0.071219,-0.059804
2026-01-01T00:13:47Z,AE300_CLASS-SIM-01,AE300_CLASS,LONG_ENDURANCE_LOITER,3568.886441298885,-8.22546863390783,1550.7583053800188,0.5004900698072581,61.62116874015192,736.7176616077658,78.79628486664258,42.658365077891936,27.24427962129791,0.570873541292157,27.64403056918633,12.547404558415224,28.004530911808807,LOITER,SENSOR_DRIFT,True,0.1135,1.0,DRIFT:cht,42,91.54,3600.0,1.673502,1.313107,0.492737,-0.100912,-8.64345,0.024057
2026-01-01T00:13:48Z,AE300_CLASS-SIM-01,AE300_CLASS,LONG_ENDURANCE_LOITER,3572.2596257581436,-8.28721034341162,1561.9155970831637,0.4989828348339601,63.249820741993425,735.7797854979574,78.59436729258783,44.05593167489621,27.328079954850583,0.5444157527794287,27.645952093277952,12.71816096931713,28.130246062717546,LOITER,SENSOR_DRIFT,True,0.11399999999999999,1.0,DRIFT:cht,42,91.52,3600.0,3.509616,0.668933,0.273833,0.023302,1.896151,-0.002231
2026-01-01T00:13:49Z,AE300_CLASS-SIM-01,AE300_CLASS,LONG_ENDURANCE_LOITER,3569.161119955004,-8.13858161137872,1557.9966559373568,0.4947013472929334,63.037807482003714,738.8044684331365,77.5711834517358,44.34048831860588,27.08475897935786,0.5279156848448139,27.71299954098415,12.339510325578596,28.217123847237744,LOITER,SENSOR_DRIFT,True,0.11449999999999999,1.0,DRIFT:cht,42,91.52,3600.0,3.804634,4.416222,-0.72249,-0.067852,-1.046008,-0.017208
2026-01-01T00:13:50Z,AE300_CLASS-SIM-01,AE300_CLASS,LONG_ENDURANCE_LOITER,3572.043770200631,-8.46831758795566,1559.9128679368591,0.4972183732338697,64.81485411817286,731.3311476940817,78.13203292669941,42.683141081894426,27.173551521428255,0.5966422552907862,27.64043005523251,12.270804012218314,28.125785086718786,LOITER,SENSOR_DRIFT,True,0.115,1.0,DRIFT:cht,42,91.47,3600.0,5.536445,-3.215255,-0.164419,-0.0643,0.769166,0.050787
2026-01-01T00:13:51Z,AE300_CLASS-SIM-01,AE300_CLASS,LONG_ENDURANCE_LOITER,3569.7900800195025,-8.280197460738137,1550.526468914065,0.49654603297836164,61.93360262045478,732.66331757812,78.3726544392497,43.67688250338191,27.200850650351406,0.5394036455804707,27.725694034590372,13.073070797245915,28.045177327739253,LOITER,SENSOR_DRIFT,True,0.11549999999999999,1.0,DRIFT:cht,42,91.5,3600.0,2.58641,-1.928497,0.080022,-0.012035,-8.478343,-0.006209
2026-01-01T00:13:52Z,AE300_CLASS-SIM-01,AE300_CLASS,LONG_ENDURANCE_LOITER,3568.9986990204875,-8.366317898956204,1566.7463452887794,0.49623997843788564,62.71888289040823,740.3705835297626,78.29733245455708,44.07402219189553,27.264108035938097,0.5194004517528843,27.68170064484969,12.181497242958931,28.404101708936796,LOITER,SENSOR_DRIFT,True,0.11599999999999999,1.0,DRIFT:cht,42,91.52,3600.0,3.516006,5.937391,0.010345,0.063898,7.946797,-0.026052
2026-01-01T00:13:53Z,AE300_CLASS-SIM-01,AE300_CLASS,LONG_ENDURANCE_LOITER,3569.2246436580062,-8.277382988768244,1551.6969337202227,0.49516206318894873,61.859248396277934,727.9652259803061,78.19620002982528,43.04266829339571,27.278916818879882,0.564884916441691,27.61101376810554,12.298308941389166,28.167755920246314,LOITER,SENSOR_DRIFT,True,0.11649999999999999,1.0,DRIFT:cht,42,91.55,3600.0,2.734818,-6.324907,-0.076305,0.119201,-6.575987,0.019911
2026-01-01T00:13:54Z,AE300_CLASS-SIM-01,AE300_CLASS,LONG_ENDURANCE_LOITER,3572.0702046729834,-8.327313956036718,1554.2474039993228,0.49472695868089267,60.49412692101549,735.626539339839,78.39166403696734,44.56553077040695,27.29263410962177,0.6537015864281832,27.636349444121162,12.357182001109782,28.007743559651484,LOITER,SENSOR_DRIFT,True,0.11699999999999999,1.0,DRIFT:cht,42,91.44,3600.0,1.476104,1.49048,0.134767,0.151032,-3.457944,0.109033
2026-01-01T00:13:55Z,AE300_CLASS-SIM-01,AE300_CLASS,LONG_ENDURANCE_LOITER,3570.6215868279337,-8.184468541031725,1563.8139723491286,0.49467942351919514,62.8846005063644,735.3354156805433,78.36208124383865,42.895145066024014,27.30014251847819,0.6380757268090708,27.594875682947983,12.650940782661525,27.770928874460147,LOITER,SENSOR_DRIFT,True,0.1175,1.0,DRIFT:cht,42,91.22,3600.0,3.763034,1.096949,0.117238,0.165634,6.546933,0.093584
2026-01-01T00:13:56Z,AE300_CLASS-SIM-01,AE300_CLASS,LONG_ENDURANCE_LOITER,3570.315084236393,-8.481052293010363,1555.5497157305222,0.49430516760770843,62.15395752087625,737.1034069676392,77.4628824283828,43.17110225201659,27.19661443805464,0.6169396284322973,27.656544973194755,12.081109190839415,28.13174112638897,LOITER,SENSOR_DRIFT,True,0.118,1.0,DRIFT:cht,42,90.96,3600.0,3.402667,3.259858,-0.76933,0.079279,-1.25801,0.072714
2026-01-01T00:13:57Z,AE300_CLASS-SIM-01,AE300_CLASS,LONG_ENDURANCE_LOITER,3571.3817754051975,-8.091654726293418,1552.7662312724076,0.4963706208279957,62.13534856235836,733.2423633834624,77.5282358311595,42.901421360112,27.3094021013659,0.5286214880655117,27.635129476246934,12.475898772417661,28.534985378875213,LOITER,SENSOR_DRIFT,True,0.1185,1.0,DRIFT:cht,42,90.81,3600.0,2.688235,-1.40138,-0.71364,0.120328,-4.392883,-0.016292
2026-01-01T00:13:58Z,AE300_CLASS-SIM-01,AE300_CLASS,LONG_ENDURANCE_LOITER,3568.796380940194,-8.032998144052419,1554.9759820399593,0.49635950835730186,62.46404757357258,732.5750690149619,78.20531618794739,44.232983802245606,27.176661902390528,0.5457575491240325,27.667594051819993,12.185868034759771,28.366405125327958,LOITER,SENSOR_DRIFT,True,0.119,1.0,DRIFT:cht,42,90.78,3600.0,2.972508,-2.132006,-0.044258,-0.013168,-2.463081,0.00076
2026-01-01T00:13:59Z,AE300_CLASS-SIM-01,AE300_CLASS,LONG_ENDURANCE_LOITER,3568.6278437380856,-8.220138754871263,1545.075585730409,0.4961046269678249,62.937538339984194,739.6235360827806,78.55169717955303,44.436165785217455,27.150771188892445,0.5400270835958971,27.688059655439037,12.16635457282701,28.346705337891382,LOITER,SENSOR_DRIFT,True,0.1195,1.0,DRIFT:cht,42,90.81,3600.0,3.663948,5.144338,0.298643,-0.031943,-12.490032,-0.004946
2026-01-01T00:14:00Z,AE300_CLASS-SIM-01,AE300_CLASS,LONG_ENDURANCE_LOITER,3569.353945050869,-8.15244224638332,1556.8010785133517,0.49485280651625196,64.76920103398557,736.4997141631064,78.44858217055979,43.128701915953066,27.22422350255048,0.553126926640754,27.655209912831094,12.652443530532878,28.084380102119173,LOITER,SENSOR_DRIFT,True,0.12,1.0,DRIFT:cht,42,90.9,3600.0,5.605839,2.20397,0.204802,0.085336,-0.427306,0.008609
2026-01-01T00:14:01Z,AE300_CLASS-SIM-01,AE300_CLASS,LONG_ENDURANCE_LOITER,3565.7895225411876,-8.179289089240191,1546.840851437901,0.4961516198089545,61.806001512315916,736.1013234403413,79.18663141794613,41.82746506200846,27.357036102271067,0.5352068213457842,27.65311232012824,12.007158620248935,28.35111045432564,LOITER,SENSOR_DRIFT,True,0.1205,1.0,DRIFT:cht,42,91.0,3600.0,2.517884,1.590862,0.937033,0.176063,-10.599075,-0.00972
2026-01-01T00:14:02Z,AE300_CLASS-SIM-01,AE300_CLASS,LONG_ENDURANCE_LOITER,3567.787076529395,-8.199431751889882,1545.4790522962803,0.4969200804001816,63.57426603935067,734.0567780168728,78.82201027830638,44.44407150433362,27.180753127375894,0.6174558815882806,27.640996858517642,12.445998683817116,28.216255790318517,LOITER,SENSOR_DRIFT,True,0.121,1.0,DRIFT:cht,42,90.99,3600.0,4.164735,-0.60928,0.561108,-0.030947,-12.371945,0.072165
2026-01-01T00:14:03Z,AE300_CLASS-SIM-01,AE300_CLASS,LONG_ENDURANCE_LOITER,3567.564291086729,-8.58301206699084,1557.7115780062336,0.49401813880270684,64.59566714527959,739.1533205724458,78.67615062642797,43.279157380795716,27.15737185824397,0.5160651677434769,27.716875823008685,12.222882751168989,27.84789819224871,LOITER,SENSOR_DRIFT,True,0.1215,1.0,DRIFT:cht,42,90.99,3600.0,5.996016,5.454318,0.43395,0.047536,0.540657,-0.028198
2026-01-01T00:14:04Z,AE300_CLASS-SIM-01,AE300_CLASS,LONG_ENDURANCE_LOITER,3568.741015458495,-7.961697019729803,1570.5940066882001,0.49879627272807536,64.05014841386061,734.8544339077284,77.3576031335747,43.50629821720246,27.253781079096616,0.5395497155361069,27.631921788512763,12.14077343146271,28.050805572736348,LOITER,SENSOR_DRIFT,True,0.122,1.0,DRIFT:cht,42,91.04,3600.0,4.119578,-0.429513,-0.915178,-0.024306,12.311044,-0.006407
2026-01-01T00:14:05Z,AE300_CLASS-SIM-01,AE300_CLASS,LONG_ENDURANCE_LOITER,3569.688439703366,-7.903900954570889,1558.930340435275,0.49725616890330754,61.21980004737372,736.4993586903128,79.08293606196133,42.18349829359733,27.24295372325622,0.5698734247035561,27.660244580072302,12.92232103706452,28.506298005215296,LOITER,SENSOR_DRIFT,True,0.1225,1.0,DRIFT:cht,42,91.11,3600.0,1.418397,1.423295,0.801587,0.011225,0.335828,0.024216
2026-01-01T00:14:06Z,AE300_CLASS-SIM-01,AE300_CLASS,LONG_ENDURANCE_LOITER,3566.3164411498574,-8.082357282509877,1559.507879161512,0.49540243608078727,62.85371720050791,736.574278705738,78.38786959702696,42.73508601167105,27.185941153616678,0.5250821460018471,27.605427647197555,12.523004522231522,28.26344097733793,LOITER,SENSOR_DRIFT,True,0.12299999999999998,1.0,DRIFT:cht,42,91.2,3600.0,3.531825,2.058581,0.11687,0.020963,1.289711,-0.019922
2026-01-01T00:14:07Z,AE300_CLASS-SIM-01,AE300_CLASS,LONG_ENDURANCE_LOITER,3567.871392803447,-8.310257108837853,1554.8452646767064,0.49974935054407416,62.29455803524695,734.7723781286479,78.21061275108043,44.447912243657946,27.282697433796134,0.5956729009836228,27.640173195470798,12.16667878304056,28.489335014403988,LOITER,SENSOR_DRIFT,True,0.1235,1.0,DRIFT:cht,42,91.24,3600.0,2.542011,-0.405441,-0.093188,-0.03769,-4.565682,0.049059
2026-01-01T00:14:08Z,AE300_CLASS-SIM-01,AE300_CLASS,LONG_ENDURANCE_LOITER,3567.4220296029994,-8.248393027103035,1568.823719059222,0.49554253878323845,64.34906153156861,738.8211396231771,77.87389989883533,43.980077007113145,27.25795453034734,0.663230007408172,27.60940353163651,12.85763950541997,28.202983845632996,LOITER,SENSOR_DRIFT,True,0.124,1.0,DRIFT:cht,42,91.09,3600.0,5.134908,4.401739,-0.415287,0.080776,9.944203,0.117946
2026-01-01T00:14:09Z,AE300_CLASS-SIM-01,AE300_CLASS,LONG_ENDURANCE_LOITER,3564.0109695976453,-8.196172678649747,1558.8436115000152,0.494469521201071,62.92771784767851,737.3577405198047,78.39491514406663,43.02576174061065,27.200748993372855,0.5453351997629929,27.64777352647011,12.760292714525034,28.24100179646538,LOITER,SENSOR_DRIFT,True,0.12449999999999999,1.0,DRIFT:cht,42,91.05,3600.0,3.872454,3.144275,0.126338,0.068717,0.713545,0.000626
2026-01-01T00:14:10Z,AE300_CLASS-SIM-01,AE300_CLASS,LONG_ENDURANCE_LOITER,3563.504420665521,-8.26080318725333,1559.9578759616809,0.49880909553075475,64.21583813974783,739.6389256977126,78.3456590155593,44.13588912176754,27.12102390899183,0.5648648794251293,27.596055182045067,12.408048708153984,28.65451548265937,LOITER,SENSOR_DRIFT,True,0.125,1.0,DRIFT:cht,42,91.05,3600.0,4.599819,4.625982,0.051776,-0.161844,0.90757,0.018657
2026-01-01T00:14:11Z,AE300_CLASS-SIM-01,AE300_CLASS,LONG_ENDURANCE_LOITER,3565.799246698201,-8.304307432612497,1561.6196214715565,0.49550024116121283,61.28641662801905,740.5525298769711,78.76610561864094,43.78152987464505,27.183416541430976,0.5315152401355352,27.70075010521352,12.518250726702862,27.73744784409881,LOITER,SENSOR_DRIFT,True,0.1255,1.0,DRIFT:cht,42,91.09,3600.0,2.161551,6.219704,0.484567,0.011628,3.018213,-0.01365
2026-01-01T00:14:12Z,AE300_CLASS-SIM-01,AE300_CLASS,LONG_ENDURANCE_LOITER,3568.7107728528536,-8.14555651947003,1561.1380506857788,0.4986813261348061,63.1471544467613,736.7490160606451,78.09452229994076,42.443245431402985,27.222374297735072,0.6099039848803237,27.613123812344288,12.207337282975864,28.38285039615213,LOITER,SENSOR_DRIFT,True,0.126,1.0,DRIFT:cht,42,91.06,3600.0,3.370732,1.607837,-0.207079,-0.062885,1.80709,0.063603
2026-01-01T00:14:13Z,AE300_CLASS-SIM-01,AE300_CLASS,LONG_ENDURANCE_LOITER,3564.1289470071033,-8.232880283371454,1556.0918263421108,0.4963515195195005,60.50314862943886,733.1414526688324,78.38802110556307,43.67907168801108,27.273674360213285,0.6282345346076816,27.699520336389647,12.699607230157033,28.17721621037542,LOITER,SENSOR_DRIFT,True,0.1265,1.0,DRIFT:cht,42,90.96,3600.0,1.184729,-1.446239,0.092301,0.069902,-3.025259,0.082664
2026-01-01T00:14:14Z,AE300_CLASS-SIM-01,AE300_CLASS,LONG_ENDURANCE_LOITER,3563.615660945329,-8.16689495470046,1562.7722556395381,0.49809890205151774,63.36563757722434,734.3062470223574,78.63760112483503,44.56180931036504,27.255638900525337,0.5440018566297807,27.605652134369873,12.167408337125753,28.09717264768831,LOITER,SENSOR_DRIFT,True,0.127,1.0,DRIFT:cht,42,90.95,3600.0,3.729273,-0.69847,0.329799,-0.009402,3.215819,-0.002196
2026-01-01T00:14:15Z,AE300_CLASS-SIM-01,AE300_CLASS,LONG_ENDURANCE_LOITER,3564.6713270837267,-8.089886579823796,1548.7408454151846,0.49542058121184435,62.878645784744094,732.1203682575486,78.47792758899863,43.22950210852687,27.158058615814785,0.5478172484978262,27.654682378503896,12.16958696016234,28.162792326832882,LOITER,SENSOR_DRIFT,True,0.1275,1.0,DRIFT:cht,42,91.03,3600.0,3.545254,-2.429331,0.186361,-0.014131,-10.22521,0.002549
2026-01-01T00:14:16Z,AE300_CLASS-SIM-01,AE300_CLASS,LONG_ENDURANCE_LOITER,3564.722681587125,-8.28045109363508,1547.0076405387404,0.4933289687107369,62.0256576993816,730.9418348011295,78.12535345376766,44.9067662741167,27.117382537698123,0.5326863460688995,27.724268430445775,12.546051745330494,28.143854583602625,LOITER,SENSOR_DRIFT,True,0.128,1.0,DRIFT:cht,42,91.13,3600.0,3.217187,-2.957416,-0.134162,0.025474,-10.792927,-0.011601
2026-01-01T00:14:17Z,AE300_CLASS-SIM-01,AE300_CLASS,LONG_ENDURANCE_LOITER,3563.521289804835,-8.100013613158996,1570.4517081082429,0.4953139541607069,61.59098018428876,730.7666757973112,78.32737909096032,42.29747948648683,27.170906146525436,0.5044933703054827,27.68192627134202,12.270560907715055,28.25838151918484,LOITER,SENSOR_DRIFT,True,0.1285,1.0,DRIFT:cht,42,91.18,3600.0,2.352213,-3.667543,0.073311,0.017135,12.849222,-0.040253
2026-01-01T00:14:18Z,AE300_CLASS-SIM-01,AE300_CLASS,LONG_ENDURANCE_LOITER,3561.085925489531,-8.142972369530485,1550.128548016175,0.4954979093493467,65.45718721450783,737.2313630850322,78.22235776704893,46.21216346627644,27.142457339858378,0.597799423541179,27.577639435020057,12.349370117610405,27.996502401057935,LOITER,SENSOR_DRIFT,True,0.129,1.0,DRIFT:cht,42,91.14,3600.0,6.262826,2.819333,-0.029736,-0.014882,-7.402125,0.053041
2026-01-01T00:14:19Z,AE300_CLASS-SIM-01,AE300_CLASS,LONG_ENDURANCE_LOITER,3563.6134271001492,-8.152583297942021,1556.366381517449,0.4985068653730039,61.8521461055098,735.53039460763,78.6485506886948,42.23307408704107,27.151097732257053,0.5477689914916299,27.664137632135887,12.84838541315285,28.166117787717763,LOITER,SENSOR_DRIFT,True,0.12949999999999998,1.0,DRIFT:cht,42,91.18,3600.0,2.192338,0.498795,0.370061,-0.116138,-2.124146,0.001842
2026-01-01T00:14:20Z,AE300_CLASS-SIM-01,AE300_CLASS,LONG_ENDURANCE_LOITER,3562.488256398988,-8.290148663791308,1560.7992881026698,0.4957020611489001,62.239884317650365,734.3462570876432,78.52669111302,43.01539058414517,27.148307933110367,0.5647533983753767,27.517887581051795,12.240377787240911,28.025632226898608,LOITER,SENSOR_DRIFT,True,0.13,1.0,DRIFT:cht,42,91.26,3600.0,3.119675,-0.005849,0.254363,-0.024296,2.532815,0.01967
2026-01-01T00:14:21Z,AE300_CLASS-SIM-01,AE300_CLASS,LONG_ENDURANCE_LOITER,3564.5033000329377,-8.223679596921116,1554.5337503873973,0.4961725962993347,61.82889417766547,733.4756655570122,78.32131567253278,43.13657678236658,27.167519251206574,0.49984927714155686,27.592750308978125,12.43913948207049,28.244147622901117,LOITER,SENSOR_DRIFT,True,0.1305,1.0,DRIFT:cht,42,91.31,3600.0,2.559826,-1.037266,0.049596,-0.021604,-3.710616,-0.045363
2026-01-01T00:14:22Z,AE300_CLASS-SIM-01,AE300_CLASS,LONG_ENDURANCE_LOITER,3560.2916274681866,-8.041828893512978,1563.7764598009971,0.4981927645199435,62.999486806578496,736.380846081712,79.2600351039214,43.239767536247086,27.129165742398072,0.476254240595127,27.709113696983593,12.951051781347473,28.059296480107328,LOITER,SENSOR_DRIFT,True,0.13099999999999998,1.0,DRIFT:cht,42,91.26,3600.0,3.283857,1.282742,0.968996,-0.130266,4.829573,-0.069734
2026-01-01T00:14:23Z,AE300_CLASS-SIM-01,AE300_CLASS,LONG_ENDURANCE_LOITER,3561.078330950294,-8.202699184730204,1566.967286946299,0.4936423268199706,60.05977886216996,740.6599928416869,78.41649892224915,43.88306209138048,27.1782358604585,0.5662278202112383,27.578303585319503,12.167606642114285,28.213589019380684,LOITER,SENSOR_DRIFT,True,0.1315,1.0,DRIFT:cht,42,91.24,3600.0,1.160758,6.631469,0.153788,0.077419,9.050526,0.021833
2026-01-01T00:14:24Z,AE300_CLASS-SIM-01,AE300_CLASS,LONG_ENDURANCE_LOITER,3558.4984255654117,-8.197758594453086,1555.8177001590645,0.49558509572657544,61.906731728796075,731.7963913266235,77.45517406304172,43.62059578668532,27.17116982409223,0.4833603927744827,27.641358237748815,12.33086497957455,28.12849063959835,LOITER,SENSOR_DRIFT,True,0.132,1.0,DRIFT:cht,42,91.18,3600.0,2.767775,-2.584187,-0.804768,0.009818,-1.998391,-0.06151
2026-01-01T00:14:25Z,AE300_CLASS-SIM-01,AE300_CLASS,LONG_ENDURANCE_LOITER,3558.4048693100003,-8.048246248815188,1549.704854771823,0.4962905616737036,61.57914352323087,733.4903911870464,78.79277745273362,43.95018640588495,27.255614756817298,0.5600959737765059,27.65468772489489,11.884475581441574,28.149844379253523,LOITER,SENSOR_DRIFT,True,0.13249999999999998,1.0,DRIFT:cht,42,91.17,3600.0,2.188542,-1.180993,0.528275,0.069599,-8.277042,0.014976
2026-01-01T00:14:26Z,AE300_CLASS-SIM-01,AE300_CLASS,LONG_ENDURANCE_LOITER,3561.0382979778883,-7.965392075889002,1554.7619674494515,0.4966672851556784,62.93013205268988,737.8142529074245,78.21321841344424,44.20268009664706,27.084155602941973,0.4725783166068397,27.54749328772553,12.65408003495108,28.298352065328054,LOITER,SENSOR_DRIFT,True,0.133,1.0,DRIFT:cht,42,91.08,3600.0,3.369862,2.965339,-0.05783,-0.118449,-3.457982,-0.072742
2026-01-01T00:14:27Z,AE300_CLASS-SIM-01,AE300_CLASS,LONG_ENDURANCE_LOITER,3562.45635247196,-8.24882649757815,1554.33009922528,0.4958690158257865,64.52021219371834,739.3094185437867,78.62977447319925,43.78117832147792,27.265205678012833,0.5336768455106932,27.62317447998392,12.379045184616702,28.05032376591336,LOITER,SENSOR_DRIFT,True,0.1335,1.0,DRIFT:cht,42,91.05,3600.0,5.342697,4.893726,0.361523,0.088716,-3.788134,-0.011398
2026-01-01T00:14:28Z,AE300_CLASS-SIM-01,AE300_CLASS,LONG_ENDURANCE_LOITER,3560.5840468000033,-8.313113852070236,1565.41934703453,0.4971720308667221,64.50859039608979,729.9986455714405,79.12748166442634,42.163957923032584,27.111819491016703,0.5172333518890188,27.69110604827814,12.484891165846811,28.160385430754864,LOITER,SENSOR_DRIFT,True,0.13399999999999998,1.0,DRIFT:cht,42,91.01,3600.0,5.219666,-4.611787,0.848747,-0.109845,6.919919,-0.028321
2026-01-01T00:14:29Z,AE300_CLASS-SIM-01,AE300_CLASS,LONG_ENDURANCE_LOITER,3559.393069430043,-8.350173341382174,1566.1420424332603,0.4976554795802983,64.4151015350376,735.6656661136519,77.08192930075377,42.44341710017712,27.210245567453587,0.5285136212000041,27.61642862102179,12.085718400575939,28.338927150792255,LOITER,SENSOR_DRIFT,True,0.13449999999999998,1.0,DRIFT:cht,42,90.99,3600.0,5.088871,0.978885,-1.209539,-0.031188,7.17956,-0.01733
2026-01-01T00:14:30Z,AE300_CLASS-SIM-01,AE300_CLASS,LONG_ENDURANCE_LOITER,3561.0017492735815,-8.06688480862727,1553.7477936820342,0.49638432154954565,60.92457899241479,734.1849952555882,77.13246444878015,42.16916453677188,27.161649946238928,0.652011770178101,27.566737655564893,12.043079583132084,28.229133832871067,LOITER,SENSOR_DRIFT,True,0.135,1.0,DRIFT:cht,42,90.83,3600.0,1.476535,-0.548015,-1.156419,-0.038438,-5.120697,0.106537
2026-01-01T00:14:31Z,AE300_CLASS-SIM-01,AE300_CLASS,LONG_ENDURANCE_LOITER,3562.707044411932,-8.110018040795705,1563.0673600367008,0.49533008350393803,62.0066232685786,734.7725683369484,77.97295986865898,44.11844294434662,27.0832477649587,0.5851614367436815,27.640324977500388,12.35120484865124,27.949998827366276,LOITER,SENSOR_DRIFT,True,0.13549999999999998,1.0,DRIFT:cht,42,90.7,3600.0,2.747922,0.299601,-0.303724,-0.079015,4.642476,0.040121
2026-01-01T00:14:32Z,AE300_CLASS-SIM-01,AE300_CLASS,LONG_ENDURANCE_LOITER,3558.3186767803627,-7.958826617654359,1556.6615311222808,0.4965356329105816,61.533798240660474,734.4550380242773,77.65087899133015,43.58846475910655,27.200498008943114,0.5595202501062899,27.602594141998452,12.312473179824536,28.27685453165853,LOITER,SENSOR_DRIFT,True,0.13599999999999998,1.0,DRIFT:cht,42,90.67,3600.0,1.997605,-0.383802,-0.628671,0.000862,-1.867573,0.014139
2026-01-01T00:14:33Z,AE300_CLASS-SIM-01,AE300_CLASS,LONG_ENDURANCE_LOITER,3559.2066531308924,-8.18000056925578,1571.4153537977145,0.4940504027146487,64.08849297626195,731.2972243077927,78.56215620337387,44.10624543515782,27.146273176224966,0.49028669653130896,27.559905284979084,12.230021805685546,28.275037105661056,LOITER,SENSOR_DRIFT,True,0.1365,1.0,DRIFT:cht,42,90.6,3600.0,5.136335,-2.813276,0.304001,0.035152,13.664261,-0.05415
2026-01-01T00:14:34Z,AE300_CLASS-SIM-01,AE300_CLASS,LONG_ENDURANCE_LOITER,3557.64281702361,-8.120642898046624,1547.7254277716374,0.495458149541718,61.199551588033,734.3059242255484,78.04117623849447,42.49325554045542,27.13599826148652,0.5030166640587072,27.586150702738266,12.738847006743212,28.141906977847295,LOITER,SENSOR_DRIFT,True,0.13699999999999998,1.0,DRIFT:cht,42,90.53,3600.0,2.016008,-0.115041,-0.21426,-0.018922,-9.926782,-0.041757
2026-01-01T00:14:35Z,AE300_CLASS-SIM-01,AE300_CLASS,LONG_ENDURANCE_LOITER,3555.6913708210986,-8.226957729604813,1564.4327735642537,0.49437675363295613,64.6445359867436,732.1195556475548,78.49235289322435,44.38696062311216,27.201177947339946,0.48318206237260136,27.6009940249908,12.764511974549919,28.075070388451593,LOITER,SENSOR_DRIFT,True,0.13749999999999998,1.0,DRIFT:cht,42,90.41,3600.0,5.751529,-1.95998,0.248828,0.087348,7.213671,-0.061135
2026-01-01T00:14:36Z,AE300_CLASS-SIM-01,AE300_CLASS,LONG_ENDURANCE_LOITER,3560.1936735010117,-8.196288740018272,1558.989207403385,0.49310080131897394,61.91348196561983,732.0612916121581,78.36649636239459,43.58578691036267,27.200560995827292,0.5229413473864906,27.601468642239134,12.467776838858635,28.041152671176444,LOITER,SENSOR_DRIFT,True,0.138,1.0,DRIFT:cht,42,90.37,3600.0,3.154328,-1.780806,0.144842,0.133428,2.565403,-0.020771
2026-01-01T00:14:37Z,AE300_CLASS-SIM-01,AE300_CLASS,LONG_ENDURANCE_LOITER,3560.0832422552426,-8.14720481301482,1555.6855543930326,0.4967709120920613,62.61171741692273,729.8635450515409,77.78649029970137,44.406372575960354,27.176470810184355,0.46932487813588514,27.65274740448612,12.244647920479181,28.06424491381687,LOITER,SENSOR_DRIFT,True,0.13849999999999998,1.0,DRIFT:cht,42,90.25,3600.0,3.277866,-4.75119,-0.45314,-0.01697,-1.391926,-0.07561
2026-01-01T00:14:38Z,AE300_CLASS-SIM-01,AE300_CLASS,LONG_ENDURANCE_LOITER,3556.4837491126073,-7.978317457609073,1544.1793649398153,0.49414504167122686,62.873918101132354,738.9194471382472,78.51252716081359,42.78895053067683,27.261834758031,0.48399544589446575,27.649261444861644,12.558228430893418,28.063081469618325,LOITER,SENSOR_DRIFT,True,0.13899999999999998,1.0,DRIFT:cht,42,90.09,3600.0,3.778623,4.662396,0.283337,0.160402,-12.518444,-0.060077
2026-01-01T00:14:39Z,AE300_CLASS-SIM-01,AE300_CLASS,LONG_ENDURANCE_LOITER,3558.9828975143405,-8.203670820928444,1562.773203310111,0.49211445980847834,63.15998484779904,733.3400728537606,78.77981487606637,43.47143917357134,27.243663178488454,0.5677991433690008,27.63353273601876,12.647661318262104,28.314186477522096,LOITER,SENSOR_DRIFT,True,0.1395,1.0,DRIFT:cht,42,90.01,3600.0,4.584838,-0.263073,0.578135,0.216984,7.075744,0.024618
2026-01-01T00:14:40Z,AE300_CLASS-SIM-01,AE300_CLASS,LONG_ENDURANCE_LOITER,3558.379822678695,-8.468712931061503,1550.9986350464926,0.4985354074602076,61.09854952924364,736.9588040548199,78.57950905380153,42.89268468816841,27.047631418728585,0.5193360725185595,27.721738751962565,12.151844843407016,28.07576800723713,LOITER,SENSOR_DRIFT,True,0.13999999999999999,1.0,DRIFT:cht,42,89.98,3600.0,1.860175,2.338857,0.33813,-0.202805,-6.142404,-0.02609
2026-01-01T00:14:41Z,AE300_CLASS-SIM-01,AE300_CLASS,LONG_ENDURANCE_LOITER,3555.911033791943,-7.940930476665719,1556.1455000555293,0.49448892828284247,64.57555916018973,736.1044378835354,77.84708191724528,42.47027933240578,27.235471478348376,0.5456731777006794,27.576640664962852,11.87536084817523,28.027329703070336,LOITER,SENSOR_DRIFT,True,0.14049999999999999,1.0,DRIFT:cht,42,90.03,3600.0,5.394349,1.73793,-0.386778,0.121471,-0.722136,0.00145
2026-01-01T00:14:42Z,AE300_CLASS-SIM-01,AE300_CLASS,LONG_ENDURANCE_LOITER,3555.283630260703,-8.428340117063785,1550.1187120761087,0.493876124590998,62.14332164514461,739.2159444717012,78.1398402045786,43.36863856385714,27.1951726205931,0.5342189684627799,27.65459441955571,12.493947557983278,28.212952696952676,LOITER,SENSOR_DRIFT,True,0.141,1.0,DRIFT:cht,42,90.14,3600.0,3.556505,5.478133,-0.082642,0.105851,-6.335192,-0.009688
2026-01-01T00:14:43Z,AE300_CLASS-SIM-01,AE300_CLASS,LONG_ENDURANCE_LOITER,3561.0280060049354,-7.983040118102341,1550.212557426104,0.496428275060209,61.72231443924228,735.719240698086,77.6402424735752,42.570216220359455,27.18388782503371,0.5897739635235507,27.65867914989679,12.665465853393302,28.250466098029,LOITER,SENSOR_DRIFT,True,0.1415,1.0,DRIFT:cht,42,90.21,3600.0,2.26613,1.006688,-0.596621,0.002007,-6.764302,0.044962
2026-01-01T00:14:44Z,AE300_CLASS-SIM-01,AE300_CLASS,LONG_ENDURANCE_LOITER,3556.872500762305,-8.193543409128182,1563.4449737071097,0.49771113412702894,62.6762874426374,734.13628816046,78.97436654404254,43.49522186829535,27.16643065023489,0.5666495914337798,27.63464620035819,12.162596131824827,28.250917052983645,LOITER,SENSOR_DRIFT,True,0.142,1.0,DRIFT:cht,42,90.32,3600.0,3.258826,-0.640876,0.713746,-0.063379,5.604235,0.021204
2026-01-01T00:14:45Z,AE300_CLASS-SIM-01,AE300_CLASS,LONG_ENDURANCE_LOITER,3556.291073834173,-7.839932377798666,1563.242450015796,0.4944439560620347,63.712882265354736,735.3196482387558,78.8466328653786,43.067545983340906,27.17184624785259,0.5403807839713971,27.640882701871636,12.142606137041158,28.280437869621778,LOITER,SENSOR_DRIFT,True,0.1425,1.0,DRIFT:cht,42,90.49,3600.0,4.410992,0.828617,0.59864,0.05373,5.860901,-0.004015
2026-01-01T00:14:46Z,AE300_CLASS-SIM-01,AE300_CLASS,LONG_ENDURANCE_LOITER,3556.7116024984302,-7.921766722011995,1557.6224777080931,0.49478478659196934,63.79795339631475,732.2277947624455,78.74479115426779,44.43449949704626,27.234598648166575,0.5617686055092003,27.619068743701586,12.440389750207633,28.25089035681529,LOITER,SENSOR_DRIFT,True,0.143,1.0,DRIFT:cht,42,90.65,3600.0,4.537727,-2.232719,0.503259,0.107514,0.475837,0.017362
2026-01-01T00:14:47Z,AE300_CLASS-SIM-01,AE300_CLASS,LONG_ENDURANCE_LOITER,3554.979893352324,-7.912863244491905,1561.7225957438038,0.49379756467136654,65.22637379447653,734.7182004361636,77.76335881141519,42.809119580599955,27.247065219285282,0.6269254658688519,27.67889307490416,12.80289365494446,28.376201244830643,LOITER,SENSOR_DRIFT,True,0.1435,1.0,DRIFT:cht,42,90.67,3600.0,6.129584,0.469656,-0.464268,0.158579,5.081614,0.082974
2026-01-01T00:14:48Z,AE300_CLASS-SIM-01,AE300_CLASS,LONG_ENDURANCE_LOITER,3556.3909297847017,-8.061754842939472,1561.4103962215345,0.49702758644184214,61.82132850213765,736.4889386478698,78.9112398124391,43.34017085613246,27.1376396799022,0.5662263024177192,27.612512444211248,12.011523120910507,28.365695685822846,LOITER,SENSOR_DRIFT,True,0.144,1.0,DRIFT:cht,42,90.72,3600.0,2.390641,1.738507,0.663994,-0.064486,4.05602,0.021142
2026-01-01T00:14:49Z,AE300_CLASS-SIM-01,AE300_CLASS,LONG_ENDURANCE_LOITER,3554.61457840097,-8.106624247583502,1553.3298252530446,0.4980826101589265,63.90130339737374,733.759327536021,77.72306545070956,43.22144896992955,27.18928010679391,0.5532508994708696,27.64284774117152,12.46954599674781,28.307186168666707,LOITER,SENSOR_DRIFT,True,0.1445,1.0,DRIFT:cht,42,90.84,3600.0,4.349585,-1.19106,-0.549348,-0.055542,-4.939762,0.007564
2026-01-01T00:14:50Z,AE300_CLASS-SIM-01,AE300_CLASS,LONG_ENDURANCE_LOITER,3554.9636662203575,-8.040169940103032,1550.661612156295,0.5006103470565961,62.42992634287174,734.9974030241283,78.50808576794283,43.167919300000044,27.154176884436513,0.5445482548545568,27.601907368559573,12.53708087705406,27.945812362676705,LOITER,SENSOR_DRIFT,True,0.145,1.0,DRIFT:cht,42,91.01,3600.0,2.396955,-0.586652,0.192787,-0.189671,-9.16745,-0.002382
2026-01-01T00:14:51Z,AE300_CLASS-SIM-01,AE300_CLASS,LONG_ENDURANCE_LOITER,3557.3909674255297,-7.987006748205618,1562.0132485749787,0.492002906251324,61.77542583444023,738.3114535964553,80.12039191063147,44.533331809094626,27.214560507590388,0.568347282890287,27.60455407700636,12.703523972314285,28.027843442663055,LOITER,SENSOR_DRIFT,True,0.1455,1.0,DRIFT:cht,42,91.14,3600.0,2.912978,4.37976,1.854039,0.168387,3.964055,0.024367
2026-01-01T00:14:52Z,AE300_CLASS-SIM-01,AE300_CLASS,LONG_ENDURANCE_LOITER,3552.681476749645,-8.295262203048578,1564.3387954482735,0.49533490733988045,62.943598876659266,734.3721011959535,77.74491782183676,42.94847396791955,27.113754891003033,0.48146680305258327,27.6182706332982,12.080047525873576,28.279504792708202,LOITER,SENSOR_DRIFT,True,0.146,1.0,DRIFT:cht,42,91.17,3600.0,3.989585,0.154927,-0.516467,-0.035956,6.470238,-0.063325
2026-01-01T00:14:53Z,AE300_CLASS-SIM-01,AE300_CLASS,LONG_ENDURANCE_LOITER,3555.2242608287543,-8.296559095909208,1555.401658814825,0.49913540018591385,61.54426240215247,735.6037633763619,78.29813210232673,44.44830173169158,27.167345088471652,0.525276297646165,27.641094673947745,12.428318178892598,28.178928076524677,LOITER,SENSOR_DRIFT,True,0.1465,1.0,DRIFT:cht,42,91.24,3600.0,2.001055,0.599524,0.00516,-0.120049,-3.615506,-0.020966
2026-01-01T00:14:54Z,AE300_CLASS-SIM-01,AE300_CLASS,LONG_ENDURANCE_LOITER,3551.989586785268,-7.914330359653968,1564.912459911829,0.49330844734308565,62.43508225489857,733.77288318453,77.7293707216866,41.933322594005595,27.108018187696448,0.5286270652388769,27.580759847436045,12.456468275321445,28.366939705191836,LOITER,SENSOR_DRIFT,True,0.147,1.0,DRIFT:cht,42,91.32,3600.0,3.379894,-0.446806,-0.53327,0.024383,6.998264,-0.015631
2026-01-01T00:14:55Z,AE300_CLASS-SIM-01,AE300_CLASS,LONG_ENDURANCE_LOITER,3554.966877922952,-8.118076922047882,1544.5338859437454,0.49680177505168843,63.023107389341206,735.5852520420642,79.12020737516946,42.81976169454704,26.974401513853824,0.49724029136863035,27.657836054886243,12.410920484484356,28.009994746420116,LOITER,SENSOR_DRIFT,True,0.1475,1.0,DRIFT:cht,42,91.34,3600.0,3.654124,0.885199,0.848226,-0.228727,-13.719974,-0.048097
2026-01-01T00:14:56Z,AE300_CLASS-SIM-01,AE300_CLASS,LONG_ENDURANCE_LOITER,3551.3095773643886,-8.150545849727104,1548.6634475432118,0.49638518218042443,62.304715192343835,732.6350850430027,77.9068936500752,43.745258098686925,27.14808380050563,0.553714401756221,27.64558450099583,12.380651838319416,28.037199484844912,LOITER,SENSOR_DRIFT,True,0.148,1.0,DRIFT:cht,42,91.41,3600.0,3.053876,-1.948899,-0.368911,-0.040365,-9.72946,0.008458
2026-01-01T00:14:57Z,AE300_CLASS-SIM-01,AE300_CLASS,LONG_ENDURANCE_LOITER,3552.0790329845063,-8.154836156405763,1571.8118187023472,0.4926197876766267,62.30167385639171,734.6601093756642,78.11077519200992,44.43523013563985,27.12565420269761,0.5340525393154119,27.670949534579442,12.944991800986298,28.403122735297693,LOITER,SENSOR_DRIFT,True,0.1485,1.0,DRIFT:cht,42,91.51,3600.0,3.610151,0.851196,-0.132312,0.071741,14.608643,-0.009766
2026-01-01T00:14:58Z,AE300_CLASS-SIM-01,AE300_CLASS,LONG_ENDURANCE_LOITER,3552.7050720838893,-8.101342475675201,1557.6518279428942,0.49558500410793044,61.75156451030645,737.0013710377189,78.33940592128388,43.48498055164815,27.066532241590814,0.5473903597465064,27.56262097240027,12.226751319186864,28.107362230413408,LOITER,SENSOR_DRIFT,True,0.149,1.0,DRIFT:cht,42,91.66,3600.0,2.593525,2.576595,0.09335,-0.085567,0.340688,0.002729
2026-01-01T00:14:59Z,AE300_CLASS-SIM-01,AE300_CLASS,LONG_ENDURANCE_LOITER,3553.0759954351342,-7.810218263453974,1561.297486073049,0.49816135440982146,63.69866721732157,737.5230052709629,79.08129598869266,42.90179933336511,27.09361163800182,0.5746645493956063,27.63818739656403,12.466820109997292,28.154355760086986,LOITER,SENSOR_DRIFT,True,0.1495,1.0,DRIFT:cht,42,91.78,3600.0,3.854488,2.267183,0.808769,-0.15275,3.023788,0.028962
2026-01-01T00:15:00Z,AE300_CLASS-SIM-01,AE300_CLASS,LONG_ENDURANCE_LOITER,3551.4865643054154,-7.847361490159934,1549.5644459909258,0.49661087975657836,63.54816308210244,729.9455656709001,77.87089438066367,42.96132603424671,27.173949944922796,0.5280320580394131,27.634896012362603,11.962887608290895,28.540371459266073,LOITER,SENSOR_DRIFT,True,0.15,1.0,DRIFT:cht,42,91.85,3600.0,3.957844,-4.989881,-0.407421,-0.022931,-8.919743,-0.017318
2026-01-01T00:15:01Z,AE300_CLASS-SIM-01,AE300_CLASS,LONG_ENDURANCE_LOITER,3552.2231955445113,-8.01390647916207,1553.4484347322489,0.4939063855575045,65.35993186546014,728.9939301140828,78.36929354247951,42.49558711502193,27.114411877142743,0.5158149661155851,27.59886556689387,12.410282207001295,27.80610923785636,LOITER,SENSOR_DRIFT,True,0.1505,1.0,DRIFT:cht,42,91.85,3600.0,6.329595,-5.22681,0.112198,0.013205,-4.264115,-0.028534
2026-01-01T00:15:02Z,AE300_CLASS-SIM-01,AE300_CLASS,LONG_ENDURANCE_LOITER,3551.3786191289737,-8.100580533339532,1547.6872160821479,0.49821162262808394,62.10742201511774,733.6897427497494,77.9765605536806,43.45678667234078,27.215837694508327,0.6557955081145718,27.668115311685344,12.725515708355502,28.448606640705066,LOITER,SENSOR_DRIFT,True,0.151,1.0,DRIFT:cht,42,91.75,3600.0,2.548655,-1.298475,-0.305132,-0.034456,-10.9198,0.109969
2026-01-01T00:15:03Z,AE300_CLASS-SIM-01,AE300_CLASS,LONG_ENDURANCE_LOITER,3551.9606082024516,-7.849779829275678,1562.7182979787297,0.49544670487735326,63.342437920405004,729.2486794515153,78.37366964363068,42.214684975087856,27.038470056501275,0.5531699181437253,27.593711668739054,12.396451360518553,28.211736605254874,LOITER,SENSOR_DRIFT,True,0.1515,1.0,DRIFT:cht,42,91.71,3600.0,3.914508,-5.459828,0.099444,-0.119228,4.382828,0.008185
2026-01-01T00:15:04Z,AE300_CLASS-SIM-01,AE300_CLASS,LONG_ENDURANCE_LOITER,3551.597325723977,-8.219216094654197,1563.4316042645728,0.49495380465934297,63.46717021799887,730.9925646555328,78.16112535808993,44.46032321123349,27.19283407441498,0.5085927870280472,27.616437553636864,12.10144739200656,28.09233839881974,LOITER,SENSOR_DRIFT,True,0.152,1.0,DRIFT:cht,42,91.65,3600.0,4.495168,-3.230903,-0.102844,0.055325,5.469088,-0.036124
2026-01-01T00:15:05Z,AE300_CLASS-SIM-01,AE300_CLASS,LONG_ENDURANCE_LOITER,3548.9595997471415,-8.102604687739577,1561.5421332998706,0.49353571437821797,62.78276150933363,733.7191489642004,78.71533295331544,43.008522412115305,27.09874771516441,0.5063805880310273,27.592744568872554,12.556276851046006,28.170362626653294,LOITER,SENSOR_DRIFT,True,0.1525,1.0,DRIFT:cht,42,91.6,3600.0,3.944157,-0.30149,0.472057,0.017065,4.332094,-0.037672
2026-01-01T00:15:06Z,AE300_CLASS-SIM-01,AE300_CLASS,LONG_ENDURANCE_LOITER,3550.8758655833853,-7.888962556729419,1566.4040659096288,0.49178689646369544,63.749513179657036,734.9623051338879,78.031970323158,43.80765922003018,27.028315006835655,0.610251025696148,27.658827781677445,12.137429990217916,28.102646622711365,LOITER,SENSOR_DRIFT,True,0.153,1.0,DRIFT:cht,42,91.47,3600.0,4.966984,1.11695,-0.178758,0.014481,10.377597,0.067082
2026-01-01T00:15:07Z,AE300_CLASS-SIM-01,AE300_CLASS,LONG_ENDURANCE_LOITER,3547.9743808157796,-8.12553274091459,1553.6697126931274,0.4924026892786625,63.92382002108209,737.899475414714,78.2265307841598,43.270080887779955,27.156634450610643,0.543528948848452,27.59492791696722,12.200653895216455,28.145821665190887,LOITER,SENSOR_DRIFT,True,0.1535,1.0,DRIFT:cht,42,91.44,3600.0,5.350669,4.226394,0.034224,0.131645,-1.686912,0.000447
2026-01-01T00:15:08Z,AE300_CLASS-SIM-01,AE300_CLASS,LONG_ENDURANCE_LOITER,3550.636830156265,-8.075319069038105,1558.4907572895122,0.49197679905988717,63.78566978194761,734.3279576058102,79.38671879418163,43.201144214969446,27.14858031193147,0.6717081467721271,27.6459638183215,12.375636124403393,28.042077692546584,LOITER,SENSOR_DRIFT,True,0.154,1.0,DRIFT:cht,42,91.22,3600.0,5.223542,0.713589,1.212895,0.142543,3.806266,0.128966
2026-01-01T00:15:09Z,AE300_CLASS-SIM-01,AE300_CLASS,LONG_ENDURANCE_LOITER,3552.2923995508136,-8.248865237926484,1559.9773525334215,0.49405288935738323,62.681529755378946,730.3253329308395,78.84156366795608,43.29525845009419,27.054904904641788,0.6007449440740649,27.618019747847786,12.495775486167144,28.31615734497264,LOITER,SENSOR_DRIFT,True,0.1545,1.0,DRIFT:cht,42,91.0,3600.0,3.98779,-3.519979,0.662514,-0.021782,5.102812,0.057368
2026-01-01T00:15:10Z,AE300_CLASS-SIM-01,AE300_CLASS,LONG_ENDURANCE_LOITER,3550.4465012313112,-8.402775755855277,1561.8243368982805,0.4947723174482147,62.50671035765893,734.0008838835228,77.511798342491,43.69548420700143,27.044584337911534,0.5314916634342337,27.644420864561706,12.717072454973641,28.066831824903986,LOITER,SENSOR_DRIFT,True,0.155,1.0,DRIFT:cht,42,90.88,3600.0,3.869648,0.15853,-0.678331,-0.058411,6.546904,-0.012214
2026-01-01T00:15:11Z,AE300_CLASS-SIM-01,AE300_CLASS,LONG_ENDURANCE_LOITER,3551.6482805286682,-7.929532858533574,1553.920305060001,0.49272959141428474,61.064267978020354,735.0611552879956,77.9036918972861,44.55234502218903,27.0843139809113,0.5038048398414737,27.647500407983827,12.188515318826175,28.190885209455782,LOITER,SENSOR_DRIFT,True,0.1555,1.0,DRIFT:cht,42,90.78,3600.0,2.236565,1.145556,-0.275393,0.051117,-0.955507,-0.039213
2026-01-01T00:15:12Z,AE300_CLASS-SIM-01,AE300_CLASS,LONG_ENDURANCE_LOITER,3550.685333201437,-8.052256870090961,1557.7422571383781,0.49533092833845177,60.746982263573635,735.3913412719015,78.30659562214679,44.292607312393315,27.160071703344286,0.5352279295236082,27.67943613593133,12.306008231553571,28.226505187966637,LOITER,SENSOR_DRIFT,True,0.156,1.0,DRIFT:cht,42,90.79,3600.0,1.673192,1.082074,0.111217,0.036753,2.273948,-0.008697
2026-01-01T00:15:13Z,AE300_CLASS-SIM-01,AE300_CLASS,LONG_ENDURANCE_LOITER,3548.4750747960798,-7.998858022383211,1554.229409481023,0.498189283112063,65.57736502993495,736.7351740575538,78.92736653612221,42.22606516094481,27.037078089462714,0.5298259768720133,27.63977472492106,12.333803297737143,27.94294024715148,LOITER,SENSOR_DRIFT,True,0.15649999999999997,1.0,DRIFT:cht,42,90.82,3600.0,6.02139,1.761782,0.69227,-0.192802,-2.683182,-0.015374
2026-01-01T00:15:14Z,AE300_CLASS-SIM-01,AE300_CLASS,LONG_ENDURANCE_LOITER,3550.4046362367344,-7.743272381398576,1565.8010831497054,0.4970387714052978,63.25553206336441,731.9217059868779,78.26557728206235,45.32490022454125,27.099879220299997,0.5238037110654238,27.682402698417615,12.744839438186172,28.061904176308488,LOITER,SENSOR_DRIFT,True,0.157,1.0,DRIFT:cht,42,90.85,3600.0,3.551552,-3.141134,0.011484,-0.101044,8.197682,-0.021342
2026-01-01T00:15:15Z,AE300_CLASS-SIM-01,AE300_CLASS,LONG_ENDURANCE_LOITER,3548.0204714928423,-8.139968364067752,1557.2913258748943,0.4970486431831728,61.92312448884282,737.3271120836014,78.27783931810494,45.51316667086116,27.138766167311886,0.5398960368537937,27.661084206583787,12.291057868857095,27.919627391586996,LOITER,SENSOR_DRIFT,True,0.1575,1.0,DRIFT:cht,42,90.94,3600.0,2.613847,2.635885,0.00879,-0.066479,-0.855921,-0.005435
2026-01-01T00:15:16Z,AE300_CLASS-SIM-01,AE300_CLASS,LONG_ENDURANCE_LOITER,3547.7873663867417,-8.101407004323347,1545.6266082135257,0.49466874443522585,60.287901248416276,733.2964797606703,78.3408710334479,43.61910310543968,27.093610007283587,0.5403890900915871,27.60671810514865,12.394914830775631,28.1974602343303,LOITER,SENSOR_DRIFT,True,0.15799999999999997,1.0,DRIFT:cht,42,91.1,3600.0,1.282512,-0.964164,0.082847,-0.029733,-12.119729,-0.004155
2026-01-01T00:15:17Z,AE300_CLASS-SIM-01,AE300_CLASS,LONG_ENDURANCE_LOITER,3546.5332229167457,-8.021088506167018,1558.5723286287616,0.49445593996119763,66.12929054610967,733.8699888115004,78.10475399077009,43.17837524993544,27.058655737887285,0.5750839254868777,27.610615868778517,12.22075358303952,28.107839952999132,LOITER,SENSOR_DRIFT,True,0.1585,1.0,DRIFT:cht,42,91.22,3600.0,7.100336,-0.404544,-0.143108,-0.053061,1.19554,0.030736
2026-01-01T00:15:18Z,AE300_CLASS-SIM-01,AE300_CLASS,LONG_ENDURANCE_LOITER,3546.141632345275,-8.322186309405518,1553.4709099688023,0.49650857538732934,63.244788588963374,738.6275191511975,78.56749628581534,43.98353255730593,27.22850900245397,0.5398275790559931,27.640573838993934,12.387166870294672,28.4199731105324,LOITER,SENSOR_DRIFT,True,0.159,1.0,DRIFT:cht,42,91.32,3600.0,4.223955,4.247132,0.307939,0.045761,-4.331159,-0.005224
2026-01-01T00:15:19Z,AE300_CLASS-SIM-01,AE300_CLASS,LONG_ENDURANCE_LOITER,3547.358270329186,-8.155045838915795,1560.794546190247,0.49310293011333567,63.68901383553599,735.4106162160649,78.14349127866102,44.01985541849562,27.02492068930703,0.5515130132505177,27.61952526092439,13.248753457095356,28.21160777556232,LOITER,SENSOR_DRIFT,True,0.15949999999999998,1.0,DRIFT:cht,42,91.42,3600.0,4.98796,1.544671,-0.092635,-0.038875,3.84449,0.007678
2026-01-01T00:15:20Z,AE300_CLASS-SIM-01,AE300_CLASS,LONG_ENDURANCE_LOITER,3546.195359015272,-8.262829916492619,1565.787988577508,0.49400892926994716,61.97352979354109,735.1874529108334,78.52025246713112,44.07852872685994,27.114011188747597,0.5513238613330986,27.647302423298505,12.49046146817889,28.25179570909934,LOITER,SENSOR_DRIFT,True,0.16,1.0,DRIFT:cht,42,91.53,3600.0,3.282681,1.284166,0.293187,0.024909,9.167423,0.007367
2026-01-01T00:15:21Z,AE300_CLASS-SIM-01,AE300_CLASS,LONG_ENDURANCE_LOITER,3548.467075952355,-8.0459028500612,1550.9018495044052,0.4943939562763316,63.98898974098193,729.2374906446132,77.42569700212611,44.32095662591607,27.20267166482132,0.48720689140217427,27.64202437476768,12.269147276657815,28.14876732781203,LOITER,SENSOR_DRIFT,True,0.1605,1.0,DRIFT:cht,42,91.56,3600.0,5.013089,-4.955349,-0.797709,0.100838,-5.585642,-0.056817
2026-01-01T00:15:22Z,AE300_CLASS-SIM-01,AE300_CLASS,LONG_ENDURANCE_LOITER,3547.019143073981,-8.246576036997112,1548.8382764168473,0.49405358231024216,62.82687417950171,731.0810487540008,78.58153342396321,43.186248322314825,27.0847934261001,0.556841126765806,27.632834736257617,12.639722093909347,28.04770737924859,LOITER,SENSOR_DRIFT,True,0.16099999999999998,1.0,DRIFT:cht,42,91.6,3600.0,4.120561,-2.829742,0.36386,-0.0028,-7.44074,0.01299
2026-01-01T00:15:23Z,AE300_CLASS-SIM-01,AE300_CLASS,LONG_ENDURANCE_LOITER,3544.2002164007013,-8.097394060495718,1556.9797780757006,0.4921481177414346,61.21857119090601,734.7381112676311,77.88434717850005,42.30729345429612,27.166661200864443,0.5156713095737111,27.683968594523733,12.396488544336632,28.231763504833584,LOITER,SENSOR_DRIFT,True,0.1615,1.0,DRIFT:cht,42,91.65,3600.0,2.682049,1.091089,-0.311505,0.151221,1.494258,-0.027369
2026-01-01T00:15:24Z,AE300_CLASS-SIM-01,AE300_CLASS,LONG_ENDURANCE_LOITER,3545.714496412601,-8.447480685888202,1548.5699447624038,0.4943517556837371,63.50358764812791,729.2105449469088,78.20038411195674,42.58875724142419,27.121456228300026,0.5432096235714718,27.667701257237944,12.707462460487298,28.256227076359103,LOITER,SENSOR_DRIFT,True,0.162,1.0,DRIFT:cht,42,91.67,3600.0,4.998226,-4.511414,0.00061,0.031786,-7.058188,-0.000483
2026-01-01T00:15:25Z,AE300_CLASS-SIM-01,AE300_CLASS,LONG_ENDURANCE_LOITER,3547.0577861506517,-8.10003814387535,1576.258596803015,0.4921390813837298,62.35014679103937,736.73939127914,78.56238589760144,43.95771572109203,27.1465364871508,0.45030317646579426,27.70151820339675,12.325716585658865,28.374091635087368,LOITER,SENSOR_DRIFT,True,0.16249999999999998,1.0,DRIFT:cht,42,91.64,3600.0,3.8125,3.116283,0.380727,0.134742,21.289182,-0.092566
2026-01-01T00:15:26Z,AE300_CLASS-SIM-01,AE300_CLASS,LONG_ENDURANCE_LOITER,3542.4523556341937,-8.007281920245015,1552.5215830842155,0.49569450485342714,63.45521100731248,735.2344764236417,77.74629396384715,43.4957646788045,27.09384574827949,0.566332790217575,27.677503197609866,12.431494959269328,27.995610581103154,LOITER,SENSOR_DRIFT,True,0.163,1.0,DRIFT:cht,42,91.65,3600.0,4.355117,0.829162,-0.455931,-0.038195,-3.195677,0.022263
2026-01-01T00:15:27Z,AE300_CLASS-SIM-01,AE300_CLASS,LONG_ENDURANCE_LOITER,3545.3994634524456,-7.652386184786228,1567.957459830926,0.48857501039829415,63.13215621975924,736.8134329098965,78.13992696424972,43.153864563428925,27.0872763759417,0.568872955525551,27.59197758069763,12.742427104957063,28.178466392557326,LOITER,SENSOR_DRIFT,True,0.1635,1.0,DRIFT:cht,42,91.64,3600.0,4.693695,3.480136,-0.010289,0.204257,14.131412,0.027379
2026-01-01T00:15:28Z,AE300_CLASS-SIM-01,AE300_CLASS,LONG_ENDURANCE_LOITER,3543.5710085623778,-7.873675518118237,1545.588829099687,0.49338693430335134,62.313423819974076,740.2004916201223,77.91287115358764,41.713974859509364,27.067023833828785,0.5645047850770388,27.669264823118876,13.06825076177373,28.397728894246328,LOITER,SENSOR_DRIFT,True,0.16399999999999998,1.0,DRIFT:cht,42,91.58,3600.0,3.453082,6.186093,-0.243504,0.02652,-8.461162,0.021645
2026-01-01T00:15:29Z,AE300_CLASS-SIM-01,AE300_CLASS,LONG_ENDURANCE_LOITER,3544.9908785998678,-8.174320785744682,1567.742259738011,0.49373377237024696,62.207788866654646,733.0236038062511,77.65675715475737,43.15118170811851,27.086584807052972,0.5768651578907863,27.622362969137182,12.004519442914654,27.945957352932083,LOITER,SENSOR_DRIFT,True,0.1645,1.0,DRIFT:cht,42,91.55,3600.0,3.575649,-0.776719,-0.507316,0.030936,13.41231,0.033805
2026-01-01T00:15:30Z,AE300_CLASS-SIM-01,AE300_CLASS,LONG_ENDURANCE_LOITER,3544.758799065729,-8.027995010868505,1552.4632004128296,0.49350953152346033,63.57521873922576,738.078896527176,77.86837814539655,43.62276972233921,27.156706151405423,0.5090410591783713,27.637246278947153,12.372826913723406,27.989657808921873,LOITER,SENSOR_DRIFT,True,0.165,1.0,DRIFT:cht,42,91.52,3600.0,4.823398,4.166778,-0.299474,0.10709,-2.004142,-0.034007
2026-01-01T00:15:31Z,AE300_CLASS-SIM-01,AE300_CLASS,LONG_ENDURANCE_LOITER,3544.4326423720427,-8.032437610378647,1560.1983002008465,0.49204421646866797,63.08994026420818,738.0481792649869,79.15347446183657,44.63606575335649,27.02722431134673,0.5642441649598109,27.618530761222473,12.468864169229894,28.070348506605264,LOITER,SENSOR_DRIFT,True,0.16549999999999998,1.0,DRIFT:cht,42,91.46,3600.0,4.560887,4.438068,0.996507,0.029561,6.126762,0.021733
2026-01-01T00:15:32Z,AE300_CLASS-SIM-01,AE300_CLASS,LONG_ENDURANCE_LOITER,3541.3451337525653,-8.087127321254709,1561.3402497818843,0.494967533902482,63.60760460193187,734.7790619663394,78.39979321358496,43.99879447033298,27.08000644467629,0.5476574619849284,27.707572019609692,12.425771714089706,28.192394455568813,LOITER,SENSOR_DRIFT,True,0.166,1.0,DRIFT:cht,42,91.44,3600.0,4.736147,0.648187,0.222991,-0.018039,6.547458,0.004118
2026-01-01T00:15:33Z,AE300_CLASS-SIM-01,AE300_CLASS,LONG_ENDURANCE_LOITER,3543.805120411633,-8.06641643647759,1553.2038590010748,0.4947824364138102,62.433136826028004,733.7597967400488,77.861180527609,43.641273146520334,27.13017780999908,0.5343718109008545,27.557491607236066,12.559742300161217,28.203866426479053,LOITER,SENSOR_DRIFT,True,0.1665,1.0,DRIFT:cht,42,91.48,3600.0,3.522376,-0.394496,-0.328514,0.031602,-2.057752,-0.009297
2026-01-01T00:15:34Z,AE300_CLASS-SIM-01,AE300_CLASS,LONG_ENDURANCE_LOITER,3541.896396211223,-7.916020045662091,1546.4316935731595,0.49642943956927327,63.022784771386604,727.8083741174578,78.29631673866814,43.204953274500156,27.060353992981156,0.510690913629722,27.632723172876712,12.236542681605926,27.907164232886565,LOITER,SENSOR_DRIFT,True,0.16699999999999998,1.0,DRIFT:cht,42,91.49,3600.0,3.716619,-6.851499,0.080957,-0.10018,-9.763195,-0.033745
2026-01-01T00:15:35Z,AE300_CLASS-SIM-01,AE300_CLASS,LONG_ENDURANCE_LOITER,3545.029794951709,-8.066944653685276,1551.0664434875948,0.4920553219470786,64.10610843675542,730.5195449063145,78.2755189723015,43.054868847628676,27.060878662205862,0.4942089877223531,27.612984086712434,12.384211469875432,28.220793522952203,LOITER,SENSOR_DRIFT,True,0.1675,1.0,DRIFT:cht,42,91.48,3600.0,5.548163,-3.137819,0.082447,0.048929,-4.318006,-0.048775
2026-01-01T00:15:36Z,AE300_CLASS-SIM-01,AE300_CLASS,LONG_ENDURANCE_LOITER,3541.6787541352182,-8.042211588937038,1562.3784876256084,0.49096045717181613,63.10280303928578,731.4869177692702,77.74067305428997,43.7735840342257,27.058327699275583,0.4890936200793205,27.690753250901004,12.65706309064556,27.89547971551623,LOITER,SENSOR_DRIFT,True,0.168,1.0,DRIFT:cht,42,91.45,3600.0,4.741502,-1.921327,-0.42573,0.094261,7.963837,-0.053233
2026-01-01T00:15:37Z,AE300_CLASS-SIM-01,AE300_CLASS,LONG_ENDURANCE_LOITER,3540.3809504005894,-7.93783329115405,1554.1345071771045,0.49726040854796916,63.91898656266127,734.98157498514,77.75369894890865,43.97020228486199,27.013135949873583,0.6025663593296036,27.65465252568654,12.133055564696237,28.305856143495355,LOITER,SENSOR_DRIFT,True,0.16849999999999998,1.0,DRIFT:cht,42,91.37,3600.0,4.551732,0.215168,-0.452064,-0.169767,-1.71141,0.058039
2026-01-01T00:15:38Z,AE300_CLASS-SIM-01,AE300_CLASS,LONG_ENDURANCE_LOITER,3545.690329661747,-8.057774840103693,1559.9508331252136,0.49336914559342226,63.23550425074303,729.9167737575542,78.21245509085016,43.59027258770981,27.196260707739153,0.46303581024337315,27.6265167023718,12.766408421904709,28.14871772554617,LOITER,SENSOR_DRIFT,True,0.169,1.0,DRIFT:cht,42,91.2,3600.0,4.476443,-4.007884,0.014408,0.139236,4.385473,-0.08037
2026-01-01T00:15:39Z,AE300_CLASS-SIM-01,AE300_CLASS,LONG_ENDURANCE_LOITER,3541.8064797640145,-8.148401552145025,1549.5390193139779,0.4905546416746829,62.313364252825636,731.3607956839625,78.26496704198065,42.88446774548125,27.058184490202244,0.52344230303893,27.635810491757475,12.220885115919737,28.025544457400887,LOITER,SENSOR_DRIFT,True,0.16949999999999998,1.0,DRIFT:cht,42,91.1,3600.0,4.112039,-1.866008,0.098632,0.107251,-4.873176,-0.018775
2026-01-01T00:15:40Z,AE300_CLASS-SIM-01,AE300_CLASS,LONG_ENDURANCE_LOITER,3541.927591464864,-7.86157063925343,1556.9358359142077,0.4929602533034169,62.97805203867223,728.3831776992529,78.1482745076585,43.214438401048746,27.02959149020824,0.5099277157057189,27.62131277700316,12.67664782938236,28.348450354718874,LOITER,SENSOR_DRIFT,True,0.16999999999999998,1.0,DRIFT:cht,42,91.03,3600.0,4.165626,-5.575911,-0.016619,0.000895,2.576081,-0.03292
2026-01-01T00:15:41Z,AE300_CLASS-SIM-01,AE300_CLASS,LONG_ENDURANCE_LOITER,3540.1422037920547,-8.097685150960052,1552.5577577998984,0.4957725301845394,63.334099757817164,734.3787209949612,78.4514800823148,43.048542151893905,27.166071522740083,0.5436742282335167,27.603470716935377,12.309486844633241,28.369259462478297,LOITER,SENSOR_DRIFT,True,0.1705,1.0,DRIFT:cht,42,91.06,3600.0,4.354098,0.083156,0.260851,0.037462,-2.737848,-0.000255
2026-01-01T00:15:42Z,AE300_CLASS-SIM-01,AE300_CLASS,LONG_ENDURANCE_LOITER,3540.632128065866,-7.875820298397245,1551.597781298133,0.49259565673342953,64.00921733080634,731.6657464384141,78.57946116337993,43.8551296195017,27.03046196300768,0.5405184110170892,27.615741300581632,12.482540473417975,28.46746887257046,LOITER,SENSOR_DRIFT,True,0.17099999999999999,1.0,DRIFT:cht,42,91.14,3600.0,5.248865,-2.239,0.399313,0.008794,-3.316691,-0.002421
2026-01-01T00:15:43Z,AE300_CLASS-SIM-01,AE300_CLASS,LONG_ENDURANCE_LOITER,3540.44923410096,-7.936467950455613,1556.1156000751685,0.49414864450665547,62.94377408122028,731.7060612924338,78.35928715572324,43.311571041198924,27.02722891905495,0.5893517284000604,27.64163771423571,12.308886425310956,28.385136550353828,LOITER,SENSOR_DRIFT,True,0.17149999999999999,1.0,DRIFT:cht,42,91.2,3600.0,4.025241,-2.441139,0.17243,-0.047345,0.957159,0.045908
2026-01-01T00:15:44Z,AE300_CLASS-SIM-01,AE300_CLASS,LONG_ENDURANCE_LOITER,3537.9866184374414,-7.823891694255453,1549.7525130648296,0.4944971391529051,62.400858482416,731.5163880682874,78.79887922617735,45.13553965621449,27.066882764250337,0.5587908907223317,27.639942036220344,12.895936787267985,27.866984413673222,LOITER,SENSOR_DRIFT,True,0.17200000000000001,1.0,DRIFT:cht,42,91.25,3600.0,3.332252,-2.817935,0.6032,-0.020647,-5.726715,0.015151
2026-01-01T00:15:45Z,AE300_CLASS-SIM-01,AE300_CLASS,LONG_ENDURANCE_LOITER,3541.041875638096,-8.122164185216826,1539.3913930730755,0.4933265588527606,65.57460599898666,732.2578143931092,78.56263086159686,44.577381023720505,27.078033928548898,0.5490956298994506,27.568995526421045,12.161404218109586,28.319837047424677,LOITER,SENSOR_DRIFT,True,0.1725,1.0,DRIFT:cht,42,91.27,3600.0,6.9412,-1.561238,0.371826,0.028313,-15.91059,0.005819
2026-01-01T00:15:46Z,AE300_CLASS-SIM-01,AE300_CLASS,LONG_ENDURANCE_LOITER,3540.302658857196,-7.9562744451591065,1556.7845561850274,0.4984051719097569,62.61926858168047,738.5838616966082,78.2660189109923,44.999332903879775,27.003936538973743,0.5519650747843423,27.621885027557198,12.417563736266224,28.366971266493504,LOITER,SENSOR_DRIFT,True,0.173,1.0,DRIFT:cht,42,91.29,3600.0,3.069981,3.559034,0.030903,-0.227295,-0.128736,0.006748
2026-01-01T00:15:47Z,AE300_CLASS-SIM-01,AE300_CLASS,LONG_ENDURANCE_LOITER,3540.515304355127,-7.826598681152042,1551.13021676746,0.49234904007966157,63.20668333208377,733.9744492321073,78.1214618055895,42.74518096490874,27.14799386154995,0.5273086502051187,27.694660679736693,12.379013720972363,28.280708090368506,LOITER,SENSOR_DRIFT,True,0.17350000000000002,1.0,DRIFT:cht,42,91.32,3600.0,4.382507,-0.000714,-0.090191,0.122629,-4.929893,-0.015972
2026-01-01T00:15:48Z,AE300_CLASS-SIM-01,AE300_CLASS,LONG_ENDURANCE_LOITER,3540.5191041469852,-8.131577718989133,1558.3614955536143,0.49782491985718813,63.519645624136736,736.600212263065,78.51622689539202,43.821764334547666,27.085903085258316,0.5682461236094222,27.66813391234384,11.969010187645388,28.220368108098015,LOITER,SENSOR_DRIFT,True,0.174,1.0,DRIFT:cht,42,91.37,3600.0,4.205898,1.835686,0.270776,-0.130496,1.072378,0.023051
2026-01-01T00:15:49Z,AE300_CLASS-SIM-01,AE300_CLASS,LONG_ENDURANCE_LOITER,3539.1418725968683,-8.064945957764685,1564.832135827532,0.49247550644567123,61.38615345808982,736.2986051894135,77.56423335684488,41.922774738840346,27.127850073836576,0.5507400243622832,27.656496450918773,12.24139984312554,27.975440679313603,LOITER,SENSOR_DRIFT,True,0.1745,1.0,DRIFT:cht,42,91.41,3600.0,2.781767,2.5235,-0.656709,0.095833,8.434216,0.007312
2026-01-01T00:15:50Z,AE300_CLASS-SIM-01,AE300_CLASS,LONG_ENDURANCE_LOITER,3537.374758333013,-8.045325689412046,1546.8228746296847,0.49452944972943524,62.60496204168452,734.5826633623304,78.27238326016744,43.8910602434865,27.101962668523168,0.5281025965625866,27.644931491531143,12.44439928233287,27.81859697734655,LOITER,SENSOR_DRIFT,True,0.17500000000000002,1.0,DRIFT:cht,42,91.48,3600.0,3.718089,0.409385,0.050386,0.003906,-9.613384,-0.015884
2026-01-01T00:15:51Z,AE300_CLASS-SIM-01,AE300_CLASS,LONG_ENDURANCE_LOITER,3539.858677507678,-7.980286448344739,1559.647345541767,0.49131520169799436,62.80245694126867,731.0022429280381,78.53679321513499,42.36868586553504,27.01491418862537,0.5676028594032513,27.612382794319025,12.09454839246569,28.31876736313129,LOITER,SENSOR_DRIFT,True,0.1755,1.0,DRIFT:cht,42,91.52,3600.0,4.308603,-2.582011,0.344742,0.030975,4.300034,0.024858
2026-01-01T00:15:52Z,AE300_CLASS-SIM-01,AE300_CLASS,LONG_ENDURANCE_LOITER,3540.0459062592263,-7.89274752217705,1561.6092794417448,0.49339927530455774,62.9537964929812,732.2378611085807,78.27635669788667,43.1150756890757,27.043289316046174,0.5705348440662846,27.684924399877556,12.492012428926751,28.4517357538104,LOITER,SENSOR_DRIFT,True,0.176,1.0,DRIFT:cht,42,91.56,3600.0,4.093556,-1.816292,0.087447,-0.007401,6.376213,0.027268
2026-01-01T00:15:53Z,AE300_CLASS-SIM-01,AE300_CLASS,LONG_ENDURANCE_LOITER,3537.301515001739,-8.275034820220013,1560.6400145795187,0.4922923117306854,62.870773319872654,729.091022047528,77.79538992088514,42.28765034115668,27.04185495966381,0.5257651086410499,27.64112630066831,12.743920022542838,28.2839532394164,LOITER,SENSOR_DRIFT,True,0.17650000000000002,1.0,DRIFT:cht,42,91.56,3600.0,4.587807,-4.337659,-0.381179,0.033681,5.855687,-0.01703
2026-01-01T00:15:54Z,AE300_CLASS-SIM-01,AE300_CLASS,LONG_ENDURANCE_LOITER,3535.6619836409222,-7.906416732277118,1556.3892092518172,0.4936138709454516,63.20387030254115,734.61316296724,77.88784141921138,43.4102998312319,27.13758942417588,0.511824767318053,27.596317419011296,12.35295972691147,28.01266125715988,LOITER,SENSOR_DRIFT,True,0.177,1.0,DRIFT:cht,42,91.59,3600.0,4.383919,0.568676,-0.292101,0.086303,1.482201,-0.031362
2026-01-01T00:15:55Z,AE300_CLASS-SIM-01,AE300_CLASS,LONG_ENDURANCE_LOITER,3535.2465131485064,-8.047569547460693,1565.7165859680943,0.493705860591315,63.472336954592436,728.0699649638455,78.39550287294247,43.64541349404835,27.025298162539393,0.5515834010044234,27.64430285629905,12.053094368249875,28.231853211015736,LOITER,SENSOR_DRIFT,True,0.1775,1.0,DRIFT:cht,42,91.61,3600.0,4.779579,-5.856461,0.212055,-0.030009,10.682119,0.008329
2026-01-01T00:15:56Z,AE300_CLASS-SIM-01,AE300_CLASS,LONG_ENDURANCE_LOITER,3539.361840699928,-8.02837111550092,1549.4723791545694,0.49340145361701027,64.35799150877946,730.5946521200451,78.45785352717269,42.99049471092438,27.07835686678993,0.5180668250110803,27.6148023666664,12.82733805455723,27.970541090077894,LOITER,SENSOR_DRIFT,True,0.17800000000000002,1.0,DRIFT:cht,42,91.6,3600.0,5.649563,-3.307926,0.275341,0.030468,-5.528076,-0.025114
2026-01-01T00:15:57Z,AE300_CLASS-SIM-01,AE300_CLASS,LONG_ENDURANCE_LOITER,3538.029636567906,-7.732761655822124,1560.3134972414616,0.49106796469208036,61.587747899991676,731.9177586242151,78.2677167634781,43.759612816295366,26.98617137254051,0.5041682497775344,27.605008798349882,12.315654387627045,28.479437324244408,LOITER,SENSOR_DRIFT,True,0.1785,1.0,DRIFT:cht,42,91.62,3600.0,2.946837,-1.792508,0.107683,0.023487,6.130449,-0.038087
2026-01-01T00:15:58Z,AE300_CLASS-SIM-01,AE300_CLASS,LONG_ENDURANCE_LOITER,3535.637256438602,-8.13728441571111,1547.5521662636863,0.49497479284618817,63.20686727567036,731.5068404580352,78.03255606636631,42.895532333076424,27.078866780767097,0.6642198861557084,27.65948772671867,12.341450743348977,28.081815609853983,LOITER,SENSOR_DRIFT,True,0.179,1.0,DRIFT:cht,42,91.54,3600.0,4.433625,-2.560784,-0.147658,-0.016759,-7.364719,0.120664
2026-01-01T00:15:59Z,AE300_CLASS-SIM-01,AE300_CLASS,LONG_ENDURANCE_LOITER,3534.7573866496596,-7.878967704310709,1560.2089315407954,0.49274504668386704,64.8447549010363,734.0693396412138,78.54361226896417,43.820838140104314,27.049125343406182,0.5004337352059737,27.63161673916084,12.621431383813704,28.10517059385221,LOITER,SENSOR_DRIFT,True,0.17950000000000002,1.0,DRIFT:cht,42,91.45,3600.0,6.131574,0.173987,0.368932,0.028686,5.493301,-0.042446
2026-01-01T00:16:00Z,AE300_CLASS-SIM-01,AE300_CLASS,LONG_ENDURANCE_LOITER,3537.167548601341,-8.149711969605184,1560.883163996657,0.4942766763237736,61.711486691895324,733.376965271238,78.61327418939625,42.499647665219086,26.994136728390256,0.5402567840370721,27.722756484139456,12.166511660641385,28.255510888568345,LOITER,SENSOR_DRIFT,True,0.18,1.0,DRIFT:cht,42,91.44,3600.0,3.023805,-0.563231,0.428784,-0.08145,5.810785,-0.003175
2026-01-01T00:16:01Z,AE300_CLASS-SIM-01,AE300_CLASS,LONG_ENDURANCE_LOITER,3536.6335893547885,-8.074009995621843,1556.5199918467047,0.49272866930014875,62.81589498926047,729.3466106394346,78.18228529987594,44.33480947871138,27.060479589909193,0.5924376009498477,27.66062140452924,12.349891614105589,28.086859884006266,LOITER,SENSOR_DRIFT,True,0.1805,1.0,DRIFT:cht,42,91.39,3600.0,4.277879,-4.363717,0.004842,0.038247,1.703866,0.049517
2026-01-01T00:16:02Z,AE300_CLASS-SIM-01,AE300_CLASS,LONG_ENDURANCE_LOITER,3535.249440405794,-8.204439004952999,1553.4918082829195,0.4938898811150119,65.51789976440169,735.4714352078192,77.80325312306212,42.34787167410664,27.043281273110516,0.5798747569531859,27.628568704695372,12.529818196100724,28.153708828229526,LOITER,SENSOR_DRIFT,True,0.18100000000000002,1.0,DRIFT:cht,42,91.32,3600.0,6.957364,1.66794,-0.38003,-0.01795,-1.536675,0.036573
2026-01-01T00:16:03Z,AE300_CLASS-SIM-01,AE300_CLASS,LONG_ENDURANCE_LOITER,3536.7897863663593,-8.221731560548706,1566.5599368729368,0.49134646167498114,64.32651606954809,733.2239897583421,78.13947065071254,43.36715283534385,27.06965108257191,0.5639145668494054,27.679712869810203,12.78907656341514,28.230479806627155,LOITER,SENSOR_DRIFT,True,0.1815,1.0,DRIFT:cht,42,91.29,3600.0,6.143323,-0.05181,-0.023994,0.097481,12.252145,0.021546
2026-01-01T00:16:04Z,AE300_CLASS-SIM-01,AE300_CLASS,LONG_ENDURANCE_LOITER,3538.0202468084876,-7.966477398999906,1562.8420454748782,0.49440241289078585,62.587510306433316,734.4875275217936,78.41717632570457,43.545475827750636,27.077726661880316,0.5822479015500366,27.636428534533987,11.482994570510076,28.432276026661096,LOITER,SENSOR_DRIFT,True,0.182,1.0,DRIFT:cht,42,91.25,3600.0,3.703186,0.353548,0.240175,0.000279,8.042008,0.038875
2026-01-01T00:16:05Z,AE300_CLASS-SIM-01,AE300_CLASS,LONG_ENDURANCE_LOITER,3534.738798039855,-8.102195736828548,1547.4004911655968,0.49284562671385124,62.576717015675754,731.9104126421053,77.88294791753701,44.023880460819825,27.17341759479785,0.5802128966922954,27.68225243818296,12.25240685160123,28.196064238429198,LOITER,SENSOR_DRIFT,True,0.18249999999999997,1.0,DRIFT:cht,42,91.21,3600.0,4.075669,-1.777175,-0.290242,0.150279,-7.260946,0.037326
2026-01-01T00:16:06Z,AE300_CLASS-SIM-01,AE300_CLASS,LONG_ENDURANCE_LOITER,3535.5603585269805,-8.075917811030543,1552.2584524262252,0.49520116740872966,64.73248322979843,734.156755452415,77.65123974895147,43.32310073246022,26.963756492010027,0.546651890048228,27.647549685524975,12.283885742085412,28.216450046946616,LOITER,SENSOR_DRIFT,True,0.183,1.0,DRIFT:cht,42,91.25,3600.0,5.84899,-0.040316,-0.541121,-0.143751,-3.100134,0.002878
2026-01-01T00:16:07Z,AE300_CLASS-SIM-01,AE300_CLASS,LONG_ENDURANCE_LOITER,3535.2814365147105,-7.936735243828479,1546.7971499477144,0.49295907981458303,63.85471255433809,738.3823675195566,78.06584961722189,44.04332298330102,27.101566100743977,0.5344001424256863,27.68325492095734,12.725220042628093,28.387080004023765,LOITER,SENSOR_DRIFT,True,0.1835,1.0,DRIFT:cht,42,91.29,3600.0,5.148017,4.478964,-0.119988,0.069625,-8.324201,-0.008684
2026-01-01T00:16:08Z,AE300_CLASS-SIM-01,AE300_CLASS,LONG_ENDURANCE_LOITER,3535.079182645012,-7.619524386096341,1550.870178666966,0.49768730861151134,64.32752063487914,737.7090272598392,78.04335492300493,44.29366724206148,27.133136116001996,0.49429785755441363,27.630770609471327,11.721661128971654,28.15310127804552,LOITER,SENSOR_DRIFT,True,0.18399999999999997,1.0,DRIFT:cht,42,91.3,3600.0,4.603933,2.5223,-0.18215,-0.067449,-5.693622,-0.050574
2026-01-01T00:16:09Z,AE300_CLASS-SIM-01,AE300_CLASS,LONG_ENDURANCE_LOITER,3532.9029718367938,-8.004490550020405,1575.6119618108505,0.4968483054262928,61.46426470151556,735.5059784446448,78.54604659263617,43.28940618936156,27.056856856730597,0.5556288039479539,27.583424255217928,12.054107188896989,28.205524663330127,LOITER,SENSOR_DRIFT,True,0.1845,1.0,DRIFT:cht,42,91.35,3600.0,2.224472,0.820064,0.297919,-0.123454,18.225507,0.010701
2026-01-01T00:16:10Z,AE300_CLASS-SIM-01,AE300_CLASS,LONG_ENDURANCE_LOITER,3534.0115376544068,-8.076390227418411,1549.5551225686984,0.49320668488690095,64.49435852024408,733.7297198196544,78.91591215134711,42.98592625296031,27.056385777192638,0.5272469188196484,27.660792197079736,12.128498707576256,28.468618749986838,LOITER,SENSOR_DRIFT,True,0.185,1.0,DRIFT:cht,42,91.39,3600.0,5.835838,-0.171881,0.685133,0.00041,-7.200492,-0.01648
2026-01-01T00:16:11Z,AE300_CLASS-SIM-01,AE300_CLASS,LONG_ENDURANCE_LOITER,3531.0619649932696,-7.711064207434204,1555.7149714602283,0.4944646375232822,65.0840610200254,736.3393012482467,77.85632683534594,44.08820488275354,27.15548847023295,0.503242695019904,27.721995948464127,12.478154912594047,28.11435385275616,LOITER,SENSOR_DRIFT,True,0.18549999999999997,1.0,DRIFT:cht,42,91.41,3600.0,5.919332,1.850767,-0.373655,0.060898,-1.011647,-0.040798
2026-01-01T00:16:12Z,AE300_CLASS-SIM-01,AE300_CLASS,LONG_ENDURANCE_LOITER,3531.993399256421,-8.000159727827906,1541.3673998764762,0.49250284439521574,63.01419017609853,730.9234602330798,78.52052491304113,43.39293249535901,27.003933256172754,0.5285114043496364,27.651448155444477,12.383879641941444,28.07402068732005,LOITER,SENSOR_DRIFT,True,0.186,1.0,DRIFT:cht,42,91.44,3600.0,4.425049,-2.872373,0.309817,-0.020225,-14.658334,-0.014755
2026-01-01T00:16:13Z,AE300_CLASS-SIM-01,AE300_CLASS,LONG_ENDURANCE_LOITER,3533.2572632798438,-7.972548483582027,1547.0473940381214,0.49272986891986376,64.11595287419227,735.5277752724545,78.07966624942296,44.154895831639685,26.98192455021045,0.5004275884923723,27.627178706177897,12.810652249063086,28.203483626835393,LOITER,SENSOR_DRIFT,True,0.1865,1.0,DRIFT:cht,42,91.45,3600.0,5.476344,1.684531,-0.118311,-0.04572,-8.515402,-0.042742
2026-01-01T00:16:14Z,AE300_CLASS-SIM-01,AE300_CLASS,LONG_ENDURANCE_LOITER,3532.3911840897345,-7.731606813046515,1552.9843693485998,0.49774988975499523,62.704963173866034,731.0869177023271,78.10744291717984,43.36867248734288,26.990899686833597,0.6602014849343285,27.64995901532196,12.500126427211269,28.109542925438,LOITER,SENSOR_DRIFT,True,0.18699999999999997,1.0,DRIFT:cht,42,91.3,3600.0,3.09456,-4.011383,-0.128358,-0.213751,-3.953852,0.115193
2026-01-01T00:16:15Z,AE300_CLASS-SIM-01,AE300_CLASS,LONG_ENDURANCE_LOITER,3531.673178462565,-7.80767418315028,1543.2313401704043,0.49096823930838757,63.05494887156912,737.6966609048296,78.01292875807337,43.93487812261052,27.03966766576794,0.6014248906282621,27.57381007948364,12.581109680536256,28.14881890903337,LOITER,SENSOR_DRIFT,True,0.1875,1.0,DRIFT:cht,42,91.11,3600.0,4.49934,4.016961,-0.187784,0.06939,-12.430941,0.058703
2026-01-01T00:16:16Z,AE300_CLASS-SIM-01,AE300_CLASS,LONG_ENDURANCE_LOITER,3533.6624585660115,-8.082680675703406,1555.1022776397049,0.49302249980568785,62.08010309275065,730.3225426229611,77.91943185630487,43.692345985336004,26.991230325341498,0.5282205627615447,27.5617521533375,12.248594925020235,28.332020678806987,LOITER,SENSOR_DRIFT,True,0.188,1.0,DRIFT:cht,42,91.02,3600.0,3.514869,-3.456101,-0.273637,-0.044371,-0.282046,-0.014966
2026-01-01T00:16:17Z,AE300_CLASS-SIM-01,AE300_CLASS,LONG_ENDURANCE_LOITER,3533.068352499537,-7.9711070736228535,1556.6063881864989,0.49154453740986986,65.50185935264096,739.6914049929471,78.25394315938118,45.784742749994386,26.994475284507715,0.4867559187691729,27.608784144360047,12.29341202082461,28.52512159814435,LOITER,SENSOR_DRIFT,True,0.18849999999999997,1.0,DRIFT:cht,42,90.86,3600.0,7.060978,6.12088,0.080518,0.014694,1.936365,-0.055776
2026-01-01T00:16:18Z,AE300_CLASS-SIM-01,AE300_CLASS,LONG_ENDURANCE_LOITER,3531.3242930549227,-8.08529757826981,1548.5808994436732,0.4954546473986897,64.69340177830989,732.5363022737497,77.33482521293494,42.62411057687957,27.137202079254816,0.574031451274274,27.639772596255376,12.919378268909531,28.471889490368422,LOITER,SENSOR_DRIFT,True,0.189,1.0,DRIFT:cht,42,90.72,3600.0,5.820194,-1.689588,-0.860859,0.023126,-6.898528,0.030167
2026-01-01T00:16:19Z,AE300_CLASS-SIM-01,AE300_CLASS,LONG_ENDURANCE_LOITER,3531.4275720785395,-7.957265393709379,1550.7650764238049,0.4925789415731779,61.47150806032942,729.7165308683922,77.40288709695355,44.5058568831923,26.93888459203996,0.6307640122313937,27.607924071996553,12.879402523050953,28.123211332331703,LOITER,SENSOR_DRIFT,True,0.1895,1.0,DRIFT:cht,42,90.49,3600.0,2.873841,-4.080056,-0.782572,-0.077904,-4.342529,0.087806
2026-01-01T00:16:20Z,AE300_CLASS-SIM-01,AE300_CLASS,LONG_ENDURANCE_LOITER,3528.8676510605505,-7.760343218200232,1564.621753718433,0.49130959112115913,62.979404187834035,731.3473559308403,78.12300208143154,43.67658057695128,27.01012707248248,0.4611462087398983,27.61388906115466,12.568722431568776,28.146463487018924,LOITER,SENSOR_DRIFT,True,0.18999999999999997,1.0,DRIFT:cht,42,90.23,3600.0,4.410442,-2.358719,-0.043165,0.043573,10.215672,-0.081207
2026-01-01T00:16:21Z,AE300_CLASS-SIM-01,AE300_CLASS,LONG_ENDURANCE_LOITER,3530.461220011038,-8.090806957945087,1550.507625255543,0.495913134308402,61.93566388825335,735.895861360769,78.19756943250457,43.79377027648256,26.98591006398799,0.5271469532260057,27.63688047236735,12.200935982040098,28.22734216899248,LOITER,SENSOR_DRIFT,True,0.1905,1.0,DRIFT:cht,42,90.09,3600.0,3.015862,1.595604,0.002924,-0.142089,-4.934044,-0.016823
2026-01-01T00:16:22Z,AE300_CLASS-SIM-01,AE300_CLASS,LONG_ENDURANCE_LOITER,3531.373989212015,-7.623564905927911,1556.6946049488818,0.48924429775774536,64.93612189698018,733.3006913356439,79.08091646876358,44.83672244554833,26.99817683685036,0.5754431735608497,27.613336119182495,12.357412605701002,28.27885401085059,LOITER,SENSOR_DRIFT,True,0.191,1.0,DRIFT:cht,42,89.97,3600.0,6.505641,-0.139557,0.927689,0.101844,2.759059,0.0338
2026-01-01T00:16:23Z,AE300_CLASS-SIM-01,AE300_CLASS,LONG_ENDURANCE_LOITER,3532.0927807323505,-7.813470448418387,1555.2414914586248,0.4980091758424905,62.95649391527141,729.3653401109781,77.53809082812477,44.840098716498524,27.022535197911107,0.55009574971038,27.615378415115835,12.220263917773545,28.059220845197355,LOITER,SENSOR_DRIFT,True,0.19149999999999998,1.0,DRIFT:cht,42,89.94,3600.0,3.445321,-5.629951,-0.6662,-0.178417,-0.550885,0.005428
2026-01-01T00:16:24Z,AE300_CLASS-SIM-01,AE300_CLASS,LONG_ENDURANCE_LOITER,3530.8654563787254,-7.960638733662312,1557.7308903601977,0.49369474978650796,62.884202023937775,729.7750291817343,77.47825113147857,46.16060152069697,27.11446632720079,0.6032269922421676,27.610080142955933,12.358396902911432,28.05480974145619,LOITER,SENSOR_DRIFT,True,0.192,1.0,DRIFT:cht,42,89.85,3600.0,4.117712,-4.260795,-0.724372,0.05534,1.999124,0.05975
2026-01-01T00:16:25Z,AE300_CLASS-SIM-01,AE300_CLASS,LONG_ENDURANCE_LOITER,3527.926056751431,-8.032628197368524,1563.938435528347,0.4946709087232659,62.18360649145749,732.9719633503224,78.51012179894082,43.10337754059419,27.02919269686341,0.5609825267069188,27.652686681933965,12.431256949740794,28.0788885205518,LOITER,SENSOR_DRIFT,True,0.1925,1.0,DRIFT:cht,42,89.83,3600.0,3.371916,-1.180774,0.299036,-0.06284,7.898944,0.017147
2026-01-01T00:16:26Z,AE300_CLASS-SIM-01,AE300_CLASS,LONG_ENDURANCE_LOITER,3528.8031677483514,-8.112640070320683,1543.6950720869957,0.49273346547958247,64.51263149040096,729.9826312506489,78.29500973649749,44.25639535351191,26.91285515188674,0.5307038573626384,27.702882912205506,12.520064982843667,27.89620346089687,LOITER,SENSOR_DRIFT,True,0.19299999999999998,1.0,DRIFT:cht,42,89.87,3600.0,6.053119,-3.706625,0.095924,-0.112259,-11.908062,-0.012458
2026-01-01T00:16:27Z,AE300_CLASS-SIM-01,AE300_CLASS,LONG_ENDURANCE_LOITER,3530.352588558697,-8.053033535007266,1559.4328635977158,0.4915563444033064,63.38937749350398,732.3362761711553,78.17274814012664,43.10802630682935,27.00828859356981,0.48995839719738477,27.656645932032873,12.406537613623449,27.934121144109078,LOITER,SENSOR_DRIFT,True,0.1935,1.0,DRIFT:cht,42,89.88,3600.0,5.046476,-1.155274,-0.005841,0.028055,4.575071,-0.05263
2026-01-01T00:16:28Z,AE300_CLASS-SIM-01,AE300_CLASS,LONG_ENDURANCE_LOITER,3530.589904090832,-7.965596633101611,1555.6953380946345,0.49443917625411127,63.89186084800414,737.0979390410087,78.03849955133461,44.470235102349235,27.027718129382993,0.5656847427995985,27.653149758859524,12.725640539567527,28.284641763558454,LOITER,SENSOR_DRIFT,True,0.19399999999999998,1.0,DRIFT:cht,42,89.92,3600.0,5.0518,2.956244,-0.151662,-0.050748,0.416751,0.02217
2026-01-01T00:16:29Z,AE300_CLASS-SIM-01,AE300_CLASS,LONG_ENDURANCE_LOITER,3528.171560615514,-8.033623919033841,1554.1840079100755,0.4913633950014394,62.104122914767686,727.8707978628049,77.47246964991616,45.27932123728822,26.979594455792622,0.6284775687370203,27.653115819427278,12.337963443858348,27.951168077632538,LOITER,SENSOR_DRIFT,True,0.19449999999999998,1.0,DRIFT:cht,42,89.84,3600.0,3.801227,-5.57837,-0.697901,0.010199,-0.374941,0.086059
2026-01-01T00:16:30Z,AE300_CLASS-SIM-01,AE300_CLASS,LONG_ENDURANCE_LOITER,3528.5784319147924,-7.651886720669049,1565.40502916193,0.493405620162538,61.98553132619466,731.143256694998,77.78512689920326,44.67891326177335,27.11552956959711,0.5516176497897253,27.624851461095712,12.816973425151614,28.029301751988367,LOITER,SENSOR_DRIFT,True,0.195,1.0,DRIFT:cht,42,89.84,3600.0,3.01486,-3.078344,-0.389396,0.077924,10.695104,0.008593
2026-01-01T00:16:31Z,AE300_CLASS-SIM-01,AE300_CLASS,LONG_ENDURANCE_LOITER,3528.384613298279,-7.864549809062787,1548.4312521024478,0.4915588593879052,62.557769356094454,737.7841300486529,79.02941382437447,43.69081100427205,27.00017515507248,0.5157902412354486,27.637029573892363,12.186763193955583,28.161362185058362,LOITER,SENSOR_DRIFT,True,0.19549999999999998,1.0,DRIFT:cht,42,89.86,3600.0,4.073044,4.150265,0.869122,0.028047,-5.761194,-0.026552
2026-01-01T00:16:32Z,AE300_CLASS-SIM-01,AE300_CLASS,LONG_ENDURANCE_LOITER,3528.662177276834,-7.9930720736936856,1553.1130237015275,0.49243332383408817,63.079624332813765,732.5752162917662,78.51009232516678,42.08886754588103,27.109367042903806,0.548862533271097,27.661345466933636,12.568822514993263,28.06953678603168,LOITER,SENSOR_DRIFT,True,0.19599999999999998,1.0,DRIFT:cht,42,89.94,3600.0,4.606831,-1.088344,0.352416,0.109614,-0.98431,0.006317
2026-01-01T00:16:33Z,AE300_CLASS-SIM-01,AE300_CLASS,LONG_ENDURANCE_LOITER,3526.406239943509,-8.085395948253627,1552.6799471064212,0.4941761871608798,62.740395335806745,735.5074547407702,77.10069459268105,43.26701690265606,27.083580528693282,0.5350506176601515,27.603764060689464,12.153715691497506,27.721371214531654,LOITER,SENSOR_DRIFT,True,0.1965,1.0,DRIFT:cht,42,90.04,3600.0,4.122924,1.588457,-1.071835,0.023175,-1.957482,-0.008144
2026-01-01T00:16:34Z,AE300_CLASS-SIM-01,AE300_CLASS,LONG_ENDURANCE_LOITER,3525.9955245576093,-7.770249772959089,1550.3004865105731,0.49182223402732034,60.47475987776361,729.2328764337497,78.70093654203816,44.12020488360521,26.934348034227213,0.5143491867083709,27.635747954360184,11.991399834009671,27.8747819557514,LOITER,SENSOR_DRIFT,True,0.19699999999999998,1.0,DRIFT:cht,42,90.16,3600.0,1.880595,-4.538227,0.539253,-0.045219,-3.942547,-0.02807
2026-01-01T00:16:35Z,AE300_CLASS-SIM-01,AE300_CLASS,LONG_ENDURANCE_LOITER,3527.009861667518,-7.841225117790414,1558.49098906879,0.49447534249595204,61.49332161455978,733.9553240135081,78.04376655144061,43.52212325996188,26.998129621776602,0.5129853952872248,27.51618827155762,12.698256372773066,28.224731002717107,LOITER,SENSOR_DRIFT,True,0.19749999999999998,1.0,DRIFT:cht,42,90.31,3600.0,2.576573,-0.278248,-0.134523,-0.07458,3.644102,-0.030368
2026-01-01T00:16:36Z,AE300_CLASS-SIM-01,AE300_CLASS,LONG_ENDURANCE_LOITER,3524.7576923028223,-7.854427077447914,1551.1861355216897,0.4918604680655772,62.52083798851019,735.2905807062809,77.80380429501196,42.664707323932724,27.077383406316105,0.5346365194833267,27.630985475474738,12.556916433056806,28.07492341271711,LOITER,SENSOR_DRIFT,True,0.198,1.0,DRIFT:cht,42,90.46,3600.0,4.009687,1.590619,-0.362836,0.095569,-3.237153,-0.007851
2026-01-01T00:16:37Z,AE300_CLASS-SIM-01,AE300_CLASS,LONG_ENDURANCE_LOITER,3526.0173469606066,-7.877819958218822,1543.4969066816377,0.49311415576549406,62.54418357065683,736.1764756639247,78.40887861930177,43.9501389118973,26.91170345085555,0.5380140100711472,27.589779309708103,12.337587573878936,27.82759840658947,LOITER,SENSOR_DRIFT,True,0.19849999999999998,1.0,DRIFT:cht,42,90.62,3600.0,3.871055,2.255845,0.239487,-0.112744,-11.026431,-0.004852
2026-01-01T00:16:38Z,AE300_CLASS-SIM-01,AE300_CLASS,LONG_ENDURANCE_LOITER,3524.143778052464,-7.743602630631643,1556.8392022472563,0.4919378709505433,62.35207422678576,730.7392187633359,78.2521054152081,43.30644138355727,27.099562107060862,0.5343330558075208,27.639203832566754,11.931565269579492,28.12061441495589,LOITER,SENSOR_DRIFT,True,0.19899999999999998,1.0,DRIFT:cht,42,90.77,3600.0,3.734652,-3.070957,0.091388,0.117869,2.631312,-0.008095
2026-01-01T00:16:39Z,AE300_CLASS-SIM-01,AE300_CLASS,LONG_ENDURANCE_LOITER,3526.455963298078,-7.976155951920072,1550.8257097846374,0.49327286687027827,65.5095434724955,734.1750216023049,78.67607433935348,44.12764694272737,27.070466839038787,0.5151906474342871,27.628562953531937,12.28675382141611,28.256489825157153,LOITER,SENSOR_DRIFT,True,0.1995,1.0,DRIFT:cht,42,90.9,3600.0,6.913976,0.328133,0.509765,0.041716,-3.585545,-0.027681
2026-01-01T00:16:40Z,AE300_CLASS-SIM-01,AE300_CLASS,LONG_ENDURANCE_LOITER,3527.114545159244,-7.899760089851734,1560.3313344538333,0.49146592963862984,64.69809726689078,736.6073517417601,78.46521903700166,43.714085349804385,27.04684745120372,0.5023784642489393,27.64475958406209,12.437208635767318,27.97494983147041,LOITER,SENSOR_DRIFT,True,0.19999999999999998,1.0,DRIFT:cht,42,90.98,3600.0,6.283816,3.045567,0.311821,0.081185,6.389604,-0.039843
2026-01-01T00:16:41Z,AE300_CLASS-SIM-01,AE300_CLASS,LONG_ENDURANCE_LOITER,3526.373252040785,-8.104121750651213,1551.168238607458,0.49264565948469013,62.603982971186895,733.9882148553065,78.18945147974897,42.903642789282564,27.03676898769338,0.5082022441585669,27.728329108335455,12.313681463219268,27.998512000795614,LOITER,SENSOR_DRIFT,True,0.20049999999999998,1.0,DRIFT:cht,42,91.07,3600.0,4.239643,0.410958,0.034607,0.03275,-2.826108,-0.034352
2026-01-01T00:16:42Z,AE300_CLASS-SIM-01,AE300_CLASS,LONG_ENDURANCE_LOITER,3523.920312747505,-7.742942295374619,1551.2688828134715,0.48981215492402264,64.67060124695948,732.5874352102544,78.45269474994498,44.39678449032073,27.017800855600665,0.650385741658758,27.567805473189143,12.100609722559488,28.135642563784852,LOITER,SENSOR_DRIFT,True,0.201,1.0,DRIFT:cht,42,91.02,3600.0,6.389406,-0.760673,0.323049,0.116887,-1.80913,0.108932
2026-01-01T00:16:43Z,AE300_CLASS-SIM-01,AE300_CLASS,LONG_ENDURANCE_LOITER,3528.5240354251873,-7.643659417844456,1563.1230574899676,0.4909249796317357,62.68684049983635,731.4250528518362,77.80526898938243,44.871108507356205,26.985349593180306,0.5375331139124103,27.667755683645805,11.846406005276862,28.18176087992741,LOITER,SENSOR_DRIFT,True,0.20149999999999998,1.0,DRIFT:cht,42,91.03,3600.0,4.127658,-2.226482,-0.314912,0.048693,10.38919,-0.004121
2026-01-01T00:16:44Z,AE300_CLASS-SIM-01,AE300_CLASS,LONG_ENDURANCE_LOITER,3523.2224172747156,-7.955802449723959,1549.9665530052157,0.49121081099471,63.86770157742574,734.358397636458,78.05804692607529,43.91814754225585,26.946501379648378,0.5732025183195347,27.628517290246947,12.19983499861467,28.054479127573366,LOITER,SENSOR_DRIFT,True,0.20199999999999999,1.0,DRIFT:cht,42,91.05,3600.0,5.637602,0.993541,-0.058573,0.005523,-2.637817,0.031544
2026-01-01T00:16:45Z,AE300_CLASS-SIM-01,AE300_CLASS,LONG_ENDURANCE_LOITER,3524.2410784124745,-7.629324746393743,1553.5975773049213,0.49017151038803053,64.77574616398715,732.4115799544045,78.2838128285887,43.08901067927563,27.074107336787307,0.5159275884779726,27.692664608942717,12.029625579088876,28.129585934393386,LOITER,SENSOR_DRIFT,True,0.2025,1.0,DRIFT:cht,42,91.07,3600.0,6.369263,-1.063298,0.179884,0.17089,1.454715,-0.025293
2026-01-01T00:16:46Z,AE300_CLASS-SIM-01,AE300_CLASS,LONG_ENDURANCE_LOITER,3526.4386180174847,-7.882974924483857,1569.910310508955,0.49189558153538643,63.9222738157284,739.0613773065534,77.47401089766467,42.21249095224185,26.948173187108804,0.5790941722905328,27.572341280834667,12.522988176029598,28.252356839675976,LOITER,SENSOR_DRIFT,True,0.20299999999999999,1.0,DRIFT:cht,42,91.02,3600.0,5.506766,5.498032,-0.63615,-0.014815,17.540832,0.037319
2026-01-01T00:16:47Z,AE300_CLASS-SIM-01,AE300_CLASS,LONG_ENDURANCE_LOITER,3527.095659423877,-7.749658742654622,1556.5276751874212,0.49512567327771334,64.29553054126019,732.4327432673883,77.63935879726378,43.121374087498026,26.992142039394675,0.5503488536650735,27.551312542314758,12.277475080618807,28.177467044516963,LOITER,SENSOR_DRIFT,True,0.2035,1.0,DRIFT:cht,42,91.0,3600.0,5.250249,-1.942583,-0.505893,-0.089331,2.882159,0.007248
2026-01-01T00:16:48Z,AE300_CLASS-SIM-01,AE300_CLASS,LONG_ENDURANCE_LOITER,3524.6308299768434,-7.660741772385952,1555.248172269598,0.49056182662845693,61.23829011124296,735.6385504839195,77.7624971200759,44.34290268829832,27.077034529326824,0.4729702855383067,27.658861106360813,12.730599643653875,28.325864621788384,LOITER,SENSOR_DRIFT,True,0.20400000000000001,1.0,DRIFT:cht,42,90.95,3600.0,2.767686,2.06687,-0.366805,0.151426,2.18263,-0.068684
2026-01-01T00:16:49Z,AE300_CLASS-SIM-01,AE300_CLASS,LONG_ENDURANCE_LOITER,3520.4004043896075,-8.031090134761381,1544.9566073656738,0.49340144286479143,64.14595639371727,726.1548032291639,78.01736722031545,44.28745955745816,27.000710782203466,0.5490162863908163,27.622090694015878,12.02460039510632,28.170279293654385,LOITER,SENSOR_DRIFT,True,0.2045,1.0,DRIFT:cht,42,90.91,3600.0,5.678938,-7.591655,-0.127353,-0.019956,-8.669595,0.00642
2026-01-01T00:16:50Z,AE300_CLASS-SIM-01,AE300_CLASS,LONG_ENDURANCE_LOITER,3523.358563457276,-7.809034573272808,1558.76264314832,0.49249976516636884,65.03885171151916,732.6530924081427,77.50208539470604,44.01309980151377,26.998057952729656,0.5647768186477982,27.586097424729395,12.878991278308789,28.279241973858863,LOITER,SENSOR_DRIFT,True,0.205,1.0,DRIFT:cht,42,90.88,3600.0,6.439175,-1.164698,-0.645322,0.003632,5.038755,0.022373
2026-01-01T00:16:51Z,AE300_CLASS-SIM-01,AE300_CLASS,LONG_ENDURANCE_LOITER,3522.5838776793744,-8.039921146497873,1561.3964897114597,0.4900980477374596,66.5620847452374,731.9798889440619,78.92527878212947,43.45155798291956,27.08396299293509,0.5093264434868257,27.637413970680583,12.582647042493022,28.271807127214718,LOITER,SENSOR_DRIFT,True,0.20550000000000002,1.0,DRIFT:cht,42,90.82,3600.0,8.556103,-1.113554,0.798353,0.175694,8.417388,-0.032163
2026-01-01T00:16:52Z,AE300_CLASS-SIM-01,AE300_CLASS,LONG_ENDURANCE_LOITER,3524.4024655018097,-7.97100441510383,1554.4193459964006,0.4947719094271284,62.712318537262306,735.293959349101,78.05158429522743,43.784110245432664,26.992834268533535,0.5069034107834476,27.62621782443372,12.384171728200391,28.156915902134156,LOITER,SENSOR_DRIFT,True,0.206,1.0,DRIFT:cht,42,90.81,3600.0,3.946255,1.194788,-0.10355,-0.079008,0.414467,-0.036217
2026-01-01T00:16:53Z,AE300_CLASS-SIM-01,AE300_CLASS,LONG_ENDURANCE_LOITER,3524.845876411464,-7.744670687641568,1555.8248218117378,0.49072238488323827,62.56476146752377,739.211497184276,77.6949129076303,43.70665452175449,27.008061297755575,0.5283472149497159,27.59654243781732,12.104692887429636,28.090177697155518,LOITER,SENSOR_DRIFT,True,0.2065,1.0,DRIFT:cht,42,90.82,3600.0,4.140496,5.673867,-0.443377,0.073741,2.43246,-0.013468
2026-01-01T00:16:54Z,AE300_CLASS-SIM-01,AE300_CLASS,LONG_ENDURANCE_LOITER,3521.1579829185757,-7.695286385467303,1553.7003466915978,0.491174620019927,63.78187832248189,735.5490850331698,77.99343742003653,44.37731457559817,26.908778741982374,0.5950460698323429,27.636257530793202,12.325228017578462,28.068030244720994,LOITER,SENSOR_DRIFT,True,0.207,1.0,DRIFT:cht,42,90.83,3600.0,5.294221,1.908776,-0.136968,-0.034758,0.594692,0.05323
2026-01-01T00:16:55Z,AE300_CLASS-SIM-01,AE300_CLASS,LONG_ENDURANCE_LOITER,3520.115896761902,-8.142725658097177,1548.3940616746504,0.4933711136369719,62.400012875855666,729.3371360965008,77.7385918149487,43.28427882007509,26.962960702836227,0.5365178530597693,27.677904913911714,12.71387791592154,28.47263071541809,LOITER,SENSOR_DRIFT,True,0.2075,1.0,DRIFT:cht,42,90.84,3600.0,4.050473,-4.292257,-0.406731,-0.056752,-5.254053,-0.006077
2026-01-01T00:16:56Z,AE300_CLASS-SIM-01,AE300_CLASS,LONG_ENDURANCE_LOITER,3519.255760718074,-8.019387879055738,1558.5921635558577,0.4912612497382621,64.77553977595105,734.2466914443668,78.85746799956864,44.49845253893467,27.045995055744733,0.5237644395060216,27.632687261618315,12.246995426031246,27.94575646461048,LOITER,SENSOR_DRIFT,True,0.208,1.0,DRIFT:cht,42,90.84,3600.0,6.608161,0.907682,0.720564,0.098522,5.250204,-0.01815
2026-01-01T00:16:57Z,AE300_CLASS-SIM-01,AE300_CLASS,LONG_ENDURANCE_LOITER,3523.636225311815,-7.777477617959231,1551.2568460747393,0.4947520421577771,62.843882545533766,728.5139804572184,78.59929737724305,42.526124382964454,26.96923086637198,0.5515548271220095,27.651989344335853,12.592561676386717,28.258596946975594,LOITER,SENSOR_DRIFT,True,0.2085,1.0,DRIFT:cht,42,90.83,3600.0,3.882488,-5.788324,0.436631,-0.10427,-3.02194,0.008347
2026-01-01T00:16:58Z,AE300_CLASS-SIM-01,AE300_CLASS,LONG_ENDURANCE_LOITER,3521.988859953864,-8.00617890487461,1555.7010087187498,0.4891053021763019,65.70098319627876,729.7275588963812,77.98923792755124,42.492614253844486,26.93581080751863,0.5428641977936483,27.61540544139676,12.680785150609674,28.20533333263654,LOITER,SENSOR_DRIFT,True,0.209,1.0,DRIFT:cht,42,90.79,3600.0,7.79702,-3.217756,-0.140023,0.059303,2.636987,0.001615
2026-01-01T00:16:59Z,AE300_CLASS-SIM-01,AE300_CLASS,LONG_ENDURANCE_LOITER,3520.2051063056283,-7.905883850342667,1562.14847427952,0.49390768885651604,62.19664630884661,731.7428993429919,78.3579461231115,43.914775767927495,26.915241336750682,0.5759512448534367,27.600905834222864,12.728129236379118,28.250544501215295,LOITER,SENSOR_DRIFT,True,0.2095,1.0,DRIFT:cht,42,90.78,3600.0,3.530596,-2.232466,0.208446,-0.123523,8.348464,0.033158
2026-01-01T00:17:00Z,AE300_CLASS-SIM-01,AE300_CLASS,LONG_ENDURANCE_LOITER,3518.937033958952,-7.963488489346495,1549.7546134283405,0.4923832455060967,63.418723367182885,730.4353392299552,77.51602892177597,44.08184085371302,26.99408193987533,0.5469703680672693,27.64735510838348,12.150775408436267,28.198554929308855,LOITER,SENSOR_DRIFT,True,0.21,1.0,DRIFT:cht,42,90.79,3600.0,5.025831,-3.196634,-0.634693,0.005235,-4.089834,0.004578
2026-01-01T00:17:01Z,AE300_CLASS-SIM-01,AE300_CLASS,LONG_ENDURANCE_LOITER,3524.178128717847,-7.706222339295334,1551.5302446108726,0.4909902935428346,59.97216756211301,736.6290361659538,78.49657276280743,43.15367413214322,26.88964881999851,0.49021477313088496,27.654286782420783,12.309118898481442,28.274523826477342,LOITER,SENSOR_DRIFT,True,0.2105,1.0,DRIFT:cht,42,90.83,3600.0,1.480717,3.007163,0.358991,-0.05265,-1.836381,-0.05166
2026-01-01T00:17:02Z,AE300_CLASS-SIM-01,AE300_CLASS,LONG_ENDURANCE_LOITER,3520.2354848133723,-7.735674005870357,1556.1053951755039,0.49366817277090336,60.980996369591224,730.174509595707,77.97779690135143,44.53431829662995,27.087026671707584,0.5347918283713728,27.612032698964423,11.748900538603657,28.30014853696974,LOITER,SENSOR_DRIFT,True,0.211,1.0,DRIFT:cht,42,90.89,3600.0,2.170412,-3.935348,-0.175762,0.054497,2.157785,-0.00799
2026-01-01T00:17:03Z,AE300_CLASS-SIM-01,AE300_CLASS,LONG_ENDURANCE_LOITER,3519.0159839784783,-7.43521805356453,1548.3118065652777,0.4961946771778483,64.67730900804052,730.7455218358341,78.24537464004139,44.273115237352265,26.959323417967596,0.5798722914809797,27.669119221194023,12.51376265277394,28.16797191600294,LOITER,SENSOR_DRIFT,True,0.2115,1.0,DRIFT:cht,42,90.92,3600.0,5.180654,-4.20837,0.055616,-0.168065,-6.95216,0.035948
2026-01-01T00:17:04Z,AE300_CLASS-SIM-01,AE300_CLASS,LONG_ENDURANCE_LOITER,3517.81430944276,-7.888766483569961,1554.6893508518635,0.4882055702155963,63.93128450636633,733.3476038786301,77.55658296880772,43.33514335489913,26.95277148428624,0.6289979548636627,27.645270701669073,12.645144696118212,28.152599574716476,LOITER,SENSOR_DRIFT,True,0.212,1.0,DRIFT:cht,42,90.93,3600.0,6.050473,0.440625,-0.585511,0.103548,1.158663,0.087846
2026-01-01T00:17:05Z,AE300_CLASS-SIM-01,AE300_CLASS,LONG_ENDURANCE_LOITER,3516.5012945369167,-7.774677823205856,1548.8188546866238,0.49126001667124114,62.34926373850648,733.8163830105735,78.61854971205787,44.41178321327647,27.065297405343703,0.6198825082377192,27.554616031315312,11.975714987986178,27.898872083149737,LOITER,SENSOR_DRIFT,True,0.2125,1.0,DRIFT:cht,42,90.84,3600.0,3.966348,0.247561,0.483625,0.120489,-4.451119,0.078008
2026-01-01T00:17:06Z,AE300_CLASS-SIM-01,AE300_CLASS,LONG_ENDURANCE_LOITER,3519.9955146632037,-7.977771791379396,1549.9711624462416,0.491471567040907,64.22231660419621,729.4477199340009,77.57188562296626,43.62081466759357,27.040694615028684,0.5409620816798079,27.604769644675784,11.688808605117185,28.31283110749496,LOITER,SENSOR_DRIFT,True,0.213,1.0,DRIFT:cht,42,90.84,3600.0,5.987392,-3.961878,-0.558969,0.088147,-3.150827,-0.000934
2026-01-01T00:17:07Z,AE300_CLASS-SIM-01,AE300_CLASS,LONG_ENDURANCE_LOITER,3517.679171308983,-8.044205484452705,1541.3574105468565,0.48900010525602294,62.48224515091706,732.931828589231,77.59359512898958,43.77832183180992,26.95262687264965,0.6420752504587341,27.56824334038252,12.381185108677748,28.195859468257748,LOITER,SENSOR_DRIFT,True,0.2135,1.0,DRIFT:cht,42,90.7,3600.0,4.708533,0.112317,-0.511253,0.091542,-10.818887,0.101191
2026-01-01T00:17:08Z,AE300_CLASS-SIM-01,AE300_CLASS,LONG_ENDURANCE_LOITER,3516.972682412634,-7.856082510753251,1558.7211094473184,0.49204483481696754,65.53847489607323,727.4970662073938,77.75767855850674,44.875024784776244,27.020779249428312,0.5663892574947427,27.685734713107895,11.757244003750577,28.288929269804125,LOITER,SENSOR_DRIFT,True,0.214,1.0,DRIFT:cht,42,90.58,3600.0,7.159381,-6.093122,-0.356262,0.05802,6.214176,0.024573
2026-01-01T00:17:09Z,AE300_CLASS-SIM-01,AE300_CLASS,LONG_ENDURANCE_LOITER,3519.8505234975974,-7.967455818577154,1571.7078698455766,0.49221809475352096,60.89492347928279,734.6561399250909,77.81190126206407,44.6122303090888,26.997578298026085,0.5151403707006702,27.696489205088245,12.613516864343017,28.045228623065825,LOITER,SENSOR_DRIFT,True,0.2145,1.0,DRIFT:cht,42,90.51,3600.0,2.564259,1.116986,-0.310076,0.02422,18.908706,-0.026841
2026-01-01T00:17:10Z,AE300_CLASS-SIM-01,AE300_CLASS,LONG_ENDURANCE_LOITER,3517.761350368577,-7.789393698316605,1550.7226277062368,0.4911301429912473,63.80011644042467,730.5983293937173,77.13024853764561,43.82600617773298,26.844011699857358,0.49734075619993967,27.56551286521211,11.836618260819517,28.23319884848673,LOITER,SENSOR_DRIFT,True,0.215,1.0,DRIFT:cht,42,90.41,3600.0,5.463465,-2.900617,-0.987939,-0.091197,-1.938732,-0.044289
2026-01-01T00:17:11Z,AE300_CLASS-SIM-01,AE300_CLASS,LONG_ENDURANCE_LOITER,3517.3914054772777,-7.903971708531856,1544.0304179730028,0.4904607885948096,64.24861686015606,733.4307084896392,78.5043509150741,44.44382701044311,26.94685660031432,0.4586569142864016,27.606095394521425,12.301314950894874,28.052601466047104,LOITER,SENSOR_DRIFT,True,0.2155,1.0,DRIFT:cht,42,90.24,3600.0,6.134264,0.19165,0.395295,0.037021,-8.298888,-0.082673
2026-01-01T00:17:12Z,AE300_CLASS-SIM-01,AE300_CLASS,LONG_ENDURANCE_LOITER,3515.878381143317,-7.8530292208585415,1570.2231114776268,0.490769655621959,63.76242937477492,729.8968400850556,78.69283269312726,44.36778767925345,27.008977989374753,0.6031795783959317,27.619252566911996,12.23936654662138,28.425385255437725,LOITER,SENSOR_DRIFT,True,0.216,1.0,DRIFT:cht,42,90.03,3600.0,5.575597,-3.436807,0.587535,0.091559,18.030471,0.061823
2026-01-01T00:17:13Z,AE300_CLASS-SIM-01,AE300_CLASS,LONG_ENDURANCE_LOITER,3518.144859350184,-8.194655759974108,1556.3639952754509,0.4905561805980375,64.94055276519323,734.7074618698134,77.34921258845452,43.85351906647791,26.971915808041057,0.5583252139355548,27.659352405493706,12.778351855349104,28.230815776231907,LOITER,SENSOR_DRIFT,True,0.2165,1.0,DRIFT:cht,42,89.9,3600.0,7.11093,1.757794,-0.750814,0.061837,4.363011,0.017082
2026-01-01T00:17:14Z,AE300_CLASS-SIM-01,AE300_CLASS,LONG_ENDURANCE_LOITER,3516.965564621929,-7.687857776924677,1568.8486915859712,0.49352326320145784,64.04785034837384,734.7696024142539,78.24683112105241,43.64151144057446,27.087832651897646,0.5082426357808525,27.682512514565946,12.291275176828591,27.946498504731963,LOITER,SENSOR_DRIFT,True,0.217,1.0,DRIFT:cht,42,89.81,3600.0,5.285574,0.714347,0.122601,0.073257,15.967604,-0.034104
2026-01-01T00:17:15Z,AE300_CLASS-SIM-01,AE300_CLASS,LONG_ENDURANCE_LOITER,3516.3841900512866,-7.940349708396418,1557.1618052119484,0.4918492671119838,62.45800103138763,737.6713276574652,78.62132631154725,44.97467539279286,26.970784593654738,0.540322685555949,27.664443730461695,12.155259963006854,28.187899266251648,LOITER,SENSOR_DRIFT,True,0.2175,1.0,DRIFT:cht,42,89.83,3600.0,4.174905,4.176175,0.494397,0.009919,4.182561,-0.001606
2026-01-01T00:17:16Z,AE300_CLASS-SIM-01,AE300_CLASS,LONG_ENDURANCE_LOITER,3516.1385995531346,-8.075768904192246,1553.9802093663895,0.49075827785672504,63.47817229170021,734.565092277636,78.7025604831882,42.90583105334735,26.935017586908298,0.5074825887189164,27.603079117067352,12.149602013240257,28.138751743740112,LOITER,SENSOR_DRIFT,True,0.218,1.0,DRIFT:cht,42,89.84,3600.0,5.492386,1.426624,0.583832,0.012782,1.29919,-0.034046
2026-01-01T00:17:17Z,AE300_CLASS-SIM-01,AE300_CLASS,LONG_ENDURANCE_LOITER,3517.0163736228824,-7.806827315176452,1545.6592780757119,0.49420207726159093,65.02808083428998,731.0171638435603,78.67992502076942,43.90594075770564,26.94446818184794,0.5580055489062488,27.63524053787829,12.490966537138897,28.196145568078524,LOITER,SENSOR_DRIFT,True,0.2185,1.0,DRIFT:cht,42,89.9,3600.0,6.26078,-3.089841,0.535085,-0.099909,-7.971254,0.015209
2026-01-01T00:17:18Z,AE300_CLASS-SIM-01,AE300_CLASS,LONG_ENDURANCE_LOITER,3515.3668767946074,-8.157048617048808,1556.716810477762,0.4908399910305281,64.81853073947086,734.8831633804195,77.97178075404662,44.49834058298371,26.96479047414299,0.5492365123093137,27.630731971058403,12.831979916332454,28.060887184018632,LOITER,SENSOR_DRIFT,True,0.219,1.0,DRIFT:cht,42,89.95,3600.0,6.887816,1.782687,-0.161467,0.035016,3.507819,0.007503
2026-01-01T00:17:19Z,AE300_CLASS-SIM-01,AE300_CLASS,LONG_ENDURANCE_LOITER,3515.1244538022775,-8.037055298217027,1558.0829052458973,0.4903965485481312,63.20300978183085,732.0810404821165,78.15560902410529,42.566412524060375,26.81654978707788,0.5624499035556473,27.551699118808013,12.582624817126037,28.40148530991498,LOITER,SENSOR_DRIFT,True,0.2195,1.0,DRIFT:cht,42,90.0,3600.0,5.234308,-1.028419,0.035314,-0.093841,5.344915,0.021004
2026-01-01T00:17:20Z,AE300_CLASS-SIM-01,AE300_CLASS,LONG_ENDURANCE_LOITER,3515.0975796380126,-7.654811507727374,1552.7952471663318,0.4947328738525473,63.227829301516195,726.9007841371869,78.09057837298828,45.082084472756,26.98188718421348,0.518644314707499,27.649382502056394,12.617191230146698,28.15469263607679,LOITER,SENSOR_DRIFT,True,0.21999999999999997,1.0,DRIFT:cht,42,90.01,3600.0,4.245006,-7.463721,-0.060802,-0.080858,-1.073139,-0.024369
2026-01-01T00:17:21Z,AE300_CLASS-SIM-01,AE300_CLASS,LONG_ENDURANCE_LOITER,3519.018950207379,-7.925628566493798,1559.9518709431559,0.4930318109809001,62.917993908354006,732.3280109117866,78.5838375283089,43.75414308704027,26.968718026475525,0.4681959676167969,27.66245142942192,12.411513145919125,28.157777553274478,LOITER,SENSOR_DRIFT,True,0.2205,1.0,DRIFT:cht,42,90.04,3600.0,4.387346,-1.478955,0.425581,-0.044069,5.833436,-0.074469
2026-01-01T00:17:22Z,AE300_CLASS-SIM-01,AE300_CLASS,LONG_ENDURANCE_LOITER,3515.3561526094036,-7.9076789523649325,1548.7602315345441,0.4909977104182032,63.231163059820055,739.6159171933755,78.53518942717716,42.80863245830412,27.069256174224098,0.5223165899837151,27.63737472554602,12.594019582662016,27.87169473017008,LOITER,SENSOR_DRIFT,True,0.221,1.0,DRIFT:cht,42,90.05,3600.0,5.011855,6.211809,0.390255,0.13001,-4.873762,-0.019611
2026-01-01T00:17:23Z,AE300_CLASS-SIM-01,AE300_CLASS,LONG_ENDURANCE_LOITER,3514.1947257798533,-7.930576797221794,1554.3083621785788,0.49219512582155733,63.74104822781299,733.158213054976,78.60331116228463,43.88885178245103,26.948208660109817,0.5484299535019813,27.709617098082244,12.376066966170482,28.089854691421234,LOITER,SENSOR_DRIFT,True,0.22149999999999997,1.0,DRIFT:cht,42,90.1,3600.0,5.392185,-0.444233,0.456995,-0.029628,0.624136,0.006169
2026-01-01T00:17:24Z,AE300_CLASS-SIM-01,AE300_CLASS,LONG_ENDURANCE_LOITER,3511.4222156527976,-8.057947748962384,1549.5728723033867,0.49121181774066314,63.126036296266165,734.4816199983563,77.86732785311725,42.856030596922665,26.98112658924802,0.6033791690567853,27.591879861306317,12.396849898484108,27.88110022418161,LOITER,SENSOR_DRIFT,True,0.222,1.0,DRIFT:cht,42,90.14,3600.0,5.075031,1.216463,-0.271247,0.039997,-3.829862,0.061496
2026-01-01T00:17:25Z,AE300_CLASS-SIM-01,AE300_CLASS,LONG_ENDURANCE_LOITER,3511.8093568250733,-7.929452440334141,1560.755677929872,0.48984470434270544,62.794272947446515,733.5934529300114,78.13899850985632,42.9667424964507,27.062186106983827,0.5297957051411613,27.6406949912496,12.20267166175856,28.2326756132931,LOITER,SENSOR_DRIFT,True,0.2225,1.0,DRIFT:cht,42,90.21,3600.0,4.824231,0.492701,0.019279,0.172176,8.038603,-0.011478
2026-01-01T00:17:26Z,AE300_CLASS-SIM-01,AE300_CLASS,LONG_ENDURANCE_LOITER,3515.60905009617,-7.589868434874803,1547.4446958977614,0.4935772517282638,64.57664858077251,736.215103030602,78.08011960696498,43.47587739964042,26.997800599713862,0.5846788603610468,27.69876544094559,12.382240190809693,28.150471641218033,LOITER,SENSOR_DRIFT,True,0.22299999999999998,1.0,DRIFT:cht,42,90.27,3600.0,5.697489,2.023217,-0.059827,-0.023488,-6.007897,0.042121
2026-01-01T00:17:27Z,AE300_CLASS-SIM-01,AE300_CLASS,LONG_ENDURANCE_LOITER,3509.8022831220724,-8.079387493397713,1549.9900444967693,0.48914708848671395,64.92729378093073,729.8123341204273,77.89503270990132,43.24289738328442,27.012587268199464,0.5143275949628773,27.654218129252797,12.380858180936674,28.30183106490016,LOITER,SENSOR_DRIFT,True,0.2235,1.0,DRIFT:cht,42,90.32,3600.0,7.227828,-2.990227,-0.219497,0.148503,-2.538314,-0.026682
2026-01-01T00:17:28Z,AE300_CLASS-SIM-01,AE300_CLASS,LONG_ENDURANCE_LOITER,3514.502835805688,-7.840994852909267,1540.8449936402935,0.4908592695494601,63.849842818248234,734.2752112597382,77.78787420343559,44.6061437355051,26.939764864720296,0.5002565995205542,27.61777755682249,12.900179574777198,28.265823433071795,LOITER,SENSOR_DRIFT,True,0.224,1.0,DRIFT:cht,42,90.34,3600.0,5.643727,0.906868,-0.322672,0.018422,-11.538505,-0.041185
2026-01-01T00:17:29Z,AE300_CLASS-SIM-01,AE300_CLASS,LONG_ENDURANCE_LOITER,3514.5356477963096,-7.990497304716271,1547.8664962657717,0.4899334516845338,64.12235870500358,732.9811731792605,77.89865587798845,43.32767655051931,26.889950659048175,0.5335668541879705,27.6806203192683,11.867145426431014,28.21796762154871,LOITER,SENSOR_DRIFT,True,0.22449999999999998,1.0,DRIFT:cht,42,90.39,3600.0,6.208187,-0.040658,-0.200119,0.002997,-4.08896,-0.007474
2026-01-01T00:17:30Z,AE300_CLASS-SIM-01,AE300_CLASS,LONG_ENDURANCE_LOITER,3514.768551740732,-7.860017747324513,1548.9554201765536,0.4931183042417424,62.61002067589756,733.3988352271888,77.65015284529224,42.0483078357999,26.927118839189603,0.4847874866010533,27.635609900626072,12.655066589919961,28.443962975205753,LOITER,SENSOR_DRIFT,True,0.22499999999999998,1.0,DRIFT:cht,42,90.43,3600.0,4.102001,-0.39122,-0.469693,-0.071164,-3.766257,-0.057383
2026-01-01T00:17:31Z,AE300_CLASS-SIM-01,AE300_CLASS,LONG_ENDURANCE_LOITER,3512.574156359777,-7.677937731023766,1555.4195385878181,0.49047715901563615,61.39416270506037,738.0105435368916,77.64514101584295,44.814006928082826,26.967091531862927,0.4977003318845741,27.648541680577765,12.959901509101705,28.396001509360463,LOITER,SENSOR_DRIFT,True,0.2255,1.0,DRIFT:cht,42,90.42,3600.0,3.09332,4.555783,-0.466179,0.059172,3.007892,-0.043639
2026-01-01T00:17:32Z,AE300_CLASS-SIM-01,AE300_CLASS,LONG_ENDURANCE_LOITER,3511.4002425851104,-7.935897642828228,1553.2975033417392,0.49088590375899155,65.46289399546883,735.5212084184142,77.35488257402669,44.029283650429136,26.922782849686268,0.543271416537714,27.64600449132268,12.679117397809517,28.312151525116526,LOITER,SENSOR_DRIFT,True,0.22599999999999998,1.0,DRIFT:cht,42,90.43,3600.0,7.379792,2.258061,-0.754023,0.003309,0.973655,0.001859
2026-01-01T00:17:33Z,AE300_CLASS-SIM-01,AE300_CLASS,LONG_ENDURANCE_LOITER,3510.780147793731,-7.836172747534403,1549.4256437609174,0.48782678425266296,63.76791774279848,738.6096653542972,77.34512604436284,43.61971522553278,26.92880530604603,0.5545302902647038,27.597522796805208,11.891436041896565,27.958521890745708,LOITER,SENSOR_DRIFT,True,0.22649999999999998,1.0,DRIFT:cht,42,90.43,3600.0,6.049326,5.882428,-0.733178,0.120301,-1.785424,0.014337
2026-01-01T00:17:34Z,AE300_CLASS-SIM-01,AE300_CLASS,LONG_ENDURANCE_LOITER,3513.6366122777085,-7.973064271815651,1549.0376039866512,0.4953732863612471,62.96243163696551,734.3970662574197,78.59341508600762,44.50428801278519,26.85092435498142,0.5094619779307171,27.648111378201214,12.897144996660673,28.050913899475486,LOITER,SENSOR_DRIFT,True,0.227,1.0,DRIFT:cht,42,90.44,3600.0,4.265452,0.292496,0.467643,-0.221966,-3.899565,-0.033385
2026-01-01T00:17:35Z,AE300_CLASS-SIM-01,AE300_CLASS,LONG_ENDURANCE_LOITER,3510.6352418994948,-7.761005635731649,1556.84139212386,0.49249807414617164,62.823566534097516,731.9426073310931,78.21082961455247,44.71464861017987,26.91515528731144,0.5405398970386089,27.594964705417166,12.876878366721126,28.18810889967609,LOITER,SENSOR_DRIFT,True,0.22749999999999998,1.0,DRIFT:cht,42,90.47,3600.0,4.315105,-1.848492,0.075588,-0.065929,3.559862,-0.001642
2026-01-01T00:17:36Z,AE300_CLASS-SIM-01,AE300_CLASS,LONG_ENDURANCE_LOITER,3512.7277432804462,-7.817737641012083,1553.0698985801937,0.488110493329407,61.13470447486765,736.931671744329,78.14813449731406,43.81790607646149,26.85316655714206,0.5008862394298894,27.678478946401185,12.83942402351181,28.071607315198463,LOITER,SENSOR_DRIFT,True,0.22799999999999998,1.0,DRIFT:cht,42,90.51,3600.0,3.306991,4.078525,0.047478,0.025857,1.046038,-0.039681
2026-01-01T00:17:37Z,AE300_CLASS-SIM-01,AE300_CLASS,LONG_ENDURANCE_LOITER,3511.8537857791052,-7.791998905600402,1551.5985705208627,0.4947885741250127,63.34839909216559,736.8943278768427,78.28380300295761,43.62884446227386,27.009076316892582,0.55456082517099,27.632114788313757,12.7306841366576,28.352016715315898,LOITER,SENSOR_DRIFT,True,0.2285,1.0,DRIFT:cht,42,90.59,3600.0,4.547569,2.698797,0.146245,-0.048044,-1.767173,0.011727
2026-01-01T00:17:38Z,AE300_CLASS-SIM-01,AE300_CLASS,LONG_ENDURANCE_LOITER,3512.3849555637416,-8.40195372002602,1555.4927528463188,0.49148243544434095,63.89910590761765,735.1217111156492,78.22856729544615,44.22009494225725,26.90932313648274,0.6089035468343811,27.667114680037038,12.479080071818252,28.238512122618097,LOITER,SENSOR_DRIFT,True,0.22899999999999998,1.0,DRIFT:cht,42,90.62,3600.0,6.153238,2.155737,0.094264,-0.039653,2.245366,0.066998
2026-01-01T00:17:39Z,AE300_CLASS-SIM-01,AE300_CLASS,LONG_ENDURANCE_LOITER,3512.0533822787006,-7.663810324023166,1551.591354842874,0.4930123667933926,64.17756353528804,738.7757191093846,78.60444839345782,43.112949004881024,27.063889098953368,0.44687427201452,27.66143612455016,12.106918523127753,28.446612342251086,LOITER,SENSOR_DRIFT,True,0.22949999999999998,1.0,DRIFT:cht,42,90.55,3600.0,5.472092,4.762641,0.45812,0.060989,-2.093331,-0.095596
2026-01-01T00:17:40Z,AE300_CLASS-SIM-01,AE300_CLASS,LONG_ENDURANCE_LOITER,3510.432119150853,-7.934413235106985,1550.4845383704915,0.48957742808795984,63.56065361573236,732.4821070266775,77.77160489637531,43.875029490517164,26.946165574229898,0.4966129236074097,27.569596206660304,12.408550302299995,28.24390234183217,LOITER,SENSOR_DRIFT,True,0.23,1.0,DRIFT:cht,42,90.47,3600.0,5.638867,-0.566514,-0.351727,0.064421,-2.363897,-0.044629
2026-01-01T00:17:41Z,AE300_CLASS-SIM-01,AE300_CLASS,LONG_ENDURANCE_LOITER,3510.8836849313016,-7.730948181385218,1563.3282603112789,0.4929729717526985,67.4488089871538,742.0781290656106,77.31763301479067,41.77866577601913,26.920894367594606,0.5641178175633554,27.63287657878188,12.525808162562013,28.12340690914455,LOITER,SENSOR_DRIFT,True,0.23049999999999998,1.0,DRIFT:cht,42,90.38,3600.0,8.84003,8.162203,-0.820193,-0.076739,9.952762,0.021774
2026-01-01T00:17:42Z,AE300_CLASS-SIM-01,AE300_CLASS,LONG_ENDURANCE_LOITER,3508.4828833786883,-7.893338390882416,1550.8873052095005,0.49263940564050124,63.33913864935268,732.5812014149477,78.36453088412607,43.47801507343807,26.986986253744778,0.5000302251952269,27.590442450544906,12.405593418435037,28.22441545140999,LOITER,SENSOR_DRIFT,True,0.23099999999999998,1.0,DRIFT:cht,42,90.31,3600.0,4.94742,-1.118978,0.218412,-0.001277,-2.789732,-0.042319
2026-01-01T00:17:43Z,AE300_CLASS-SIM-01,AE300_CLASS,LONG_ENDURANCE_LOITER,3507.961820018134,-7.6086458749860695,1565.732281759888,0.4896702175002445,65.9122622320026,726.7143408754744,78.59133793253928,42.91865209155847,26.9771938110657,0.4981312341279739,27.63314252078122,12.070640726146653,28.131519039344727,LOITER,SENSOR_DRIFT,True,0.23149999999999998,1.0,DRIFT:cht,42,90.2,3600.0,7.673604,-6.670419,0.466855,0.093696,12.841992,-0.043138
2026-01-01T00:17:44Z,AE300_CLASS-SIM-01,AE300_CLASS,LONG_ENDURANCE_LOITER,3511.7395950381047,-7.824656277954618,1566.9990751442192,0.49012784577728524,65.92493585402836,728.8263691381284,77.97731242894014,43.1928154320415,27.009537669837144,0.5497054971410261,27.55234371644451,11.920107222966145,28.01153076887265,LOITER,SENSOR_DRIFT,True,0.23199999999999998,1.0,DRIFT:cht,42,90.1,3600.0,7.825054,-4.414414,-0.134382,0.113378,14.573828,0.008459
2026-01-01T00:17:45Z,AE300_CLASS-SIM-01,AE300_CLASS,LONG_ENDURANCE_LOITER,3510.131234171327,-7.685994909197589,1550.093406817925,0.4897759962857807,64.92381741297018,730.2096415621678,78.31134661841561,43.965907726342486,26.89944589604782,0.5592454588930026,27.639935838118852,12.461842699478044,27.963143722600726,LOITER,SENSOR_DRIFT,True,0.23249999999999998,1.0,DRIFT:cht,42,90.02,3600.0,6.767358,-3.071168,0.21241,0.020541,-1.867941,0.018266
2026-01-01T00:17:46Z,AE300_CLASS-SIM-01,AE300_CLASS,LONG_ENDURANCE_LOITER,3509.3873614364015,-7.651036255601113,1554.4121012511694,0.49204899254854384,63.85648912714079,735.8620354964524,78.13391084353944,42.67427588523546,26.963780232967864,0.46779401844780666,27.64714827423418,12.196820745098243,28.09586916933581,LOITER,SENSOR_DRIFT,True,0.23299999999999998,1.0,DRIFT:cht,42,89.95,3600.0,5.348076,2.101457,0.023082,0.007248,2.018313,-0.073945
2026-01-01T00:17:47Z,AE300_CLASS-SIM-01,AE300_CLASS,LONG_ENDURANCE_LOITER,3508.4590413259475,-7.909700106929576,1555.7201212513078,0.49093369908534984,63.20377422193324,737.1072055023095,78.19585585132612,44.18696535193616,26.998208633688034,0.6043192832392864,27.659013522784985,12.220760906263552,27.948461426905233,LOITER,SENSOR_DRIFT,True,0.23349999999999999,1.0,DRIFT:cht,42,89.86,3600.0,5.114754,3.818833,0.086353,0.078973,3.374561,0.062901
2026-01-01T00:17:48Z,AE300_CLASS-SIM-01,AE300_CLASS,LONG_ENDURANCE_LOITER,3508.2465439872276,-7.6373996542146925,1554.5841201199676,0.483904482694115,65.14420985809096,735.962499040141,77.96730771338905,44.49165060257873,26.949537335225905,0.5104440934419089,27.686659169148847,11.930786073481249,28.15415925794971,LOITER,SENSOR_DRIFT,True,0.23399999999999999,1.0,DRIFT:cht,42,89.78,3600.0,7.832426,3.850169,-0.074868,0.283125,4.686836,-0.028219
2026-01-01T00:17:49Z,AE300_CLASS-SIM-01,AE300_CLASS,LONG_ENDURANCE_LOITER,3507.4364542027997,-7.923683447696041,1554.199710076144,0.49338793356634186,65.64206676730016,735.3745602139602,77.3388465794754,42.51674237984002,26.92047571219213,0.5397319726350822,27.6158689509709,12.882096910888073,28.17845394547633,LOITER,SENSOR_DRIFT,True,0.2345,1.0,DRIFT:cht,42,89.71,3600.0,7.291531,1.710038,-0.741829,-0.066836,2.902412,-0.001968
2026-01-01T00:17:50Z,AE300_CLASS-SIM-01,AE300_CLASS,LONG_ENDURANCE_LOITER,3508.2210265191934,-7.6499640660058805,1552.4270981552586,0.49592286507656547,62.80439219675869,731.6452992722185,77.67689412448054,44.98132007290559,26.95727692630435,0.5167663642239317,27.60122210834462,12.72543792046242,28.216657044021897,LOITER,SENSOR_DRIFT,True,0.235,1.0,DRIFT:cht,42,89.66,3600.0,3.749345,-2.880986,-0.456833,-0.1327,-0.79934,-0.026304
2026-01-01T00:17:51Z,AE300_CLASS-SIM-01,AE300_CLASS,LONG_ENDURANCE_LOITER,3509.258484095782,-7.8054509740458045,1555.5923716560776,0.49131474102477374,63.222405890229055,732.9326956958204,77.5673831660394,44.07381006035185,26.953472961676937,0.5857911055366243,27.662423978042895,12.27097856535174,28.39502844802825,LOITER,SENSOR_DRIFT,True,0.2355,1.0,DRIFT:cht,42,89.65,3600.0,4.938121,-0.578333,-0.562978,0.01355,2.48833,0.043998
2026-01-01T00:17:52Z,AE300_CLASS-SIM-01,AE300_CLASS,LONG_ENDURANCE_LOITER,3508.2167696099013,-7.586427049460428,1562.1398661083454,0.4904366313772169,64.54486893277675,735.499081776167,77.58235982297846,42.69665083128757,26.828485655381535,0.5363499992073003,27.6224145186221,11.8782112712256,28.18446555029228,LOITER,SENSOR_DRIFT,True,0.236,1.0,DRIFT:cht,42,89.65,3600.0,6.185928,1.958932,-0.537338,-0.078264,9.423591,-0.005065
2026-01-01T00:17:53Z,AE300_CLASS-SIM-01,AE300_CLASS,LONG_ENDURANCE_LOITER,3506.4703282386818,-7.615653392477869,1566.0409468954879,0.4915742763422041,63.141881553814216,735.1351277461587,78.10281388238712,43.45123036660571,26.85339465831572,0.5203052535077136,27.62862057891537,12.549612248165374,28.238544618394506,LOITER,SENSOR_DRIFT,True,0.2365,1.0,DRIFT:cht,42,89.69,3600.0,4.671066,1.413143,-0.019828,-0.090156,13.217615,-0.021444
2026-01-01T00:17:54Z,AE300_CLASS-SIM-01,AE300_CLASS,LONG_ENDURANCE_LOITER,3509.087570563599,-7.69011913019287,1554.8893913644804,0.49002245990397547,62.7056755268036,731.7225983849357,77.78285409130208,41.47932487847298,26.84321924427747,0.6132752470393842,27.650461245961683,12.194897062103347,28.221491720175177,LOITER,SENSOR_DRIFT,True,0.237,1.0,DRIFT:cht,42,89.69,3600.0,4.513276,-1.619017,-0.326913,-0.046995,2.534212,0.072096
2026-01-01T00:17:55Z,AE300_CLASS-SIM-01,AE300_CLASS,LONG_ENDURANCE_LOITER,3503.154549296062,-7.747235607080901,1560.831005672013,0.49036623371428684,61.75766776949883,732.1532673626114,78.67260329306689,43.8766897603577,26.81728502538977,0.6476997737696076,27.58554991457175,12.23444774980313,28.005940812602123,LOITER,SENSOR_DRIFT,True,0.2375,1.0,DRIFT:cht,42,89.6,3600.0,3.640283,-1.160955,0.568329,-0.07798,8.675563,0.106528
2026-01-01T00:17:56Z,AE300_CLASS-SIM-01,AE300_CLASS,LONG_ENDURANCE_LOITER,3504.266102797735,-7.855653355190958,1556.310843272771,0.49316307347244975,63.56611285916571,730.4779000514541,78.31147697672776,44.089382509248836,26.915452745256076,0.5535454056387658,27.631184614847253,12.336241303622682,28.134130009577042,LOITER,SENSOR_DRIFT,True,0.238,1.0,DRIFT:cht,42,89.59,3600.0,5.136801,-3.298786,0.185166,-0.079488,3.354087,0.011333
2026-01-01T00:17:57Z,AE300_CLASS-SIM-01,AE300_CLASS,LONG_ENDURANCE_LOITER,3507.1609211461114,-7.45184218600523,1553.0845959260764,0.4905424110596128,64.40762916612374,731.4581224089284,78.43948342326064,44.033372366927026,26.87444854088575,0.5817107746897189,27.636431880615476,12.015249996070553,28.213947312179425,LOITER,SENSOR_DRIFT,True,0.2385,1.0,DRIFT:cht,42,89.59,3600.0,5.912715,-2.228233,0.321679,-0.034305,0.437172,0.040297
2026-01-01T00:17:58Z,AE300_CLASS-SIM-01,AE300_CLASS,LONG_ENDURANCE_LOITER,3505.646494046104,-7.640328812474937,1557.6170836113151,0.490310647867843,63.468174860005284,733.2991877056772,78.25788600727266,44.07032262924213,26.91640812830185,0.5370141345746425,27.675529987564445,12.103447377129495,28.53294613000931,LOITER,SENSOR_DRIFT,True,0.239,1.0,DRIFT:cht,42,89.69,3600.0,5.220052,-0.132007,0.148468,0.019329,5.274603,-0.004221
2026-01-01T00:17:59Z,AE300_CLASS-SIM-01,AE300_CLASS,LONG_ENDURANCE_LOITER,3506.171060596686,-7.95179476814746,1553.0620907603768,0.4920480125387098,63.634587105445334,729.1019039314581,77.62597207598559,44.1206694366541,26.791693104104805,0.47585857091908945,27.657115713223913,12.238444155435205,28.0564975208901,LOITER,SENSOR_DRIFT,True,0.2395,1.0,DRIFT:cht,42,89.7,3600.0,5.444133,-4.363791,-0.493383,-0.165789,0.358282,-0.065974
2026-01-01T00:18:00Z,AE300_CLASS-SIM-01,AE300_CLASS,LONG_ENDURANCE_LOITER,3504.019806540921,-8.001574452879026,1555.125889326381,0.48886310336615557,63.39916874656664,734.2533080115983,77.9772222801585,43.06169418347453,26.776250537820513,0.557593894760729,27.638787058335108,12.14946367570272,28.005083680980082,LOITER,SENSOR_DRIFT,True,0.24,1.0,DRIFT:cht,42,89.77,3600.0,5.740793,1.48431,-0.119994,-0.068258,3.227117,0.016913
2026-01-01T00:18:01Z,AE300_CLASS-SIM-01,AE300_CLASS,LONG_ENDURANCE_LOITER,3504.5164982153347,-7.70716204015394,1552.3882567381625,0.49372586649071976,65.01873366240798,732.9759196478714,78.42408391588799,43.7027715328843,26.896975213620113,0.5993767580434228,27.599690040490536,12.311143817328915,28.33897901499132,LOITER,SENSOR_DRIFT,True,0.2405,1.0,DRIFT:cht,42,89.79,3600.0,6.36307,-1.054577,0.297868,-0.116356,-0.565038,0.057013
2026-01-01T00:18:02Z,AE300_CLASS-SIM-01,AE300_CLASS,LONG_ENDURANCE_LOITER,3504.6962900700664,-7.832871175318542,1539.7300548532692,0.485882586538893,66.80844315676198,734.134148373589,77.8281793507106,43.95920608848527,26.836050059295072,0.5261169855725812,27.597959755582973,11.879639874833515,27.844603740836366,LOITER,SENSOR_DRIFT,True,0.241,1.0,DRIFT:cht,42,89.84,3600.0,9.410642,1.796045,-0.245992,0.096189,-11.330712,-0.013471
2026-01-01T00:18:03Z,AE300_CLASS-SIM-01,AE300_CLASS,LONG_ENDURANCE_LOITER,3501.5717678799106,-7.622600486203029,1544.7342275106917,0.49146660962043115,65.3599305964435,733.3107416731191,77.95581078853246,43.77599638853134,26.866560199046,0.5951776161621892,27.710643741656153,12.738036543989852,27.83744596593852,LOITER,SENSOR_DRIFT,True,0.2415,1.0,DRIFT:cht,42,89.85,3600.0,7.01031,-0.291434,-0.13208,-0.057175,-6.825449,0.05393
2026-01-01T00:18:04Z,AE300_CLASS-SIM-01,AE300_CLASS,LONG_ENDURANCE_LOITER,3503.0481635654137,-7.773450203256902,1554.8530343766492,0.48691574129496623,61.85669418922173,736.9173334392639,77.83771609460211,42.39939072864042,26.823985940217863,0.5585537150561638,27.602665494320647,12.375051749594263,28.013200315509348,LOITER,SENSOR_DRIFT,True,0.242,1.0,DRIFT:cht,42,89.9,3600.0,4.305338,4.37468,-0.217372,0.058829,4.486211,0.018943
2026-01-01T00:18:05Z,AE300_CLASS-SIM-01,AE300_CLASS,LONG_ENDURANCE_LOITER,3500.8228532480775,-7.558697472871296,1554.3681848334777,0.4896764136214391,63.452283246021345,737.354047064821,78.35466204548544,44.639236440343865,26.853829849875243,0.543243007575918,27.651640373208988,12.13701440358969,28.145508572661722,LOITER,SENSOR_DRIFT,True,0.2425,1.0,DRIFT:cht,42,89.94,3600.0,5.334249,4.089707,0.298046,0.000237,3.945801,0.002883
2026-01-01T00:18:06Z,AE300_CLASS-SIM-01,AE300_CLASS,LONG_ENDURANCE_LOITER,3502.2991876647784,-7.71077604100959,1542.300322494476,0.4914614003559544,64.5408637613933,732.6770663480103,78.28990996068276,43.35500525329322,26.847290642087813,0.5654113478173046,27.65901799126635,12.149325161569752,28.070709514590867,LOITER,SENSOR_DRIFT,True,0.243,1.0,DRIFT:cht,42,90.0,3600.0,6.294195,-0.809814,0.215539,-0.071728,-8.767717,0.024336
2026-01-01T00:18:07Z,AE300_CLASS-SIM-01,AE300_CLASS,LONG_ENDURANCE_LOITER,3502.635592684412,-7.851716191837445,1562.1951409837711,0.4909239567193937,64.16280059603756,730.6287048032445,78.41932619956785,43.14609980341132,26.8469807781449,0.5756919886974958,27.651015354092,11.549943064683768,28.135830713601766,LOITER,SENSOR_DRIFT,True,0.2435,1.0,DRIFT:cht,42,90.03,3600.0,6.113133,-2.636632,0.336595,-0.057976,10.8231,0.034651
2026-01-01T00:18:08Z,AE300_CLASS-SIM-01,AE300_CLASS,LONG_ENDURANCE_LOITER,3502.833782076324,-7.8181351905629395,1552.611077833757,0.4866451742587322,60.47037778492516,730.503028469203,78.21294583957825,40.92551053190418,26.83418003721712,0.45438074367557524,27.62580249224431,12.887818256406037,28.126748899029845,LOITER,SENSOR_DRIFT,True,0.244,1.0,DRIFT:cht,42,89.99,3600.0,3.011858,-1.930319,0.164297,0.080308,2.47839,-0.085074
2026-01-01T00:18:09Z,AE300_CLASS-SIM-01,AE300_CLASS,LONG_ENDURANCE_LOITER,3502.219698112956,-7.639591549357954,1551.6069024240817,0.4898081116977166,65.36222911540625,734.5496286704612,78.21496989698862,43.549519591132544,26.862676157608945,0.5821583359787377,27.622033967944716,12.669295491803329,28.002082313673004,LOITER,SENSOR_DRIFT,True,0.24449999999999997,1.0,DRIFT:cht,42,89.96,3600.0,7.300369,1.344791,0.16225,0.005317,1.326192,0.041806
2026-01-01T00:18:10Z,AE300_CLASS-SIM-01,AE300_CLASS,LONG_ENDURANCE_LOITER,3504.267078048161,-7.69295060129335,1544.647235789647,0.4912295974807448,63.319081074427345,733.3159486189118,77.86525974518746,43.555266812854846,26.93857318036155,0.5641993297669503,27.59046287036451,11.978961861858155,28.199599580866945,LOITER,SENSOR_DRIFT,True,0.245,1.0,DRIFT:cht,42,89.97,3600.0,5.075731,-0.141438,-0.203614,0.027768,-6.220894,0.023247
2026-01-01T00:18:11Z,AE300_CLASS-SIM-01,AE300_CLASS,LONG_ENDURANCE_LOITER,3502.3666325421955,-7.8632037839451,1562.5354117495908,0.49181217505972435,63.35811157369861,731.194040905487,77.98087964646875,43.38692537139314,26.9561041293965,0.5851504989054315,27.63686527957178,12.502233646363052,28.282258494313314,LOITER,SENSOR_DRIFT,True,0.2455,1.0,DRIFT:cht,42,89.97,3600.0,5.196638,-2.232752,-0.106108,0.020965,11.008598,0.043818
2026-01-01T00:18:12Z,AE300_CLASS-SIM-01,AE300_CLASS,LONG_ENDURANCE_LOITER,3501.6746926797014,-7.699924658412096,1555.5247387511483,0.4911339416060279,63.165802456340934,731.3127744975582,77.9526816137351,43.06909648893972,26.790996046653305,0.5712454634869605,27.649303836803977,11.896523206330086,28.12250367496065,LOITER,SENSOR_DRIFT,True,0.24599999999999997,1.0,DRIFT:cht,42,89.99,3600.0,4.927028,-2.164778,-0.14179,-0.124486,3.725755,0.030002
2026-01-01T00:18:13Z,AE300_CLASS-SIM-01,AE300_CLASS,LONG_ENDURANCE_LOITER,3501.0463225968724,-7.731306219321392,1543.7611906218126,0.4874242866602863,64.86077644103028,728.909274517452,77.97700424158994,43.393355060443696,26.870632477355826,0.5521805787441332,27.699375348840206,11.817956737542625,28.28995739081143,LOITER,SENSOR_DRIFT,True,0.2465,1.0,DRIFT:cht,42,90.03,3600.0,7.202106,-3.783872,-0.088238,0.086609,-6.974881,0.012312
2026-01-01T00:18:14Z,AE300_CLASS-SIM-01,AE300_CLASS,LONG_ENDURANCE_LOITER,3497.289964199004,-7.547821634555708,1537.0037836544664,0.4949786093818897,63.685324158823484,736.8114473609677,78.56872660908611,43.3002645198233,26.855092092995278,0.5031167934203421,27.666912342885084,12.170235202336407,28.035451596199156,LOITER,SENSOR_DRIFT,True,0.247,1.0,DRIFT:cht,42,90.07,3600.0,4.787727,2.440502,0.453697,-0.189682,-15.542765,-0.039403
2026-01-01T00:18:15Z,AE300_CLASS-SIM-01,AE300_CLASS,LONG_ENDURANCE_LOITER,3501.599564811585,-7.889735196369592,1548.970213657857,0.49029357680910945,63.363752320157026,731.8160454285481,78.77075240726607,43.49843994316881,26.85374699233566,0.5328889769416597,27.653580747567847,11.986587782061369,28.222210407804223,LOITER,SENSOR_DRIFT,True,0.24749999999999997,1.0,DRIFT:cht,42,90.13,3600.0,5.407663,-1.343963,0.66289,-0.039436,-3.315698,-0.008301
2026-01-01T00:18:16Z,AE300_CLASS-SIM-01,AE300_CLASS,LONG_ENDURANCE_LOITER,3500.9128308141894,-8.021737461050272,1563.802098971869,0.49297453717443646,63.16506774074132,730.0435946792142,78.18178669173156,42.460815721619035,26.95582920517997,0.5196698518626494,27.700259836661814,12.048897146388278,28.141126757552517,LOITER,SENSOR_DRIFT,True,0.248,1.0,DRIFT:cht,42,90.16,3600.0,4.956401,-3.522537,0.053934,-0.031271,10.789289,-0.022495
2026-01-01T00:18:17Z,AE300_CLASS-SIM-01,AE300_CLASS,LONG_ENDURANCE_LOITER,3502.165369174416,-7.800205498665398,1553.1161713840952,0.4922117725377311,63.48982734236267,729.6475270861969,77.42189728416288,44.169477043047614,26.89594660341179,0.5885057750002123,27.624410781972735,11.8664682682432,27.80487319742064,LOITER,SENSOR_DRIFT,True,0.2485,1.0,DRIFT:cht,42,90.18,3600.0,5.138288,-4.019812,-0.713723,-0.070179,-0.179099,0.046439
2026-01-01T00:18:18Z,AE300_CLASS-SIM-01,AE300_CLASS,LONG_ENDURANCE_LOITER,3504.3019438015276,-7.670961547219375,1552.1382902942466,0.4905572795206276,62.35883844887165,730.9487628253191,78.86196912764198,44.233914125634975,26.82545176716725,0.4855049051111794,27.614729817277812,12.200531556753793,28.464986922038452,LOITER,SENSOR_DRIFT,True,0.24899999999999997,1.0,DRIFT:cht,42,90.18,3600.0,4.095952,-2.526901,0.736445,-0.084706,-0.789853,-0.055998
2026-01-01T00:18:19Z,AE300_CLASS-SIM-01,AE300_CLASS,LONG_ENDURANCE_LOITER,3499.453048671501,-7.926713190900375,1550.7397496621322,0.49050222191030096,62.56175916179071,734.2944760620894,78.62063624922578,43.79294928694431,26.822091498145795,0.5168930882709404,27.56898915317365,12.254481503464813,28.20406098380765,LOITER,SENSOR_DRIFT,True,0.2495,1.0,DRIFT:cht,42,90.22,3600.0,4.618819,1.118785,0.502449,-0.080234,-1.921593,-0.024476
2026-01-01T00:18:20Z,AE300_CLASS-SIM-01,AE300_CLASS,LONG_ENDURANCE_LOITER,3498.1259505936014,-7.455605823906703,1556.6651402671973,0.486361535269193,61.92941959559342,730.4071543889792,78.78371098751525,44.433121950556675,26.965985973820917,0.5411323393669074,27.626948029427126,11.919850568029435,28.209725552965462,LOITER,SENSOR_DRIFT,True,0.25,1.0,DRIFT:cht,42,90.29,3600.0,4.151733,-2.371582,0.70997,0.215215,5.62001,0.001454
2026-01-01T00:18:21Z,AE300_CLASS-SIM-01,AE300_CLASS,LONG_ENDURANCE_LOITER,3498.912096955974,-7.780042098413549,1562.414756663928,0.4896679437149058,65.9705285857972,728.7098207615992,79.28458152614367,43.35931844138658,26.909642172513237,0.5796358664424814,27.615418343337044,12.539283798394047,28.287752414982908,LOITER,SENSOR_DRIFT,True,0.2505,1.0,DRIFT:cht,42,90.29,3600.0,8.070604,-4.355145,1.213533,0.052259,11.467525,0.039102
2026-01-01T00:18:22Z,AE300_CLASS-SIM-01,AE300_CLASS,LONG_ENDURANCE_LOITER,3497.8720821902302,-7.848316726748974,1551.374764904331,0.4896631919988092,66.05821419786929,735.1179098122143,78.04239386508989,44.192524472957146,26.74305988967708,0.512945255948088,27.646810462592203,12.627655796848957,28.18689631328479,LOITER,SENSOR_DRIFT,True,0.251,1.0,DRIFT:cht,42,90.28,3600.0,8.239858,2.130085,-0.026747,-0.112752,0.496902,-0.027558
2026-01-01T00:18:23Z,AE300_CLASS-SIM-01,AE300_CLASS,LONG_ENDURANCE_LOITER,3500.8646071772155,-7.611211137698327,1547.6085269206565,0.4895876635758173,64.78498620791693,731.8882687332605,78.76231848451425,42.73570090496969,26.883473458797063,0.5737100211536992,27.622744752089318,12.130877738767037,28.145347693532464,LOITER,SENSOR_DRIFT,True,0.2515,1.0,DRIFT:cht,42,90.25,3600.0,6.715831,-1.328202,0.695868,0.029069,-3.171504,0.033247
2026-01-01T00:18:24Z,AE300_CLASS-SIM-01,AE300_CLASS,LONG_ENDURANCE_LOITER,3499.630696181876,-7.814659739311715,1543.5135997158259,0.4921424393952559,64.78001695094193,735.9604587788399,78.4140905997356,45.531783979105896,26.930053445533307,0.5080119994603914,27.654078359466258,12.124742331904573,28.088469938660612,LOITER,SENSOR_DRIFT,True,0.252,1.0,DRIFT:cht,42,90.19,3600.0,6.548653,2.430418,0.325342,-0.01457,-8.077275,-0.033418
2026-01-01T00:18:25Z,AE300_CLASS-SIM-01,AE300_CLASS,LONG_ENDURANCE_LOITER,3496.0293975472255,-7.7808799402429445,1554.7805025647635,0.48968277140454736,62.838646709962696,728.8680138400894,79.02187539095432,43.95602469198518,26.81235907904478,0.5613565010580106,27.72282009269938,12.477599083141973,27.73835765844102,LOITER,SENSOR_DRIFT,True,0.2525,1.0,DRIFT:cht,42,90.14,3600.0,4.945953,-4.213668,0.938772,-0.048021,3.394937,0.020677
2026-01-01T00:18:26Z,AE300_CLASS-SIM-01,AE300_CLASS,LONG_ENDURANCE_LOITER,3501.8620354155782,-8.01363035828694,1549.492392833985,0.48752155118829404,63.31271756698735,733.9228253918037,77.13873752346025,43.603689325953056,26.929291934607598,0.5026110968149041,27.579626255700493,12.249140289006315,28.105495591169234,LOITER,SENSOR_DRIFT,True,0.253,1.0,DRIFT:cht,42,90.12,3600.0,5.927794,1.507578,-0.918639,0.144478,-0.957676,-0.037186
2026-01-01T00:18:27Z,AE300_CLASS-SIM-01,AE300_CLASS,LONG_ENDURANCE_LOITER,3496.726206113546,-7.9127757209414495,1554.5379818122783,0.4909524317847882,62.89627480859635,730.5241786771337,78.1312728652619,42.86093222284967,26.869819322425702,0.6065996716823739,27.63282975906098,11.926318371199889,28.21489131547939,LOITER,SENSOR_DRIFT,True,0.2535,1.0,DRIFT:cht,42,90.09,3600.0,4.977151,-2.638263,0.060144,-0.027697,3.587855,0.065731
2026-01-01T00:18:28Z,AE300_CLASS-SIM-01,AE300_CLASS,LONG_ENDURANCE_LOITER,3497.0880152602176,-7.755327788427928,1554.2001625322087,0.4911175245410064,64.33466420957782,732.9445949087302,78.99759848731959,44.70238912678606,26.90776063896698,0.5464225123559161,27.594977944787114,12.628090676363799,28.1775488894155,LOITER,SENSOR_DRIFT,True,0.254,1.0,DRIFT:cht,42,90.08,3600.0,6.214118,-0.432808,0.914524,0.000197,2.81562,0.005353
2026-01-01T00:18:29Z,AE300_CLASS-SIM-01,AE300_CLASS,LONG_ENDURANCE_LOITER,3496.2241935692123,-7.767555724122809,1544.0788365221788,0.4918236527949664,65.18335601119358,733.6170819066076,78.04890464022938,43.10410981442888,26.72859183587506,0.4769172017616136,27.605486868255813,12.021456342504218,28.19913783794927,LOITER,SENSOR_DRIFT,True,0.2545,1.0,DRIFT:cht,42,90.06,3600.0,6.963845,0.090135,-0.050071,-0.20719,-7.883926,-0.064542
2026-01-01T00:18:30Z,AE300_CLASS-SIM-01,AE300_CLASS,LONG_ENDURANCE_LOITER,3498.0426374383565,-7.748630962200233,1560.6737444811693,0.48811674424336643,64.12610652459996,732.9597584364831,78.55879531119676,43.773442549123246,26.863058706189857,0.46601163967932696,27.59918142078268,12.617603453114778,27.844261381888675,LOITER,SENSOR_DRIFT,True,0.255,1.0,DRIFT:cht,42,89.97,3600.0,6.403749,0.144492,0.483064,0.054765,9.556242,-0.074162
2026-01-01T00:18:31Z,AE300_CLASS-SIM-01,AE300_CLASS,LONG_ENDURANCE_LOITER,3498.5753355394927,-7.652695829302367,1545.5478874719092,0.48799198670327004,66.77394424294228,737.0484706260542,78.01271641399296,43.798601705535866,26.814922120675774,0.5465255270235866,27.60820654862371,12.264726395022254,28.426941105886613,LOITER,SENSOR_DRIFT,True,0.2555,1.0,DRIFT:cht,42,89.95,3600.0,8.996485,4.198613,-0.044077,0.017323,-4.880971,0.006626
2026-01-01T00:18:32Z,AE300_CLASS-SIM-01,AE300_CLASS,LONG_ENDURANCE_LOITER,3496.1528752264708,-7.883129208116972,1541.1851426553378,0.4898838651443586,63.32693679355959,733.7810353002341,77.33684165035105,44.271671592924605,26.788731595235014,0.5425242932789865,27.621615574185086,12.803277539598573,28.180944052752153,LOITER,SENSOR_DRIFT,True,0.256,1.0,DRIFT:cht,42,89.96,3600.0,5.542878,0.811568,-0.723853,-0.069912,-9.385562,0.002079
2026-01-01T00:18:33Z,AE300_CLASS-SIM-01,AE300_CLASS,LONG_ENDURANCE_LOITER,3498.949953953918,-7.640094989196985,1560.696798053816,0.48918557819032876,64.77215317745694,736.4967609920266,78.47200328329761,44.13706354491161,26.83131393698568,0.5332766434036689,27.680639187363845,12.691005791545885,28.0661202454837,LOITER,SENSOR_DRIFT,True,0.2565,1.0,DRIFT:cht,42,89.97,3600.0,6.818901,3.412002,0.415432,-0.005097,10.276017,-0.006942
2026-01-01T00:18:34Z,AE300_CLASS-SIM-01,AE300_CLASS,LONG_ENDURANCE_LOITER,3494.651557305663,-7.858106840727304,1556.496069899733,0.4877177695325945,65.39278293709042,734.6065046489224,77.81863322375001,45.01575999203382,26.761903086075296,0.6150812220509463,27.647873149987372,11.664664093310407,28.393660578708847,LOITER,SENSOR_DRIFT,True,0.257,1.0,DRIFT:cht,42,89.91,3600.0,7.919239,2.062562,-0.221698,-0.018061,6.665838,0.075487
2026-01-01T00:18:35Z,AE300_CLASS-SIM-01,AE300_CLASS,LONG_ENDURANCE_LOITER,3496.9609642589753,-7.78499894827915,1543.9043300105002,0.48641213106258774,67.47687839314608,730.4871154912596,77.4944629311973,43.914971184649296,26.75001366036215,0.4962132469920245,27.674901489002618,12.425438779505562,28.09675211815661,LOITER,SENSOR_DRIFT,True,0.25749999999999995,1.0,DRIFT:cht,42,89.83,3600.0,10.122058,-1.843511,-0.52079,0.019992,-5.013948,-0.04272
2026-01-01T00:18:36Z,AE300_CLASS-SIM-01,AE300_CLASS,LONG_ENDURANCE_LOITER,3495.2655552474926,-7.785418198577619,1550.1925970647276,0.4880001867586902,63.58938771828996,731.3566993098339,77.73559361424846,44.575324666483056,26.893143013893027,0.49840724812803866,27.587311975053925,12.238464226241785,28.477829730964743,LOITER,SENSOR_DRIFT,True,0.258,1.0,DRIFT:cht,42,89.77,3600.0,6.043854,-1.25337,-0.275895,0.11431,1.411192,-0.040895
2026-01-01T00:18:37Z,AE300_CLASS-SIM-01,AE300_CLASS,LONG_ENDURANCE_LOITER,3493.431987168,-7.741511700783648,1551.2168317749865,0.48928007014926417,63.75492702539043,736.2948356784841,78.26589057449605,44.40769527217572,26.880947523554575,0.5805719403938902,27.698448965294805,12.684432044707695,28.503086164586296,LOITER,SENSOR_DRIFT,True,0.2585,1.0,DRIFT:cht,42,89.71,3600.0,5.996547,3.390355,0.244851,0.05843,2.08813,0.040813
2026-01-01T00:18:38Z,AE300_CLASS-SIM-01,AE300_CLASS,LONG_ENDURANCE_LOITER,3496.5350066311057,-7.816025482087591,1556.496179705765,0.4908917698288686,66.85388484415964,730.3465818763204,78.31161536048774,43.11061141828987,26.874986243220835,0.5306613371360149,27.654236489064463,11.861489051705528,28.273178522627624,LOITER,SENSOR_DRIFT,True,0.25899999999999995,1.0,DRIFT:cht,42,89.65,3600.0,8.891388,-2.84052,0.268643,-0.009942,6.569896,-0.009827
2026-01-01T00:18:39Z,AE300_CLASS-SIM-01,AE300_CLASS,LONG_ENDURANCE_LOITER,3494.7535337172235,-7.691059956623103,1564.1857994317036,0.4886794776479088,64.80934870228988,733.3293979523288,78.14880815875956,45.57881503152357,26.846710827117704,0.514778017619808,27.709878853336456,12.191755548125075,27.913246808381878,LOITER,SENSOR_DRIFT,True,0.2595,1.0,DRIFT:cht,42,89.58,3600.0,7.040933,0.442464,0.109746,0.036032,14.401733,-0.025058
2026-01-01T00:18:40Z,AE300_CLASS-SIM-01,AE300_CLASS,LONG_ENDURANCE_LOITER,3493.068628620251,-7.899157436275741,1537.9036483736843,0.48869195940925314,64.28002565517056,736.3481327347031,78.34207440796979,44.187301412608065,26.787938720056854,0.5801082773623433,27.690677059297006,12.40190513281499,28.217230141298494,LOITER,SENSOR_DRIFT,True,0.26,1.0,DRIFT:cht,42,89.51,3600.0,6.737657,3.678754,0.305571,-0.02105,-11.787401,0.04031
2026-01-01T00:18:41Z,AE300_CLASS-SIM-01,AE300_CLASS,LONG_ENDURANCE_LOITER,3492.0183054657937,-7.552284364308933,1562.938425169772,0.49003743918962805,63.605545285263716,732.583083858218,77.8688074897765,43.38542062052006,26.879059277183902,0.5528428379997066,27.67517021410314,12.394276333746085,28.024068295469164,LOITER,SENSOR_DRIFT,True,0.26049999999999995,1.0,DRIFT:cht,42,89.49,3600.0,5.529076,-0.701898,-0.178647,0.023188,12.849186,0.012548
2026-01-01T00:18:42Z,AE300_CLASS-SIM-01,AE300_CLASS,LONG_ENDURANCE_LOITER,3492.89975561502,-7.793156319648338,1549.1365248680906,0.4929545067479085,66.92648313053934,735.3731680041942,78.1105936321967,42.53515905102133,26.852029818897286,0.5046972974588662,27.700218629450873,11.800645585703561,28.21118312259893,LOITER,SENSOR_DRIFT,True,0.261,1.0,DRIFT:cht,42,89.45,3600.0,8.636605,1.708408,0.027419,-0.112198,-2.251638,-0.036845
2026-01-01T00:18:43Z,AE300_CLASS-SIM-01,AE300_CLASS,LONG_ENDURANCE_LOITER,3492.0748843197675,-7.7084378598331,1555.0734961979742,0.49138256171618855,64.31312089154743,735.1561064767303,77.75819147443397,43.902031713437225,26.897610846808593,0.5551727755622389,27.61380900915798,12.198236322065908,28.305687863336484,LOITER,SENSOR_DRIFT,True,0.2615,1.0,DRIFT:cht,42,89.45,3600.0,6.137769,1.6748,-0.337428,-0.019788,3.232776,0.013896
2026-01-01T00:18:44Z,AE300_CLASS-SIM-01,AE300_CLASS,LONG_ENDURANCE_LOITER,3491.483926196301,-7.846938275392124,1554.5913430312335,0.4884338821230857,62.509947565934795,736.8010082025356,77.5606359675492,43.524569260724434,26.7989562989075,0.526813215867453,27.599582981832235,12.495704560702862,28.16979196427649,LOITER,SENSOR_DRIFT,True,0.26199999999999996,1.0,DRIFT:cht,42,89.48,3600.0,4.902023,4.046485,-0.516693,-0.015743,3.415746,-0.013434
2026-01-01T00:18:45Z,AE300_CLASS-SIM-01,AE300_CLASS,LONG_ENDURANCE_LOITER,3494.332623249959,-7.794946660302684,1565.2805763343051,0.48547641671470637,62.34515348635572,737.9213696123384,78.26792790882907,43.98502366519616,26.860653245751728,0.565893973967779,27.646943471781714,11.99112121633236,28.275726053388755,LOITER,SENSOR_DRIFT,True,0.2625,1.0,DRIFT:cht,42,89.5,3600.0,5.119784,5.742181,0.232935,0.15539,15.644468,0.02697
2026-01-01T00:18:46Z,AE300_CLASS-SIM-01,AE300_CLASS,LONG_ENDURANCE_LOITER,3493.5836099099,-7.487587179840878,1562.6683131004115,0.48992021141854575,62.816921366197356,737.9698126553303,77.59559473220652,43.98287581865866,26.81802193570878,0.5207921805703654,27.66550977035237,12.353702235390049,28.229812623636573,LOITER,SENSOR_DRIFT,True,0.263,1.0,DRIFT:cht,42,89.54,3600.0,4.680737,4.641356,-0.449328,-0.034182,12.671137,-0.019446
2026-01-01T00:18:47Z,AE300_CLASS-SIM-01,AE300_CLASS,LONG_ENDURANCE_LOITER,3491.1045128927976,-7.726243519938475,1544.9010817059725,0.4888346610568493,64.26525099621979,738.1648168474874,77.93619039902264,41.88960847451103,26.915780761712085,0.560367668100955,27.629682350336402,12.148671554705324,28.010616534177398,LOITER,SENSOR_DRIFT,True,0.26349999999999996,1.0,DRIFT:cht,42,89.52,3600.0,6.539712,5.290397,-0.106461,0.10123,-5.013518,0.020462
2026-01-01T00:18:48Z,AE300_CLASS-SIM-01,AE300_CLASS,LONG_ENDURANCE_LOITER,3494.9705642091217,-7.690635965113691,1538.0927689485304,0.48986182927291966,65.99457247754947,733.432799253771,77.64635117871687,42.8547147404524,26.775685486185846,0.608606281501435,27.632041207437158,11.775690666877802,28.210104454423174,LOITER,SENSOR_DRIFT,True,0.264,1.0,DRIFT:cht,42,89.48,3600.0,8.048569,0.302281,-0.403596,-0.077442,-12.087112,0.068312
2026-01-01T00:18:49Z,AE300_CLASS-SIM-01,AE300_CLASS,LONG_ENDURANCE_LOITER,3492.0104969773024,-7.764027441725623,1543.0833794335902,0.4870521043803484,65.84608117826029,733.6818355038199,78.26661088406861,43.9059337418141,26.84903535071718,0.5190345875680289,27.62665959709614,12.628253376789905,28.36450187400085,LOITER,SENSOR_DRIFT,True,0.2645,1.0,DRIFT:cht,42,89.45,3600.0,8.408757,1.200096,0.237138,0.096412,-6.351982,-0.020229
2026-01-01T00:18:50Z,AE300_CLASS-SIM-01,AE300_CLASS,LONG_ENDURANCE_LOITER,3489.701253552752,-7.72621236993971,1556.0704233977235,0.4929175986178706,66.75691320399177,730.7546952562174,78.62414496502375,43.74849051744601,26.890688487525754,0.5755655642706791,27.584319210902166,12.44324388339434,28.302996821105705,LOITER,SENSOR_DRIFT,True,0.26499999999999996,1.0,DRIFT:cht,42,89.42,3600.0,8.455924,-2.929197,0.554417,-0.065119,5.171239,0.034223
2026-01-01T00:18:51Z,AE300_CLASS-SIM-01,AE300_CLASS,LONG_ENDURANCE_LOITER,3491.2396083872995,-7.730201432349963,1539.162977046136,0.490494219160086,64.71864773335008,730.3947201126981,77.90289917319068,43.83073836628412,26.79315485681799,0.5401941710065356,27.564865467746632,12.682550084067872,28.154357709098345,LOITER,SENSOR_DRIFT,True,0.2655,1.0,DRIFT:cht,42,89.41,3600.0,6.720433,-2.857429,-0.174257,-0.088023,-12.006346,-0.000602
2026-01-01T00:18:52Z,AE300_CLASS-SIM-01,AE300_CLASS,LONG_ENDURANCE_LOITER,3489.3562607455556,-8.060490718792542,1557.3377669447623,0.4902167122059764,64.7280759664192,735.3890677185633,78.43608439316556,43.86544394482796,26.810069720290773,0.5212830053892256,27.651685455321612,12.69630488344402,28.136364824899797,LOITER,SENSOR_DRIFT,True,0.266,1.0,DRIFT:cht,42,89.42,3600.0,7.109771,2.518638,0.355571,-0.062087,6.046372,-0.019473
2026-01-01T00:18:53Z,AE300_CLASS-SIM-01,AE300_CLASS,LONG_ENDURANCE_LOITER,3492.955456849616,-7.633841943796951,1552.767856451306,0.493884293008722,66.60957648046264,737.6649777457623,77.68890689470636,45.56428772975873,26.819039189041252,0.5297979517197828,27.54846283826012,12.374554631675649,27.989126191446196,LOITER,SENSOR_DRIFT,True,0.26649999999999996,1.0,DRIFT:cht,42,89.38,3600.0,7.982611,3.595384,-0.428165,-0.188046,0.147051,-0.012432
2026-01-01T00:18:54Z,AE300_CLASS-SIM-01,AE300_CLASS,LONG_ENDURANCE_LOITER,3491.0885712190106,-7.862330008080891,1562.656115235571,0.4901507669733725,67.43183868503897,730.0944234250659,78.74411661032127,42.16938810297793,26.835106402836168,0.5115926923165424,27.616899513518476,12.121190389627008,28.014250842243836,LOITER,SENSOR_DRIFT,True,0.267,1.0,DRIFT:cht,42,89.29,3600.0,9.56274,-3.031152,0.634196,-0.047038,10.295367,-0.029533
2026-01-01T00:18:55Z,AE300_CLASS-SIM-01,AE300_CLASS,LONG_ENDURANCE_LOITER,3488.322107751664,-7.75273968241538,1550.8536112364689,0.4913485527344161,64.85887256603895,736.2192224339553,77.38095925014447,43.33443075401991,26.863931901152153,0.555439995053246,27.60035577017455,12.555831930699975,28.071596277959078,LOITER,SENSOR_DRIFT,True,0.2675,1.0,DRIFT:cht,42,89.23,3600.0,6.735661,2.758578,-0.73533,-0.057506,-1.73874,0.013924
2026-01-01T00:18:56Z,AE300_CLASS-SIM-01,AE300_CLASS,LONG_ENDURANCE_LOITER,3488.7810446049994,-7.611613920581562,1550.0537934823674,0.4879488843246518,63.75789995812339,729.9514982932751,77.86720500721177,44.638223897339756,26.834594419736465,0.58311382342979,27.655430515800916,12.091409366369128,27.903745049560126,LOITER,SENSOR_DRIFT,True,0.26799999999999996,1.0,DRIFT:cht,42,89.19,3600.0,5.987011,-2.962845,-0.221727,0.033138,-1.543718,0.042861
2026-01-01T00:18:57Z,AE300_CLASS-SIM-01,AE300_CLASS,LONG_ENDURANCE_LOITER,3488.292258135484,-7.783621879601135,1544.7397226876449,0.4909302938219734,65.75050661497286,739.1342120932276,77.7007700494048,45.06180810251991,26.914047264447134,0.5295058998587092,27.653714989405106,12.646775185972944,28.142106533224556,LOITER,SENSOR_DRIFT,True,0.2685,1.0,DRIFT:cht,42,89.11,3600.0,7.745208,5.82468,-0.395622,0.013597,-7.129072,-0.011641
2026-01-01T00:18:58Z,AE300_CLASS-SIM-01,AE300_CLASS,LONG_ENDURANCE_LOITER,3489.213401752167,-7.775317544384548,1533.4287273887735,0.48908274217477593,63.572824626077725,729.9239930273612,78.23358366059885,42.4711228397436,26.86558591993108,0.5617004177563084,27.618750043993735,12.255034135506106,27.972241048667133,LOITER,SENSOR_DRIFT,True,0.26899999999999996,1.0,DRIFT:cht,42,89.05,3600.0,5.816568,-3.029091,0.149139,0.028782,-18.005632,0.021199
2026-01-01T00:18:59Z,AE300_CLASS-SIM-01,AE300_CLASS,LONG_ENDURANCE_LOITER,3490.278947058487,-7.651392718339664,1551.7511403263172,0.4899191246746902,63.66742843394692,728.6756263820612,78.47354351142593,44.29091013497514,26.783749546801737,0.5583290875530462,27.68506170864502,12.615109469771967,28.06591937381202,LOITER,SENSOR_DRIFT,True,0.26949999999999996,1.0,DRIFT:cht,42,89.01,3600.0,5.66733,-4.557648,0.390465,-0.080355,0.366468,0.017616
2026-01-01T00:19:00Z,AE300_CLASS-SIM-01,AE300_CLASS,LONG_ENDURANCE_LOITER,3486.655747320737,-7.87536004871729,1547.705301563306,0.4918135231554632,63.562503732966086,731.2532922470809,77.76429305633154,43.254289582409,26.813847467093293,0.48229755118346196,27.678102167684585,12.229524940289238,28.522302372292263,LOITER,SENSOR_DRIFT,True,0.27,1.0,DRIFT:cht,42,88.99,3600.0,5.539465,-2.131135,-0.336285,-0.115651,-4.315703,-0.059132
2026-01-01T00:19:01Z,AE300_CLASS-SIM-01,AE300_CLASS,LONG_ENDURANCE_LOITER,3486.8639821265137,-7.437578275284464,1559.5959938347023,0.48803906584474255,64.0028188443975,730.3373973393267,77.6316361999841,43.70650701468226,26.81441289373046,0.46777450289552613,27.72645298040028,12.194588258746077,28.16010301479271,LOITER,SENSOR_DRIFT,True,0.27049999999999996,1.0,DRIFT:cht,42,88.98,3600.0,6.080121,-2.737691,-0.446543,0.015321,8.389469,-0.072354
2026-01-01T00:19:02Z,AE300_CLASS-SIM-01,AE300_CLASS,LONG_ENDURANCE_LOITER,3487.4204322096684,-7.714390055202399,1547.3206210498738,0.48883011798432835,64.5043462080536,735.1646782947043,78.14245758698048,44.306423988953775,26.811232596501185,0.5502675361807271,27.625045537896153,12.572848905756203,28.198483525084143,LOITER,SENSOR_DRIFT,True,0.27099999999999996,1.0,DRIFT:cht,42,89.0,3600.0,6.762142,2.2381,0.073925,-0.010268,-3.535109,0.010048
2026-01-01T00:19:03Z,AE300_CLASS-SIM-01,AE300_CLASS,LONG_ENDURANCE_LOITER,3487.8581258134686,-7.700805567801746,1549.0302836046005,0.4888704116568779,64.45695968607156,731.3403174838122,78.38356662218729,44.41240940179026,26.917502821413972,0.512678515938531,27.661340311646317,11.698646277486578,28.274275608176527,LOITER,SENSOR_DRIFT,True,0.2715,1.0,DRIFT:cht,42,89.02,3600.0,6.702486,-1.594027,0.322062,0.097008,-1.569882,-0.027464
2026-01-01T00:19:04Z,AE300_CLASS-SIM-01,AE300_CLASS,LONG_ENDURANCE_LOITER,3485.645814658177,-7.818549136435314,1552.0897268461242,0.48754007071222416,63.55128615706194,731.5416111603386,78.3668458087962,42.91634939456619,26.805872338813536,0.5227830022533627,27.66746339063063,12.525236102868798,27.87445586689412,LOITER,SENSOR_DRIFT,True,0.27199999999999996,1.0,DRIFT:cht,42,89.07,3600.0,6.140036,-0.982908,0.322862,0.036412,2.126694,-0.016766
2026-01-01T00:19:05Z,AE300_CLASS-SIM-01,AE300_CLASS,LONG_ENDURANCE_LOITER,3489.133801694284,-7.760793280148716,1551.3873848677897,0.4868787962758471,65.0265378823262,740.0368953037184,78.09489133821262,43.31919713180571,26.793842230309796,0.47369686954551815,27.692611288061762,12.364196630551094,27.992242438970877,LOITER,SENSOR_DRIFT,True,0.27249999999999996,1.0,DRIFT:cht,42,89.06,3600.0,7.644517,7.6068,0.071084,0.050864,2.158017,-0.065433
2026-01-01T00:19:06Z,AE300_CLASS-SIM-01,AE300_CLASS,LONG_ENDURANCE_LOITER,3485.7771098663943,-7.665167960587993,1556.226496550476,0.4864281789126848,65.99841279826151,732.6305668036607,77.61821001866723,43.31329232638883,26.911335464937995,0.4773143004637981,27.605362034915526,12.555578912645887,28.181874670159267,LOITER,SENSOR_DRIFT,True,0.273,1.0,DRIFT:cht,42,89.04,3600.0,8.64115,0.241064,-0.386595,0.192212,7.688126,-0.061434
2026-01-01T00:19:07Z,AE300_CLASS-SIM-01,AE300_CLASS,LONG_ENDURANCE_LOITER,3485.85017580965,-7.521021755286014,1556.7577876336559,0.4893664850407399,63.76178342126402,731.5979106344794,78.16407646067475,42.59645102100218,26.884739707294457,0.6162739930093774,27.62518455539841,12.3761073413226,28.32710540911387,LOITER,SENSOR_DRIFT,True,0.27349999999999997,1.0,DRIFT:cht,42,89.02,3600.0,5.84648,-1.508307,0.145964,0.065672,7.735518,0.076568
2026-01-01T00:19:08Z,AE300_CLASS-SIM-01,AE300_CLASS,LONG_ENDURANCE_LOITER,3489.7058280303386,-7.43047396369756,1537.492142997175,0.4880461413005936,65.21571261956156,731.4913782648807,78.83736993901204,45.09732119086045,26.754767242263547,0.5324372669573552,27.604625579883532,12.210209634053626,28.115249239651217,LOITER,SENSOR_DRIFT,True,0.27399999999999997,1.0,DRIFT:cht,42,88.99,3600.0,7.355258,-1.46889,0.822297,-0.023109,-11.419607,-0.006896
2026-01-01T00:19:09Z,AE300_CLASS-SIM-01,AE300_CLASS,LONG_ENDURANCE_LOITER,3487.9393233800565,-7.79557128686166,1531.292845830039,0.48544170748632404,63.234945279812464,731.0332736785198,78.1185060395569,42.795289082110344,26.729707505832348,0.49790081831644173,27.58996658092426,12.101872235042594,28.05929997235114,LOITER,SENSOR_DRIFT,True,0.2745,1.0,DRIFT:cht,42,88.98,3600.0,6.144885,-1.016785,0.130038,0.047022,-16.651459,-0.040384
2026-01-01T00:19:10Z,AE300_CLASS-SIM-01,AE300_CLASS,LONG_ENDURANCE_LOITER,3487.276971468847,-7.809011418342455,1547.0761035252692,0.4875342932645051,65.63020790502965,732.431251891682,78.50624372342801,42.734360896924485,26.798062089446955,0.5137915410256437,27.585535892395185,12.247439254434791,28.408661235474213,LOITER,SENSOR_DRIFT,True,0.27499999999999997,1.0,DRIFT:cht,42,88.97,3600.0,8.280538,0.010526,0.518109,0.048346,-0.856072,-0.025046
2026-01-01T00:19:11Z,AE300_CLASS-SIM-01,AE300_CLASS,LONG_ENDURANCE_LOITER,3484.699472774447,-7.677980681138096,1540.3628448300617,0.48567942805407555,63.56215004400124,731.5973054741045,77.85007045117925,43.52251596531699,26.700774726412117,0.5115197423789157,27.654633070287137,11.859691270613704,28.095279207834984,LOITER,SENSOR_DRIFT,True,0.27549999999999997,1.0,DRIFT:cht,42,89.01,3600.0,6.379565,-0.564961,-0.120738,0.019104,-6.939265,-0.026586
2026-01-01T00:19:12Z,AE300_CLASS-SIM-01,AE300_CLASS,LONG_ENDURANCE_LOITER,3486.153551354193,-7.774482895446405,1551.9083225687295,0.4855291760126585,65.74748372900635,733.8755243067775,78.05678485595837,44.67149426898716,26.77856439439753,0.5118644823642211,27.689449497455662,12.81886677625652,28.044364396786097,LOITER,SENSOR_DRIFT,True,0.276,1.0,DRIFT:cht,42,89.02,3600.0,8.690671,1.86346,0.100819,0.106233,5.145937,-0.026018
2026-01-01T00:19:13Z,AE300_CLASS-SIM-01,AE300_CLASS,LONG_ENDURANCE_LOITER,3485.2791205940734,-7.49866689893406,1548.9398217960618,0.4897341505624495,65.61394574902276,731.2708540953201,78.21956161077038,43.71089691167374,26.723963929641577,0.4951143242875501,27.608436043557095,12.54466525128265,28.292412768011904,LOITER,SENSOR_DRIFT,True,0.27649999999999997,1.0,DRIFT:cht,42,89.03,3600.0,7.684007,-1.852241,0.234993,-0.094134,1.137317,-0.044256
2026-01-01T00:19:14Z,AE300_CLASS-SIM-01,AE300_CLASS,LONG_ENDURANCE_LOITER,3486.3100545626676,-7.587687098213859,1552.345805356684,0.48907363941762816,65.1362196084401,734.1703470992157,77.39805060860387,43.04521242022174,26.733891509265778,0.5894509050966269,27.700681718817858,11.614867197725303,28.382760226725864,LOITER,SENSOR_DRIFT,True,0.27699999999999997,1.0,DRIFT:cht,42,89.04,3600.0,7.350445,1.222055,-0.601834,-0.069257,3.986355,0.050055
2026-01-01T00:19:15Z,AE300_CLASS-SIM-01,AE300_CLASS,LONG_ENDURANCE_LOITER,3485.050716980932,-7.50007615411032,1552.9704750712306,0.4913728535992633,64.88593153983626,729.0156846436712,77.9816394395033,44.155991962619474,26.781319956328105,0.569207994047987,27.63187481297083,12.086401073272397,27.98497026904757,LOITER,SENSOR_DRIFT,True,0.2775,1.0,DRIFT:cht,42,89.04,3600.0,6.665185,-4.512831,-0.051832,-0.107785,3.389704,0.02877
2026-01-01T00:19:16Z,AE300_CLASS-SIM-01,AE300_CLASS,LONG_ENDURANCE_LOITER,3484.0683615822845,-7.6195788028094995,1535.6786455265658,0.48690545564417836,62.02449023428454,731.0995731059141,78.56713730472907,42.71024726500076,26.835118077053227,0.6677878845026479,27.69262922730904,12.304580195632466,28.27646118683187,LOITER,SENSOR_DRIFT,True,0.27799999999999997,1.0,DRIFT:cht,42,88.93,3600.0,4.555092,-1.443207,0.550179,0.097237,-13.301671,0.128764
2026-01-01T00:19:17Z,AE300_CLASS-SIM-01,AE300_CLASS,LONG_ENDURANCE_LOITER,3482.3370101878795,-7.884557171556558,1549.5644574717865,0.48923637456609026,66.04983955393988,731.2288745751482,78.11452616243909,43.85445291546914,26.78369577004421,0.5363100719936006,27.600284515195813,12.3479107338887,28.17678250772859,LOITER,SENSOR_DRIFT,True,0.27849999999999997,1.0,DRIFT:cht,42,88.94,3600.0,8.534922,-1.494839,0.087787,-0.031979,0.228492,-0.003455
2026-01-01T00:19:18Z,AE300_CLASS-SIM-01,AE300_CLASS,LONG_ENDURANCE_LOITER,3483.46696647805,-7.54695925692186,1556.5275737637598,0.48976745100464936,63.27886233613115,733.0944428976181,77.61650649444162,43.80204156657009,26.73577819283067,0.597024479670198,27.665790947005185,12.609367650183417,28.305112316784335,LOITER,SENSOR_DRIFT,True,0.279,1.0,DRIFT:cht,42,88.93,3600.0,5.325997,-0.095568,-0.422485,-0.102388,6.746078,0.056954
2026-01-01T00:19:19Z,AE300_CLASS-SIM-01,AE300_CLASS,LONG_ENDURANCE_LOITER,3483.4565342950737,-7.7089472816349325,1561.4940007667458,0.48805600408589855,62.88000906062515,735.6303680893151,78.09050223477941,45.00078451430081,26.803459607799542,0.5386327510518021,27.695487513238703,11.801403319625994,28.059378650438937,LOITER,SENSOR_DRIFT,True,0.27949999999999997,1.0,DRIFT:cht,42,88.99,3600.0,5.328615,2.934007,0.058369,0.023186,11.961896,-0.000891
2026-01-01T00:19:20Z,AE300_CLASS-SIM-01,AE300_CLASS,LONG_ENDURANCE_LOITER,3482.2668391401007,-7.972648210172235,1555.3833496676577,0.48724495153182246,65.82486816940704,733.8929302004673,78.29816976344985,43.334404463794925,26.74167762514613,0.5435527462840365,27.671194400563685,12.247301003396778,28.041721540927526,LOITER,SENSOR_DRIFT,True,0.27999999999999997,1.0,DRIFT:cht,42,89.06,3600.0,8.676017,1.641794,0.278704,-0.006884,6.311868,0.004415
2026-01-01T00:19:21Z,AE300_CLASS-SIM-01,AE300_CLASS,LONG_ENDURANCE_LOITER,3481.534806196236,-7.611042214368092,1545.3618220173023,0.48818985215855387,64.34440369353483,731.5531083911666,78.15631970829135,44.19358454451015,26.904100391324473,0.573602743400275,27.698159958454276,12.016307892874137,27.906699267224838,LOITER,SENSOR_DRIFT,True,0.2805,1.0,DRIFT:cht,42,89.13,3600.0,6.715326,-1.230646,0.137423,0.125706,-3.688956,0.034223
2026-01-01T00:19:22Z,AE300_CLASS-SIM-01,AE300_CLASS,LONG_ENDURANCE_LOITER,3483.047137685203,-7.511243003324724,1554.1176062637205,0.4907296414515315,61.36423411469746,736.299877826545,78.17421872339997,42.410606816997,26.828246580504953,0.5471016019608602,27.649646828962684,12.56109316598949,28.211211281928474,LOITER,SENSOR_DRIFT,True,0.28099999999999997,1.0,DRIFT:cht,42,89.23,3600.0,3.245957,2.890638,0.132022,-0.041942,4.219541,0.006734
2026-01-01T00:19:23Z,AE300_CLASS-SIM-01,AE300_CLASS,LONG_ENDURANCE_LOITER,3480.5949951565285,-7.659681453694949,1537.8551368999708,0.489578547041541,66.48603194205101,729.3095047316216,77.72025426789841,42.97376636165247,26.756251782636287,0.5580146183098177,27.61665988358006,12.456591906651797,28.306305936323632,LOITER,SENSOR_DRIFT,True,0.2815,1.0,DRIFT:cht,42,89.28,3600.0,8.681825,-3.744246,-0.329206,-0.077739,-12.307072,0.017874
2026-01-01T00:19:24Z,AE300_CLASS-SIM-01,AE300_CLASS,LONG_ENDURANCE_LOITER,3484.192321431676,-7.804235100813383,1558.8493339510567,0.49118611282372077,66.69408266087173,732.3377167427703,77.68323624885343,42.88793743298877,26.716030609204957,0.5399623351018703,27.668281713868534,12.652272838432008,28.073494397824565,LOITER,SENSOR_DRIFT,True,0.282,1.0,DRIFT:cht,42,89.31,3600.0,8.754901,-0.92581,-0.3863,-0.179892,7.957104,-0.000886
2026-01-01T00:19:25Z,AE300_CLASS-SIM-01,AE300_CLASS,LONG_ENDURANCE_LOITER,3482.217099874512,-7.650416492798576,1544.670047218988,0.4896990122870345,65.1542301687681,733.1707314448394,78.18195519425939,44.24843820453874,26.817114981189583,0.5016849098111454,27.670205772403722,12.33638761007972,28.080964530816797,LOITER,SENSOR_DRIFT,True,0.2825,1.0,DRIFT:cht,42,89.35,3600.0,7.276303,0.033239,0.110864,-0.029913,-6.278713,-0.038775
2026-01-01T00:19:26Z,AE300_CLASS-SIM-01,AE300_CLASS,LONG_ENDURANCE_LOITER,3482.361926547751,-7.581397161560021,1556.6586716509432,0.48610874694408784,66.4119363813904,732.832520974009,77.79210115163498,43.2698224938119,26.719358106378916,0.4610564795258531,27.66143361621371,12.853516180887436,27.90334365284155,LOITER,SENSOR_DRIFT,True,0.283,1.0,DRIFT:cht,42,89.36,3600.0,8.994055,0.36033,-0.246219,0.000502,6.90156,-0.07802
2026-01-01T00:19:27Z,AE300_CLASS-SIM-01,AE300_CLASS,LONG_ENDURANCE_LOITER,3480.3203898721363,-7.518611727977406,1548.7359040172769,0.48984344165915344,64.5641498905809,731.1359271055451,77.91739351559146,41.70205314157606,26.70948257717362,0.5820509130166294,27.681998605012083,12.680572580618904,28.2119453525553,LOITER,SENSOR_DRIFT,True,0.2835,1.0,DRIFT:cht,42,89.33,3600.0,6.586618,-2.106101,-0.131673,-0.132742,-1.411972,0.041846
2026-01-01T00:19:28Z,AE300_CLASS-SIM-01,AE300_CLASS,LONG_ENDURANCE_LOITER,3478.097378170052,-7.724880609007697,1558.2971278954094,0.4913942566255153,66.4747590611353,732.0942064345973,77.43021565942958,43.69305460771969,26.777631579234697,0.6098094503863929,27.643419253195635,12.263199638430397,28.156668218548802,LOITER,SENSOR_DRIFT,True,0.284,1.0,DRIFT:cht,42,89.29,3600.0,8.481146,-1.270069,-0.642067,-0.121883,7.305023,0.068901
2026-01-01T00:19:29Z,AE300_CLASS-SIM-01,AE300_CLASS,LONG_ENDURANCE_LOITER,3481.8167194615753,-7.533944040000818,1543.921951287423,0.486006452332442,66.49197407308542,728.1548272493069,78.75431347309474,42.10427691209716,26.74032226459462,0.5830731548876348,27.634306266399918,11.862724781656677,28.209437165503314,LOITER,SENSOR_DRIFT,True,0.2845,1.0,DRIFT:cht,42,89.19,3600.0,9.045306,-4.343901,0.715958,0.02513,-5.836425,0.044027
2026-01-01T00:19:30Z,AE300_CLASS-SIM-01,AE300_CLASS,LONG_ENDURANCE_LOITER,3481.0528874650813,-7.65859771945677,1544.5954318404151,0.4880260260961769,63.96068147520124,739.5604641895904,77.90847169826957,43.41142277648264,26.741548192454,0.6192832072918176,27.56871490506722,12.364970104717752,28.109408442977948,LOITER,SENSOR_DRIFT,True,0.285,1.0,DRIFT:cht,42,89.06,3600.0,6.385787,6.82906,-0.123317,-0.035998,-4.924173,0.079784
2026-01-01T00:19:31Z,AE300_CLASS-SIM-01,AE300_CLASS,LONG_ENDURANCE_LOITER,3478.552730530868,-7.747332348650367,1551.1507397679263,0.48633999662947086,65.0615448283168,737.5794319055326,78.0924020045389,42.49439299983684,26.72189026828639,0.5264578546969026,27.620173164469715,12.302217104388557,28.19199737676391,LOITER,SENSOR_DRIFT,True,0.2855,1.0,DRIFT:cht,42,88.95,3600.0,7.855116,5.301695,0.081098,0.0081,2.376044,-0.012314
2026-01-01T00:19:32Z,AE300_CLASS-SIM-01,AE300_CLASS,LONG_ENDURANCE_LOITER,3483.019072355959,-7.623309272514508,1540.8358740014662,0.4903499403028252,66.37297639771361,733.3826739821372,77.90390648821989,44.25980550499087,26.75868499218544,0.44677490514541873,27.65678652929505,12.523760983994675,28.361123017019608,LOITER,SENSOR_DRIFT,True,0.286,1.0,DRIFT:cht,42,88.82,3600.0,8.432199,0.175892,-0.128937,-0.095725,-8.72208,-0.09337
2026-01-01T00:19:33Z,AE300_CLASS-SIM-01,AE300_CLASS,LONG_ENDURANCE_LOITER,3479.0625924943015,-7.587106948652552,1550.6050047378803,0.4881866381352806,64.88729059927887,732.8298449209974,78.10922344611728,44.3609824348495,26.84321882368532,0.5052275424327879,27.62734049223145,12.128775712326727,28.059938076210848,LOITER,SENSOR_DRIFT,True,0.2865,1.0,DRIFT:cht,42,88.74,3600.0,7.241467,0.009602,0.079755,0.06269,1.169794,-0.034275
2026-01-01T00:19:34Z,AE300_CLASS-SIM-01,AE300_CLASS,LONG_ENDURANCE_LOITER,3477.470132771221,-7.6156788009342264,1552.1948225073165,0.48767921848562024,64.73326636110474,733.8915185404204,78.64809231063737,43.375366235875944,26.698356690749268,0.5351733895965193,27.70955998510478,11.906760605496938,28.242138281773617,LOITER,SENSOR_DRIFT,True,0.287,1.0,DRIFT:cht,42,88.74,3600.0,7.209408,1.214798,0.625705,-0.06207,3.017097,-0.004094
2026-01-01T00:19:35Z,AE300_CLASS-SIM-01,AE300_CLASS,LONG_ENDURANCE_LOITER,3481.3664994735573,-7.97242272550173,1551.680309057605,0.4891697842371091,64.40431031681182,730.903898540868,77.74644260465371,43.45364543138116,26.749179555302,0.5171389245580466,27.62042351230984,12.611740962253117,27.96228260856252,LOITER,SENSOR_DRIFT,True,0.2875,1.0,DRIFT:cht,42,88.76,3600.0,6.989561,-1.723763,-0.283964,-0.065044,2.210973,-0.022651
2026-01-01T00:19:36Z,AE300_CLASS-SIM-01,AE300_CLASS,LONG_ENDURANCE_LOITER,3476.741491730172,-7.43485524978787,1547.4337979330417,0.4871600433515429,64.614198845173,733.2939329490563,77.77556980962845,44.16373271516841,26.708221516563576,0.5256224091733998,27.54559965975306,12.60564721497269,28.117862769196478,LOITER,SENSOR_DRIFT,True,0.288,1.0,DRIFT:cht,42,88.82,3600.0,6.991818,0.54385,-0.242752,-0.033431,-1.596085,-0.01345
2026-01-01T00:19:37Z,AE300_CLASS-SIM-01,AE300_CLASS,LONG_ENDURANCE_LOITER,3480.105685238135,-7.5426672515135,1552.595788951317,0.4878945018529042,65.27041231920633,730.010393811828,77.48351469313637,43.648513853869396,26.723822696152038,0.6033311710909968,27.64917827438418,12.038504334232096,28.103373856502564,LOITER,SENSOR_DRIFT,True,0.2885,1.0,DRIFT:cht,42,88.85,3600.0,7.630903,-2.774455,-0.531973,-0.042795,3.668978,0.064081
2026-01-01T00:19:38Z,AE300_CLASS-SIM-01,AE300_CLASS,LONG_ENDURANCE_LOITER,3479.035488708961,-7.622634305856198,1550.6184843437395,0.4880209069725225,62.96479911341893,726.6734896637082,77.84157313791158,44.211635374251046,26.741519199080404,0.5948113649398187,27.632282016187514,12.660080264638355,28.3167194370833,LOITER,SENSOR_DRIFT,True,0.289,1.0,DRIFT:cht,42,88.88,3600.0,5.399477,-6.049142,-0.173143,-0.028172,1.719724,0.055543
2026-01-01T00:19:39Z,AE300_CLASS-SIM-01,AE300_CLASS,LONG_ENDURANCE_LOITER,3480.1483588691904,-7.791241030845334,1548.8054157976621,0.49030268983210745,65.13363778152976,734.2422627776049,77.38430006854884,45.36695073039084,26.714430993373472,0.4493975454232919,27.62009744129416,11.518149001340264,27.980994148707428,LOITER,SENSOR_DRIFT,True,0.2895,1.0,DRIFT:cht,42,88.77,3600.0,7.389801,1.217338,-0.651197,-0.137481,-0.849037,-0.090755
2026-01-01T00:19:40Z,AE300_CLASS-SIM-01,AE300_CLASS,LONG_ENDURANCE_LOITER,3482.144646056535,-7.66600082562019,1538.6600893387872,0.48788128360382005,63.61938209881132,735.104741698894,77.60770633592904,43.96686569433339,26.691742085882897,0.6560836407067531,27.65427240595605,12.208215146324505,28.099648182380978,LOITER,SENSOR_DRIFT,True,0.29,1.0,DRIFT:cht,42,88.56,3600.0,6.066819,2.411366,-0.420351,-0.080484,-10.723814,0.116666
2026-01-01T00:19:41Z,AE300_CLASS-SIM-01,AE300_CLASS,LONG_ENDURANCE_LOITER,3477.2119280674538,-7.721412154246258,1543.1049902082975,0.4911608905051567,64.07506672538304,726.7157482027293,77.48246812612211,44.52607075595033,26.74407840946223,0.5330743999978338,27.680905021259612,12.018189654928578,28.238283578161923,LOITER,SENSOR_DRIFT,True,0.2905,1.0,DRIFT:cht,42,88.45,3600.0,6.145212,-6.566933,-0.571799,-0.140568,-7.231995,-0.007535
2026-01-01T00:19:42Z,AE300_CLASS-SIM-01,AE300_CLASS,LONG_ENDURANCE_LOITER,3476.7759530530966,-7.519174060042705,1545.8549876972004,0.48729467942806637,65.86657710327695,734.7666241096482,77.9318631040141,43.33738753457609,26.853818986883635,0.5656086567578402,27.618451756604507,12.054887086142244,28.2969845460672,LOITER,SENSOR_DRIFT,True,0.291,1.0,DRIFT:cht,42,88.41,3600.0,8.280579,2.034723,-0.105859,0.100621,-3.880362,0.02625
2026-01-01T00:19:43Z,AE300_CLASS-SIM-01,AE300_CLASS,LONG_ENDURANCE_LOITER,3477.686327642307,-7.628368928104891,1549.3669272266281,0.4884269165005967,64.73364650993267,736.0365116874282,78.57216009173187,44.19113541740186,26.83900560439601,0.5394518234667866,27.66169565459906,12.55162207157706,28.295934662528865,LOITER,SENSOR_DRIFT,True,0.2915,1.0,DRIFT:cht,42,88.45,3600.0,7.100231,3.205,0.536471,0.04934,-0.294491,-0.000188
2026-01-01T00:19:44Z,AE300_CLASS-SIM-01,AE300_CLASS,LONG_ENDURANCE_LOITER,3478.622675970285,-7.507438023004148,1562.2311637363166,0.48664547615433673,64.61249500579825,732.0595932430883,77.83897962534468,42.04933717807443,26.83766674065478,0.4928783473272964,27.640859995896832,11.823199620736235,28.23601528095165,LOITER,SENSOR_DRIFT,True,0.292,1.0,DRIFT:cht,42,88.46,3600.0,7.115816,-0.527195,-0.178163,0.111804,13.244153,-0.046051
2026-01-01T00:19:45Z,AE300_CLASS-SIM-01,AE300_CLASS,LONG_ENDURANCE_LOITER,3475.806032930217,-7.770791114013183,1549.860836491418,0.4862969435374474,64.0748154076664,733.1352679230187,78.36375714073675,43.04491593607111,26.694355745413212,0.540087632492576,27.655622487605473,12.688057347056557,27.982037482733706,LOITER,SENSOR_DRIFT,True,0.2925,1.0,DRIFT:cht,42,88.51,3600.0,6.939826,0.922596,0.36351,-0.012108,1.488198,0.001483
2026-01-01T00:19:46Z,AE300_CLASS-SIM-01,AE300_CLASS,LONG_ENDURANCE_LOITER,3476.242626067671,-7.42230934491596,1562.2812586902273,0.48568577567334015,63.86770751466527,733.7153719934282,77.74292950178766,43.095972332101724,26.767148025969608,0.6087354653413444,27.58165807713938,12.698203854627854,28.056350541141068,LOITER,SENSOR_DRIFT,True,0.293,1.0,DRIFT:cht,42,88.54,3600.0,6.490242,1.305133,-0.238625,0.087016,14.588384,0.070532
2026-01-01T00:19:47Z,AE300_CLASS-SIM-01,AE300_CLASS,LONG_ENDURANCE_LOITER,3476.973714336914,-7.358330063792392,1550.7160261645731,0.4870505205491043,65.76873267260024,732.1574613953604,78.23667390032517,43.568103484375364,26.802801513335897,0.4762518416131667,27.593481488227848,11.825497944964734,28.1339305113164,LOITER,SENSOR_DRIFT,True,0.2935,1.0,DRIFT:cht,42,88.55,3600.0,8.140638,-0.568877,0.256556,0.078645,3.075379,-0.062302
2026-01-01T00:19:48Z,AE300_CLASS-SIM-01,AE300_CLASS,LONG_ENDURANCE_LOITER,3473.8961688622617,-7.699012831498118,1540.6553642516485,0.49057840007812525,63.55416183276427,729.0340341323863,78.11297026349443,45.17664336082349,26.742820918885148,0.5372305997650253,27.685637635582996,12.51111814135617,28.206036175471503,LOITER,SENSOR_DRIFT,True,0.294,1.0,DRIFT:cht,42,88.58,3600.0,5.774268,-4.062447,0.100056,-0.105337,-8.17788,-0.002673
2026-01-01T00:19:49Z,AE300_CLASS-SIM-01,AE300_CLASS,LONG_ENDURANCE_LOITER,3475.0524148333257,-7.525124832575527,1538.8515986652815,0.48634524149380737,66.70989023910796,736.2759772618366,78.19723801635155,42.103657799613764,26.67594431027844,0.5083774104711267,27.627124359534573,11.87199887954009,28.10510587164271,LOITER,SENSOR_DRIFT,True,0.2945,1.0,DRIFT:cht,42,88.55,3600.0,9.333749,3.817067,0.199616,-0.030602,-9.425583,-0.030203
2026-01-01T00:19:50Z,AE300_CLASS-SIM-01,AE300_CLASS,LONG_ENDURANCE_LOITER,3478.3123185186087,-7.531673560270141,1549.8780359685234,0.48553102672810056,62.72525164715544,729.1854837023402,77.24379674644095,43.80815155591535,26.770123462733547,0.4954963235078594,27.63989407773275,12.687293271696252,28.435536534248833,LOITER,SENSOR_DRIFT,True,0.295,1.0,DRIFT:cht,42,88.56,3600.0,5.464534,-3.08643,-0.733937,0.094999,2.324069,-0.042627
2026-01-01T00:19:51Z,AE300_CLASS-SIM-01,AE300_CLASS,LONG_ENDURANCE_LOITER,3476.5524409229492,-7.616305440673116,1553.48214088988,0.49024330250703846,62.25347894247663,736.7682632542992,77.75360973825865,43.29041622842768,26.724447402819735,0.5533188596793176,27.58951211703669,12.160623835887538,28.22050251690444,LOITER,SENSOR_DRIFT,True,0.2955,1.0,DRIFT:cht,42,88.61,3600.0,4.419243,3.652688,-0.253856,-0.112669,4.847031,0.013561
2026-01-01T00:19:52Z,AE300_CLASS-SIM-01,AE300_CLASS,LONG_ENDURANCE_LOITER,3475.460132006186,-7.531237611205564,1546.0167911969095,0.4889006474181528,66.24316070660262,735.4025365824425,78.1902503398278,44.54395665154252,26.7966595371216,0.6593386317085863,27.682669952734823,12.218917742105578,28.004788046176962,LOITER,SENSOR_DRIFT,True,0.296,1.0,DRIFT:cht,42,88.57,3600.0,8.497779,2.433038,0.172687,-8.6e-05,-2.985525,0.119816
2026-01-01T00:19:53Z,AE300_CLASS-SIM-01,AE300_CLASS,LONG_ENDURANCE_LOITER,3474.4760144855863,-7.636407939980209,1551.833690542351,0.4860862599963939,66.4265948720067,728.7157669571068,77.26234133428504,43.6318125582821,26.692495234216807,0.4822559553756143,27.608449454180874,12.016568188506431,28.142889092629513,LOITER,SENSOR_DRIFT,True,0.2965,1.0,DRIFT:cht,42,88.51,3600.0,9.199809,-3.584296,-0.736468,-0.005736,3.513356,-0.056267
2026-01-01T00:19:54Z,AE300_CLASS-SIM-01,AE300_CLASS,LONG_ENDURANCE_LOITER,3473.672468420703,-7.665790788658143,1548.1888323092508,0.4894888006017883,66.79567902979834,733.0143297191044,78.09762394270872,43.59171546809685,26.770576623659835,0.556417053352023,27.68695114185276,11.677875519949552,28.106023285369027,LOITER,SENSOR_DRIFT,True,0.297,1.0,DRIFT:cht,42,88.52,3600.0,9.124023,0.078738,0.080764,-0.043695,-0.787883,0.016755
2026-01-01T00:19:55Z,AE300_CLASS-SIM-01,AE300_CLASS,LONG_ENDURANCE_LOITER,3474.847409142316,-7.587143651832376,1541.6178402644728,0.4848351290753815,65.93887502869956,730.4752256388833,77.20557619477398,44.47627466847487,26.76789366396471,0.533623551484671,27.59732015266688,12.209927464482755,28.323365091301216,LOITER,SENSOR_DRIFT,True,0.2975,1.0,DRIFT:cht,42,88.54,3600.0,8.845239,-1.617819,-0.780807,0.114388,-6.250635,-0.004407
2026-01-01T00:19:56Z,AE300_CLASS-SIM-01,AE300_CLASS,LONG_ENDURANCE_LOITER,3471.6520251450306,-7.816078123992418,1543.7668527648984,0.487354120033821,64.25242293234334,734.388542211614,78.4844085506971,43.98590453743944,26.772633668238793,0.5510630698796417,27.634267521561966,11.855365293678382,27.98665719969635,LOITER,SENSOR_DRIFT,True,0.298,1.0,DRIFT:cht,42,88.59,3600.0,7.079374,2.0679,0.496816,0.039515,-4.145603,0.012359
2026-01-01T00:19:57Z,AE300_CLASS-SIM-01,AE300_CLASS,LONG_ENDURANCE_LOITER,3471.783146094066,-7.602037624006065,1549.7563141639778,0.4844824276113896,64.99892306005108,730.132088168479,77.51244541390133,43.21816745339165,26.670432229581987,0.5660989549387634,27.627152002451357,12.487470144178644,28.074160507950072,LOITER,SENSOR_DRIFT,True,0.2985,1.0,DRIFT:cht,42,88.63,3600.0,8.033413,-1.816701,-0.448896,0.039576,2.798437,0.028499
2026-01-01T00:19:58Z,AE300_CLASS-SIM-01,AE300_CLASS,LONG_ENDURANCE_LOITER,3472.936444452148,-7.297034931920307,1536.7381019470963,0.48992345984133673,67.06237842144502,734.7210212689095,77.84402523312664,44.96334463378075,26.71700828395229,0.5070196482893707,27.618326426353516,12.071320846136594,27.998520497273123,LOITER,SENSOR_DRIFT,True,0.299,1.0,DRIFT:cht,42,88.64,3600.0,9.008,1.390588,-0.148598,-0.101799,-11.35728,-0.032443
2026-01-01T00:19:59Z,AE300_CLASS-SIM-01,AE300_CLASS,LONG_ENDURANCE_LOITER,3474.945435031587,-7.692340004216017,1547.8611530137987,0.4844404985492447,64.95849930689201,729.3341780526314,77.46067013293047,43.658346601442595,26.798385501713227,0.5585793210341449,27.654206956214267,12.202876871997967,28.089996931799245,LOITER,SENSOR_DRIFT,True,0.2995,1.0,DRIFT:cht,42,88.67,3600.0,8.055461,-2.534376,-0.503546,0.1657,0.798754,0.020938
2026-01-01T00:20:00Z,AE300_CLASS-SIM-01,AE300_CLASS,LONG_ENDURANCE_LOITER,3474.2025839736148,-7.659079748951297,1553.8788770884778,0.4897734811794554,63.83159142525252,730.6203625910681,77.74547756731539,42.505086582244786,26.705456256354637,0.5973066491239797,27.592004099423203,12.638883934036617,28.075155308755253,LOITER,SENSOR_DRIFT,True,0.3,1.0,DRIFT:cht,42,88.67,3600.0,6.14666,-2.326205,-0.247689,-0.109572,5.763744,0.057871
2026-01-01T00:20:01Z,AE300_CLASS-SIM-01,AE300_CLASS,LONG_ENDURANCE_LOITER,3475.922376206977,-7.6751555576809105,1546.9991198133682,0.4854547661447475,64.03833263431775,736.3057509537384,78.20373382852094,44.6272634524356,26.65333837083715,0.5681893976282082,27.594954368495344,11.839602640308108,28.1758159044682,LOITER,SENSOR_DRIFT,True,0.3005,1.0,DRIFT:cht,42,88.67,3600.0,6.958913,4.208122,0.229689,-0.016355,-0.420691,0.030146
2026-01-01T00:20:02Z,AE300_CLASS-SIM-01,AE300_CLASS,LONG_ENDURANCE_LOITER,3472.8295799868897,-7.56316215321915,1552.9990571889582,0.48899580988394464,66.84994175210944,729.2199285042802,78.66525138871812,45.35349666926427,26.708953290746823,0.46362069820856483,27.578457124388812,12.101715890043675,28.441951228693718,LOITER,SENSOR_DRIFT,True,0.301,1.0,DRIFT:cht,42,88.59,3600.0,9.185037,-3.674298,0.671724,-0.080165,4.870792,-0.075605
2026-01-01T00:20:03Z,AE300_CLASS-SIM-01,AE300_CLASS,LONG_ENDURANCE_LOITER,3472.2478422225267,-7.662022061957215,1543.1474867141446,0.4845767775722106,66.0831929952054,732.2891363326323,78.93341909876587,44.28827348976248,26.77937668772825,0.5277888136979536,27.590140846831915,11.977670137658667,27.93427195538709,LOITER,SENSOR_DRIFT,True,0.30149999999999993,1.0,DRIFT:cht,42,88.54,3600.0,9.152746,0.369959,0.966756,0.143209,-4.003886,-0.009907
2026-01-01T00:20:04Z,AE300_CLASS-SIM-01,AE300_CLASS,LONG_ENDURANCE_LOITER,3473.3232640373994,-7.625462145811749,1554.5819599054894,0.4874675960003823,64.57253141383228,729.2660811035507,78.12338227336268,43.56922107548594,26.782365015666418,0.5064707582252533,27.658411350445856,12.73147210138514,28.18037139130759,LOITER,SENSOR_DRIFT,True,0.302,1.0,DRIFT:cht,42,88.51,3600.0,7.199978,-3.24233,0.149998,0.049704,7.186178,-0.03209
2026-01-01T00:20:05Z,AE300_CLASS-SIM-01,AE300_CLASS,LONG_ENDURANCE_LOITER,3472.8710588722342,-7.480221754078653,1561.1702495092625,0.4879124330126998,65.8700934775176,732.4334366905424,77.63832440967785,42.72887348019122,26.802902949344944,0.4932687749112913,27.663586598344274,12.363495727721322,28.27698481329644,LOITER,SENSOR_DRIFT,True,0.3025,1.0,DRIFT:cht,42,88.48,3600.0,8.282813,-0.320684,-0.344452,0.052716,13.432916,-0.045529
2026-01-01T00:20:06Z,AE300_CLASS-SIM-01,AE300_CLASS,LONG_ENDURANCE_LOITER,3470.6565033946968,-7.682895201458194,1550.5013643572072,0.4865581737964421,63.366762400780246,737.9569219231714,77.62981726630585,42.91199871827625,26.711012938926945,0.5950042906396356,27.54706759517478,12.589129002393015,28.002424994112268,LOITER,SENSOR_DRIFT,True,0.303,1.0,DRIFT:cht,42,88.43,3600.0,6.191238,5.675361,-0.347685,0.007985,2.955837,0.056647
2026-01-01T00:20:07Z,AE300_CLASS-SIM-01,AE300_CLASS,LONG_ENDURANCE_LOITER,3471.5608090241835,-7.663967181824707,1561.7653312249433,0.4873656422896868,64.05353306517601,731.6800358430115,78.02543929799633,43.90837538739353,26.7505204678332,0.5385431565114268,27.57863547848198,12.135556813489956,28.229973783640588,LOITER,SENSOR_DRIFT,True,0.3035,1.0,DRIFT:cht,42,88.45,3600.0,6.737794,-0.780479,0.044471,0.01954,14.093772,-7.9e-05
2026-01-01T00:20:08Z,AE300_CLASS-SIM-01,AE300_CLASS,LONG_ENDURANCE_LOITER,3469.8946466899024,-7.459929368891803,1548.0130913175847,0.4866544667764141,66.53339255728137,727.6503649447266,77.6803598664201,44.80567845824363,26.832651356608558,0.6414567349207414,27.635721174306273,12.374479542710601,28.261418209898594,LOITER,SENSOR_DRIFT,True,0.304,1.0,DRIFT:cht,42,88.4,3600.0,9.129602,-4.868418,-0.296812,0.127153,0.479587,0.103082
2026-01-01T00:20:09Z,AE300_CLASS-SIM-01,AE300_CLASS,LONG_ENDURANCE_LOITER,3472.547533543158,-7.512163193925769,1554.2432573744609,0.48798303966438106,65.66685061189506,729.9397408758348,77.83525973631501,43.314524057760444,26.650168421795218,0.46424554769819426,27.61674683079526,12.15741886228548,28.154388605931167,LOITER,SENSOR_DRIFT,True,0.30449999999999994,1.0,DRIFT:cht,42,88.33,3600.0,8.099583,-2.801922,-0.15112,-0.103412,6.374914,-0.074616
2026-01-01T00:20:10Z,AE300_CLASS-SIM-01,AE300_CLASS,LONG_ENDURANCE_LOITER,3471.203977131631,-7.529189070866534,1545.9309865745686,0.4852067844054833,66.13510387863877,732.2201145862041,77.78735212472218,43.601155594074164,26.67619128455233,0.5146681663351472,27.61117857555333,12.149855583531089,28.23682529707834,LOITER,SENSOR_DRIFT,True,0.305,1.0,DRIFT:cht,42,88.32,3600.0,8.996378,0.054041,-0.180016,0.020138,-1.246054,-0.0232
2026-01-01T00:20:11Z,AE300_CLASS-SIM-01,AE300_CLASS,LONG_ENDURANCE_LOITER,3470.716488208631,-7.32367721959571,1556.1806177524747,0.49092342555705115,65.7287752139359,734.0199537780261,77.76237203802478,44.46251829188444,26.679442780167758,0.47235870481623266,27.694714820820614,11.860775596580268,28.20411883133842,LOITER,SENSOR_DRIFT,True,0.3055,1.0,DRIFT:cht,42,88.27,3600.0,7.566149,0.508793,-0.244677,-0.175509,7.560647,-0.067546
2026-01-01T00:20:12Z,AE300_CLASS-SIM-01,AE300_CLASS,LONG_ENDURANCE_LOITER,3468.52077278202,-7.384968110549479,1556.5083126819354,0.4880424825989733,66.62909902512799,732.5138456337794,78.98623933286409,44.395410009259066,26.66343060716265,0.5416422162554462,27.627546780827622,12.159876140801105,27.88954918837239,LOITER,SENSOR_DRIFT,True,0.306,1.0,DRIFT:cht,42,88.28,3600.0,8.927344,-0.401742,0.975882,-0.098213,7.768045,0.002477
2026-01-01T00:20:13Z,AE300_CLASS-SIM-01,AE300_CLASS,LONG_ENDURANCE_LOITER,3470.1570163933848,-7.760111624089756,1529.9589598751534,0.4862696446754253,64.03311943977747,730.0750411574512,76.5836191204028,43.03871708489585,26.705699147792377,0.5099536984299963,27.64912558537164,12.652274853560419,28.21540419856841,LOITER,SENSOR_DRIFT,True,0.3065,1.0,DRIFT:cht,42,88.29,3600.0,6.949975,-2.112794,-1.412204,0.005565,-18.252795,-0.028559
2026-01-01T00:20:14Z,AE300_CLASS-SIM-01,AE300_CLASS,LONG_ENDURANCE_LOITER,3470.851760753322,-7.384160097081834,1540.4739329100103,0.48780944631658935,66.31644260883905,731.2606987309799,77.62338186017199,44.21354302534483,26.625873940551052,0.48951113129250606,27.60694656056319,12.36910424096484,28.170614971050934,LOITER,SENSOR_DRIFT,True,0.307,1.0,DRIFT:cht,42,88.29,3600.0,8.640409,-1.597702,-0.37583,-0.1257,-7.861058,-0.04946
2026-01-01T00:20:15Z,AE300_CLASS-SIM-01,AE300_CLASS,LONG_ENDURANCE_LOITER,3470.5961753669476,-7.687090031964037,1540.746794304648,0.4879525858422612,63.991428508264455,730.7856206881221,77.14277121268354,44.01068067865641,26.805903168515684,0.4921340485169537,27.674469934780085,12.215603738058569,27.872794907658047,LOITER,SENSOR_DRIFT,True,0.30749999999999994,1.0,DRIFT:cht,42,88.3,3600.0,6.595527,-1.803796,-0.860415,0.04841,-7.732699,-0.046926
2026-01-01T00:20:16Z,AE300_CLASS-SIM-01,AE300_CLASS,LONG_ENDURANCE_LOITER,3467.4409784996265,-7.690560047010513,1545.328556814933,0.48771733545520024,67.44025317998498,728.4622673130315,77.75931708243625,43.00264193181389,26.636001094058546,0.5427279082916999,27.633645965503224,11.6887559608822,28.14015869352778,LOITER,SENSOR_DRIFT,True,0.308,1.0,DRIFT:cht,42,88.3,3600.0,10.106331,-4.071187,-0.24522,-0.112257,-3.200072,0.00373
2026-01-01T00:20:17Z,AE300_CLASS-SIM-01,AE300_CLASS,LONG_ENDURANCE_LOITER,3466.710424529152,-7.543596212500125,1556.3998723540885,0.4877779877740038,65.2743842960606,730.982975610676,78.0067088576754,44.24375586192064,26.738584018050332,0.5339486310902801,27.642266794057488,11.83740148896703,28.027114609350075,LOITER,SENSOR_DRIFT,True,0.3085,1.0,DRIFT:cht,42,88.33,3600.0,7.789531,-1.709586,0.000443,-0.011777,7.808372,-0.005085
2026-01-01T00:20:18Z,AE300_CLASS-SIM-01,AE300_CLASS,LONG_ENDURANCE_LOITER,3469.3153078827872,-7.41734585094466,1548.1377320115596,0.48978332829412713,65.71099647024901,731.8048071792971,77.42688116271306,44.98867718864633,26.75560731483771,0.6193182029852088,27.720230614263965,11.845761330238032,27.944444075492733,LOITER,SENSOR_DRIFT,True,0.309,1.0,DRIFT:cht,42,88.32,3600.0,7.777954,-1.436954,-0.5992,-0.068638,-1.174297,0.07948
2026-01-01T00:20:19Z,AE300_CLASS-SIM-01,AE300_CLASS,LONG_ENDURANCE_LOITER,3463.6946181205644,-7.404176896376755,1552.0470650454233,0.48699449979919346,63.46355775773318,732.202314702978,78.05803884416126,44.43183493296974,26.724421766395587,0.568245961143214,27.628576455890816,12.585761395063773,28.231682660587616,LOITER,SENSOR_DRIFT,True,0.3095,1.0,DRIFT:cht,42,88.36,3600.0,5.957117,-0.493517,0.042278,-0.002105,3.11029,0.029315
2026-01-01T00:20:20Z,AE300_CLASS-SIM-01,AE300_CLASS,LONG_ENDURANCE_LOITER,3465.9444681188165,-7.331828585063201,1555.9998306326077,0.4877034362465926,65.42942427750096,737.0897665339055,77.23908203445161,44.822323188463095,26.678124487925018,0.5876386022961898,27.638341698917383,11.85791244179672,28.06227418963918,LOITER,SENSOR_DRIFT,True,0.31,1.0,DRIFT:cht,42,88.35,3600.0,7.737675,4.185237,-0.775144,-0.072254,7.118871,0.048527
2026-01-01T00:20:21Z,AE300_CLASS-SIM-01,AE300_CLASS,LONG_ENDURANCE_LOITER,3468.9929110700664,-7.570023245690046,1543.0395751944102,0.4854896876304417,65.90637378650109,737.3414776392625,77.00982674339318,46.14862838703341,26.71757605608238,0.5644464180591192,27.616061169187635,12.22920915061431,28.165458125451707,LOITER,SENSOR_DRIFT,True,0.31049999999999994,1.0,DRIFT:cht,42,88.28,3600.0,8.754299,5.121091,-0.981767,0.044966,-5.018387,0.026203
2026-01-01T00:20:22Z,AE300_CLASS-SIM-01,AE300_CLASS,LONG_ENDURANCE_LOITER,3465.6221232072617,-7.657624702511114,1555.6510883907326,0.4836148830288583,65.65176442210168,731.3962979277661,77.54005746185958,45.44495298163414,26.64673557536493,0.48746245716941355,27.62601770467528,11.999169554411576,28.137367284982723,LOITER,SENSOR_DRIFT,True,0.311,1.0,DRIFT:cht,42,88.19,3600.0,8.920115,-0.305082,-0.417199,0.049503,8.841764,-0.049823
2026-01-01T00:20:23Z,AE300_CLASS-SIM-01,AE300_CLASS,LONG_ENDURANCE_LOITER,3467.164315876194,-7.499854200207669,1546.4610215640453,0.4852887982869372,65.92179956705613,732.1150515522227,77.7484992906809,45.02756988925093,26.695381512306355,0.5874371598354522,27.682555124142688,12.615512469159016,28.23991287076563,LOITER,SENSOR_DRIFT,True,0.3115,1.0,DRIFT:cht,42,88.12,3600.0,8.811345,-0.036924,-0.198218,0.047002,0.034925,0.049832
2026-01-01T00:20:24Z,AE300_CLASS-SIM-01,AE300_CLASS,LONG_ENDURANCE_LOITER,3466.665716421353,-7.542939586930985,1545.5885579388014,0.4823328753266404,66.02678705637089,733.1063412140516,78.34216438591896,43.67088830071412,26.741204294728636,0.47629066097383305,27.586695935029695,11.485820629821669,28.115915833603488,LOITER,SENSOR_DRIFT,True,0.312,1.0,DRIFT:cht,42,88.06,3600.0,9.411681,1.620531,0.431318,0.201593,0.466859,-0.060063
2026-01-01T00:20:25Z,AE300_CLASS-SIM-01,AE300_CLASS,LONG_ENDURANCE_LOITER,3465.2433280204486,-7.667121037889318,1549.6091060705312,0.4857891972518164,63.23628307089136,739.5412312269231,77.95317505496166,42.85041543580661,26.659779266629346,0.530467761655533,27.626441693751342,12.6188069001759,28.12398273307644,LOITER,SENSOR_DRIFT,True,0.3125,1.0,DRIFT:cht,42,88.0,3600.0,6.29007,7.534978,0.036661,0.007684,4.281315,-0.006874
2026-01-01T00:20:26Z,AE300_CLASS-SIM-01,AE300_CLASS,LONG_ENDURANCE_LOITER,3468.9203783953685,-7.594757621495994,1550.2207317463165,0.4886577170024123,66.65996312017523,736.0831734123662,77.84657590187763,43.76720260779437,26.549858703757664,0.5294194604061315,27.677086671899907,12.496682088059725,28.122753172626496,LOITER,SENSOR_DRIFT,True,0.31299999999999994,1.0,DRIFT:cht,42,87.98,3600.0,9.178739,3.395912,-0.100721,-0.208558,3.773564,-0.009102
2026-01-01T00:20:27Z,AE300_CLASS-SIM-01,AE300_CLASS,LONG_ENDURANCE_LOITER,3468.421725037411,-7.585775395826323,1542.1918401191929,0.4856509781168488,63.65402490951853,734.1466845379882,78.0979493346255,44.29111549356072,26.67241650629398,0.5356073453789654,27.54628472808704,12.339972352653392,28.15038147340731,LOITER,SENSOR_DRIFT,True,0.31349999999999995,1.0,DRIFT:cht,42,88.01,3600.0,6.576342,2.018242,0.155597,0.013119,-4.075529,-0.002045
2026-01-01T00:20:28Z,AE300_CLASS-SIM-01,AE300_CLASS,LONG_ENDURANCE_LOITER,3463.9576741162255,-7.5421536562680185,1545.3690125787653,0.4900894704308615,63.740729274401076,733.3260193010022,77.47643807785929,43.299205058688976,26.712542684481907,0.5286900125903361,27.633166814715125,12.326394880202603,28.061330834152493,LOITER,SENSOR_DRIFT,True,0.314,1.0,DRIFT:cht,42,88.1,3600.0,6.010074,0.26782,-0.50491,-0.101323,-2.316377,-0.010627
2026-01-01T00:20:29Z,AE300_CLASS-SIM-01,AE300_CLASS,LONG_ENDURANCE_LOITER,3466.6701351461384,-7.570557411221089,1546.4602076513802,0.48725701408356725,65.42226005901452,734.1959120451567,78.10906911742995,44.17283810736606,26.675066022453088,0.49008736591914587,27.57628586449341,11.724838781228582,28.399622292489052,LOITER,SENSOR_DRIFT,True,0.3145,1.0,DRIFT:cht,42,88.17,3600.0,8.068579,1.674554,0.125345,-0.050117,-1.311565,-0.048517
2026-01-01T00:20:30Z,AE300_CLASS-SIM-01,AE300_CLASS,LONG_ENDURANCE_LOITER,3461.7602049630236,-7.343957348169306,1541.366150375203,0.4888808184521761,62.27082379907917,731.7278590927287,78.61989740135422,44.38115476978172,26.673007325896222,0.45072880534190907,27.58047685105692,12.642269549592198,28.082806119952387,LOITER,SENSOR_DRIFT,True,0.315,1.0,DRIFT:cht,42,88.25,3600.0,4.4921,-1.340159,0.618149,-0.107927,-7.061078,-0.088517
2026-01-01T00:20:31Z,AE300_CLASS-SIM-01,AE300_CLASS,LONG_ENDURANCE_LOITER,3464.7070786596946,-7.478766030590901,1537.961498017733,0.4872960618411618,64.59559232166963,733.2025382844826,77.70461477201536,42.43854262244927,26.666255836055615,0.56697849568213,27.64912376654502,12.234278293242289,28.269591093716105,LOITER,SENSOR_DRIFT,True,0.3155,1.0,DRIFT:cht,42,88.31,3600.0,7.138314,0.555191,-0.295328,-0.064851,-10.40005,0.028165
2026-01-01T00:20:32Z,AE300_CLASS-SIM-01,AE300_CLASS,LONG_ENDURANCE_LOITER,3464.2448735314483,-7.511135272474436,1543.6921385895519,0.48836826240853337,65.52704674301357,730.8147365485587,77.2938255496162,44.715673026728226,26.64590927351187,0.5413671181997655,27.727450321046263,12.464925525293241,28.37637277002596,LOITER,SENSOR_DRIFT,True,0.31599999999999995,1.0,DRIFT:cht,42,88.37,3600.0,7.950017,-2.015579,-0.714964,-0.122773,-4.991131,0.002156
2026-01-01T00:20:33Z,AE300_CLASS-SIM-01,AE300_CLASS,LONG_ENDURANCE_LOITER,3463.4785270669026,-7.357210683334111,1547.2063254191128,0.48716060527010857,67.78212161559343,731.5880600269014,77.9717046720368,43.00948819573593,26.742516332747936,0.5128767317641946,27.674239720791306,11.728972337294582,28.216825058727487,LOITER,SENSOR_DRIFT,True,0.31649999999999995,1.0,DRIFT:cht,42,88.41,3600.0,10.226151,-1.160258,-0.032524,0.015031,-1.311091,-0.025949
2026-01-01T00:20:34Z,AE300_CLASS-SIM-01,AE300_CLASS,LONG_ENDURANCE_LOITER,3463.0556240620695,-7.406559920238034,1546.893863362469,0.4853314385723798,64.65946821756555,729.9812304771364,78.33919587313673,42.88664364584884,26.671838598071822,0.5536214435469576,27.69785605531409,12.220630393908209,28.09798177653532,LOITER,SENSOR_DRIFT,True,0.317,1.0,DRIFT:cht,42,88.45,3600.0,7.431888,-2.334224,0.355656,0.011304,-0.87121,0.015553
2026-01-01T00:20:35Z,AE300_CLASS-SIM-01,AE300_CLASS,LONG_ENDURANCE_LOITER,3464.1670660542877,-7.8254376217691535,1538.5673921545479,0.48562492837790444,64.24210472757484,727.8740341955023,78.34734297465843,43.99954339321663,26.69493438242686,0.5068367813555527,27.63647696271981,12.37722849367824,28.094452973307256,LOITER,SENSOR_DRIFT,True,0.3175,1.0,DRIFT:cht,42,88.49,3600.0,7.404063,-4.053224,0.376947,0.029018,-8.71974,-0.031147
2026-01-01T00:20:36Z,AE300_CLASS-SIM-01,AE300_CLASS,LONG_ENDURANCE_LOITER,3464.1589218509243,-7.63210748497218,1547.6094431201584,0.48863420291505855,66.77755971532457,736.0676660526295,78.08899954999863,43.80638685184421,26.65824633800621,0.4567102902352733,27.579490225813863,12.171950863238486,28.117773131213095,LOITER,SENSOR_DRIFT,True,0.318,1.0,DRIFT:cht,42,88.5,3600.0,9.317322,3.35174,0.100135,-0.111583,-0.349267,-0.082315
2026-01-01T00:20:37Z,AE300_CLASS-SIM-01,AE300_CLASS,LONG_ENDURANCE_LOITER,3465.3458477707227,-7.313758966572489,1542.0907761915632,0.48795940275292937,64.56271462696844,734.2557934578707,78.32235290515217,44.83605873455271,26.65427033126635,0.5836714917466651,27.55835862146115,12.610705775583353,28.13009290766208,LOITER,SENSOR_DRIFT,True,0.3185,1.0,DRIFT:cht,42,88.5,3600.0,6.851671,1.326055,0.326042,-0.09734,-6.138697,0.044725
2026-01-01T00:20:38Z,AE300_CLASS-SIM-01,AE300_CLASS,LONG_ENDURANCE_LOITER,3462.9573709659844,-7.814874735112827,1544.144650606846,0.4890072550955234,64.63516231499487,734.3362140321832,77.97434588245473,44.684313503788694,26.69397430423472,0.49607702889298866,27.63551417903556,12.701679875836703,28.208321195605585,LOITER,SENSOR_DRIFT,True,0.31899999999999995,1.0,DRIFT:cht,42,88.51,3600.0,7.283276,1.688822,-0.037953,-0.095766,-4.666227,-0.043344
2026-01-01T00:20:39Z,AE300_CLASS-SIM-01,AE300_CLASS,LONG_ENDURANCE_LOITER,3462.523743237472,-7.169178109669684,1554.9489537539614,0.48790330910063817,65.60939117534043,734.3773359480509,78.30117663842317,41.9264166192013,26.70483578705297,0.5307530065150958,27.613250069551214,12.162157371628238,27.900126149004848,LOITER,SENSOR_DRIFT,True,0.31949999999999995,1.0,DRIFT:cht,42,88.5,3600.0,7.760206,1.286305,0.287089,-0.049626,6.07305,-0.008393
2026-01-01T00:20:40Z,AE300_CLASS-SIM-01,AE300_CLASS,LONG_ENDURANCE_LOITER,3459.7269472838066,-7.318844743202832,1550.0386799752762,0.4814173619889617,64.45451783599978,734.792165278856,77.83109185085185,44.840828838330765,26.74278014439206,0.4769179885829375,27.62749312485726,12.085835496424115,27.924946726316048,LOITER,SENSOR_DRIFT,True,0.32,1.0,DRIFT:cht,42,88.47,3600.0,7.73441,3.185405,-0.123505,0.221331,3.326063,-0.059717
2026-01-01T00:20:41Z,AE300_CLASS-SIM-01,AE300_CLASS,LONG_ENDURANCE_LOITER,3459.9879006820292,-7.625003761036785,1542.286228154809,0.4867833907714179,66.56826759725007,733.758877821521,78.2939169237148,43.5567144809238,26.71463052457596,0.5312738420710033,27.61555216151509,12.788866394070205,27.783590095739996,LOITER,SENSOR_DRIFT,True,0.3205,1.0,DRIFT:cht,42,88.47,3600.0,9.429756,1.454499,0.333828,0.017971,-4.626084,-0.006867
2026-01-01T00:20:42Z,AE300_CLASS-SIM-01,AE300_CLASS,LONG_ENDURANCE_LOITER,3459.0948054588007,-7.444975989260913,1544.8869597485352,0.4833165074901423,63.84676876072257,729.7263875392362,78.35695193688613,44.81465353403978,26.775479797228154,0.4664259349077209,27.57851108327817,11.788521969895235,28.326319059153388,LOITER,SENSOR_DRIFT,True,0.321,1.0,DRIFT:cht,42,88.44,3600.0,7.040658,-2.054493,0.425322,0.201637,-0.990485,-0.070419
2026-01-01T00:20:43Z,AE300_CLASS-SIM-01,AE300_CLASS,LONG_ENDURANCE_LOITER,3462.2660483218406,-7.488631493190915,1548.3183665948186,0.48605046460974366,63.767251823650994,733.745659712352,77.87078923024771,42.76459645652898,26.710218754762302,0.5187517203633859,27.642280331485143,12.181189984008471,28.266526343499805,LOITER,SENSOR_DRIFT,True,0.3215,1.0,DRIFT:cht,42,88.45,3600.0,6.606608,1.484131,-0.064513,0.044789,2.307382,-0.018886
2026-01-01T00:20:44Z,AE300_CLASS-SIM-01,AE300_CLASS,LONG_ENDURANCE_LOITER,3461.7059058370046,-7.631496825170317,1548.9341172350175,0.48684694358651226,65.8964434124187,735.2032762500108,77.67651035010208,44.3533801723312,26.57092823268818,0.5324935718201294,27.622179563751466,12.652511135912578,28.10919823301016,LOITER,SENSOR_DRIFT,True,0.32199999999999995,1.0,DRIFT:cht,42,88.46,3600.0,8.762014,2.917599,-0.269213,-0.12364,2.544168,-0.005488
2026-01-01T00:20:45Z,AE300_CLASS-SIM-01,AE300_CLASS,LONG_ENDURANCE_LOITER,3462.0230942783687,-7.761489015653107,1544.1869172325041,0.48441839137624393,68.45684964015076,730.4298501579309,77.98582921479407,43.893989436293054,26.577704262611498,0.5142020199700575,27.649341586481434,12.243348107199143,27.78741592155828,LOITER,SENSOR_DRIFT,True,0.32249999999999995,1.0,DRIFT:cht,42,88.47,3600.0,11.795464,-1.246705,0.055207,-0.033241,-1.653874,-0.022939
2026-01-01T00:20:46Z,AE300_CLASS-SIM-01,AE300_CLASS,LONG_ENDURANCE_LOITER,3459.996073679804,-7.34237939628561,1550.7359111742842,0.4885207227883065,63.9643188476892,735.8775368230632,77.93202192205494,45.14055431617873,26.67192697341298,0.44571794163269635,27.667106075358834,12.084051193309792,28.075872145969242,LOITER,SENSOR_DRIFT,True,0.323,1.0,DRIFT:cht,42,88.45,3600.0,6.314703,2.973346,-0.026275,-0.080096,3.888749,-0.092864
2026-01-01T00:20:47Z,AE300_CLASS-SIM-01,AE300_CLASS,LONG_ENDURANCE_LOITER,3458.402365935406,-7.250453143932164,1542.9397695469142,0.4892082726080261,64.69202005548114,729.6873009099766,78.54494376681062,43.725595876642004,26.66657018841806,0.48016189727639547,27.614815924549177,12.345187933173602,27.937258609237862,LOITER,SENSOR_DRIFT,True,0.3235,1.0,DRIFT:cht,42,88.44,3600.0,6.831212,-3.488936,0.55883,-0.116854,-4.918927,-0.058953
2026-01-01T00:20:48Z,AE300_CLASS-SIM-01,AE300_CLASS,LONG_ENDURANCE_LOITER,3459.5088287762023,-7.555130457674609,1547.0216898596216,0.48899086532302255,64.8696734445908,730.3456392782537,79.18617340064326,43.42048812259899,26.657600874871733,0.5217127041837917,27.622035060622494,12.239379551677414,28.270084100879913,LOITER,SENSOR_DRIFT,True,0.324,1.0,DRIFT:cht,42,88.45,3600.0,7.303347,-2.530005,1.18117,-0.126562,-1.523896,-0.017593
2026-01-01T00:20:49Z,AE300_CLASS-SIM-01,AE300_CLASS,LONG_ENDURANCE_LOITER,3460.6588916378205,-7.32877958083895,1553.833930794592,0.48642239521652275,65.75579500313779,735.3775577888765,77.44941310938823,45.91294049168832,26.636941166583792,0.5220030959589979,27.584614751309143,11.860881774380358,28.2778987608256,LOITER,SENSOR_DRIFT,True,0.3245,1.0,DRIFT:cht,42,88.41,3600.0,8.309998,2.767673,-0.545453,-0.061354,5.656997,-0.016491
2026-01-01T00:20:50Z,AE300_CLASS-SIM-01,AE300_CLASS,LONG_ENDURANCE_LOITER,3463.193649704823,-7.5737103552455896,1548.9260709975542,0.4864191691702603,66.57388487041705,738.4795498635903,78.63304655885992,43.58736591453418,26.698078296622565,0.5660398474091813,27.632272130377967,11.886220118016949,28.011806239270815,LOITER,SENSOR_DRIFT,True,0.32499999999999996,1.0,DRIFT:cht,42,88.36,3600.0,9.362536,6.122998,0.646361,0.001191,1.046606,0.027639
2026-01-01T00:20:51Z,AE300_CLASS-SIM-01,AE300_CLASS,LONG_ENDURANCE_LOITER,3461.2460385002037,-7.299208562531454,1545.0110083576917,0.48647449174050117,66.8369879768234,727.4892510941665,77.74690085369058,45.506182348100346,26.682966719707668,0.4869432481542759,27.637752012395538,12.520905594350511,27.74947175333094,LOITER,SENSOR_DRIFT,True,0.32549999999999996,1.0,DRIFT:cht,42,88.26,3600.0,9.369864,-5.133442,-0.234432,-0.012416,-2.67384,-0.051394
2026-01-01T00:20:52Z,AE300_CLASS-SIM-01,AE300_CLASS,LONG_ENDURANCE_LOITER,3459.523687985046,-7.541047368374057,1534.9391170199726,0.48608978043618656,65.11009935019003,732.1878061079253,77.79019307827821,42.92362016204161,26.57637615916594,0.5066576525576963,27.667415769942885,12.283869980696394,28.120904716699954,LOITER,SENSOR_DRIFT,True,0.326,1.0,DRIFT:cht,42,88.19,3600.0,7.963142,-0.099874,-0.183737,-0.102704,-12.476513,-0.031473
2026-01-01T00:20:53Z,AE300_CLASS-SIM-01,AE300_CLASS,LONG_ENDURANCE_LOITER,3457.4350567711017,-7.539552848393739,1551.5623301895357,0.4869090384244419,64.6741443356869,724.9373879734889,77.64237981665576,43.382232185486394,26.607894099556873,0.5191265179568705,27.665692654934222,12.202233949903569,28.279564145801096,LOITER,SENSOR_DRIFT,True,0.3265,1.0,DRIFT:cht,42,88.13,3600.0,7.432129,-7.500633,-0.334039,-0.097118,4.056197,-0.019245
2026-01-01T00:20:54Z,AE300_CLASS-SIM-01,AE300_CLASS,LONG_ENDURANCE_LOITER,3456.4676006016903,-7.527505640439273,1532.798195263641,0.48501986081334214,63.9421279619112,735.830877420019,78.12958252871738,44.65589307785263,26.63521576713064,0.49181284257999414,27.590953094150766,12.29252868053725,28.402462985554383,LOITER,SENSOR_DRIFT,True,0.327,1.0,DRIFT:cht,42,88.07,3600.0,6.972262,3.766814,0.168972,-0.002399,-14.133108,-0.045846
2026-01-01T00:20:55Z,AE300_CLASS-SIM-01,AE300_CLASS,LONG_ENDURANCE_LOITER,3459.084181903639,-7.536241614419592,1545.0190761946858,0.48578396018305725,67.94309834189549,735.6915292648786,78.06134453683339,43.887325697267244,26.67759407508791,0.5599232912440554,27.616472659638468,11.959147239911317,28.28560082363015,LOITER,SENSOR_DRIFT,True,0.32749999999999996,1.0,DRIFT:cht,42,88.02,3600.0,10.864276,3.496361,0.105979,0.015511,-1.721485,0.022115
2026-01-01T00:20:56Z,AE300_CLASS-SIM-01,AE300_CLASS,LONG_ENDURANCE_LOITER,3458.2340322969158,-7.335997687934629,1557.8327049454954,0.48686133528830494,65.7815569693946,741.1921617254106,78.03667288458756,42.86785429288652,26.641415646944772,0.6074874277549318,27.581218847270772,11.986107087999091,28.29656082887521,LOITER,SENSOR_DRIFT,True,0.32799999999999996,1.0,DRIFT:cht,42,87.92,3600.0,8.357348,8.587491,0.074955,-0.057173,10.861139,0.069314
2026-01-01T00:20:57Z,AE300_CLASS-SIM-01,AE300_CLASS,LONG_ENDURANCE_LOITER,3457.5290769727385,-7.493124169633775,1553.7923243509138,0.48436000844234284,63.41324226365325,728.3366570662699,78.20446585130932,44.01584695112636,26.61539151347833,0.4854967228141234,27.62214757949978,12.546274217542685,28.005053138649945,LOITER,SENSOR_DRIFT,True,0.32849999999999996,1.0,DRIFT:cht,42,87.86,3600.0,6.513665,-3.606835,0.261455,0.004798,7.501005,-0.051765
2026-01-01T00:20:58Z,AE300_CLASS-SIM-01,AE300_CLASS,LONG_ENDURANCE_LOITER,3456.677931639029,-7.653445959969681,1543.6759446746519,0.4864433537486289,68.0791274318201,732.8293827306031,77.91766031234845,44.52984641516226,26.69737483497546,0.5116283395520064,27.72503787036597,12.20347810570332,28.16571115383342,LOITER,SENSOR_DRIFT,True,0.329,1.0,DRIFT:cht,42,87.81,3600.0,11.062161,0.652796,-0.030989,0.018133,-2.820378,-0.026258
2026-01-01T00:20:59Z,AE300_CLASS-SIM-01,AE300_CLASS,LONG_ENDURANCE_LOITER,3458.2344302883366,-7.421267293006205,1556.8947382512636,0.4845609232624808,66.35478710052347,732.6744431571075,78.38319168845068,43.61437833319705,26.633233432277528,0.5705471140047457,27.64726016033466,11.964178917718806,28.331925723109144,LOITER,SENSOR_DRIFT,True,0.3295,1.0,DRIFT:cht,42,87.79,3600.0,9.362534,0.636533,0.448336,0.018686,10.899988,0.033333
2026-01-01T00:21:00Z,AE300_CLASS-SIM-01,AE300_CLASS,LONG_ENDURANCE_LOITER,3458.24162120552,-7.48255920000298,1542.9084558401826,0.4864425475080329,66.20200418988432,727.7442986235337,78.10917343974855,44.35255316520728,26.511767943620182,0.5464130730101906,27.66070975774842,12.384004817021069,28.250280158042244,LOITER,SENSOR_DRIFT,True,0.33,1.0,DRIFT:cht,42,87.78,3600.0,9.009727,-4.595178,0.167005,-0.166114,-3.35221,0.008602
2026-01-01T00:21:01Z,AE300_CLASS-SIM-01,AE300_CLASS,LONG_ENDURANCE_LOITER,3456.3869569902795,-7.625694959910313,1533.5569817354642,0.4878722771689668,66.26434233446525,735.4735354628937,77.61295417011026,44.48190836676357,26.561410562662775,0.4984380599448024,27.63794944305369,12.408177743314912,28.381593796998878,LOITER,SENSOR_DRIFT,True,0.33049999999999996,1.0,DRIFT:cht,42,87.75,3600.0,9.012628,2.979029,-0.348621,-0.168472,-13.409395,-0.039995
2026-01-01T00:21:02Z,AE300_CLASS-SIM-01,AE300_CLASS,LONG_ENDURANCE_LOITER,3456.2536605156592,-7.597851876257778,1539.7042677308643,0.484285683771327,68.24467639404696,734.3150704149723,78.43905785424444,43.5962754346959,26.650129113188548,0.5690129049989872,27.61266336588214,12.121297237327743,28.028365307674967,LOITER,SENSOR_DRIFT,True,0.33099999999999996,1.0,DRIFT:cht,42,87.72,3600.0,11.472279,2.49601,0.496635,0.043004,-6.565654,0.031785
2026-01-01T00:21:03Z,AE300_CLASS-SIM-01,AE300_CLASS,LONG_ENDURANCE_LOITER,3455.677967299571,-7.45892304939434,1540.341456192717,0.4862068785931794,65.73428276612094,731.6879864243195,77.56521230958275,43.88939758856528,26.618590428897946,0.5396234723187574,27.67680537622873,11.832281734384292,28.45542293125971,LOITER,SENSOR_DRIFT,True,0.33149999999999996,1.0,DRIFT:cht,42,87.74,3600.0,8.567238,-0.630425,-0.380928,-0.05143,-6.063652,0.001837
2026-01-01T00:21:04Z,AE300_CLASS-SIM-01,AE300_CLASS,LONG_ENDURANCE_LOITER,3455.9758706969747,-7.402774373464378,1540.793293026649,0.4878928887075489,65.20799759703732,731.0804098986999,77.67773819103039,43.57272662508341,26.67264226478507,0.5452839488695211,27.631270849326608,11.99421152765283,28.01385298555898,LOITER,SENSOR_DRIFT,True,0.332,1.0,DRIFT:cht,42,87.8,3600.0,7.729404,-1.646245,-0.287123,-0.058841,-6.292584,0.006806
2026-01-01T00:21:05Z,AE300_CLASS-SIM-01,AE300_CLASS,LONG_ENDURANCE_LOITER,3455.128794396236,-7.393789331006578,1550.6674787534862,0.4871760989758066,65.37639112824982,733.2519734478273,77.86006782243776,42.32075744165379,26.633242594958556,0.5205985030662372,27.591288391291474,12.036893901132249,28.14932174502419,LOITER,SENSOR_DRIFT,True,0.3325,1.0,DRIFT:cht,42,87.86,3600.0,7.980373,0.635848,-0.112391,-0.077361,3.30535,-0.017782
2026-01-01T00:21:06Z,AE300_CLASS-SIM-01,AE300_CLASS,LONG_ENDURANCE_LOITER,3453.855685377028,-7.567728931823484,1556.8360890789663,0.4823501429037949,65.14714793696156,728.9063929415368,77.59678475265594,43.634400012596885,26.585600466086362,0.563295812739052,27.686881184776333,12.459089812806775,28.2825790270822,LOITER,SENSOR_DRIFT,True,0.333,1.0,DRIFT:cht,42,87.92,3600.0,8.638262,-2.556393,-0.336019,0.045974,10.915956,0.026719
2026-01-01T00:21:07Z,AE300_CLASS-SIM-01,AE300_CLASS,LONG_ENDURANCE_LOITER,3453.221401772462,-7.495852187664402,1549.2418371708059,0.4872714823573296,67.67163086148241,735.159429479955,78.33759184738487,46.04179886195084,26.649290463643787,0.5244420395909593,27.63991443634783,11.931544780684861,28.138861154143417,LOITER,SENSOR_DRIFT,True,0.33349999999999996,1.0,DRIFT:cht,42,87.92,3600.0,10.417781,2.683808,0.388259,-0.054559,2.720657,-0.013657
2026-01-01T00:21:08Z,AE300_CLASS-SIM-01,AE300_CLASS,LONG_ENDURANCE_LOITER,3452.4361767357886,-7.537099813157126,1545.1316666363152,0.48740191608435157,66.8436774774341,729.4620506051076,78.86753765007991,43.930126072776815,26.656571556202483,0.4646341971756667,27.608002784511747,12.520482003562181,28.15401188284995,LOITER,SENSOR_DRIFT,True,0.33399999999999996,1.0,DRIFT:cht,42,87.9,3600.0,9.59976,-3.022953,0.904271,-0.056097,-1.896206,-0.073675
2026-01-01T00:21:09Z,AE300_CLASS-SIM-01,AE300_CLASS,LONG_ENDURANCE_LOITER,3454.923626851284,-7.421876555366056,1535.805687168801,0.48528297336938747,67.23707760222918,735.1970197965094,77.87613347691907,45.1338930238122,26.565279941517804,0.49368474419397024,27.70733493481713,12.378401065602645,28.085041039602867,LOITER,SENSOR_DRIFT,True,0.33449999999999996,1.0,DRIFT:cht,42,87.84,3600.0,10.151741,2.999728,-0.077241,-0.077117,-10.862477,-0.043944
2026-01-01T00:21:10Z,AE300_CLASS-SIM-01,AE300_CLASS,LONG_ENDURANCE_LOITER,3454.4143766483016,-7.57522747120188,1547.8133783928486,0.4858445123423584,65.4390872057075,728.9009814257486,78.0507640799364,43.35545600443861,26.580324264167743,0.5943952867680972,27.719563853357677,12.787269456059262,28.225721583268207,LOITER,SENSOR_DRIFT,True,0.335,1.0,DRIFT:cht,42,87.78,3600.0,8.440351,-3.240296,0.099506,-0.07905,1.222186,0.056647
2026-01-01T00:21:11Z,AE300_CLASS-SIM-01,AE300_CLASS,LONG_ENDURANCE_LOITER,3453.8344266141853,-7.463066564903919,1548.6855582823675,0.48458278491835804,67.13467967548702,726.4423225231319,77.79769791775426,44.48721759853785,26.587430423023385,0.5265659105063852,27.656505694706556,12.659438454123148,27.933941454474922,LOITER,SENSOR_DRIFT,True,0.3355,1.0,DRIFT:cht,42,87.72,3600.0,10.217148,-5.547684,-0.140117,-0.02595,2.583189,-0.010671
2026-01-01T00:21:12Z,AE300_CLASS-SIM-01,AE300_CLASS,LONG_ENDURANCE_LOITER,3451.916142236622,-7.592698178969625,1535.05270312463,0.48246406848600243,64.16275712662997,735.5902024265511,77.7894904190192,43.83374181568793,26.57946930270781,0.5658625153718277,27.70777547788182,11.937143078693092,28.386573480867327,LOITER,SENSOR_DRIFT,True,0.336,1.0,DRIFT:cht,42,87.69,3600.0,7.718936,4.190722,-0.1184,0.046578,-9.961493,0.029584
2026-01-01T00:21:13Z,AE300_CLASS-SIM-01,AE300_CLASS,LONG_ENDURANCE_LOITER,3454.2503402784555,-7.44654454918077,1548.5854319266173,0.48615142336830436,67.84844308654858,733.5870998300717,78.1725737672728,43.44956431055174,26.68579899674358,0.49427596998948775,27.637090034762476,13.067891449826464,27.75206176597563,LOITER,SENSOR_DRIFT,True,0.33649999999999997,1.0,DRIFT:cht,42,87.66,3600.0,10.729801,1.327852,0.252952,0.028298,3.144635,-0.043148
2026-01-01T00:21:14Z,AE300_CLASS-SIM-01,AE300_CLASS,LONG_ENDURANCE_LOITER,3453.7888739336568,-7.406611059222661,1544.15705220716,0.4849348768217805,65.56003127680282,731.4189342044768,78.02811695434514,43.39413627653158,26.75545520231291,0.5259742025868128,27.65549928959417,12.001669909620258,28.26749073750932,LOITER,SENSOR_DRIFT,True,0.33699999999999997,1.0,DRIFT:cht,42,87.67,3600.0,8.571057,-0.648762,0.111006,0.138369,-1.192423,-0.011091
2026-01-01T00:21:15Z,AE300_CLASS-SIM-01,AE300_CLASS,LONG_ENDURANCE_LOITER,3454.2748048556305,-7.382745885155094,1538.5314377973243,0.4838126542363333,67.6402152548475,729.980878894292,78.21578257209413,43.00640100166885,26.693271946146215,0.5064076776045581,27.594172275596556,11.98815237033839,28.044277922786616,LOITER,SENSOR_DRIFT,True,0.33749999999999997,1.0,DRIFT:cht,42,87.67,3600.0,10.791021,-1.87894,0.311282,0.116624,-6.359509,-0.030199
2026-01-01T00:21:16Z,AE300_CLASS-SIM-01,AE300_CLASS,LONG_ENDURANCE_LOITER,3453.517062942439,-7.433507787994675,1538.0258018997797,0.4852351112634076,63.96863091730678,733.9146281032868,78.29863340211976,43.789782687294014,26.64772552920131,0.6161218817526654,27.626380628910518,11.918052119399178,28.21405662732303,LOITER,SENSOR_DRIFT,True,0.338,1.0,DRIFT:cht,42,87.69,3600.0,6.982221,1.837571,0.390127,0.024317,-7.010799,0.079089
2026-01-01T00:21:17Z,AE300_CLASS-SIM-01,AE300_CLASS,LONG_ENDURANCE_LOITER,3450.9465219968547,-7.473781111686708,1541.4680726869108,0.48386091059813247,65.13706181754314,734.626425705383,78.423228537507,44.598179238317094,26.65026499757064,0.5256597900152332,27.53835670599732,12.311102210756882,27.78510661317501,LOITER,SENSOR_DRIFT,True,0.3385,1.0,DRIFT:cht,42,87.71,3600.0,8.411218,2.872649,0.524228,0.076313,-3.222842,-0.010873
2026-01-01T00:21:18Z,AE300_CLASS-SIM-01,AE300_CLASS,LONG_ENDURANCE_LOITER,3449.4959014662427,-7.4647263388442315,1547.4821516542224,0.48433592543043674,67.46535970180209,733.3946774490325,77.81259449284188,44.99003407461467,26.722648034467465,0.560302915413037,27.60164435632919,12.035197209118218,27.90982459520615,LOITER,SENSOR_DRIFT,True,0.33899999999999997,1.0,DRIFT:cht,42,87.72,3600.0,10.684441,1.554846,-0.083929,0.135289,2.881309,0.023683
2026-01-01T00:21:19Z,AE300_CLASS-SIM-01,AE300_CLASS,LONG_ENDURANCE_LOITER,3452.0527767967014,-7.596262829973293,1543.2956948717126,0.48573284081775053,62.89734206239178,728.5563803774155,77.69589687736652,43.76778876120666,26.59776532120947,0.5250452066473822,27.60439213147968,11.764932828824495,28.04645181612245,LOITER,SENSOR_DRIFT,True,0.33949999999999997,1.0,DRIFT:cht,42,87.77,3600.0,6.022706,-3.441965,-0.211512,-0.040278,-1.700987,-0.0121
2026-01-01T00:21:20Z,AE300_CLASS-SIM-01,AE300_CLASS,LONG_ENDURANCE_LOITER,3451.5320990644564,-7.483595552577974,1546.3508963838867,0.48602297432613556,66.36940205191264,730.3149770164346,77.21402037442468,44.89406037579301,26.649183113899948,0.4942394475341313,27.643732777888644,12.519625661580687,28.385869942402838,LOITER,SENSOR_DRIFT,True,0.33999999999999997,1.0,DRIFT:cht,42,87.8,3600.0,9.331501,-1.87105,-0.704498,-0.001942,0.950242,-0.043123
2026-01-01T00:21:21Z,AE300_CLASS-SIM-01,AE300_CLASS,LONG_ENDURANCE_LOITER,3451.9632170015384,-7.276366864714981,1537.0702165242533,0.48508692465553677,65.05463674441182,733.0421786725267,78.64731662428386,44.02637592725457,26.568452558566133,0.4803252574434751,27.698440734142377,12.352839742839333,28.19353469685851,LOITER,SENSOR_DRIFT,True,0.34049999999999997,1.0,DRIFT:cht,42,87.84,3600.0,7.930562,0.821044,0.729287,-0.05264,-8.312687,-0.056783
2026-01-01T00:21:22Z,AE300_CLASS-SIM-01,AE300_CLASS,LONG_ENDURANCE_LOITER,3450.807154239914,-7.393418615897703,1538.5978171476133,0.4859066718436824,63.969817813909984,731.0710394788625,77.63212783659205,41.0459739599353,26.60256558347829,0.4967117450628153,27.624178891978868,12.19869305408169,28.391341317764333,LOITER,SENSOR_DRIFT,True,0.341,1.0,DRIFT:cht,42,87.84,3600.0,6.853058,-1.195979,-0.293489,-0.046939,-7.060982,-0.040707
2026-01-01T00:21:23Z,AE300_CLASS-SIM-01,AE300_CLASS,LONG_ENDURANCE_LOITER,3451.5152645539374,-7.381761411930777,1548.944938178958,0.4868494371303023,66.09470865595628,732.8599079358098,78.24064124999506,41.752863749471366,26.747372548404414,0.6086793182252577,27.64126487281016,11.77374879091726,28.307533123005328,LOITER,SENSOR_DRIFT,True,0.3415,1.0,DRIFT:cht,42,87.8,3600.0,8.812472,0.37385,0.300463,0.061655,2.756645,0.070819
2026-01-01T00:21:24Z,AE300_CLASS-SIM-01,AE300_CLASS,LONG_ENDURANCE_LOITER,3449.7528360450538,-7.350082577672486,1536.464406343703,0.4895321788773113,63.636260521136485,732.2583371120871,76.96474625626536,43.7812305106781,26.595170147625954,0.5882954694125457,27.61554922057239,12.538712330285446,27.97219150511675,LOITER,SENSOR_DRIFT,True,0.34199999999999997,1.0,DRIFT:cht,42,87.81,3600.0,5.926124,-0.826097,-1.01219,-0.18942,-11.060563,0.049255
2026-01-01T00:21:25Z,AE300_CLASS-SIM-01,AE300_CLASS,LONG_ENDURANCE_LOITER,3450.1061581245335,-7.46772596812723,1548.8829669512431,0.4857896589057241,66.4570325306183,732.8063667574874,78.21647252392576,43.05385188041426,26.642673040662807,0.6094722253195749,27.565349641939815,12.343302188602301,28.227155589378732,LOITER,SENSOR_DRIFT,True,0.34249999999999997,1.0,DRIFT:cht,42,87.8,3600.0,9.370116,0.545526,0.24707,-0.018707,1.63198,0.071527
2026-01-01T00:21:26Z,AE300_CLASS-SIM-01,AE300_CLASS,LONG_ENDURANCE_LOITER,3452.4563298307576,-7.317812536726042,1546.0851637443468,0.4858866014174751,64.56958873300158,730.9669957240458,77.3169649062381,45.08177796864579,26.64501247469175,0.4958586401917773,27.643388585640043,12.543878679077935,28.274386504248366,LOITER,SENSOR_DRIFT,True,0.34299999999999997,1.0,DRIFT:cht,42,87.8,3600.0,7.306213,-1.459423,-0.647216,-0.019156,-0.975948,-0.042057
2026-01-01T00:21:27Z,AE300_CLASS-SIM-01,AE300_CLASS,LONG_ENDURANCE_LOITER,3448.6085420802506,-7.895075822381933,1548.119757112723,0.4832262607363235,66.34116233575733,734.7081289776565,78.41831639928085,45.30159899307606,26.690842419733116,0.6157941409476596,27.687681675060134,12.635414219541758,28.119166467586876,LOITER,SENSOR_DRIFT,True,0.34349999999999997,1.0,DRIFT:cht,42,87.71,3600.0,10.086741,3.424333,0.4826,0.125441,2.09371,0.078972
2026-01-01T00:21:28Z,AE300_CLASS-SIM-01,AE300_CLASS,LONG_ENDURANCE_LOITER,3447.8014600886013,-7.050939885108062,1545.7618268159404,0.4874309611014934,64.82377852900566,734.7404205984063,76.81609830114128,43.470459433075995,26.609414362927676,0.5578625813962381,27.675385202290897,11.866780669388458,28.224120950179984,LOITER,SENSOR_DRIFT,True,0.34400000000000003,1.0,DRIFT:cht,42,87.69,3600.0,7.146628,1.800833,-1.137911,-0.097636,-0.929416,0.019688
2026-01-01T00:21:29Z,AE300_CLASS-SIM-01,AE300_CLASS,LONG_ENDURANCE_LOITER,3451.3108999358546,-7.069674109147705,1550.2366532890164,0.4840280779841275,63.892841557718924,737.1572703675607,78.24728594957605,43.8014238009075,26.516788007749557,0.49512265262635546,27.657741980372876,12.300648068944264,27.8330050216664,LOITER,SENSOR_DRIFT,True,0.34450000000000003,1.0,DRIFT:cht,42,87.7,3600.0,6.682801,4.891352,0.312186,-0.076029,4.233017,-0.041919
2026-01-01T00:21:30Z,AE300_CLASS-SIM-01,AE300_CLASS,LONG_ENDURANCE_LOITER,3450.1552680411023,-7.655106737074265,1554.737421396818,0.48533774675044483,64.9506881024412,734.8020025626031,78.07370702250716,44.94705836419531,26.617463773866753,0.5432535459234293,27.621064104811996,12.2728629376516,28.379476421458097,LOITER,SENSOR_DRIFT,True,0.345,1.0,DRIFT:cht,42,87.71,3600.0,8.165444,2.887846,0.140385,-0.016112,8.798437,0.005891
2026-01-01T00:21:31Z,AE300_CLASS-SIM-01,AE300_CLASS,LONG_ENDURANCE_LOITER,3448.187652686707,-7.320928420722096,1539.0653527316967,0.480760715658823,65.82983329335012,733.0607723836583,77.86425951860159,42.550049517916456,26.629551487391193,0.5489715324139972,27.596907849865115,11.787399973780033,28.086754634621002,LOITER,SENSOR_DRIFT,True,0.3455,1.0,DRIFT:cht,42,87.72,3600.0,9.402504,1.756865,-0.024749,0.160862,-5.262237,0.013407
2026-01-01T00:21:32Z,AE300_CLASS-SIM-01,AE300_CLASS,LONG_ENDURANCE_LOITER,3449.6566425474157,-7.353903906633319,1539.031698105743,0.48514157503776884,66.72040277420403,728.7342403021433,77.94135273561042,44.961098459216416,26.53345573363313,0.5889668468416501,27.697211525893525,12.126260455356217,28.072990565520424,LOITER,SENSOR_DRIFT,True,0.346,1.0,DRIFT:cht,42,87.69,3600.0,9.720322,-3.365563,0.044829,-0.07994,-5.569177,0.052131
2026-01-01T00:21:33Z,AE300_CLASS-SIM-01,AE300_CLASS,LONG_ENDURANCE_LOITER,3449.9623400412274,-7.442602095936966,1528.6947688452024,0.4846436806518907,66.18566569308364,734.0840064735629,77.51579990898851,43.5938395944093,26.667224393026657,0.5342489710716767,27.571279460432898,12.563688200763707,28.092154239920944,LOITER,SENSOR_DRIFT,True,0.3465,1.0,DRIFT:cht,42,87.68,3600.0,9.336099,2.161577,-0.381672,0.0693,-15.940558,-0.002468
2026-01-01T00:21:34Z,AE300_CLASS-SIM-01,AE300_CLASS,LONG_ENDURANCE_LOITER,3449.78497631392,-7.622281467342944,1544.288846558066,0.4858342868621693,65.46785487291753,728.6934220177699,76.83717174117814,45.11871286282029,26.622150597707005,0.5894357021258915,27.669560696255346,12.370925547967667,28.075899325218764,LOITER,SENSOR_DRIFT,True,0.34700000000000003,1.0,DRIFT:cht,42,87.65,3600.0,8.623419,-3.293548,-1.072315,-0.018397,-0.783416,0.052248
2026-01-01T00:21:35Z,AE300_CLASS-SIM-01,AE300_CLASS,LONG_ENDURANCE_LOITER,3448.6182482720565,-7.196362844287776,1545.6859277118406,0.48859176187715814,63.638897969958144,727.5005632787658,78.35501725491666,43.128773000372696,26.728526923422653,0.5970907625949494,27.69590174433971,12.45667711133498,27.985691420462132,LOITER,SENSOR_DRIFT,True,0.34750000000000003,1.0,DRIFT:cht,42,87.62,3600.0,5.959358,-5.491687,0.410103,-0.013116,-0.674594,0.058719
2026-01-01T00:21:36Z,AE300_CLASS-SIM-01,AE300_CLASS,LONG_ENDURANCE_LOITER,3445.130035218845,-7.185229609145455,1534.5769705761656,0.48793167613735977,66.46564941118265,731.780468270931,78.10845502845277,44.220968822111814,26.592440541674225,0.6010470730241806,27.688039869980695,12.237518747036827,28.033758841837955,LOITER,SENSOR_DRIFT,True,0.348,1.0,DRIFT:cht,42,87.6,3600.0,8.862338,-1.133097,0.142246,-0.133444,-12.557885,0.062595
2026-01-01T00:21:37Z,AE300_CLASS-SIM-01,AE300_CLASS,LONG_ENDURANCE_LOITER,3449.3134284211037,-7.7111882898250546,1548.1502924532242,0.4862145999518676,64.5252972091807,734.7146436830742,77.8968100780215,43.362393490779624,26.661037076350286,0.4880160951489292,27.667136520205442,11.595591846448352,28.16644270299141,LOITER,SENSOR_DRIFT,True,0.3485,1.0,DRIFT:cht,42,87.59,3600.0,7.638724,2.630166,-0.068598,-0.012036,1.04453,-0.049988
2026-01-01T00:21:38Z,AE300_CLASS-SIM-01,AE300_CLASS,LONG_ENDURANCE_LOITER,3447.1557130242672,-7.487039021114519,1547.7395138468096,0.4845498544502591,66.98026385235026,733.5505360088146,78.1115462485121,44.075087721810526,26.57357225374708,0.5232714821031146,27.64228237123674,12.137762635847738,28.290133996993738,LOITER,SENSOR_DRIFT,True,0.349,1.0,DRIFT:cht,42,87.62,3600.0,10.134648,1.591003,0.162119,-0.03852,1.214884,-0.014072
2026-01-01T00:21:39Z,AE300_CLASS-SIM-01,AE300_CLASS,LONG_ENDURANCE_LOITER,3446.9655721097124,-7.347970088191309,1535.1624471832843,0.4865690002266604,64.86063937845556,729.0567524369446,78.64776765891585,44.42075113409176,26.659186603631223,0.557285717918724,27.628612656375598,12.105364068230429,28.240111637002602,LOITER,SENSOR_DRIFT,True,0.3495,1.0,DRIFT:cht,42,87.65,3600.0,7.599002,-3.428638,0.691347,-0.020412,-11.616486,0.019314
2026-01-01T00:21:40Z,AE300_CLASS-SIM-01,AE300_CLASS,LONG_ENDURANCE_LOITER,3448.259625124204,-7.412873064834379,1559.458129103928,0.484261447556663,63.81096015613773,727.1499883250973,77.14663513335742,43.476799994468884,26.58529845277709,0.567531121643549,27.631179317084257,12.441731386986195,28.129808071141017,LOITER,SENSOR_DRIFT,True,0.35000000000000003,1.0,DRIFT:cht,42,87.68,3600.0,6.934119,-4.814076,-0.793039,-0.014665,13.288149,0.030384
2026-01-01T00:21:41Z,AE300_CLASS-SIM-01,AE300_CLASS,LONG_ENDURANCE_LOITER,3446.316578435487,-7.487553157027192,1554.8775419857573,0.48156666103647366,66.02188116753352,731.4557005447817,78.25707369485876,43.81160224219627,26.598396884115207,0.5247961036282658,27.688038844641163,12.18891666534338,28.41835086536121,LOITER,SENSOR_DRIFT,True,0.3505,1.0,DRIFT:cht,42,87.74,3600.0,9.652094,0.150047,0.355286,0.100363,10.085256,-0.011137
2026-01-01T00:21:42Z,AE300_CLASS-SIM-01,AE300_CLASS,LONG_ENDURANCE_LOITER,3446.4401166541875,-7.39594237308675,1543.8712271374004,0.48573166840254495,64.87227363075033,732.3664706980821,77.90809584239899,44.10653502946921,26.617538863276575,0.5548654053489218,27.63608972800308,12.658352788039702,28.186117543726187,LOITER,SENSOR_DRIFT,True,0.351,1.0,DRIFT:cht,42,87.84,3600.0,7.841384,0.178447,-0.004288,-0.018518,-1.306368,0.017685
2026-01-01T00:21:43Z,AE300_CLASS-SIM-01,AE300_CLASS,LONG_ENDURANCE_LOITER,3449.676175199735,-7.390009061201892,1551.570001378413,0.4831246211599702,67.46521884413694,729.9804674061915,78.10872933718898,43.60607865257118,26.622316347638655,0.52619055461407,27.600708371778357,12.105666911184905,28.353798277907643,LOITER,SENSOR_DRIFT,True,0.3515,1.0,DRIFT:cht,42,87.93,3600.0,10.770608,-1.708633,0.213527,0.074303,7.017175,-0.010091
2026-01-01T00:21:44Z,AE300_CLASS-SIM-01,AE300_CLASS,LONG_ENDURANCE_LOITER,3446.2035599054034,-7.589094700249065,1552.4943790961674,0.4827672361896099,66.61756825415392,733.4953955961093,78.18007396496901,45.40681989084241,26.544136314616406,0.5642229001450387,27.682646981110334,11.99361696270541,28.01052726050461,LOITER,SENSOR_DRIFT,True,0.352,1.0,DRIFT:cht,42,87.96,3600.0,10.224933,2.11731,0.300704,0.015739,8.517304,0.028257
2026-01-01T00:21:45Z,AE300_CLASS-SIM-01,AE300_CLASS,LONG_ENDURANCE_LOITER,3444.8073139299368,-7.345337663674309,1534.922457507413,0.48562661350552616,63.82730735356341,735.5619305540763,78.13307933683191,45.45854535350539,26.632640740234017,0.5230036653107384,27.600301299980927,12.257761682963656,28.117681747913444,LOITER,SENSOR_DRIFT,True,0.3525,1.0,DRIFT:cht,42,87.99,3600.0,6.8016,3.386162,0.238441,0.007593,-9.609849,-0.013913
2026-01-01T00:21:46Z,AE300_CLASS-SIM-01,AE300_CLASS,LONG_ENDURANCE_LOITER,3446.752753525861,-7.53162086478127,1558.91119604739,0.48704690838078446,65.40063890732667,736.9685741194688,77.5486266134387,44.00789518310068,26.51458445017821,0.61979425295001,27.566337861341744,11.753436766287392,28.026841409036948,LOITER,SENSOR_DRIFT,True,0.35300000000000004,1.0,DRIFT:cht,42,87.97,3600.0,8.317526,4.657783,-0.370714,-0.166589,13.480625,0.082172
2026-01-01T00:21:47Z,AE300_CLASS-SIM-01,AE300_CLASS,LONG_ENDURANCE_LOITER,3446.692480221009,-7.247381732696633,1545.5883264421384,0.48650875189323406,65.5221918640031,733.1115478575952,78.64346096526995,43.624285255823736,26.54384940888896,0.5578461147906406,27.661829254338738,12.218178523213194,28.272384611370686,LOITER,SENSOR_DRIFT,True,0.3535,1.0,DRIFT:cht,42,87.99,3600.0,8.205995,0.5871,0.710428,-0.125003,-0.340138,0.020192
2026-01-01T00:21:48Z,AE300_CLASS-SIM-01,AE300_CLASS,LONG_ENDURANCE_LOITER,3444.142555740094,-7.369756987451362,1547.325085604178,0.48501916652051935,67.77649347427344,732.9575767505005,77.76257822850678,44.28346321758126,26.64902192360224,0.5715007341679719,27.660955532758425,11.735104103196322,27.747829561314976,LOITER,SENSOR_DRIFT,True,0.354,1.0,DRIFT:cht,42,88.01,3600.0,10.808602,0.846684,-0.167212,0.031051,1.514514,0.034298
2026-01-01T00:21:49Z,AE300_CLASS-SIM-01,AE300_CLASS,LONG_ENDURANCE_LOITER,3446.092790987825,-7.321340695238393,1544.5211082729281,0.4858066154735497,68.19175449320258,735.874778795017,78.33148338796485,43.08172949356476,26.54174258624644,0.4292526807160043,27.65752871643885,12.51658226694668,28.3000622006035,LOITER,SENSOR_DRIFT,True,0.3545,1.0,DRIFT:cht,42,87.96,3600.0,11.046067,3.553127,0.397047,-0.104609,-1.458389,-0.108229
2026-01-01T00:21:50Z,AE300_CLASS-SIM-01,AE300_CLASS,LONG_ENDURANCE_LOITER,3444.928489622259,-7.408559764183829,1540.6912961001485,0.48274080479935283,65.48081106409487,729.1730506051778,78.68781338342563,42.72919800841742,26.573986053237665,0.4494918152753161,27.644035319205635,12.182753973515373,28.06784598077002,LOITER,SENSOR_DRIFT,True,0.355,1.0,DRIFT:cht,42,87.87,3600.0,8.877868,-2.438394,0.778654,0.036398,-4.369043,-0.086842
2026-01-01T00:21:51Z,AE300_CLASS-SIM-01,AE300_CLASS,LONG_ENDURANCE_LOITER,3442.2516187517485,-7.383360883392017,1540.7990996289648,0.484091343586346,68.2449347321745,732.3871332113204,78.13657420471259,43.442186353137515,26.537402388884647,0.5355692997009044,27.732315111916762,12.096715773984418,28.17540924476921,LOITER,SENSOR_DRIFT,True,0.3555,1.0,DRIFT:cht,42,87.83,3600.0,11.471153,0.52391,0.233377,-0.039671,-4.044447,-0.001035
2026-01-01T00:21:52Z,AE300_CLASS-SIM-01,AE300_CLASS,LONG_ENDURANCE_LOITER,3442.1436456136075,-7.795301387770842,1539.0505934423256,0.48910004339333185,66.48129604495867,736.493697965797,77.73945884534142,41.83444259510766,26.516605303059176,0.5544492644037073,27.641647572827786,12.179291956764652,28.041485263154858,LOITER,SENSOR_DRIFT,True,0.35600000000000004,1.0,DRIFT:cht,42,87.75,3600.0,9.391201,4.028387,-0.206629,-0.237454,-7.352605,0.015959
2026-01-01T00:21:53Z,AE300_CLASS-SIM-01,AE300_CLASS,LONG_ENDURANCE_LOITER,3444.531266651898,-7.455493006391147,1546.7032171449853,0.4847028256422345,65.23524898800983,729.425554761255,77.70278518495545,45.43109520632095,26.648534093052298,0.5824813968392777,27.600669416485662,11.750587344408517,28.28532578844713,LOITER,SENSOR_DRIFT,True,0.3565,1.0,DRIFT:cht,42,87.66,3600.0,8.381124,-2.557118,-0.233866,0.037969,0.643184,0.045274
2026-01-01T00:21:54Z,AE300_CLASS-SIM-01,AE300_CLASS,LONG_ENDURANCE_LOITER,3444.2142937478175,-7.357984082069043,1541.9238055099554,0.4813578249772442,66.84893681503104,735.2084358326814,77.58864198706256,43.19107472501841,26.65491036893384,0.5076607573004979,27.70327531913591,12.148653646773795,28.062696441423505,LOITER,SENSOR_DRIFT,True,0.357,1.0,DRIFT:cht,42,87.58,3600.0,10.402229,3.827646,-0.309238,0.166425,-2.726362,-0.028157
2026-01-01T00:21:55Z,AE300_CLASS-SIM-01,AE300_CLASS,LONG_ENDURANCE_LOITER,3442.660254594413,-7.434846612006453,1552.3701564778385,0.48603087953841,67.14286906123229,732.3979868966234,77.68802389452988,43.83234771084496,26.55356433230358,0.6025222558473049,27.672188805537257,12.153387319185251,27.981538495615034,LOITER,SENSOR_DRIFT,True,0.3575,1.0,DRIFT:cht,42,87.52,3600.0,10.145054,0.206671,-0.224885,-0.08977,7.173469,0.065274
2026-01-01T00:21:56Z,AE300_CLASS-SIM-01,AE300_CLASS,LONG_ENDURANCE_LOITER,3444.639301860348,-7.354629654800628,1543.5445819835425,0.48733210967224216,65.0724126369061,730.9824107161525,77.78869171386619,42.721736089666656,26.596709802275303,0.5022006542911647,27.609253932755166,11.96898867780432,28.032278250619342,LOITER,SENSOR_DRIFT,True,0.358,1.0,DRIFT:cht,42,87.49,3600.0,7.768119,-1.585941,-0.147605,-0.098477,-2.502588,-0.035705
2026-01-01T00:21:57Z,AE300_CLASS-SIM-01,AE300_CLASS,LONG_ENDURANCE_LOITER,3440.805120367468,-7.336330571769701,1543.3356863701624,0.48430236548276545,68.80228637762907,731.4339094552846,78.16390947548935,44.45252485029376,26.572653877627243,0.548807884193105,27.63289567481905,12.240561939993686,28.032190305003834,LOITER,SENSOR_DRIFT,True,0.3585,1.0,DRIFT:cht,42,87.48,3600.0,11.932159,-0.557947,0.237837,-0.01863,-2.339683,0.011861
2026-01-01T00:21:58Z,AE300_CLASS-SIM-01,AE300_CLASS,LONG_ENDURANCE_LOITER,3441.0576248345724,-7.369154783700663,1530.5905957043542,0.4871720397594248,68.55849365581167,732.3405365179306,78.190293963074,44.76125455258938,26.49560473964111,0.5782401867075252,27.614995100290745,12.866486807153258,28.0917579305042,LOITER,SENSOR_DRIFT,True,0.35900000000000004,1.0,DRIFT:cht,42,87.45,3600.0,11.309028,-0.189639,0.244876,-0.195372,-15.788228,0.040278
2026-01-01T00:21:59Z,AE300_CLASS-SIM-01,AE300_CLASS,LONG_ENDURANCE_LOITER,3442.896664869149,-7.3967354845275635,1559.7398530804567,0.4831287387193613,67.27101058034245,733.6123291940777,78.07192208686781,44.037779703015126,26.533723876068002,0.42007590152060975,27.67501332096476,12.032092939304938,28.295265930461028,LOITER,SENSOR_DRIFT,True,0.3595,1.0,DRIFT:cht,42,87.39,3600.0,10.604669,1.899116,0.150391,-0.019516,14.229631,-0.11651
2026-01-01T00:22:00Z,AE300_CLASS-SIM-01,AE300_CLASS,LONG_ENDURANCE_LOITER,3441.7973879217147,-7.188215451100949,1549.945333382804,0.4791975937660257,66.56277695252767,730.8894154018537,78.4133873921767,44.346417698966334,26.608582526708997,0.5241782664279624,27.595518333198765,12.048353736188655,27.84967111289048,LOITER,SENSOR_DRIFT,True,0.36,1.0,DRIFT:cht,42,87.36,3600.0,10.301586,-0.188484,0.547023,0.20265,6.441175,-0.010649
2026-01-01T00:22:01Z,AE300_CLASS-SIM-01,AE300_CLASS,LONG_ENDURANCE_LOITER,3440.119775403471,-7.586158256465305,1534.2369814526667,0.4843334867949815,66.46469433749827,731.7567609607372,77.66382637086943,43.03936234306236,26.552032616377616,0.4994099125485534,27.629494295153606,11.721235460398825,28.224681632369,LOITER,SENSOR_DRIFT,True,0.3605,1.0,DRIFT:cht,42,87.35,3600.0,9.926183,0.122367,-0.209512,-0.020449,-9.520775,-0.036866
2026-01-01T00:22:02Z,AE300_CLASS-SIM-01,AE300_CLASS,LONG_ENDURANCE_LOITER,3439.8901940576275,-7.308376279772463,1550.4808017663406,0.48472981583793606,66.81631417747305,726.0532690181814,77.66564631574862,44.78304243749398,26.60027783389404,0.6195715539468685,27.700167687691096,12.26704781897098,28.081516246629963,LOITER,SENSOR_DRIFT,True,0.361,1.0,DRIFT:cht,42,87.28,3600.0,9.9359,-5.950186,-0.216784,0.01187,6.392442,0.083074
2026-01-01T00:22:03Z,AE300_CLASS-SIM-01,AE300_CLASS,LONG_ENDURANCE_LOITER,3439.03853240659,-7.434466522925525,1541.3815995364434,0.48286112066285564,64.59062948386416,732.9583499534702,78.65006937230041,44.63946355036927,26.549038777961503,0.582002763156622,27.645843446518498,12.164434076638159,28.103673674746588,LOITER,SENSOR_DRIFT,True,0.3615,1.0,DRIFT:cht,42,87.24,3600.0,8.10751,1.450715,0.778268,0.025183,-2.320266,0.046144
2026-01-01T00:22:04Z,AE300_CLASS-SIM-01,AE300_CLASS,LONG_ENDURANCE_LOITER,3439.911730004658,-7.26371574296507,1545.1860979517242,0.48256431842601005,64.78158058907377,732.6845435155242,78.07862424989166,43.58080061324706,26.49912361814263,0.5926456537252494,27.67350653927712,11.579907652180232,28.319908566528124,LOITER,SENSOR_DRIFT,True,0.36200000000000004,1.0,DRIFT:cht,42,87.23,3600.0,8.175677,1.080714,0.217862,-0.011739,1.885665,0.057003
2026-01-01T00:22:05Z,AE300_CLASS-SIM-01,AE300_CLASS,LONG_ENDURANCE_LOITER,3439.6336262510904,-7.331158022652013,1552.145047657029,0.4872997865679671,67.10223354644984,732.4969749298147,77.26584256267182,42.12543441096461,26.618393520085526,0.5967243478810439,27.599361503212155,12.094661850872898,28.03521028951699,LOITER,SENSOR_DRIFT,True,0.3625,1.0,DRIFT:cht,42,87.2,3600.0,9.884128,0.012423,-0.631399,-0.057955,7.518087,0.059354
2026-01-01T00:22:06Z,AE300_CLASS-SIM-01,AE300_CLASS,LONG_ENDURANCE_LOITER,3438.8066895723064,-7.196692330352713,1545.6751764077367,0.4835098973454626,69.26030561751547,727.7997884856403,78.1305905098308,42.95686805628313,26.554917853847975,0.5430024689137867,27.66571606887926,12.09671652683713,28.06358700315523,LOITER,SENSOR_DRIFT,True,0.363,1.0,DRIFT:cht,42,87.15,3600.0,12.429352,-4.100848,0.241351,0.003974,1.339199,0.006749
2026-01-01T00:22:07Z,AE300_CLASS-SIM-01,AE300_CLASS,LONG_ENDURANCE_LOITER,3438.999361771269,-7.5182098341621035,1548.541810715811,0.48450446768336275,66.37827034846283,731.6155243711676,77.79638507583161,44.84852806039616,26.62433139098749,0.5999605277059922,27.646820956300406,12.580345596141184,28.056045867222807,LOITER,SENSOR_DRIFT,True,0.3635,1.0,DRIFT:cht,42,87.12,3600.0,9.730389,-0.154517,-0.096153,0.04006,4.085887,0.063398
2026-01-01T00:22:08Z,AE300_CLASS-SIM-01,AE300_CLASS,LONG_ENDURANCE_LOITER,3438.852161474227,-7.175232241445061,1549.988669872584,0.48333444310151413,64.45943742373395,731.2332230793706,77.5741389768063,45.31586394412839,26.607286832186503,0.5018087454843274,27.590102485659198,11.940527675236037,28.03446352307312,LOITER,SENSOR_DRIFT,True,0.364,1.0,DRIFT:cht,42,87.1,3600.0,7.637746,-0.645715,-0.309857,0.063875,5.84336,-0.034332
2026-01-01T00:22:09Z,AE300_CLASS-SIM-01,AE300_CLASS,LONG_ENDURANCE_LOITER,3438.6388382981927,-7.185595804145641,1537.2881772497474,0.48846796337858195,64.60030544735874,727.8530675978641,78.64121654734905,44.973871491880146,26.549403710693944,0.5534159762106858,27.64814983039361,12.214510692888545,27.923644424040717,LOITER,SENSOR_DRIFT,True,0.3645,1.0,DRIFT:cht,42,87.09,3600.0,7.047051,-5.04986,0.715085,-0.174538,-8.389342,0.015368
2026-01-01T00:22:10Z,AE300_CLASS-SIM-01,AE300_CLASS,LONG_ENDURANCE_LOITER,3434.9013878503392,-7.477767128406714,1556.7359521341123,0.48757326086788716,65.49323089590763,729.1101801131323,78.00578350837739,44.2247065330641,26.595048108887674,0.4225204922900582,27.75818225422477,12.512714688839413,28.088265845524493,LOITER,SENSOR_DRIFT,True,0.36499999999999994,1.0,DRIFT:cht,42,87.06,3600.0,8.34828,-3.372796,0.055438,-0.106505,10.177937,-0.115581
2026-01-01T00:22:11Z,AE300_CLASS-SIM-01,AE300_CLASS,LONG_ENDURANCE_LOITER,3437.2820719145475,-7.201242770226684,1547.4597087058737,0.4840202738120479,66.43647773779263,731.4709440409291,78.06061654559016,44.469749262018716,26.57826430353231,0.5493090298542266,27.687571353140928,11.693315494027898,27.998092105881696,LOITER,SENSOR_DRIFT,True,0.3655,1.0,DRIFT:cht,42,87.06,3600.0,9.487799,-0.608991,0.12592,-0.004733,1.47076,0.012344
2026-01-01T00:22:12Z,AE300_CLASS-SIM-01,AE300_CLASS,LONG_ENDURANCE_LOITER,3438.13507912421,-7.457099185058435,1541.1887931598371,0.4863850073753039,65.65400478199194,726.6588473570083,77.68842429730705,43.902505395405875,26.55870707057872,0.5612199911266453,27.650817431441894,12.130275158988544,27.938647530814457,LOITER,SENSOR_DRIFT,True,0.366,1.0,DRIFT:cht,42,87.09,3600.0,8.624268,-5.626431,-0.256612,-0.104807,-5.176176,0.023487
2026-01-01T00:22:13Z,AE300_CLASS-SIM-01,AE300_CLASS,LONG_ENDURANCE_LOITER,3437.1689789532315,-7.439315954392741,1541.9343682164288,0.48516540585358453,66.38002552637772,734.0819338402232,77.70524016634765,45.135984246010736,26.595356471117636,0.5412296292095922,27.65596069216445,11.968670240115252,27.801119409348733,LOITER,SENSOR_DRIFT,True,0.3665,1.0,DRIFT:cht,42,87.11,3600.0,9.508362,2.014899,-0.236281,-0.02694,-4.302754,0.003872
2026-01-01T00:22:14Z,AE300_CLASS-SIM-01,AE300_CLASS,LONG_ENDURANCE_LOITER,3436.656093012533,-7.2320613505935665,1544.4606804014957,0.483482944811258,64.75952533343735,726.2924854416086,78.51840765276765,43.67793549489828,26.52787439736498,0.5059357491925524,27.681992667930505,12.435279001441424,27.97217566960832,LOITER,SENSOR_DRIFT,True,0.367,1.0,DRIFT:cht,42,87.15,3600.0,7.936194,-5.630686,0.595395,-0.033127,-1.103417,-0.030733
2026-01-01T00:22:15Z,AE300_CLASS-SIM-01,AE300_CLASS,LONG_ENDURANCE_LOITER,3439.0484017491526,-7.364220880298508,1539.5944454769337,0.48314293395656366,64.85045704294322,728.0644220841962,78.22563555628209,43.66781536462366,26.58933981840093,0.5490651942218387,27.653738353014123,11.55655312659288,27.98707659963914,LOITER,SENSOR_DRIFT,True,0.3675,1.0,DRIFT:cht,42,87.2,3600.0,8.209216,-3.63565,0.320326,0.044156,-5.325914,0.012702
2026-01-01T00:22:16Z,AE300_CLASS-SIM-01,AE300_CLASS,LONG_ENDURANCE_LOITER,3437.89108417014,-7.531965344861134,1546.4487684294097,0.48092229454366653,65.89714725994574,736.2649315979208,78.22409615507415,42.28305319573091,26.601870154930975,0.6181220780575069,27.743662288399445,12.312347317206877,27.912256696568107,LOITER,SENSOR_DRIFT,True,0.36799999999999994,1.0,DRIFT:cht,42,87.16,3600.0,9.779708,5.217746,0.353058,0.141389,2.774646,0.082795
2026-01-01T00:22:17Z,AE300_CLASS-SIM-01,AE300_CLASS,LONG_ENDURANCE_LOITER,3437.4245037395235,-7.099616124269946,1542.4967670150384,0.4857634665230138,64.79131336524263,732.7936284319513,76.75436478568892,43.04916646964235,26.5492613103112,0.519751068936751,27.57974188735335,12.01940318155543,28.16619699083475,LOITER,SENSOR_DRIFT,True,0.3685,1.0,DRIFT:cht,42,87.17,3600.0,7.574994,0.382298,-1.136534,-0.073843,-1.899539,-0.017118
2026-01-01T00:22:18Z,AE300_CLASS-SIM-01,AE300_CLASS,LONG_ENDURANCE_LOITER,3436.378595127271,-7.328160951820955,1548.8992367061214,0.48296446824932715,67.65675626368818,728.9751614716974,78.7414261637011,44.80380296016464,26.526929414979765,0.5230635445046602,27.64002094961867,12.348376782220063,28.28076002356855,LOITER,SENSOR_DRIFT,True,0.369,1.0,DRIFT:cht,42,87.17,3600.0,11.065974,-2.664477,0.861746,-0.001351,4.910867,-0.012911
2026-01-01T00:22:19Z,AE300_CLASS-SIM-01,AE300_CLASS,LONG_ENDURANCE_LOITER,3434.2324993713637,-7.269965617272821,1528.9289255091555,0.4832697376526677,67.78693959210257,727.7698966054436,77.15331744138662,44.04616457579421,26.630195818509446,0.5507064463006239,27.555551748607158,11.663312458884562,28.13106879624719,LOITER,SENSOR_DRIFT,True,0.3695,1.0,DRIFT:cht,42,87.15,3600.0,11.125005,-3.96519,-0.721102,0.095463,-14.868135,0.014729
2026-01-01T00:22:20Z,AE300_CLASS-SIM-01,AE300_CLASS,LONG_ENDURANCE_LOITER,3434.2099723498923,-7.313359489776584,1545.0855606417567,0.48261836857656815,68.26306281025677,733.386591813634,78.4173397538018,44.64175188953621,26.536606495976848,0.5272942899226011,27.619816601235872,12.372057155350426,28.018681104031437,LOITER,SENSOR_DRIFT,True,0.37,1.0,DRIFT:cht,42,87.14,3600.0,11.746177,1.83622,0.553081,0.02654,1.657986,-0.00838
2026-01-01T00:22:21Z,AE300_CLASS-SIM-01,AE300_CLASS,LONG_ENDURANCE_LOITER,3438.3018351273377,-7.4440232526937145,1545.1839893080592,0.48311326694733664,65.32488037981672,737.8099368761674,77.67369880091884,43.60101308188169,26.50442378900735,0.537872009594327,27.6276540859403,11.83142605445243,28.052409450619624,LOITER,SENSOR_DRIFT,True,0.3705,1.0,DRIFT:cht,42,87.14,3600.0,8.841655,6.291819,-0.186807,-0.022913,1.892855,0.002094
2026-01-01T00:22:22Z,AE300_CLASS-SIM-01,AE300_CLASS,LONG_ENDURANCE_LOITER,3436.3642652639114,-7.176375253009986,1543.8197364264063,0.48366296312628,65.44864812503674,730.3146112785266,77.45661477028328,42.537642777235114,26.50078595387522,0.5766883269984727,27.614714600549473,12.062871919879854,28.061071200254176,LOITER,SENSOR_DRIFT,True,0.37099999999999994,1.0,DRIFT:cht,42,87.15,3600.0,8.638617,-1.570842,-0.406582,-0.043906,0.430768,0.040739
2026-01-01T00:22:23Z,AE300_CLASS-SIM-01,AE300_CLASS,LONG_ENDURANCE_LOITER,3437.0522466839343,-7.467961089283403,1545.5601732186,0.48338158625137817,66.01327719014878,732.3997118439627,77.89529621899206,44.53563218149756,26.539838318236754,0.6144836521765056,27.63345541313774,11.655113008792823,28.2114695841775,LOITER,SENSOR_DRIFT,True,0.3715,1.0,DRIFT:cht,42,87.15,3600.0,9.526913,0.856659,0.032839,0.004,2.198082,0.078615
2026-01-01T00:22:24Z,AE300_CLASS-SIM-01,AE300_CLASS,LONG_ENDURANCE_LOITER,3435.5087801285244,-7.322102372219837,1541.7728677352761,0.4792628253591439,63.40110620512094,736.3226674867454,77.60524516958243,44.683109742662815,26.444072819298952,0.48885885810935614,27.65880679047439,12.134878328708158,28.196202156803803,LOITER,SENSOR_DRIFT,True,0.372,1.0,DRIFT:cht,42,87.16,3600.0,7.386414,5.479538,-0.217931,0.055891,-0.160794,-0.045404
2026-01-01T00:22:25Z,AE300_CLASS-SIM-01,AE300_CLASS,LONG_ENDURANCE_LOITER,3434.63563580719,-7.356415344865541,1538.798626622664,0.4810776031537484,67.76254690057121,736.09216243712,77.40045433941204,42.924633980829846,26.518049539112795,0.5512678244227327,27.624373360999243,12.314960242096443,28.107993789717973,LOITER,SENSOR_DRIFT,True,0.3725,1.0,DRIFT:cht,42,87.13,3600.0,11.569006,4.978851,-0.410199,0.076742,-2.679661,0.016687
2026-01-01T00:22:26Z,AE300_CLASS-SIM-01,AE300_CLASS,LONG_ENDURANCE_LOITER,3434.2195876793608,-6.961583163029492,1539.8515765144728,0.4867190472248025,67.82698951903373,733.1092423342851,77.00026065367781,43.890268959529756,26.506695408364962,0.5368330976460636,27.589112354038708,12.391457207600563,28.26295793708536,LOITER,SENSOR_DRIFT,True,0.373,1.0,DRIFT:cht,42,87.15,3600.0,10.430516,0.472369,-0.854354,-0.131609,-3.225332,0.00019
2026-01-01T00:22:27Z,AE300_CLASS-SIM-01,AE300_CLASS,LONG_ENDURANCE_LOITER,3435.8820205800844,-7.379152204283076,1536.0810887975304,0.48411606124564,68.23599702621374,731.8861553739453,78.06970296282653,43.66495407580022,26.50603010179131,0.5655322019701888,27.6273732911557,12.285112313966337,28.19116526307394,LOITER,SENSOR_DRIFT,True,0.3735,1.0,DRIFT:cht,42,87.18,3600.0,11.57335,0.122053,0.20661,-0.052862,-7.304104,0.029466
2026-01-01T00:22:28Z,AE300_CLASS-SIM-01,AE300_CLASS,LONG_ENDURANCE_LOITER,3434.3837091211426,-7.236427522197658,1537.4950889991985,0.4815581846735497,65.90472576440995,731.6339768867628,77.63027327901044,44.070258205724315,26.58939263451718,0.5893285876960345,27.68809137256847,11.769090576470454,27.94041850019441,LOITER,SENSOR_DRIFT,True,0.37399999999999994,1.0,DRIFT:cht,42,87.23,3600.0,9.477576,0.240255,-0.21531,0.120091,-5.253397,0.054175
2026-01-01T00:22:29Z,AE300_CLASS-SIM-01,AE300_CLASS,LONG_ENDURANCE_LOITER,3433.163415507721,-7.306343262235137,1541.7662670986035,0.48225450969942324,65.57142415549426,733.0333117780594,77.26613770989765,45.85803053633607,26.53482052997795,0.5831594551499634,27.608385637375626,12.335311605282712,28.129710999247763,LOITER,SENSOR_DRIFT,True,0.3745,1.0,DRIFT:cht,42,87.23,3600.0,9.142968,1.599459,-0.572943,0.046339,-0.745771,0.047909
2026-01-01T00:22:30Z,AE300_CLASS-SIM-01,AE300_CLASS,LONG_ENDURANCE_LOITER,3434.618545924166,-7.34646370434023,1554.2652014727128,0.48034922163835925,67.20838843089727,732.0065331877825,77.405370039567,45.52620195193556,26.64314416386232,0.4425279083675644,27.638642143877945,12.374181163339294,28.180782111948403,LOITER,SENSOR_DRIFT,True,0.375,1.0,DRIFT:cht,42,87.18,3600.0,11.093491,1.006455,-0.410479,0.223337,12.597981,-0.091926
2026-01-01T00:22:31Z,AE300_CLASS-SIM-01,AE300_CLASS,LONG_ENDURANCE_LOITER,3435.3420774812007,-7.118802183819898,1545.2296307551655,0.48786108553170154,67.19913808415131,730.6842423881203,77.61420986200324,44.924555299574905,26.483306483755378,0.5173946392083482,27.621972827634092,12.268654101554352,28.085336688938117,LOITER,SENSOR_DRIFT,True,0.3755,1.0,DRIFT:cht,42,87.13,3600.0,9.776433,-2.040663,-0.254967,-0.197829,1.62319,-0.019744
2026-01-01T00:22:32Z,AE300_CLASS-SIM-01,AE300_CLASS,LONG_ENDURANCE_LOITER,3430.828776459513,-7.138915552528899,1540.511590857665,0.4873202938180222,66.38346033612866,735.21046933856,78.14580316985828,44.98628194933064,26.563765568387506,0.5463962296373853,27.675270001572983,12.907225421856701,28.073714955577536,LOITER,SENSOR_DRIFT,True,0.376,1.0,DRIFT:cht,42,87.11,3600.0,9.038834,2.545597,0.24042,-0.110298,-4.411433,0.008959
2026-01-01T00:22:33Z,AE300_CLASS-SIM-01,AE300_CLASS,LONG_ENDURANCE_LOITER,3433.73207302127,-7.3122946748844555,1546.8538560611612,0.48333828536912127,63.19024386635978,731.0958512854693,78.31086446300087,43.21882762225279,26.583463560645832,0.5440568152535136,27.623865950969236,12.432654124227355,28.216168281193042,LOITER,SENSOR_DRIFT,True,0.37649999999999995,1.0,DRIFT:cht,42,87.15,3600.0,6.535594,-0.650179,0.416175,0.039444,2.319679,0.007804
2026-01-01T00:22:34Z,AE300_CLASS-SIM-01,AE300_CLASS,LONG_ENDURANCE_LOITER,3432.9059528819294,-7.157403329371298,1544.7021920536902,0.4799381811615352,65.51078934280183,726.5981333295415,78.15602802674957,44.63179228576208,26.583370508224824,0.5577844354939071,27.6702275113819,11.687404245580558,28.09770756498354,LOITER,SENSOR_DRIFT,True,0.37699999999999995,1.0,DRIFT:cht,42,87.17,3600.0,9.218762,-4.58962,0.301511,0.163844,1.628833,0.022955
2026-01-01T00:22:35Z,AE300_CLASS-SIM-01,AE300_CLASS,LONG_ENDURANCE_LOITER,3429.8882080273697,-7.361818224989664,1554.563326247249,0.48538753256576755,66.87035493534432,731.1360097967188,77.41224535963178,44.02976516080526,26.592170577426813,0.5542001626422776,27.568067808340096,12.191244271868703,27.826672428341084,LOITER,SENSOR_DRIFT,True,0.3775,1.0,DRIFT:cht,42,87.22,3600.0,10.057224,-0.884653,-0.463862,-0.008338,10.704878,0.017658
2026-01-01T00:22:36Z,AE300_CLASS-SIM-01,AE300_CLASS,LONG_ENDURANCE_LOITER,3432.952307495691,-7.410300368559215,1534.6567739561658,0.48481046450006754,66.74361309324884,732.2893501603222,78.84478072948421,44.411310734524974,26.485494319727767,0.5591008916839131,27.620037279570994,12.539364422230435,28.155647292377953,LOITER,SENSOR_DRIFT,True,0.378,1.0,DRIFT:cht,42,87.27,3600.0,10.011599,0.39016,0.958266,-0.102345,-9.580108,0.022564
2026-01-01T00:22:37Z,AE300_CLASS-SIM-01,AE300_CLASS,LONG_ENDURANCE_LOITER,3432.051366411682,-7.520984891158921,1543.6171441313186,0.48303561643961757,64.69198298001163,731.0125158377217,78.05374987646978,43.86863299527743,26.438127516219534,0.5234227325991442,27.61274431484283,12.21686662275182,28.126159650143823,LOITER,SENSOR_DRIFT,True,0.3785,1.0,DRIFT:cht,42,87.37,3600.0,8.326808,-0.427393,0.175972,-0.088848,-0.30205,-0.012525
2026-01-01T00:22:38Z,AE300_CLASS-SIM-01,AE300_CLASS,LONG_ENDURANCE_LOITER,3430.5995116237636,-7.370509569423553,1543.6272993305738,0.4850476466316662,66.3927322870404,735.6114013497586,78.36674632388262,45.1452795944036,26.60363297319911,0.6060309912166965,27.585324526781342,12.35251625664999,28.295906903599366,LOITER,SENSOR_DRIFT,True,0.379,1.0,DRIFT:cht,42,87.4,3600.0,9.605086,3.629215,0.476304,0.008306,-0.752418,0.069392
2026-01-01T00:22:39Z,AE300_CLASS-SIM-01,AE300_CLASS,LONG_ENDURANCE_LOITER,3433.0509219351657,-7.416798298142567,1547.727462689288,0.48324564422513894,68.43871761498781,727.7364782352602,77.50977916126583,42.334830076207375,26.52885416187438,0.6375518483753017,27.629661506952814,12.188074194721295,28.195523691377154,LOITER,SENSOR_DRIFT,True,0.37949999999999995,1.0,DRIFT:cht,42,87.35,3600.0,11.925265,-3.860062,-0.372798,-0.007298,3.633761,0.101482
2026-01-01T00:22:40Z,AE300_CLASS-SIM-01,AE300_CLASS,LONG_ENDURANCE_LOITER,3430.5133949603196,-7.244566996599286,1545.8403378803268,0.481377669764596,65.92231886041054,733.6923948276433,78.27296779781678,44.97836462688366,26.538965273405914,0.5516701669834209,27.661427498494863,11.978808975832097,28.017450073402884,LOITER,SENSOR_DRIFT,True,0.37999999999999995,1.0,DRIFT:cht,42,87.32,3600.0,9.541549,2.325552,0.413611,0.073022,2.591016,0.016407
2026-01-01T00:22:41Z,AE300_CLASS-SIM-01,AE300_CLASS,LONG_ENDURANCE_LOITER,3430.236083636799,-7.4890039776844395,1545.9122181573525,0.4851404921146646,65.12856368923663,732.8274885203409,77.57114862785107,43.01131847100963,26.640834750956092,0.4905400930003538,27.580232263053052,12.221130518211366,28.152924208691584,LOITER,SENSOR_DRIFT,True,0.3805,1.0,DRIFT:cht,42,87.3,3600.0,8.470176,0.975521,-0.306236,0.047563,2.007317,-0.045954
2026-01-01T00:22:42Z,AE300_CLASS-SIM-01,AE300_CLASS,LONG_ENDURANCE_LOITER,3431.159578370515,-6.995847538005258,1537.5930599896465,0.4818589993399252,68.15010898484609,734.2327057925552,78.21344324113302,43.37478872200455,26.583716414671777,0.5717645855974443,27.638971458089788,11.98071343246734,28.128479376105496,LOITER,SENSOR_DRIFT,True,0.381,1.0,DRIFT:cht,42,87.27,3600.0,11.450398,2.525112,0.353588,0.101696,-5.674397,0.036364
2026-01-01T00:22:43Z,AE300_CLASS-SIM-01,AE300_CLASS,LONG_ENDURANCE_LOITER,3432.366910226905,-7.458407332202723,1537.4034305402326,0.48173381311927665,65.53163631503968,731.5531852926425,78.28391262314948,44.269148612814774,26.51847567177869,0.5480668400605447,27.656334537066122,11.651155885361975,28.27304172803865,LOITER,SENSOR_DRIFT,True,0.3815,1.0,DRIFT:cht,42,87.28,3600.0,9.322185,0.357495,0.438776,0.04504,-5.328817,0.012882
2026-01-01T00:22:44Z,AE300_CLASS-SIM-01,AE300_CLASS,LONG_ENDURANCE_LOITER,3428.3900102152998,-7.359119148269214,1545.3541259693604,0.4828121513069551,66.70575593942849,731.9884552576269,77.72150513555174,45.17716059879765,26.555971282155376,0.5491781887301318,27.659060623270687,11.94354473236244,28.438348917179596,LOITER,SENSOR_DRIFT,True,0.382,1.0,DRIFT:cht,42,87.3,3600.0,10.291007,0.510329,-0.12335,0.05066,2.632127,0.013729
2026-01-01T00:22:45Z,AE300_CLASS-SIM-01,AE300_CLASS,LONG_ENDURANCE_LOITER,3427.733623563455,-7.273897717129004,1540.935148847938,0.48228767918565385,65.4892556995676,729.4246384594859,78.38560764411588,42.85448835559399,26.571163379826892,0.5647478830030456,27.616109115051977,12.314401693506564,28.088277360187558,LOITER,SENSOR_DRIFT,True,0.38249999999999995,1.0,DRIFT:cht,42,87.32,3600.0,9.072116,-2.029186,0.545819,0.084983,-1.602637,0.029506
2026-01-01T00:22:46Z,AE300_CLASS-SIM-01,AE300_CLASS,LONG_ENDURANCE_LOITER,3427.449019592765,-7.4527184873540735,1547.4972768744235,0.48411719355742294,66.40144800674135,730.4832698337457,77.76430843199226,43.60253516045545,26.405995147651076,0.5383008574681832,27.65222788514848,12.174378093444997,28.377163645883126,LOITER,SENSOR_DRIFT,True,0.38299999999999995,1.0,DRIFT:cht,42,87.37,3600.0,9.903729,-1.155653,-0.089005,-0.143695,4.467712,0.002401
2026-01-01T00:22:47Z,AE300_CLASS-SIM-01,AE300_CLASS,LONG_ENDURANCE_LOITER,3427.329135618734,-7.3865994199679195,1543.809372069819,0.4833711315039827,63.62230620948699,733.2611605304533,77.96089415305093,42.078540991736,26.502471543669124,0.4991408694099415,27.613181690206595,11.752141181100225,28.17404862942266,LOITER,SENSOR_DRIFT,True,0.3835,1.0,DRIFT:cht,42,87.41,3600.0,7.153242,1.687079,0.104347,-0.024359,0.662191,-0.036601
2026-01-01T00:22:48Z,AE300_CLASS-SIM-01,AE300_CLASS,LONG_ENDURANCE_LOITER,3431.2140931422837,-7.245960749588742,1527.7316026085875,0.4834283349318084,65.84789181456745,728.484861325677,78.0074312354516,44.62859469974548,26.468026849113794,0.4615380385256631,27.550832660974564,11.95334186836847,28.08812386507713,LOITER,SENSOR_DRIFT,True,0.384,1.0,DRIFT:cht,42,87.41,3600.0,9.191839,-3.259643,0.148564,-0.064091,-15.49995,-0.074268
2026-01-01T00:22:49Z,AE300_CLASS-SIM-01,AE300_CLASS,LONG_ENDURANCE_LOITER,3427.532869961422,-7.386487022894065,1546.7916396117098,0.4837563399229797,66.36743905889507,733.8479528166234,77.55211112159196,42.95118905477443,26.47545884998349,0.5088781678260256,27.549232901789612,11.988852801768424,28.277006026890938,LOITER,SENSOR_DRIFT,True,0.3845,1.0,DRIFT:cht,42,87.4,3600.0,9.833726,2.185675,-0.31227,-0.06675,3.359602,-0.027068
2026-01-01T00:22:50Z,AE300_CLASS-SIM-01,AE300_CLASS,LONG_ENDURANCE_LOITER,3429.2436081882547,-7.20349755373172,1543.7067202053092,0.48570202985651684,64.73679533129969,728.8543619817196,78.35253120548272,43.90579832751801,26.465190638608746,0.5603041787197482,27.61373073073725,11.900741759426616,27.98130473013399,LOITER,SENSOR_DRIFT,True,0.385,1.0,DRIFT:cht,42,87.43,3600.0,7.713637,-3.402438,0.465836,-0.148885,-0.536727,0.023546
2026-01-01T00:22:51Z,AE300_CLASS-SIM-01,AE300_CLASS,LONG_ENDURANCE_LOITER,3428.260101819317,-7.249683231060955,1553.3716716300155,0.48219759928457473,65.72276583891788,735.5809430167311,78.28928827421909,44.006267520928276,26.41046309445525,0.49891488370146264,27.589090546180596,12.162410972821155,28.034685393636142,LOITER,SENSOR_DRIFT,True,0.38549999999999995,1.0,DRIFT:cht,42,87.45,3600.0,9.242219,4.053008,0.418646,-0.084438,9.711944,-0.0367
2026-01-01T00:22:52Z,AE300_CLASS-SIM-01,AE300_CLASS,LONG_ENDURANCE_LOITER,3429.9175848524906,-7.514551560902076,1534.5941159857223,0.4832405803210824,66.80697408314673,724.3000791980714,77.0639615134887,43.659810657979236,26.58414905066239,0.6203783675519764,27.614659367038957,12.099757395454642,27.985235756280808,LOITER,SENSOR_DRIFT,True,0.38599999999999995,1.0,DRIFT:cht,42,87.41,3600.0,10.442323,-7.155673,-0.804067,0.05558,-8.970573,0.084511
2026-01-01T00:22:53Z,AE300_CLASS-SIM-01,AE300_CLASS,LONG_ENDURANCE_LOITER,3428.1984868485065,-7.047836964442312,1551.4846882863505,0.48266686649955687,65.04606366621188,731.5611040752552,78.46539895292409,43.54420413486695,26.392523320159945,0.5192094905554394,27.62006316477336,11.604038106475365,28.1454002790321,LOITER,SENSOR_DRIFT,True,0.3865,1.0,DRIFT:cht,42,87.41,3600.0,8.316833,-0.234474,0.604488,-0.11386,8.178843,-0.016405
2026-01-01T00:22:54Z,AE300_CLASS-SIM-01,AE300_CLASS,LONG_ENDURANCE_LOITER,3427.7431339790105,-6.996412933174079,1533.334952927237,0.4841594555609902,67.40009011215204,732.9871831936983,77.39013303491147,42.9802258980373,26.50594355038966,0.5394486813098339,27.60883176989318,12.537394742337185,28.050311001520047,LOITER,SENSOR_DRIFT,True,0.387,1.0,DRIFT:cht,42,87.42,3600.0,10.413086,0.848648,-0.479581,-0.051312,-10.291016,0.003326
2026-01-01T00:22:55Z,AE300_CLASS-SIM-01,AE300_CLASS,LONG_ENDURANCE_LOITER,3423.879025603398,-7.307285725852974,1545.992552943155,0.4833558799760797,66.58474127990769,735.7095062564534,77.34068682913352,43.52603142567128,26.591477725049334,0.4468407217899002,27.629046272653664,12.518056073514371,28.29235523649804,LOITER,SENSOR_DRIFT,True,0.3875,1.0,DRIFT:cht,42,87.39,3600.0,10.050268,4.044609,-0.528785,0.062719,2.375404,-0.089046
2026-01-01T00:22:56Z,AE300_CLASS-SIM-01,AE300_CLASS,LONG_ENDURANCE_LOITER,3427.4452010142963,-7.169141776693418,1535.3125249041707,0.485391856813361,64.59722106118835,728.3272732964681,78.0160347450765,43.46789118240475,26.509839076411374,0.5547367657819668,27.70230336747825,12.27897323252382,28.017301713500743,LOITER,SENSOR_DRIFT,True,0.38799999999999996,1.0,DRIFT:cht,42,87.38,3600.0,7.595254,-3.902686,0.128092,-0.093514,-8.976298,0.018054
2026-01-01T00:22:57Z,AE300_CLASS-SIM-01,AE300_CLASS,LONG_ENDURANCE_LOITER,3427.205208127755,-7.395001225250413,1548.960822076114,0.48274830345818615,66.68505818429503,726.5286916545346,76.82780465081906,42.61151292510209,26.60084637169531,0.48366606112182703,27.660456297042227,11.955759652335418,28.073906404810632,LOITER,SENSOR_DRIFT,True,0.38849999999999996,1.0,DRIFT:cht,42,87.32,3600.0,10.277079,-4.964701,-1.049185,0.086635,5.070283,-0.052171
2026-01-01T00:22:58Z,AE300_CLASS-SIM-01,AE300_CLASS,LONG_ENDURANCE_LOITER,3425.8588455433223,-7.021951754346794,1546.629318140728,0.48336265887323326,67.85710969062877,729.7356649169486,78.32054327382082,44.65460078432173,26.54815698221652,0.528338057879048,27.613656235888993,11.886861050856155,27.98866262581989,LOITER,SENSOR_DRIFT,True,0.38899999999999996,1.0,DRIFT:cht,42,87.27,3600.0,11.010533,-2.234149,0.445824,0.015935,2.82136,-0.007627
2026-01-01T00:22:59Z,AE300_CLASS-SIM-01,AE300_CLASS,LONG_ENDURANCE_LOITER,3424.285855934788,-7.211771777525027,1540.9084706317628,0.48342893796149755,66.81269942815352,728.5353928337821,77.34854184322882,43.694902345416985,26.446918731257625,0.49567604501603757,27.698961238538477,11.687277882485237,28.413028705830204,LOITER,SENSOR_DRIFT,True,0.3895,1.0,DRIFT:cht,42,87.23,3600.0,10.162712,-3.249248,-0.525354,-0.086079,-2.869561,-0.040289
2026-01-01T00:23:00Z,AE300_CLASS-SIM-01,AE300_CLASS,LONG_ENDURANCE_LOITER,3425.8301399718644,-7.117143622626677,1548.5541993251675,0.4837736008942146,68.34588578330418,728.4660370136456,77.76771614410576,43.16511392506037,26.39032421124903,0.5055195231687939,27.706020595457787,12.094720491707276,28.406925460214374,LOITER,SENSOR_DRIFT,True,0.39,1.0,DRIFT:cht,42,87.17,3600.0,11.538136,-3.487378,-0.108548,-0.15565,4.690051,-0.030575
2026-01-01T00:23:01Z,AE300_CLASS-SIM-01,AE300_CLASS,LONG_ENDURANCE_LOITER,3428.26101587744,-6.8140902338053735,1555.7833648964615,0.48722949124389514,66.61527445766141,732.1302170565771,77.96991284102317,43.89085684107077,26.499731833841466,0.5691043715695553,27.612470895968272,11.732949433716277,28.163769984628185,LOITER,SENSOR_DRIFT,True,0.3905,1.0,DRIFT:cht,42,87.16,3600.0,8.973827,-0.843671,0.059551,-0.171513,10.679283,0.03164
2026-01-01T00:23:02Z,AE300_CLASS-SIM-01,AE300_CLASS,LONG_ENDURANCE_LOITER,3423.8285176162376,-7.3500312362609135,1541.414684689185,0.4817424860477047,67.64266467245454,731.0181162577455,78.35858616283258,44.06668798211303,26.484103422419587,0.5423568610788426,27.57942334116854,12.247136083268085,28.23643462151956,LOITER,SENSOR_DRIFT,True,0.39099999999999996,1.0,DRIFT:cht,42,87.18,3600.0,11.341076,-0.339501,0.473493,0.001516,-2.770518,0.0067
2026-01-01T00:23:03Z,AE300_CLASS-SIM-01,AE300_CLASS,LONG_ENDURANCE_LOITER,3426.089450243444,-7.462746747727313,1531.7501388039645,0.48138668041015575,68.00672384345565,732.0978185418747,77.48691964815411,42.657345863875925,26.447038975256635,0.5013979218956862,27.66849816972234,12.448952439852174,27.95140000862567,LOITER,SENSOR_DRIFT,True,0.39149999999999996,1.0,DRIFT:cht,42,87.17,3600.0,11.878819,0.958037,-0.375205,-0.017253,-11.599853,-0.033881
2026-01-01T00:23:04Z,AE300_CLASS-SIM-01,AE300_CLASS,LONG_ENDURANCE_LOITER,3425.468373430997,-7.160587523399742,1534.0942768142547,0.48226622503620664,66.65678267650495,731.93024178898,77.06493768467003,44.00461977425476,26.52491745218164,0.6062802441852081,27.604306737915728,11.981029473927299,28.077384337257314,LOITER,SENSOR_DRIFT,True,0.39199999999999996,1.0,DRIFT:cht,42,87.17,3600.0,10.129694,0.347571,-0.788169,0.036078,-8.927776,0.070885
2026-01-01T00:23:05Z,AE300_CLASS-SIM-01,AE300_CLASS,LONG_ENDURANCE_LOITER,3424.510897956049,-7.241928816338051,1546.5512401109215,0.4801570343229771,66.73668096973981,729.389075033943,77.76932955944167,45.345696585126674,26.401510269525367,0.5226032548383542,27.58005747967217,12.190062086341639,28.265778352432427,LOITER,SENSOR_DRIFT,True,0.3925,1.0,DRIFT:cht,42,87.17,3600.0,10.617943,-1.6651,-0.057115,-0.009264,4.498702,-0.011885
2026-01-01T00:23:06Z,AE300_CLASS-SIM-01,AE300_CLASS,LONG_ENDURANCE_LOITER,3424.0640064877903,-7.272269282762252,1551.5889415556774,0.48304195725049665,67.29326209649739,733.4640945690265,76.53867026256806,43.82948686811876,26.419383703457683,0.49784081543758907,27.690011679198484,12.031176320709227,28.392257707782303,LOITER,SENSOR_DRIFT,True,0.393,1.0,DRIFT:cht,42,87.16,3600.0,10.8175,1.896456,-1.294911,-0.086293,9.276888,-0.037504
2026-01-01T00:23:07Z,AE300_CLASS-SIM-01,AE300_CLASS,LONG_ENDURANCE_LOITER,3421.433440914567,-7.415592945083931,1547.5956203157202,0.48167175431498027,66.63440737836018,731.1410108645923,77.76796774936435,43.636825082306395,26.493501160937864,0.5640145837944959,27.695590044983135,12.082340531272328,28.04915579765517,LOITER,SENSOR_DRIFT,True,0.3935,1.0,DRIFT:cht,42,87.18,3600.0,10.517204,-0.00678,-0.05852,0.036148,5.541528,0.029138
2026-01-01T00:23:08Z,AE300_CLASS-SIM-01,AE300_CLASS,LONG_ENDURANCE_LOITER,3422.4967309457347,-7.030855173067875,1547.0604797851572,0.478529975475166,63.71588111244448,729.125404313682,77.93484110122189,43.867746547119346,26.512281714330392,0.5272266915631597,27.68689483353603,12.374204030315335,28.119667096958665,LOITER,SENSOR_DRIFT,True,0.39399999999999996,1.0,DRIFT:cht,42,87.25,3600.0,7.671395,-1.760039,0.143687,0.167843,6.291227,-0.006369
2026-01-01T00:23:09Z,AE300_CLASS-SIM-01,AE300_CLASS,LONG_ENDURANCE_LOITER,3424.7338821616745,-7.496939108250457,1541.6017217125461,0.48257661191384327,67.03164222909842,726.6411982714872,77.71324112118955,44.2373583039747,26.50868822489347,0.5884782753570927,27.661443219411634,12.123793143917785,28.209105732425908,LOITER,SENSOR_DRIFT,True,0.39449999999999996,1.0,DRIFT:cht,42,87.29,3600.0,10.882965,-4.553067,-0.088996,0.02895,0.429478,0.053654
2026-01-01T00:23:10Z,AE300_CLASS-SIM-01,AE300_CLASS,LONG_ENDURANCE_LOITER,3422.4492772979906,-7.225867504969169,1547.7298997275925,0.48218453068875616,66.72663868337658,734.1294246419069,78.15004697743801,44.94618820309104,26.61842894546009,0.566714968747546,27.612516227191527,12.295070232359427,28.1780114970509,LOITER,SENSOR_DRIFT,True,0.39499999999999996,1.0,DRIFT:cht,42,87.3,3600.0,10.371599,2.733898,0.342702,0.150927,6.371903,0.031941
2026-01-01T00:23:11Z,AE300_CLASS-SIM-01,AE300_CLASS,LONG_ENDURANCE_LOITER,3423.4070385270384,-7.021911584078414,1530.3465406685254,0.4852763532313367,68.66865191699566,733.0224552586691,78.09518212041428,43.69310957483144,26.477765091428584,0.5664718529875686,27.656294947788716,12.357212613535932,28.201518085112944,LOITER,SENSOR_DRIFT,True,0.3955,1.0,DRIFT:cht,42,87.31,3600.0,11.643431,0.78173,0.25484,-0.101677,-12.21135,0.030449
2026-01-01T00:23:12Z,AE300_CLASS-SIM-01,AE300_CLASS,LONG_ENDURANCE_LOITER,3423.569807183436,-7.126447143946597,1534.9339179089168,0.483886758309238,68.68633104607117,731.351400115012,78.5026358371499,43.119577228381885,26.47426355350293,0.5061926762984686,27.686106624702877,12.632619054615857,28.092467446455743,LOITER,SENSOR_DRIFT,True,0.396,1.0,DRIFT:cht,42,87.3,3600.0,11.929668,-0.554733,0.650405,-0.06503,-8.056289,-0.029613
2026-01-01T00:23:13Z,AE300_CLASS-SIM-01,AE300_CLASS,LONG_ENDURANCE_LOITER,3423.7142642416648,-6.995130873539367,1541.8429632737805,0.48245527041936115,67.23092744909545,729.0609465964858,77.87656228803314,45.72141788277773,26.44471221228779,0.573447761690313,27.651874874677244,12.090822726676981,28.14042419380294,LOITER,SENSOR_DRIFT,True,0.3965,1.0,DRIFT:cht,42,87.26,3600.0,10.537451,-2.704138,0.028879,-0.047047,-0.981894,0.03808
2026-01-01T00:23:14Z,AE300_CLASS-SIM-01,AE300_CLASS,LONG_ENDURANCE_LOITER,3424.3220515799308,-7.157965719018395,1547.0111617355433,0.48537103676181564,65.90805349193855,728.4827894267327,78.62192318896527,44.01686300382574,26.526992841518197,0.5007015556588577,27.646448670965256,11.810349092059866,28.11656597152455,LOITER,SENSOR_DRIFT,True,0.39699999999999996,1.0,DRIFT:cht,42,87.24,3600.0,8.950639,-3.708774,0.750188,-0.067636,3.311695,-0.035753
2026-01-01T00:23:15Z,AE300_CLASS-SIM-01,AE300_CLASS,LONG_ENDURANCE_LOITER,3420.456686650804,-7.370933864522597,1539.8896081597609,0.4775560758569207,64.783474049952,733.5990093466247,77.98176521354284,42.98853126667053,26.50491302586678,0.4954675693427089,27.65977109519339,12.104213650945844,28.05806558900638,LOITER,SENSOR_DRIFT,True,0.39749999999999996,1.0,DRIFT:cht,42,87.21,3600.0,9.187801,3.187191,0.165094,0.183829,-1.807542,-0.038185
2026-01-01T00:23:16Z,AE300_CLASS-SIM-01,AE300_CLASS,LONG_ENDURANCE_LOITER,3421.02742572843,-6.853636869066281,1536.6688910606572,0.4825695194489349,67.31418726796544,728.7075925717444,77.10704776984346,43.39142746995427,26.516272279138118,0.5195777912641962,27.62163322444164,12.41161273107291,27.98571166594189,LOITER,SENSOR_DRIFT,True,0.39799999999999996,1.0,DRIFT:cht,42,87.19,3600.0,10.526708,-3.156774,-0.715162,0.031942,-5.229662,-0.015481
2026-01-01T00:23:17Z,AE300_CLASS-SIM-01,AE300_CLASS,LONG_ENDURANCE_LOITER,3420.766337932752,-7.4629227170440835,1544.194569353747,0.48254896123908386,67.33966642730655,728.1897305258913,77.73726282669074,42.816431841860776,26.454602015457994,0.6016291994138642,27.618032272474128,11.728082368347152,28.004510304721716,LOITER,SENSOR_DRIFT,True,0.3985,1.0,DRIFT:cht,42,87.13,3600.0,11.160453,-3.0691,-0.089008,-0.030377,2.148372,0.066525
2026-01-01T00:23:18Z,AE300_CLASS-SIM-01,AE300_CLASS,LONG_ENDURANCE_LOITER,3418.2184928847946,-7.4284929159480635,1546.6154781718265,0.47917092558876784,66.71855826868077,731.4626266377006,77.58357295024037,44.09714992497224,26.41177270980525,0.5727675239078853,27.602913691484968,12.021424746207861,28.030518610561046,LOITER,SENSOR_DRIFT,True,0.399,1.0,DRIFT:cht,42,87.11,3600.0,11.015742,0.85894,-0.214229,0.047206,5.604482,0.038937
2026-01-01T00:23:19Z,AE300_CLASS-SIM-01,AE300_CLASS,LONG_ENDURANCE_LOITER,3421.4045807169823,-7.150740820381072,1523.5356943679017,0.4825455229095934,64.05162284880815,730.4289461070379,77.77323075977162,43.60542377738876,26.496745591613696,0.5673137616205302,27.599893592127614,11.893872226443508,28.100754895526194,LOITER,SENSOR_DRIFT,True,0.3995,1.0,DRIFT:cht,42,87.12,3600.0,7.582962,-1.104681,-0.034346,0.018277,-17.83072,0.032446
2026-01-01T00:23:20Z,AE300_CLASS-SIM-01,AE300_CLASS,LONG_ENDURANCE_LOITER,3417.7902219849707,-7.30223452696598,1551.2931797323845,0.47899798088016055,65.88450395943288,729.7203046861814,78.723428006338,43.448262114284134,26.436571877270815,0.48850668509678435,27.63119001609335,12.217337975335585,27.9731064189353,LOITER,SENSOR_DRIFT,True,0.39999999999999997,1.0,DRIFT:cht,42,87.13,3600.0,10.105544,-0.943548,0.941397,0.08355,10.855689,-0.045075
2026-01-01T00:23:21Z,AE300_CLASS-SIM-01,AE300_CLASS,LONG_ENDURANCE_LOITER,3421.3243540423528,-7.188308716324978,1547.7889615286072,0.4813278559284471,66.64985972042011,730.7761771432364,78.47616253007043,44.005039561076124,26.464549913578605,0.5142510080174648,27.61016351853977,12.207081030143915,28.228746582788936,LOITER,SENSOR_DRIFT,True,0.40049999999999997,1.0,DRIFT:cht,42,87.17,3600.0,10.415219,-0.446743,0.692092,0.033755,7.277291,-0.019992
2026-01-01T00:23:22Z,AE300_CLASS-SIM-01,AE300_CLASS,LONG_ENDURANCE_LOITER,3418.5498824298543,-7.2082617856722555,1543.0838842122137,0.48267439899042314,64.12103889889092,728.7776964414708,77.20472415475986,43.93493774821698,26.40863047495644,0.512521839194383,27.58301576230795,12.014270012646746,27.937021991805562,LOITER,SENSOR_DRIFT,True,0.40099999999999997,1.0,DRIFT:cht,42,87.24,3600.0,7.73182,-2.693309,-0.594136,-0.068883,2.034424,-0.022255
2026-01-01T00:23:23Z,AE300_CLASS-SIM-01,AE300_CLASS,LONG_ENDURANCE_LOITER,3420.4490319752185,-7.153644905059761,1542.815333252458,0.4813273330718558,63.698856123457496,730.0780704263332,77.47584708309947,44.11794004838588,26.498535561930986,0.5494419513105977,27.681293434832885,11.964223286813423,28.014000218196113,LOITER,SENSOR_DRIFT,True,0.4015,1.0,DRIFT:cht,42,87.35,3600.0,7.41815,-1.203194,-0.321162,0.063628,1.833198,0.015038
2026-01-01T00:23:24Z,AE300_CLASS-SIM-01,AE300_CLASS,LONG_ENDURANCE_LOITER,3420.604436390973,-7.198877064628805,1540.0037669846065,0.48559780419455145,67.10596389684756,730.8216265730399,77.50897568348977,45.036063749598625,26.472437261891628,0.5359175352771062,27.657807878467164,12.398220514748072,28.187776166774082,LOITER,SENSOR_DRIFT,True,0.402,1.0,DRIFT:cht,42,87.45,3600.0,10.247346,-1.281744,-0.327048,-0.113854,-2.397095,-0.000121
2026-01-01T00:23:25Z,AE300_CLASS-SIM-01,AE300_CLASS,LONG_ENDURANCE_LOITER,3420.1090321465167,-7.154383793254542,1545.5860215178627,0.48041503116862,68.71544006417513,727.8949572024973,77.95601908095477,42.77304703123766,26.45279407932622,0.5090868530179318,27.636171974821547,12.236198079892684,27.961674682657826,LOITER,SENSOR_DRIFT,True,0.40249999999999997,1.0,DRIFT:cht,42,87.49,3600.0,12.529391,-3.257654,0.139348,0.040219,3.888896,-0.025324
2026-01-01T00:23:26Z,AE300_CLASS-SIM-01,AE300_CLASS,LONG_ENDURANCE_LOITER,3418.4743968360913,-7.0113192370019295,1532.4849603959528,0.48014374431352774,67.48802746037286,731.5605072176559,77.88396716057879,44.7790271159101,26.409702098749158,0.5114057746163773,27.60502098360562,12.02868649630833,28.305882120155996,LOITER,SENSOR_DRIFT,True,0.40299999999999997,1.0,DRIFT:cht,42,87.52,3600.0,11.234766,0.356079,0.08429,0.013091,-8.594221,-0.022708
2026-01-01T00:23:27Z,AE300_CLASS-SIM-01,AE300_CLASS,LONG_ENDURANCE_LOITER,3415.702348110681,-7.397783615287302,1532.0800626311632,0.48462878472676874,65.57739347013755,730.4227697297017,77.08851033274651,43.68781311450778,26.508001995490744,0.5461397208164852,27.626397014206525,11.663158405126703,28.05559006392465,LOITER,SENSOR_DRIFT,True,0.40349999999999997,1.0,DRIFT:cht,42,87.57,3600.0,9.09954,-1.272081,-0.741224,-0.041592,-10.092086,0.010463
2026-01-01T00:23:28Z,AE300_CLASS-SIM-01,AE300_CLASS,LONG_ENDURANCE_LOITER,3418.209790135307,-7.365704945486215,1546.1931096109313,0.48356907889223194,65.69593759828014,733.363888584753,77.76486114752205,44.88667969221307,26.57672425740932,0.48552250105530237,27.66147587009217,12.523590102093404,27.959009895875184,LOITER,SENSOR_DRIFT,True,0.40399999999999997,1.0,DRIFT:cht,42,87.6,3600.0,9.284356,1.796565,-0.077237,0.054929,3.571341,-0.050043
2026-01-01T00:23:29Z,AE300_CLASS-SIM-01,AE300_CLASS,LONG_ENDURANCE_LOITER,3416.8621867225397,-7.303168204946019,1540.6484296173003,0.4810597557600455,66.13247905642626,733.6720285701024,76.96027692804518,43.08457419899329,26.493535482126422,0.5595931689530027,27.588339723578443,12.299488004046694,28.303471060658072,LOITER,SENSOR_DRIFT,True,0.4045,1.0,DRIFT:cht,42,87.61,3600.0,10.022612,2.538107,-0.867684,0.058329,-1.459224,0.024883
2026-01-01T00:23:30Z,AE300_CLASS-SIM-01,AE300_CLASS,LONG_ENDURANCE_LOITER,3417.3867776886195,-7.364686216801645,1547.671604242294,0.4851921226079735,65.24533529484327,731.4296701719933,78.30311045802175,44.01120975151967,26.34716665150367,0.5546528345578619,27.591513982973982,11.749837343196564,27.84510788899434,LOITER,SENSOR_DRIFT,True,0.405,1.0,DRIFT:cht,42,87.65,3600.0,8.604789,-0.463913,0.446841,-0.231375,4.534516,0.018479
2026-01-01T00:23:31Z,AE300_CLASS-SIM-01,AE300_CLASS,LONG_ENDURANCE_LOITER,3418.9813781355156,-7.3369791846251,1543.8493032499227,0.4828774855807355,66.61475161150598,732.1442659681484,77.98316026400494,44.03130915075723,26.405059548737785,0.4964596602877941,27.6264519834446,12.092681629646918,28.16849711831318,LOITER,SENSOR_DRIFT,True,0.40549999999999997,1.0,DRIFT:cht,42,87.71,3600.0,10.238427,0.644332,0.127581,-0.099978,0.737315,-0.039098
2026-01-01T00:23:32Z,AE300_CLASS-SIM-01,AE300_CLASS,LONG_ENDURANCE_LOITER,3418.583692031965,-7.158467105967485,1535.8087888734908,0.47733081006366046,65.41183835951458,727.5433984965131,77.48216931888868,44.12063286784695,26.454397292361875,0.6182786211436314,27.64995942377728,12.702757767450093,28.211199140154477,LOITER,SENSOR_DRIFT,True,0.40599999999999997,1.0,DRIFT:cht,42,87.73,3600.0,9.671072,-3.00348,-0.320414,0.146865,-5.376063,0.084875
2026-01-01T00:23:33Z,AE300_CLASS-SIM-01,AE300_CLASS,LONG_ENDURANCE_LOITER,3418.295226781624,-7.2621686740764755,1533.932434222137,0.4807687468850649,66.40309670663302,729.5432306634174,77.35947088713777,44.26978081296727,26.38767482839669,0.4656342869375605,27.58573763331805,12.059177691597485,27.955119434797837,LOITER,SENSOR_DRIFT,True,0.4065,1.0,DRIFT:cht,42,87.72,3600.0,10.327055,-1.514609,-0.435452,-0.02713,-6.973842,-0.068584
2026-01-01T00:23:34Z,AE300_CLASS-SIM-01,AE300_CLASS,LONG_ENDURANCE_LOITER,3416.0599815471387,-7.116547110821874,1545.4441242106025,0.48031855982203303,64.73047396963096,729.6844341713359,78.10417329367297,44.672056953090866,26.46783690428961,0.5886868435438612,27.699774078536283,11.98399273248461,28.32657086076667,LOITER,SENSOR_DRIFT,True,0.407,1.0,DRIFT:cht,42,87.72,3600.0,8.60271,-1.407917,0.318949,0.072476,4.890496,0.054723
2026-01-01T00:23:35Z,AE300_CLASS-SIM-01,AE300_CLASS,LONG_ENDURANCE_LOITER,3415.7467418563783,-7.051916875305169,1546.3520532193488,0.47765963977525133,65.17657426051974,727.8706783484845,77.00636009908095,44.66442931517794,26.56945472517594,0.5230077556084779,27.664757175941297,12.57382549630345,28.134665199701878,LOITER,SENSOR_DRIFT,True,0.40750000000000003,1.0,DRIFT:cht,42,87.7,3600.0,9.385341,-2.729553,-0.746359,0.271272,6.980437,-0.009835
2026-01-01T00:23:36Z,AE300_CLASS-SIM-01,AE300_CLASS,LONG_ENDURANCE_LOITER,3415.8350462756434,-7.240027792335916,1545.1239805490966,0.4833366896873667,67.0400879837595,732.4812860721181,77.7843880747321,42.563771690763744,26.497856356217262,0.4767756854328346,27.65535125028278,12.354635703292145,27.932179701306126,LOITER,SENSOR_DRIFT,True,0.40800000000000003,1.0,DRIFT:cht,42,87.66,3600.0,10.645611,0.966191,0.002606,0.007166,4.695546,-0.057945
2026-01-01T00:23:37Z,AE300_CLASS-SIM-01,AE300_CLASS,LONG_ENDURANCE_LOITER,3414.696764422558,-6.88323384374656,1540.7737145225176,0.4791204192099775,67.48795725432583,729.1150041351808,76.94234167005473,44.36035864759442,26.38766131714995,0.5490180891357838,27.59805313804552,12.339552791097976,28.130598338275334,LOITER,SENSOR_DRIFT,True,0.4085,1.0,DRIFT:cht,42,87.63,3600.0,11.328287,-1.941807,-0.821782,0.039255,0.987388,0.015648
2026-01-01T00:23:38Z,AE300_CLASS-SIM-01,AE300_CLASS,LONG_ENDURANCE_LOITER,3411.4601024604767,-7.1424335686297615,1539.2709920814293,0.48436782681877316,66.96765764998138,733.3898422295263,77.48598220250274,43.24776847513435,26.439784493620255,0.5183176863750306,27.684066016325833,12.080872656947191,27.919179399990952,LOITER,SENSOR_DRIFT,True,0.409,1.0,DRIFT:cht,42,87.61,3600.0,10.350605,1.563702,-0.315004,-0.08806,-1.855762,-0.016901
2026-01-01T00:23:39Z,AE300_CLASS-SIM-01,AE300_CLASS,LONG_ENDURANCE_LOITER,3413.837993708832,-7.053258210323772,1540.0973305423158,0.48106651297203695,67.83920505654268,728.7053691997038,76.799044294392,43.19516098239658,26.454513920365454,0.5232981924352322,27.568113383799414,12.431163092940588,28.127256277604527,LOITER,SENSOR_DRIFT,True,0.4095,1.0,DRIFT:cht,42,87.57,3600.0,11.551625,-2.604643,-0.998261,0.03226,-0.895607,-0.011008
2026-01-01T00:23:40Z,AE300_CLASS-SIM-01,AE300_CLASS,LONG_ENDURANCE_LOITER,3415.398336856885,-7.1333547573287905,1532.1474821817744,0.48208723931434044,67.647725471723,734.4536809403514,78.12859017358073,44.3570294469685,26.33440847491701,0.5338349506698701,27.592252508688215,12.510472474313302,28.272117733050973,LOITER,SENSOR_DRIFT,True,0.41,1.0,DRIFT:cht,42,87.54,3600.0,11.281868,3.016725,0.324683,-0.124016,-9.085503,-0.000834
2026-01-01T00:23:41Z,AE300_CLASS-SIM-01,AE300_CLASS,LONG_ENDURANCE_LOITER,3413.1244713341844,-7.201473447132622,1542.945737336672,0.48325660897000455,64.29680673240108,725.0679762886316,77.82033653876172,41.76993658040718,26.44683332532424,0.5611371594752114,27.679943592759187,11.93852852776972,28.12656712991638,LOITER,SENSOR_DRIFT,True,0.41050000000000003,1.0,DRIFT:cht,42,87.48,3600.0,7.840861,-6.541838,-6.4e-05,-0.053597,1.112992,0.025957
2026-01-01T00:23:42Z,AE300_CLASS-SIM-01,AE300_CLASS,LONG_ENDURANCE_LOITER,3415.2629790452047,-7.369215144119297,1547.5826245245905,0.48197725607902675,65.6951056976122,731.6448911469483,77.73961720502817,44.58547541629351,26.414356659440635,0.5446876819098944,27.605648045157853,11.84342306217849,28.127948875883334,LOITER,SENSOR_DRIFT,True,0.41100000000000003,1.0,DRIFT:cht,42,87.46,3600.0,9.556053,0.429958,-0.080824,-0.04648,5.748415,0.009837
2026-01-01T00:23:43Z,AE300_CLASS-SIM-01,AE300_CLASS,LONG_ENDURANCE_LOITER,3412.6760125206365,-7.071050522420243,1545.2898357525632,0.4798718874894286,66.76717652586392,729.0879729063979,77.07952495814064,43.415542882304905,26.431630593388643,0.5579128027975433,27.636449420258206,12.396555226155856,27.954873105784102,LOITER,SENSOR_DRIFT,True,0.4115,1.0,DRIFT:cht,42,87.44,3600.0,10.659653,-1.988182,-0.72145,0.047114,4.163457,0.023883
2026-01-01T00:23:44Z,AE300_CLASS-SIM-01,AE300_CLASS,LONG_ENDURANCE_LOITER,3413.1915661747453,-6.942762984153037,1527.5956651224265,0.4804717527638094,65.1033964357996,730.6901244833144,77.60511233171351,44.43578814995907,26.448646235186676,0.47567742033379545,27.60692865296512,12.123694671992459,28.212784238801085,LOITER,SENSOR_DRIFT,True,0.412,1.0,DRIFT:cht,42,87.43,3600.0,8.797703,-0.607243,-0.186663,0.047899,-13.196173,-0.058397
2026-01-01T00:23:45Z,AE300_CLASS-SIM-01,AE300_CLASS,LONG_ENDURANCE_LOITER,3417.1414979190836,-7.082279044355101,1533.994742893737,0.481161515838408,66.73868479142587,729.7770532714333,78.0113776769541,41.994057292285305,26.465169419560393,0.5129735783784504,27.626051839174828,12.562923630741816,27.912478604851373,LOITER,SENSOR_DRIFT,True,0.4125,1.0,DRIFT:cht,42,87.4,3600.0,10.447829,-1.519628,0.220747,0.040102,-6.755447,-0.021289
2026-01-01T00:23:46Z,AE300_CLASS-SIM-01,AE300_CLASS,LONG_ENDURANCE_LOITER,3413.636592145419,-7.066890599127866,1542.2436137688094,0.47809436671171096,68.26600908985836,730.6336643657025,77.56151622788703,43.661589194300575,26.407717159660425,0.480833728856889,27.63702298413357,11.943513826183802,28.202168497311423,LOITER,SENSOR_DRIFT,True,0.413,1.0,DRIFT:cht,42,87.37,3600.0,12.438666,-0.04146,-0.199795,0.093897,2.559558,-0.052223
2026-01-01T00:23:47Z,AE300_CLASS-SIM-01,AE300_CLASS,LONG_ENDURANCE_LOITER,3413.739356203386,-6.940408847494688,1539.5388421591167,0.47968979679420665,64.60690674161204,737.3609254915707,78.0960061379072,43.33771457479623,26.53090080349822,0.5953999235730566,27.576358772537557,11.8961182627769,28.081515605309814,LOITER,SENSOR_DRIFT,True,0.41350000000000003,1.0,DRIFT:cht,42,87.32,3600.0,8.452986,6.28108,0.341879,0.168517,0.116038,0.06201
2026-01-01T00:23:48Z,AE300_CLASS-SIM-01,AE300_CLASS,LONG_ENDURANCE_LOITER,3411.0932850544095,-7.197026601976308,1545.9730227684001,0.47852331955319666,66.90555135904498,734.4854669507699,77.97730455911308,43.86276950676615,26.387891001770377,0.571741303134965,27.583317979796565,12.194475282594183,28.105020767935397,LOITER,SENSOR_DRIFT,True,0.414,1.0,DRIFT:cht,42,87.27,3600.0,11.209216,3.919253,0.23923,0.070424,7.133959,0.038879
2026-01-01T00:23:49Z,AE300_CLASS-SIM-01,AE300_CLASS,LONG_ENDURANCE_LOITER,3414.122278973177,-7.268232419980437,1537.4741528193204,0.4787596565021234,67.1001996394175,730.0210971733406,77.4084200565493,43.27602151907942,26.458869100516765,0.484700999420023,27.589813057019455,12.390023198103405,28.076104397795042,LOITER,SENSOR_DRIFT,True,0.4145,1.0,DRIFT:cht,42,87.22,3600.0,11.432494,-0.506578,-0.319168,0.135632,-0.98359,-0.048106
2026-01-01T00:23:50Z,AE300_CLASS-SIM-01,AE300_CLASS,LONG_ENDURANCE_LOITER,3413.6024797982886,-7.233003901396902,1540.9194359446783,0.48152952976080365,68.34228223184095,734.8583346667679,78.31445789129906,43.39409128063167,26.366098714131255,0.5685506411871302,27.685434994748253,12.46943743848486,28.102808949259998,LOITER,SENSOR_DRIFT,True,0.415,1.0,DRIFT:cht,42,87.15,3600.0,12.252438,3.751072,0.568507,-0.052135,1.793935,0.034778
2026-01-01T00:23:51Z,AE300_CLASS-SIM-01,AE300_CLASS,LONG_ENDURANCE_LOITER,3412.9964747220733,-7.065572804418181,1541.9389298966028,0.4815752234399502,66.67354459082725,728.9893299850216,77.48592548791586,43.33309252401097,26.328020053433722,0.5407245259466628,27.628726582477704,12.348658125173413,28.289788229895763,LOITER,SENSOR_DRIFT,True,0.4155,1.0,DRIFT:cht,42,87.11,3600.0,10.394033,-2.321771,-0.274521,-0.096554,2.286346,0.006758
2026-01-01T00:23:52Z,AE300_CLASS-SIM-01,AE300_CLASS,LONG_ENDURANCE_LOITER,3413.626653187481,-6.9628915569149115,1535.5657756610042,0.4783001026080468,67.7629384391878,735.0600837352638,78.49399352967545,44.3423781576459,26.30283784911199,0.5507290593618619,27.65255206253997,12.495168473682483,28.3149540186336,LOITER,SENSOR_DRIFT,True,0.416,1.0,DRIFT:cht,42,87.06,3600.0,11.835811,4.286753,0.753671,-0.009971,-3.355043,0.017885
2026-01-01T00:23:53Z,AE300_CLASS-SIM-01,AE300_CLASS,LONG_ENDURANCE_LOITER,3412.7401114807394,-7.262033633686175,1533.6305335238046,0.48220548844119876,65.5299138451196,735.3146041428337,77.02589323314764,44.412757084951906,26.440478064561344,0.5249529381845891,27.59331468698118,11.500490176625641,28.020624489010668,LOITER,SENSOR_DRIFT,True,0.41650000000000004,1.0,DRIFT:cht,42,87.03,3600.0,9.363668,4.081612,-0.736291,-0.004746,-6.085267,-0.009202
2026-01-01T00:23:54Z,AE300_CLASS-SIM-01,AE300_CLASS,LONG_ENDURANCE_LOITER,3410.3402863392603,-7.005461723394956,1535.323376509902,0.4820166523382387,64.8872240113849,732.5230256277579,76.78512740590813,45.712677337562454,26.411507848758514,0.40848571076645723,27.60159426875813,11.855801514703026,28.00179514982524,LOITER,SENSOR_DRIFT,True,0.417,1.0,DRIFT:cht,42,86.95,3600.0,8.488061,1.045115,-0.992302,-0.031628,-4.946794,-0.125802
2026-01-01T00:23:55Z,AE300_CLASS-SIM-01,AE300_CLASS,LONG_ENDURANCE_LOITER,3410.2995987528625,-7.269895218501483,1535.0574920690963,0.4787672901806584,67.64254484034028,734.5356211529087,77.67668213627944,43.91745659259474,26.351058037225364,0.5374149803552573,27.639487707791197,12.052157736200952,28.159408194252304,LOITER,SENSOR_DRIFT,True,0.4175,1.0,DRIFT:cht,42,86.91,3600.0,11.964142,3.958606,-0.081551,0.019006,-4.514639,0.004235
2026-01-01T00:23:56Z,AE300_CLASS-SIM-01,AE300_CLASS,LONG_ENDURANCE_LOITER,3411.0450737550873,-7.326903977146655,1549.0927192138868,0.48064290853854186,68.7595450712342,732.3437301318189,78.67730804065638,44.932198734729404,26.430935309176785,0.5016600459227293,27.602211367536142,12.277364756311771,28.121294938435234,LOITER,SENSOR_DRIFT,True,0.418,1.0,DRIFT:cht,42,86.85,3600.0,12.880286,1.470474,0.916021,0.037213,9.409547,-0.032061
2026-01-01T00:23:57Z,AE300_CLASS-SIM-01,AE300_CLASS,LONG_ENDURANCE_LOITER,3409.4339209634736,-7.042104499921985,1540.9817953179636,0.48270976566234747,65.32027486765716,733.9591845083406,78.01498389635674,44.95192638820424,26.47461585836356,0.5303577583040437,27.62364399382041,12.651840937511327,28.056069834036943,LOITER,SENSOR_DRIFT,True,0.4185,1.0,DRIFT:cht,42,86.82,3600.0,8.865707,2.381385,0.23151,0.007672,0.491833,-0.004187
2026-01-01T00:23:58Z,AE300_CLASS-SIM-01,AE300_CLASS,LONG_ENDURANCE_LOITER,3411.175560601167,-7.222551964172376,1527.6462232106505,0.4785506128096791,67.1231676363944,733.1179442585589,77.97282966536845,44.908821519084796,26.438111788647657,0.49927590639095115,27.654015971321652,12.1672912141447,28.01315048257732,LOITER,SENSOR_DRIFT,True,0.419,1.0,DRIFT:cht,42,86.78,3600.0,11.414521,2.525184,0.212207,0.111555,-12.012765,-0.033882
2026-01-01T00:23:59Z,AE300_CLASS-SIM-01,AE300_CLASS,LONG_ENDURANCE_LOITER,3410.49713874056,-7.151718813721721,1536.4134090599782,0.48062310443170997,68.44019286002609,735.0153733516805,77.87249621786695,43.98421383348922,26.327319625291523,0.6115137055423552,27.671682467871296,12.341471500422829,27.758103654929446,LOITER,SENSOR_DRIFT,True,0.41950000000000004,1.0,DRIFT:cht,42,86.72,3600.0,12.390706,3.968991,0.109486,-0.066031,-3.332422,0.077779
2026-01-01T00:24:00Z,AE300_CLASS-SIM-01,AE300_CLASS,LONG_ENDURANCE_LOITER,3409.585193499793,-7.180974068152625,1545.3971285072803,0.4800503193252893,66.30841796618733,732.8773559680536,77.43886879688745,43.448372811667866,26.423568242287416,0.5943549397812974,27.662552489876706,12.437984470450768,28.108639862896336,LOITER,SENSOR_DRIFT,True,0.42,1.0,DRIFT:cht,42,86.67,3600.0,10.376842,1.975872,-0.320688,0.050422,5.776887,0.060821
2026-01-01T00:24:01Z,AE300_CLASS-SIM-01,AE300_CLASS,LONG_ENDURANCE_LOITER,3411.5018762949335,-7.421362548860381,1554.7421018693608,0.48522944387628597,67.210328731704,733.4674477013689,77.7690268130628,43.75894836413029,26.37398273493492,0.5318983505131727,27.652435947120498,12.240805641692717,28.396961882486366,LOITER,SENSOR_DRIFT,True,0.4205,1.0,DRIFT:cht,42,86.66,3600.0,10.751346,1.751966,-0.036644,-0.183231,13.444968,-0.003609
2026-01-01T00:24:02Z,AE300_CLASS-SIM-01,AE300_CLASS,LONG_ENDURANCE_LOITER,3409.145120813413,-7.381789892667363,1552.0656079688572,0.47845756234295134,65.89660606981695,731.8921059951746,77.97300321157653,42.709231318724605,26.36451299100994,0.4674494890271286,27.655052038034956,12.469331707939933,27.915524795161904,LOITER,SENSOR_DRIFT,True,0.421,1.0,DRIFT:cht,42,86.63,3600.0,10.353325,1.449206,0.196041,0.036365,11.812426,-0.065882
2026-01-01T00:24:03Z,AE300_CLASS-SIM-01,AE300_CLASS,LONG_ENDURANCE_LOITER,3410.2236486597303,-7.0171292200973285,1535.9109437489992,0.4769078578012802,65.23826880959298,729.4586171441637,78.47817396121957,43.838069155020875,26.347558068549013,0.5407186937213708,27.5783545157705,12.268097029788567,27.9519799732718,LOITER,SENSOR_DRIFT,True,0.4215,1.0,DRIFT:cht,42,86.66,3600.0,9.578856,-0.992586,0.737901,0.081582,-3.008057,0.008261
2026-01-01T00:24:04Z,AE300_CLASS-SIM-01,AE300_CLASS,LONG_ENDURANCE_LOITER,3407.216822855323,-7.098702647761671,1552.745080094404,0.48524213596703264,65.28616440447425,729.4489541660948,78.01555924692349,44.93286978071232,26.276789201829676,0.5379764749882826,27.610667610342908,11.536065944426895,27.897883495824807,LOITER,SENSOR_DRIFT,True,0.422,1.0,DRIFT:cht,42,86.69,3600.0,8.562528,-2.546625,0.22367,-0.272897,11.949111,0.002663
2026-01-01T00:24:05Z,AE300_CLASS-SIM-01,AE300_CLASS,LONG_ENDURANCE_LOITER,3407.3493965115968,-7.144484625309507,1547.5191687513468,0.48152880205026993,67.87687932358199,731.1883938199329,77.46549166393953,43.78398390162139,26.44703179432999,0.580492425570999,27.624223248525304,11.834015032041657,28.14863646770518,LOITER,SENSOR_DRIFT,True,0.42250000000000004,1.0,DRIFT:cht,42,86.73,3600.0,11.680232,-0.088473,-0.330413,0.014789,6.577183,0.046113
2026-01-01T00:24:06Z,AE300_CLASS-SIM-01,AE300_CLASS,LONG_ENDURANCE_LOITER,3408.653479382271,-6.966679438679335,1535.6801124117678,0.4794580562851194,67.635175371142,729.966865784671,77.57950706216273,45.00696281668827,26.321707001562196,0.6265370794798198,27.60561772557359,12.372245455428127,28.081796875748985,LOITER,SENSOR_DRIFT,True,0.423,1.0,DRIFT:cht,42,86.72,3600.0,11.546421,-1.077444,-0.199599,-0.038945,-4.651015,0.092915
2026-01-01T00:24:07Z,AE300_CLASS-SIM-01,AE300_CLASS,LONG_ENDURANCE_LOITER,3408.079001099266,-7.18928569983199,1546.396492257959,0.4800725480191566,65.91442632578394,736.1791513051413,77.7942347452337,43.367375301756404,26.31321678118186,0.617939760250007,27.60803103293178,12.730255747179884,28.157774059302604,LOITER,SENSOR_DRIFT,True,0.4235,1.0,DRIFT:cht,42,86.68,3600.0,9.982822,5.260997,0.021973,-0.064255,6.314235,0.084245
2026-01-01T00:24:08Z,AE300_CLASS-SIM-01,AE300_CLASS,LONG_ENDURANCE_LOITER,3407.621735207861,-7.122671576298946,1555.8811148181421,0.476356303601899,66.94499090511512,730.3533388061029,77.68426807840078,44.069404241393876,26.38532542042453,0.5424354399651703,27.629149855093093,11.717114180425575,28.154979894112294,LOITER,SENSOR_DRIFT,True,0.424,1.0,DRIFT:cht,42,86.68,3600.0,11.499115,0.135544,-0.047655,0.141724,17.265727,0.010243
2026-01-01T00:24:09Z,AE300_CLASS-SIM-01,AE300_CLASS,LONG_ENDURANCE_LOITER,3408.216938820406,-7.227738414054781,1553.413732718463,0.4833854292056139,67.7705756749468,733.4191220102199,77.79285128337406,44.91342813144408,26.49421269311591,0.5703114520313897,27.607266525193335,12.098754577855734,28.183654575534103,LOITER,SENSOR_DRIFT,True,0.4245,1.0,DRIFT:cht,42,86.67,3600.0,11.44733,1.940302,0.025078,0.012173,13.494715,0.035794
2026-01-01T00:24:10Z,AE300_CLASS-SIM-01,AE300_CLASS,LONG_ENDURANCE_LOITER,3408.134924234376,-7.156330576890524,1536.339801647024,0.4838562446625863,65.2865133790801,728.4484103361964,77.18124767633562,43.142016357982065,26.473474910197325,0.5915686574359533,27.627100942470953,12.25903072067833,28.095857466388093,LOITER,SENSOR_DRIFT,True,0.425,1.0,DRIFT:cht,42,86.66,3600.0,8.783052,-3.254426,-0.618247,-0.035198,-4.732738,0.056521
2026-01-01T00:24:11Z,AE300_CLASS-SIM-01,AE300_CLASS,LONG_ENDURANCE_LOITER,3404.8257913748275,-6.8102733668382545,1549.8996419163095,0.48137021447203504,65.57496399640209,730.4484386261923,77.46601121128356,44.027752208591245,26.415896463404195,0.5185613485342556,27.571871158414204,12.749231507603989,28.13289124779726,LOITER,SENSOR_DRIFT,True,0.42549999999999993,1.0,DRIFT:cht,42,86.69,3600.0,9.08064,-1.134062,-0.334611,-0.011301,8.786097,-0.015824
2026-01-01T00:24:12Z,AE300_CLASS-SIM-01,AE300_CLASS,LONG_ENDURANCE_LOITER,3407.034094349498,-7.204631249181086,1529.311384415707,0.48046831957312497,66.27452473697853,733.0590670838541,78.1844851191521,44.59585514759072,26.455264322621307,0.6150577698798922,27.64562664249002,12.43885598521797,28.1711704048856,LOITER,SENSOR_DRIFT,True,0.426,1.0,DRIFT:cht,42,86.69,3600.0,10.285363,2.045229,0.391938,0.058438,-11.508509,0.081004
2026-01-01T00:24:13Z,AE300_CLASS-SIM-01,AE300_CLASS,LONG_ENDURANCE_LOITER,3403.2346029846894,-7.162728306953422,1534.1404811149998,0.4810713322698743,65.67349316026073,732.7623935507677,78.21736033990429,44.969387451887044,26.491790639875717,0.4584525379728432,27.58205747558601,12.986913239138126,28.2483489601236,LOITER,SENSOR_DRIFT,True,0.4265,1.0,DRIFT:cht,42,86.67,3600.0,9.596938,1.60942,0.424573,0.078081,-6.68814,-0.075746
2026-01-01T00:24:14Z,AE300_CLASS-SIM-01,AE300_CLASS,LONG_ENDURANCE_LOITER,3406.1567777766763,-7.1330250612839015,1539.7854394520782,0.4767145174669397,65.70487211558782,730.747430340185,77.45290821929075,43.449760180631536,26.54682584940097,0.5225300485230028,27.641127181086997,12.180807030269381,28.18516841056922,LOITER,SENSOR_DRIFT,True,0.427,1.0,DRIFT:cht,42,86.69,3600.0,10.206866,0.439889,-0.298262,0.285787,0.470168,-0.009995
2026-01-01T00:24:15Z,AE300_CLASS-SIM-01,AE300_CLASS,LONG_ENDURANCE_LOITER,3404.8396314067504,-6.949063923905307,1543.257394033485,0.4779812268081062,66.57623890231795,730.5727051583043,77.67601815875277,44.380800951213295,26.43005254751058,0.5570846381824517,27.643543898549026,12.133214935771605,27.77389751908658,LOITER,SENSOR_DRIFT,True,0.4275,1.0,DRIFT:cht,42,86.74,3600.0,10.768381,-0.106159,-0.055756,0.136343,4.647433,0.024476
2026-01-01T00:24:16Z,AE300_CLASS-SIM-01,AE300_CLASS,LONG_ENDURANCE_LOITER,3406.4578442344123,-7.061138420125562,1533.2281273160916,0.4810902650858938,67.56540884189246,734.3283293954744,78.00297569637998,44.22203313873925,26.447442501467354,0.5200217630342967,27.646452316176465,11.920667161126024,28.26295216007081,LOITER,SENSOR_DRIFT,True,0.428,1.0,DRIFT:cht,42,86.78,3600.0,11.425318,3.155506,0.256759,0.047925,-5.907025,-0.013603
2026-01-01T00:24:17Z,AE300_CLASS-SIM-01,AE300_CLASS,LONG_ENDURANCE_LOITER,3402.6118883550703,-7.010161381549407,1540.2144159383133,0.48243342016409807,65.71547641557008,731.29490909546,77.79977100352696,44.318245599506454,26.32644962581561,0.5624265578189204,27.55612132513364,11.906126015369827,27.86182723737736,LOITER,SENSOR_DRIFT,True,0.42849999999999994,1.0,DRIFT:cht,42,86.86,3600.0,9.346129,-0.212003,0.029176,-0.122391,0.192781,0.028153
2026-01-01T00:24:18Z,AE300_CLASS-SIM-01,AE300_CLASS,LONG_ENDURANCE_LOITER,3406.004233861433,-7.070932764326024,1543.2517200642683,0.48342256926868754,66.32655577314338,732.7439127499314,77.8013449184688,43.87691820941007,26.466368127396073,0.627462265545196,27.61268332630298,12.356072040283827,28.143933360162244,LOITER,SENSOR_DRIFT,True,0.429,1.0,DRIFT:cht,42,86.93,3600.0,9.816412,1.046539,0.003442,-0.026398,2.237054,0.092561
2026-01-01T00:24:19Z,AE300_CLASS-SIM-01,AE300_CLASS,LONG_ENDURANCE_LOITER,3404.99402313103,-7.09215614487778,1537.6968993043392,0.47327977432789203,68.73962847635633,729.0859396689659,77.66208152899785,43.76374166017446,26.339609662672594,0.5445693163437787,27.62815439765873,11.890472916706306,28.118290210876197,LOITER,SENSOR_DRIFT,True,0.4295,1.0,DRIFT:cht,42,87.0,3600.0,13.704096,-0.569883,-0.060625,0.199475,-0.58334,0.013322
2026-01-01T00:24:20Z,AE300_CLASS-SIM-01,AE300_CLASS,LONG_ENDURANCE_LOITER,3404.1832341933664,-6.988337441820011,1530.6147608173542,0.47881250178149687,67.69436022510655,729.2340290505374,77.36339859096068,43.45001640654062,26.37924648624244,0.5293662740177265,27.621513459586716,11.796341730551875,28.21169783287601,LOITER,SENSOR_DRIFT,True,0.43,1.0,DRIFT:cht,42,87.07,3600.0,11.842765,-1.527261,-0.354736,0.064312,-7.499208,-0.003286
2026-01-01T00:24:21Z,AE300_CLASS-SIM-01,AE300_CLASS,LONG_ENDURANCE_LOITER,3405.9575836116405,-7.41235795375166,1529.0916504736667,0.48240253934637534,68.79930611575136,725.0577268544338,78.13602338245533,45.34473472798419,26.33222787044933,0.6048051949626062,27.62277692744789,12.198779984193216,27.987668082311536,LOITER,SENSOR_DRIFT,True,0.4305,1.0,DRIFT:cht,42,87.03,3600.0,12.839319,-6.007219,0.387649,-0.109748,-10.12196,0.070807
2026-01-01T00:24:22Z,AE300_CLASS-SIM-01,AE300_CLASS,LONG_ENDURANCE_LOITER,3405.205246492736,-6.998906256431753,1552.0083941281694,0.4832515851085908,66.75377392262128,739.7170070860017,78.37608097935983,44.41274860929304,26.322810793875014,0.4648494869737419,27.57208048574938,11.823766810081757,28.301977563878815,LOITER,SENSOR_DRIFT,True,0.431,1.0,DRIFT:cht,42,86.94,3600.0,10.228859,8.020419,0.596546,-0.157229,11.661661,-0.069768
2026-01-01T00:24:23Z,AE300_CLASS-SIM-01,AE300_CLASS,LONG_ENDURANCE_LOITER,3404.1697868091596,-7.214360474859766,1538.953338782115,0.4798284225380595,67.81283352416128,728.5470325222277,77.9247304748581,44.20915608095718,26.330375482639372,0.6051420485649344,27.618043652817942,11.805519035132637,28.22314324872098,LOITER,SENSOR_DRIFT,True,0.43149999999999994,1.0,DRIFT:cht,42,86.85,3600.0,11.975412,-2.284179,0.153776,-0.03621,-1.081384,0.071548
2026-01-01T00:24:24Z,AE300_CLASS-SIM-01,AE300_CLASS,LONG_ENDURANCE_LOITER,3403.2563465403355,-7.059370673736062,1531.5806558552626,0.48194229282074424,69.60402376391582,727.465851412478,77.92591286025188,43.28734315915,26.54135148651804,0.5894460566536276,27.641135695543547,11.734461463281123,27.947131927170094,LOITER,SENSOR_DRIFT,True,0.432,1.0,DRIFT:cht,42,86.74,3600.0,13.321622,-3.933416,0.141285,0.102695,-8.951282,0.055121
2026-01-01T00:24:25Z,AE300_CLASS-SIM-01,AE300_CLASS,LONG_ENDURANCE_LOITER,3404.0294646685757,-7.3232891735729675,1530.5246095194777,0.480308667821341,66.96040836313577,732.059993700115,77.56787979288079,44.73775423010076,26.326933854036522,0.5618424093582223,27.63840112940959,12.28249408247453,28.272169133064786,LOITER,SENSOR_DRIFT,True,0.4325,1.0,DRIFT:cht,42,86.65,3600.0,11.157481,1.232526,-0.211522,-0.058006,-9.817272,0.028014
2026-01-01T00:24:26Z,AE300_CLASS-SIM-01,AE300_CLASS,LONG_ENDURANCE_LOITER,3401.9625041278455,-7.216357396968681,1527.992641493516,0.47622654607270454,66.56530065504127,730.6889619029025,77.27607603335615,43.21596822358983,26.468717636304987,0.5730370222980483,27.579356927411553,11.969072609395411,28.155598916209595,LOITER,SENSOR_DRIFT,True,0.433,1.0,DRIFT:cht,42,86.58,3600.0,11.272834,0.598563,-0.461021,0.231127,-10.810882,0.04084
2026-01-01T00:24:27Z,AE300_CLASS-SIM-01,AE300_CLASS,LONG_ENDURANCE_LOITER,3401.4412758444114,-7.236780487787005,1537.4126680318177,0.4824194170087602,68.33698968668102,728.9248953941557,77.97120867683856,43.95172631801746,26.315483997549354,0.5202366982493368,27.57923673471509,12.45017128102273,28.327398406340304,LOITER,SENSOR_DRIFT,True,0.4335,1.0,DRIFT:cht,42,86.54,3600.0,12.216913,-2.334174,0.207473,-0.129626,-2.359551,-0.01394
2026-01-01T00:24:28Z,AE300_CLASS-SIM-01,AE300_CLASS,LONG_ENDURANCE_LOITER,3401.500542494041,-7.2111185106382605,1547.131539691345,0.48264393809360023,65.35953466885948,730.5637422313729,77.73658563772257,43.3027898517393,26.397804805154152,0.50208833085291,27.608180571952328,12.070329593272135,27.870997345384687,LOITER,SENSOR_DRIFT,True,0.434,1.0,DRIFT:cht,42,86.54,3600.0,9.150298,-0.809155,-0.049514,-0.062694,6.546101,-0.032433
2026-01-01T00:24:29Z,AE300_CLASS-SIM-01,AE300_CLASS,LONG_ENDURANCE_LOITER,3398.7671719468867,-6.974296182041285,1534.536106491301,0.48445491335123525,69.37876085684493,729.554248288243,78.814828971177,44.75566144760478,26.334594905921747,0.4173839026511711,27.657302106499184,12.109598894232475,28.158890013652062,LOITER,SENSOR_DRIFT,True,0.43449999999999994,1.0,DRIFT:cht,42,86.47,3600.0,12.667443,-2.450422,0.994087,-0.194772,-7.309056,-0.118048
2026-01-01T00:24:30Z,AE300_CLASS-SIM-01,AE300_CLASS,LONG_ENDURANCE_LOITER,3401.244047322545,-7.281895999907291,1536.6981703291622,0.4815720047306202,66.36178620453492,729.9573398589425,77.0776781273271,44.03701695731319,26.305265702377504,0.5748811903651153,27.600396763911544,12.010976641364046,28.418612399019647,LOITER,SENSOR_DRIFT,True,0.435,1.0,DRIFT:cht,42,86.45,3600.0,10.316889,-1.216375,-0.74163,-0.132817,-5.094859,0.040221
2026-01-01T00:24:31Z,AE300_CLASS-SIM-01,AE300_CLASS,LONG_ENDURANCE_LOITER,3400.8628899887003,-7.174684106017842,1543.7556991241538,0.4765617515278238,68.4556294932528,733.7436637168922,77.99655277882233,41.0897371654201,26.355084855905567,0.47624935206938274,27.674709969901688,12.414933948632886,28.152045436295477,LOITER,SENSOR_DRIFT,True,0.4355,1.0,DRIFT:cht,42,86.34,3600.0,13.03747,3.484576,0.22576,0.095352,3.726855,-0.05646
2026-01-01T00:24:32Z,AE300_CLASS-SIM-01,AE300_CLASS,LONG_ENDURANCE_LOITER,3399.253534262491,-6.882734175299568,1537.789504870179,0.48371656223962123,67.18168431958102,732.373816089167,77.55255968013803,45.15695579995981,26.405823583997954,0.5984392796886532,27.63683224480471,12.084531795820844,28.18294256621387,LOITER,SENSOR_DRIFT,True,0.436,1.0,DRIFT:cht,42,86.25,3600.0,10.499542,0.450614,-0.249465,-0.093355,-3.375019,0.06344
2026-01-01T00:24:33Z,AE300_CLASS-SIM-01,AE300_CLASS,LONG_ENDURANCE_LOITER,3402.9574615572874,-6.952648584072851,1540.5618864915302,0.47636492806410924,67.8972873064261,726.9205025495824,77.77459638590842,43.86341586044765,26.282919489261456,0.5502526142806448,27.715888204487605,12.004339522582814,28.208384080394435,LOITER,SENSOR_DRIFT,True,0.4365,1.0,DRIFT:cht,42,86.19,3600.0,12.287008,-3.500433,0.019166,0.033643,1.091709,0.017781
2026-01-01T00:24:34Z,AE300_CLASS-SIM-01,AE300_CLASS,LONG_ENDURANCE_LOITER,3404.0626352872137,-6.97404717058782,1535.0494030636396,0.4805269396451556,67.47590458069956,734.9576754071426,78.30431357426134,41.6081896417652,26.31528142659744,0.5303195948544962,27.589088910091235,10.98757151974602,27.984488447418446,LOITER,SENSOR_DRIFT,True,0.437,1.0,DRIFT:cht,42,86.11,3600.0,11.324759,3.78269,0.54504,-0.069358,-4.560558,-0.003311
2026-01-01T00:24:35Z,AE300_CLASS-SIM-01,AE300_CLASS,LONG_ENDURANCE_LOITER,3400.2591343533186,-7.180512279141291,1532.5536891851393,0.4801093842760247,67.30401042269501,729.6250496716626,78.37442274930667,44.01242160563619,26.313031035213648,0.4828474404271153,27.621166497872764,12.431103006267609,27.969607004053252,LOITER,SENSOR_DRIFT,True,0.43749999999999994,1.0,DRIFT:cht,42,86.05,3600.0,11.448845,-1.252134,0.615523,-0.055581,-7.04268,-0.050649
2026-01-01T00:24:36Z,AE300_CLASS-SIM-01,AE300_CLASS,LONG_ENDURANCE_LOITER,3400.8938192259952,-7.085816463497851,1553.4539078882508,0.4807805029273211,65.95740770058453,732.9930795333663,78.10279501620043,43.62667866324589,26.294150322973124,0.5575540265237712,27.632210794181,11.641589622614518,28.131167550411995,LOITER,SENSOR_DRIFT,True,0.438,1.0,DRIFT:cht,42,86.04,3600.0,9.904837,1.883348,0.337928,-0.098536,13.640559,0.023801
2026-01-01T00:24:37Z,AE300_CLASS-SIM-01,AE300_CLASS,LONG_ENDURANCE_LOITER,3384.4611773196357,-7.232548639612708,1502.5200735551114,0.38228805969063595,54.159631430684094,713.683392505189,76.92823921940926,44.27770339151358,22.88020151166258,0.44565098702435346,27.576642130356287,10.919248963269208,28.015505117842032,DESCENT,SENSOR_DRIFT,True,0.4385,1.0,DRIFT:cht,42,86.02,3600.0,12.401702,2.369947,0.090164,-0.082775,-3.591754,-0.050758
2026-01-01T00:24:38Z,AE300_CLASS-SIM-01,AE300_CLASS,LONG_ENDURANCE_LOITER,3372.448369430015,-7.0723983011656975,1479.1034831260713,0.378639230158939,51.512545693624254,708.3498675426122,76.71762922651217,43.57254311334815,22.66422071494788,0.4968161585716028,27.55896628637388,10.894995366031885,27.862649746283033,DESCENT,SENSOR_DRIFT,True,0.439,1.0,DRIFT:cht,42,86.05,3600.0,11.007199,-1.227461,0.616872,0.032397,-0.196784,0.010107
2026-01-01T00:24:39Z,AE300_CLASS-SIM-01,AE300_CLASS,LONG_ENDURANCE_LOITER,3358.459036478223,-6.987797245157928,1448.122919022319,0.3792909358267498,52.48799962508437,709.9622756454108,75.84184424554701,42.262004396304256,22.443877234603033,0.3813690949185122,27.584649827163258,10.031774155966142,27.825441084288105,DESCENT,SENSOR_DRIFT,True,0.4395,1.0,DRIFT:cht,42,86.03,3600.0,12.556561,1.130423,0.293334,-0.042842,-11.095623,-0.099013
2026-01-01T00:24:40Z,AE300_CLASS-SIM-01,AE300_CLASS,LONG_ENDURANCE_LOITER,3343.9988988685327,-6.699736809524084,1432.9601548478206,0.3796403141967153,52.95166134397074,709.6094090236106,75.65081737726398,42.84889767075576,22.29080258596962,0.4720546176888611,27.505876979973564,11.222198430225815,27.587148002707746,DESCENT,SENSOR_DRIFT,True,0.43999999999999995,1.0,DRIFT:cht,42,86.02,3600.0,13.269351,1.148564,0.516699,-0.080653,-11.189592,-0.003574
2026-01-01T00:24:41Z,AE300_CLASS-SIM-01,AE300_CLASS,LONG_ENDURANCE_LOITER,3328.383492764884,-6.695267945926097,1421.1680373376232,0.3814627407724729,48.681151397478274,708.7410044348023,74.99855331807612,43.181270726808954,22.189671927896626,0.46473997803724704,27.539304923026922,10.680321980985168,27.606587945354697,DESCENT,SENSOR_DRIFT,True,0.44049999999999995,1.0,DRIFT:cht,42,86.08,3600.0,9.221,0.492395,0.159889,-0.143702,-12.237937,-0.007892
2026-01-01T00:24:42Z,AE300_CLASS-SIM-01,AE300_CLASS,LONG_ENDURANCE_LOITER,3312.467896350354,-6.616502720754258,1437.8984115296464,0.37572920536102666,47.832417645734644,707.1467642379149,74.44042632440033,43.922668664698655,22.191041515939528,0.4699179979636589,27.59302431504274,10.501488505320342,27.80168103500209,DESCENT,SENSOR_DRIFT,True,0.441,1.0,DRIFT:cht,42,86.16,3600.0,9.408542,0.287085,-0.121377,0.114058,14.560115,0.001906
2026-01-01T00:24:43Z,AE300_CLASS-SIM-01,AE300_CLASS,LONG_ENDURANCE_LOITER,3298.2967117524113,-6.538619903235269,1417.8088278499463,0.3728181967290151,49.564380103266195,710.1439110704335,74.64251415764828,43.12881659933291,22.123346943032423,0.5160184147993936,27.62674396175683,10.429007732236176,27.41210496183093,DESCENT,SENSOR_DRIFT,True,0.4415,1.0,DRIFT:cht,42,86.21,3600.0,11.770607,4.115298,0.316882,0.205211,3.058555,0.051436
2026-01-01T00:24:44Z,AE300_CLASS-SIM-01,AE300_CLASS,LONG_ENDURANCE_LOITER,3279.8630503474956,-6.19494065261552,1414.8897368462358,0.37808309675280943,48.5307405667409,709.5653243876172,74.11453488778008,42.74471982949479,22.025745706168564,0.48490045343989013,27.521288335889718,10.41559875705849,27.330904551667913,DESCENT,SENSOR_DRIFT,True,0.442,1.0,DRIFT:cht,42,86.29,3600.0,10.03103,2.565143,-0.084261,-0.001654,4.751707,0.020537
2026-01-01T00:24:45Z,AE300_CLASS-SIM-01,AE300_CLASS,LONG_ENDURANCE_LOITER,3267.721294439654,-6.114088992866355,1400.391913613011,0.379266884802021,49.41484616488426,702.0818452798118,74.73633473635962,42.94970532767812,22.007026404633034,0.5086480933747186,27.625290554296175,10.269910665712906,27.51581437808158,DESCENT,SENSOR_DRIFT,True,0.4425,1.0,DRIFT:cht,42,86.34,3600.0,10.867924,-5.028469,0.620974,-0.025283,-6.712102,0.044982
2026-01-01T00:24:46Z,AE300_CLASS-SIM-01,AE300_CLASS,LONG_ENDURANCE_LOITER,3254.723445562593,-6.203513489338586,1393.2662729562228,0.37765206634043064,50.963551634540906,708.2060680020898,73.55929355866404,43.54334277892371,21.926343975531093,0.3681334154626564,27.60457370318368,9.89687622819908,27.67806077833928,DESCENT,SENSOR_DRIFT,True,0.44299999999999995,1.0,DRIFT:cht,42,86.33,3600.0,12.866581,1.613885,-0.479071,-0.030945,-11.037894,-0.094232
2026-01-01T00:24:47Z,AE300_CLASS-SIM-01,AE300_CLASS,LONG_ENDURANCE_LOITER,3241.3049934342307,-6.091461557716145,1405.257796638133,0.3817922815757547,50.381624549251974,707.1469954640881,75.27628193463376,42.64662391651572,21.94686676941812,0.41931496814499414,27.495744876264897,10.071196043039738,27.40713821416782,DESCENT,SENSOR_DRIFT,True,0.44349999999999995,1.0,DRIFT:cht,42,86.33,3600.0,11.792101,-0.181719,1.255088,-0.119165,1.578001,-0.043806
2026-01-01T00:24:48Z,AE300_CLASS-SIM-01,AE300_CLASS,LONG_ENDURANCE_LOITER,3225.493895376617,-6.175465657016146,1404.8899648771908,0.37500589561857933,49.80103026719722,709.0291160022475,73.74931513659135,41.674734953119106,21.975808974713733,0.5000605020015803,27.567947346387395,10.579784833911907,27.406339893411868,DESCENT,SENSOR_DRIFT,True,0.444,1.0,DRIFT:cht,42,86.31,3600.0,12.273927,3.074962,-0.196286,0.13522,3.959014,0.039473
2026-01-01T00:24:49Z,AE300_CLASS-SIM-01,AE300_CLASS,LONG_ENDURANCE_LOITER,3209.485905851377,-6.0179636429892645,1398.1371664145968,0.37793232984485214,50.75767497282152,706.4266573878017,74.43542962752805,42.269521155543316,21.810706319811228,0.40145532645838883,27.54094986742177,9.74392660567414,27.689307446406353,DESCENT,SENSOR_DRIFT,True,0.4445,1.0,DRIFT:cht,42,86.3,3600.0,12.863191,-0.083393,0.517126,-0.099133,-1.801156,-0.059473
2026-01-01T00:24:50Z,AE300_CLASS-SIM-01,AE300_CLASS,LONG_ENDURANCE_LOITER,3196.4922779728004,-5.787258894041332,1409.8789619082454,0.37350657637316814,48.724140402749654,711.9232663057254,73.79536788519913,44.498788997290774,21.881566925649583,0.5185609485684477,27.614075768381863,10.112965436352367,27.3098617919465,DESCENT,SENSOR_DRIFT,True,0.445,1.0,DRIFT:cht,42,86.22,3600.0,11.262081,6.046711,-0.061717,0.122723,12.166783,0.059421
2026-01-01T00:24:51Z,AE300_CLASS-SIM-01,AE300_CLASS,LONG_ENDURANCE_LOITER,3181.0768395201803,-5.826164875497049,1396.5294466714367,0.37582452123484344,51.05762568185261,707.9592248749072,74.90043553949033,40.55974153306766,21.74007299969198,0.44343063576784825,27.619973747811233,10.06961791745105,27.159031182739074,DESCENT,SENSOR_DRIFT,True,0.4455,1.0,DRIFT:cht,42,86.12,3600.0,13.486361,1.815016,1.065595,-0.072007,-0.373845,-0.015961
2026-01-01T00:24:52Z,AE300_CLASS-SIM-01,AE300_CLASS,LONG_ENDURANCE_LOITER,3166.2989800124446,-5.762973071996576,1386.5791364092777,0.3795532111908634,48.36968261120692,706.7647553043774,73.77736885539831,42.16630880900629,21.74271752995129,0.4451242059056751,27.573443618619525,10.519641721740014,27.518115274219518,DESCENT,SENSOR_DRIFT,True,0.44599999999999995,1.0,DRIFT:cht,42,86.09,3600.0,10.372842,-0.052425,-0.078281,-0.175508,-11.080872,-0.015339
2026-01-01T00:24:53Z,AE300_CLASS-SIM-01,AE300_CLASS,LONG_ENDURANCE_LOITER,3150.2547329871527,-5.340261803931186,1399.1404792079243,0.3740283357765508,49.03325269110861,707.8702935654953,73.82601518751919,42.78077403041711,21.722504366062886,0.5485033348447026,27.482528568537607,10.260146833801242,27.42832825644177,DESCENT,SENSOR_DRIFT,True,0.44649999999999995,1.0,DRIFT:cht,42,86.06,3600.0,11.387765,1.638827,0.005175,-0.019523,2.746302,0.089803
2026-01-01T00:24:54Z,AE300_CLASS-SIM-01,AE300_CLASS,LONG_ENDURANCE_LOITER,3138.4644150901804,-5.5000055527472576,1403.576935011023,0.37478403863664345,47.22776570871417,703.1950180248903,73.84941256582594,41.01519777660899,21.864245255436767,0.5057820410092262,27.632569278273262,10.59685564180625,27.318236063910703,DESCENT,SENSOR_DRIFT,True,0.447,1.0,DRIFT:cht,42,86.02,3600.0,9.746901,-2.942203,0.04616,0.110982,7.822304,0.047139
2026-01-01T00:24:55Z,AE300_CLASS-SIM-01,AE300_CLASS,LONG_ENDURANCE_LOITER,3121.612672472692,-5.700624235657963,1392.2067425990049,0.37825352793389416,47.66974189672271,705.6688392563484,73.53432887842723,42.697308178013564,21.815930337729068,0.38909478001215725,27.50541784214784,10.52073324718845,27.478990166023653,DESCENT,SENSOR_DRIFT,True,0.4475,1.0,DRIFT:cht,42,86.0,3600.0,10.070204,-0.830127,-0.29114,-0.035166,-4.355762,-0.070564
2026-01-01T00:24:56Z,AE300_CLASS-SIM-01,AE300_CLASS,LONG_ENDURANCE_LOITER,3107.9442624913117,-4.9481042523777115,1385.2120196224937,0.37630687142682656,48.63553162900834,707.9537684206192,72.70188014979226,42.16942833224352,21.765994330806052,0.45530630346894596,27.609402905888764,10.436125401794985,27.223481545913906,DESCENT,SENSOR_DRIFT,True,0.448,1.0,DRIFT:cht,42,86.03,3600.0,10.589648,1.057857,-1.12373,-0.022846,-11.355623,-0.003844
2026-01-01T00:24:57Z,AE300_CLASS-SIM-01,AE300_CLASS,LONG_ENDURANCE_LOITER,3094.9859889770023,-5.258274398584247,1394.9069969474904,0.3754789231652819,47.61840781593133,708.4597284204417,73.54213435786534,41.915569142426506,21.74756697703583,0.4203481488631159,27.523601518409187,10.377161233384516,27.381958794741333,DESCENT,SENSOR_DRIFT,True,0.4485,1.0,DRIFT:cht,42,86.07,3600.0,10.062828,2.053496,-0.277453,-0.009746,-1.441643,-0.038493
2026-01-01T00:24:58Z,AE300_CLASS-SIM-01,AE300_CLASS,LONG_ENDURANCE_LOITER,3076.985487423714,-4.886237126575113,1391.4783909312978,0.371082862209766,45.42620052514116,708.7883644502582,73.37696335806733,41.3752639013626,21.72718951156725,0.4940488659584553,27.527491337231798,10.334136691103428,27.672449920748406,DESCENT,SENSOR_DRIFT,True,0.44899999999999995,1.0,DRIFT:cht,42,86.12,3600.0,8.156432,2.848592,-0.398367,0.116442,-3.260902,0.036807
2026-01-01T00:24:59Z,AE300_CLASS-SIM-01,AE300_CLASS,LONG_ENDURANCE_LOITER,3066.603328239793,-4.741133102387139,1396.3450625637684,0.37272367470005335,48.59563382714134,707.4965643891284,73.19313898309841,41.80675476676626,21.58702997413539,0.4682009797099606,27.562210721136644,9.860289883884333,27.485931678728637,DESCENT,SENSOR_DRIFT,True,0.44949999999999996,1.0,DRIFT:cht,42,86.18,3600.0,11.074822,1.195742,-0.565745,-0.061219,2.203814,0.010788
2026-01-01T00:25:00Z,AE300_CLASS-SIM-01,AE300_CLASS,LONG_ENDURANCE_LOITER,3048.433099451108,-4.928475211026589,1399.4510232272175,0.3751909648935856,47.61736224131144,706.9168272583044,73.40418853205227,42.32563891137737,21.665358651818472,0.4826695088649981,27.571513585919188,10.133982684427577,27.199798924074653,DESCENT,SENSOR_DRIFT,True,0.44999999999999996,1.0,DRIFT:cht,42,86.28,3600.0,10.098469,0.424515,-0.368428,-0.048678,4.81042,0.024582
2026-01-01T00:25:01Z,AE300_CLASS-SIM-01,AE300_CLASS,LONG_ENDURANCE_LOITER,3035.999081625629,-4.6475485306538955,1398.6659448714124,0.3716165151966138,49.826384186861475,702.5841963366565,73.55682541760223,42.29593632176189,21.565144317086244,0.4442111391787831,27.567600372026007,9.500366004998853,27.301145122161856,DESCENT,SENSOR_DRIFT,True,0.4505,1.0,DRIFT:cht,42,86.36,3600.0,12.529336,-3.536688,-0.193606,-0.034897,4.832059,-0.01274
2026-01-01T00:25:02Z,AE300_CLASS-SIM-01,AE300_CLASS,LONG_ENDURANCE_LOITER,3018.21073193494,-4.329185849019137,1395.1981954255396,0.37302943634543984,48.92281774628749,707.9710237336269,74.18721549736809,41.24163612741317,21.70375910051844,0.5131989296655332,27.556022678059545,10.008643513246897,26.893752937968127,DESCENT,SENSOR_DRIFT,True,0.451,1.0,DRIFT:cht,42,86.41,3600.0,11.254913,1.347967,0.437582,0.071945,1.393348,0.055983
2026-01-01T00:25:03Z,AE300_CLASS-SIM-01,AE300_CLASS,LONG_ENDURANCE_LOITER,3004.3840132567,-4.4627976085605425,1401.990986896303,0.3739576738442337,48.50828904458277,711.677166239582,74.19596227774889,42.27991541102683,21.740412628063694,0.40765563540482475,27.499742506129802,9.914171900223936,27.244223151740446,DESCENT,SENSOR_DRIFT,True,0.45149999999999996,1.0,DRIFT:cht,42,86.42,3600.0,10.940735,5.055525,0.436072,0.085765,7.813165,-0.049847
2026-01-01T00:25:04Z,AE300_CLASS-SIM-01,AE300_CLASS,LONG_ENDURANCE_LOITER,2991.1192692449367,-4.326119728873166,1393.2311910388107,0.37220562868698265,48.6693057459591,699.816920610469,73.05853159253806,42.33437064917195,21.54330969907386,0.4464011688386083,27.61472397596904,10.014468881531515,27.158571508298216,DESCENT,SENSOR_DRIFT,True,0.45199999999999996,1.0,DRIFT:cht,42,86.42,3600.0,11.248482,-6.609555,-0.694139,-0.053241,-0.684102,-0.010561
2026-01-01T00:25:05Z,AE300_CLASS-SIM-01,AE300_CLASS,LONG_ENDURANCE_LOITER,2975.893683652437,-4.0944552803178365,1404.083785303403,0.3731361993157422,46.548228135151945,707.1574778379533,73.90996270095553,42.733764497921754,21.54413390335013,0.4403632444817775,27.532915354496676,9.689626813682812,27.560691839401837,DESCENT,SENSOR_DRIFT,True,0.45249999999999996,1.0,DRIFT:cht,42,86.48,3600.0,8.875527,0.377907,0.151688,-0.073348,9.964696,-0.016829
2026-01-01T00:25:06Z,AE300_CLASS-SIM-01,AE300_CLASS,LONG_ENDURANCE_LOITER,2963.823470692546,-4.298989416387505,1395.7125505405818,0.37244606844744776,51.61225826371417,708.7488380353547,74.10994714393286,42.79722805985601,21.536758717541336,0.5187548614255927,27.584541744993015,9.780666286466747,27.422785309670466,DESCENT,SENSOR_DRIFT,True,0.45299999999999996,1.0,DRIFT:cht,42,86.51,3600.0,14.293399,2.318655,0.352376,-0.055262,1.619042,0.061775
2026-01-01T00:25:07Z,AE300_CLASS-SIM-01,AE300_CLASS,LONG_ENDURANCE_LOITER,2949.1727457993,-4.4758329767772755,1386.684352519527,0.37211441854096877,46.0521783712492,701.3678896072901,73.60967136868213,43.23814883376127,21.57961419356514,0.5275930818322407,27.561689680418073,9.914139546571716,27.157524278219466,DESCENT,SENSOR_DRIFT,True,0.4535,1.0,DRIFT:cht,42,86.53,3600.0,9.03533,-4.790934,-0.146216,0.004316,-7.347931,0.07076
2026-01-01T00:25:08Z,AE300_CLASS-SIM-01,AE300_CLASS,LONG_ENDURANCE_LOITER,2932.7563919086956,-3.9605372704671753,1398.3059622787123,0.37164034912456817,49.25308867067449,709.8945008743497,73.76238726789731,44.040253676061134,21.488299477104114,0.4529399377263423,27.53911507762159,10.26017409634526,27.200386996698303,DESCENT,SENSOR_DRIFT,True,0.454,1.0,DRIFT:cht,42,86.53,3600.0,11.873977,3.345518,0.010057,-0.064907,4.403043,-0.003685
2026-01-01T00:25:09Z,AE300_CLASS-SIM-01,AE300_CLASS,LONG_ENDURANCE_LOITER,2918.267351786745,-4.250826473623398,1397.0949480015431,0.37332691388478434,49.71399653525963,708.6036899855013,74.1034238517612,43.53259026571856,21.553337199107098,0.4866426425374089,27.5320711640432,9.958747717850708,27.3620341294889,DESCENT,SENSOR_DRIFT,True,0.45449999999999996,1.0,DRIFT:cht,42,86.54,3600.0,12.505897,2.083129,0.335482,-0.045303,2.624319,0.029496
2026-01-01T00:25:10Z,AE300_CLASS-SIM-01,AE300_CLASS,LONG_ENDURANCE_LOITER,2903.6631089586185,-4.1120297787385685,1384.1878219027737,0.37101550778560255,49.69618447791183,706.3623139128517,74.96707417013776,42.2178231180355,21.52776615583026,0.5140496034222515,27.600876141798082,10.211781560236421,27.51097870025018,DESCENT,SENSOR_DRIFT,True,0.45499999999999996,1.0,DRIFT:cht,42,86.51,3600.0,12.700201,0.130014,1.207546,0.003843,-9.976838,0.057591
2026-01-01T00:25:11Z,AE300_CLASS-SIM-01,AE300_CLASS,LONG_ENDURANCE_LOITER,2889.6664248548213,-3.532859404943594,1401.7144240156977,0.3685733225763567,48.92566622632812,702.0116547071219,74.40494357041456,43.25378618403554,21.566610828376344,0.45087870080295167,27.48394938157276,10.802937424939008,27.369050664938474,DESCENT,SENSOR_DRIFT,True,0.45549999999999996,1.0,DRIFT:cht,42,86.49,3600.0,11.731849,-4.323028,0.673462,0.126064,8.569624,-0.004646
2026-01-01T00:25:12Z,AE300_CLASS-SIM-01,AE300_CLASS,LONG_ENDURANCE_LOITER,2873.4996870648997,-3.515635656741381,1406.883360973684,0.36959512365108604,48.36790949929533,707.0186381161743,73.21745311593834,42.54134510044203,21.577231740405004,0.44970508412533067,27.52464913096837,9.872588153621782,27.509260638395347,DESCENT,SENSOR_DRIFT,True,0.45599999999999996,1.0,DRIFT:cht,42,86.49,3600.0,11.147184,0.556508,-0.504851,0.117725,14.072308,-0.005903
2026-01-01T00:25:13Z,AE300_CLASS-SIM-01,AE300_CLASS,LONG_ENDURANCE_LOITER,2857.452821338982,-3.5545108487302746,1409.768388952371,0.37378434747680034,49.23172339226857,710.0462583707786,74.30272541592785,43.08818435065477,21.510451109890052,0.5359954238893508,27.507552467086132,10.177675916303537,27.401510351120532,DESCENT,SENSOR_DRIFT,True,0.4565,1.0,DRIFT:cht,42,86.46,3600.0,11.643272,2.928011,0.544599,-0.069992,15.654715,0.079059
2026-01-01T00:25:14Z,AE300_CLASS-SIM-01,AE300_CLASS,LONG_ENDURANCE_LOITER,2845.9880800607953,-3.4957216708168617,1394.0553591820462,0.3700755888401434,49.9307283128249,707.7026517210094,73.6318814401898,42.54937349844999,21.41127877169155,0.46711666486121967,27.529811826875687,10.284928919137817,27.410750984517314,DESCENT,SENSOR_DRIFT,True,0.457,1.0,DRIFT:cht,42,86.46,3600.0,12.765333,1.168095,-0.119174,-0.056939,0.198786,0.01117
2026-01-01T00:25:15Z,AE300_CLASS-SIM-01,AE300_CLASS,LONG_ENDURANCE_LOITER,2832.965291130087,-3.4989478831450604,1386.5172192292093,0.37143878111920203,48.63576681242336,705.8096310932244,74.02360127729163,43.89497739392164,21.348955118777415,0.5175283798189171,27.5415901814058,10.507660672129347,27.145165439838138,DESCENT,SENSOR_DRIFT,True,0.45749999999999996,1.0,DRIFT:cht,42,86.44,3600.0,11.38878,-0.924491,0.262883,-0.154414,-7.690727,0.061199
2026-01-01T00:25:16Z,AE300_CLASS-SIM-01,AE300_CLASS,LONG_ENDURANCE_LOITER,2817.1427649903894,-3.3361765134741193,1378.4092078533142,0.37020530484499226,45.956333165015366,705.5683536823396,74.20340985615199,42.95284182330128,21.35476571089094,0.4910906827043045,27.54797760522185,9.872630468991717,27.53540266261753,DESCENT,SENSOR_DRIFT,True,0.45799999999999996,1.0,DRIFT:cht,42,86.46,3600.0,8.775331,-1.084193,0.445076,-0.105737,-15.712018,0.035131
2026-01-01T00:25:17Z,AE300_CLASS-SIM-01,AE300_CLASS,LONG_ENDURANCE_LOITER,2800.332415230604,-3.2824827549872455,1398.202212417179,0.3661472164000921,50.756351008249986,705.7862606933871,74.09730711347706,44.2166628458931,21.384554057432144,0.4333745039485017,27.556191649408984,10.204449914780158,27.19514693731145,DESCENT,SENSOR_DRIFT,True,0.45849999999999996,1.0,DRIFT:cht,42,86.47,3600.0,14.10158,-0.159716,0.377792,0.056893,5.492586,-0.021146
2026-01-01T00:25:18Z,AE300_CLASS-SIM-01,AE300_CLASS,LONG_ENDURANCE_LOITER,2785.6951121169036,-2.8961195917369587,1386.8943605606332,0.36904150109739015,48.17680420212953,705.9598917047448,74.34472989110019,43.475426502870405,21.356995760427385,0.44264835431088967,27.53772381435868,9.786116450763608,27.267151148122263,DESCENT,SENSOR_DRIFT,True,0.45899999999999996,1.0,DRIFT:cht,42,86.51,3600.0,10.902677,-0.804224,0.624581,-0.045717,-5.838309,-0.012508
2026-01-01T00:25:19Z,AE300_CLASS-SIM-01,AE300_CLASS,LONG_ENDURANCE_LOITER,2775.411481836001,-2.9172350092742763,1389.5232285009847,0.37001886682479324,46.36790740409879,710.262364125226,74.28115921585467,45.52235850268698,21.42382458003566,0.4743167124621275,27.609459683596533,9.795902306138899,27.28171372646769,DESCENT,SENSOR_DRIFT,True,0.4595,1.0,DRIFT:cht,42,86.53,3600.0,9.055135,3.369875,0.549592,-0.004786,-3.624674,0.01884
2026-01-01T00:25:20Z,AE300_CLASS-SIM-01,AE300_CLASS,LONG_ENDURANCE_LOITER,2758.2369661056546,-2.7238344370316154,1385.849683478857,0.3658536543826385,48.73066659203418,708.4281659242519,73.37923661940613,44.26583750474849,21.42997359989842,0.5085176173807044,27.571897681081186,9.952969521425043,27.600328176709557,DESCENT,SENSOR_DRIFT,True,0.46,1.0,DRIFT:cht,42,86.53,3600.0,11.804403,2.104362,-0.322954,0.134519,-6.22999,0.054399
2026-01-01T00:25:21Z,AE300_CLASS-SIM-01,AE300_CLASS,LONG_ENDURANCE_LOITER,2743.7731059917396,-2.693321807057735,1405.4499791416044,0.36917053615925993,47.11917286476432,702.958498181718,73.55897200262251,44.37434986963389,21.35930677390518,0.5536712943905913,27.575120099267753,9.878422253231504,27.168942078723024,DESCENT,SENSOR_DRIFT,True,0.46049999999999996,1.0,DRIFT:cht,42,86.51,3600.0,9.87232,-3.912788,-0.155165,-0.02605,12.93589,0.098693
2026-01-01T00:25:22Z,AE300_CLASS-SIM-01,AE300_CLASS,LONG_ENDURANCE_LOITER,2730.937322733516,-2.7404925177145913,1381.100141094309,0.3672667434280528,47.11347163596386,705.2447234036022,73.69297217487751,43.077891105487296,21.288123883442363,0.4207230416429864,27.528978125107436,9.670756165647841,27.265487745268334,DESCENT,SENSOR_DRIFT,True,0.46099999999999997,1.0,DRIFT:cht,42,86.5,3600.0,10.199807,-1.22779,-0.013535,-0.035722,-11.136467,-0.033682
2026-01-01T00:25:23Z,AE300_CLASS-SIM-01,AE300_CLASS,LONG_ENDURANCE_LOITER,2713.241285670673,-2.5568040492702933,1392.9497525565062,0.36933387489442604,50.85349944819108,708.3418294972944,73.88977834608433,44.55326214395829,21.330150022804972,0.4563233063846923,27.556448467938978,9.663170864091027,27.462699626780875,DESCENT,SENSOR_DRIFT,True,0.46149999999999997,1.0,DRIFT:cht,42,86.5,3600.0,13.615266,1.371453,0.16646,-0.048184,0.101808,0.001309
2026-01-01T00:25:24Z,AE300_CLASS-SIM-01,AE300_CLASS,LONG_ENDURANCE_LOITER,2699.953057785214,-2.3325721538564115,1397.851049132693,0.36541476342211476,50.01465030358836,699.2841172222106,74.5533417749399,42.86359347711808,21.31664637311836,0.47315403120231253,27.60252193949302,9.86757409671854,27.013993379821763,DESCENT,SENSOR_DRIFT,True,0.46199999999999997,1.0,DRIFT:cht,42,86.45,3600.0,13.07258,-7.209076,0.85354,0.060815,5.858248,0.01936
2026-01-01T00:25:25Z,AE300_CLASS-SIM-01,AE300_CLASS,LONG_ENDURANCE_LOITER,2684.925734799598,-2.4880826787082944,1377.0016051840541,0.3664796321068104,46.988823909063,708.2805721906171,73.57127772463839,45.746064115384215,21.256365415334965,0.47314394274113497,27.549002123748757,9.475715661956277,27.304073823384137,DESCENT,SENSOR_DRIFT,True,0.4625,1.0,DRIFT:cht,42,86.39,3600.0,10.177036,1.817865,-0.123136,-0.02102,-14.795268,0.019211
2026-01-01T00:25:26Z,AE300_CLASS-SIM-01,AE300_CLASS,LONG_ENDURANCE_LOITER,2671.963453495093,-2.2701181958169356,1389.1938270120284,0.36319759887727926,49.2190169163371,707.6466993129515,74.0588191665963,43.92451998598685,21.15548165056725,0.47765163856883,27.557110943883167,10.376715878525514,27.338050498475805,DESCENT,SENSOR_DRIFT,True,0.46299999999999997,1.0,DRIFT:cht,42,86.36,3600.0,12.647417,1.578822,0.39868,-0.014862,-1.356705,0.024905
2026-01-01T00:25:27Z,AE300_CLASS-SIM-01,AE300_CLASS,LONG_ENDURANCE_LOITER,2656.1817996662157,-2.203036829220103,1386.9688316617521,0.3645430618910862,48.248056864231884,703.9040658144423,73.57345914198271,45.88500374303772,21.303921652315942,0.4673502935746567,27.619495364803658,9.70825815826462,27.70626642332753,DESCENT,SENSOR_DRIFT,True,0.46349999999999997,1.0,DRIFT:cht,42,86.32,3600.0,11.56336,-2.390844,-0.075963,0.105947,-3.191981,0.014461
2026-01-01T00:25:28Z,AE300_CLASS-SIM-01,AE300_CLASS,LONG_ENDURANCE_LOITER,2640.975912890328,-1.8702624490069608,1405.0437111448812,0.36204909594196116,50.27694957790642,705.695388021552,73.41823116399353,44.761621817223244,21.16571966995407,0.4759346713935612,27.519748062702735,10.005368598288786,27.53196484608226,DESCENT,SENSOR_DRIFT,True,0.46399999999999997,1.0,DRIFT:cht,42,86.3,3600.0,13.63914,-0.447944,-0.200831,0.052425,15.986916,0.02401
2026-01-01T00:25:29Z,AE300_CLASS-SIM-01,AE300_CLASS,LONG_ENDURANCE_LOITER,2627.6631102364836,-2.1300104047588477,1394.738198251198,0.362464817293768,47.27392807233289,705.2947710464655,74.0251614238248,44.7403180309188,21.24314699570137,0.4519688635532655,27.52580737021745,10.395199286470422,27.225951564549625,DESCENT,SENSOR_DRIFT,True,0.46449999999999997,1.0,DRIFT:cht,42,86.32,3600.0,10.94148,-0.596042,0.423256,0.128805,6.30526,0.000181
2026-01-01T00:25:30Z,AE300_CLASS-SIM-01,AE300_CLASS,LONG_ENDURANCE_LOITER,2613.128558424561,-1.998065697973076,1394.7895911265025,0.3637890260295662,49.727952032613636,710.3679623980986,74.114432958448,44.609455180798854,21.16978336294099,0.5800524433418549,27.51761783370175,10.209654009118212,27.37949853855483,DESCENT,SENSOR_DRIFT,True,0.46499999999999997,1.0,DRIFT:cht,42,86.28,3600.0,13.200386,4.166771,0.510591,0.02457,6.286255,0.127984
2026-01-01T00:25:31Z,AE300_CLASS-SIM-01,AE300_CLASS,LONG_ENDURANCE_LOITER,2597.822860503401,-1.8586838923732456,1387.1773363482853,0.36557633330871275,48.76667464562256,714.0155336625661,74.14746319226258,44.99440405782191,21.21528972824394,0.5356930009029015,27.51841715684014,9.886987792077141,27.042470296453935,DESCENT,SENSOR_DRIFT,True,0.4655,1.0,DRIFT:cht,42,86.19,3600.0,11.972835,7.395342,0.522521,0.021581,-2.093301,0.083029
2026-01-01T00:25:32Z,AE300_CLASS-SIM-01,AE300_CLASS,LONG_ENDURANCE_LOITER,2584.1714940965767,-1.6644406040850264,1383.6797321700758,0.3673146044804459,47.415895510789326,705.5685777072894,73.7166503067613,45.99171908981046,21.114141080180904,0.4658763785260027,27.588179077339525,10.108872658398822,27.418311678138846,DESCENT,SENSOR_DRIFT,True,0.46599999999999997,1.0,DRIFT:cht,42,86.14,3600.0,10.283459,-1.543053,0.056733,-0.131151,-6.862719,0.012469
2026-01-01T00:25:33Z,AE300_CLASS-SIM-01,AE300_CLASS,LONG_ENDURANCE_LOITER,2569.8922503332624,-1.7800834086907775,1402.3633634021867,0.36394436787032186,48.02937826874643,710.3102869524531,73.37633979450067,44.98993066764268,21.10715107024594,0.565992378887663,27.64948303870459,9.901784822395657,27.40444058463683,DESCENT,SENSOR_DRIFT,True,0.46649999999999997,1.0,DRIFT:cht,42,86.06,3600.0,11.450515,3.896179,-0.279192,-0.036483,11.980384,0.113464
2026-01-01T00:25:34Z,AE300_CLASS-SIM-01,AE300_CLASS,LONG_ENDURANCE_LOITER,2554.1744663742397,-1.6543732565946068,1391.286179960534,0.363807686018444,46.365758633057055,707.2829113473804,73.63830909270612,45.064377264893295,21.130769721040465,0.4362680627137042,27.592084493977467,10.091324451366233,27.534829668109886,DESCENT,SENSOR_DRIFT,True,0.46699999999999997,1.0,DRIFT:cht,42,86.06,3600.0,9.763187,0.808195,-0.014767,-0.001263,0.992492,-0.01615
2026-01-01T00:25:35Z,AE300_CLASS-SIM-01,AE300_CLASS,LONG_ENDURANCE_LOITER,2540.3254279800444,-1.5369326494389515,1394.6658749870553,0.3596498847926332,51.07395850758605,707.3242843152543,74.6375887732101,44.14162582913073,21.053273147542598,0.46880245646765717,27.571540656989022,10.029386075496136,27.352257143910034,DESCENT,SENSOR_DRIFT,True,0.46749999999999997,1.0,DRIFT:cht,42,86.04,3600.0,14.905309,1.49196,1.025179,0.053902,5.850961,0.01784
2026-01-01T00:25:36Z,AE300_CLASS-SIM-01,AE300_CLASS,LONG_ENDURANCE_LOITER,2524.0578242586103,-1.635303369111776,1392.230165452606,0.3607681493327366,46.54591708010594,705.4998881197838,73.84561961118916,46.65195693659234,21.16400995616419,0.5166914311067871,27.583136852259447,10.03449876569408,27.699212473852405,DESCENT,SENSOR_DRIFT,True,0.46799999999999997,1.0,DRIFT:cht,42,86.01,3600.0,10.462752,-0.345339,0.250875,0.145504,4.057648,0.065718
2026-01-01T00:25:37Z,AE300_CLASS-SIM-01,AE300_CLASS,LONG_ENDURANCE_LOITER,2508.432383245829,-1.379692880792476,1387.801349063143,0.3648426695982722,47.06076749304259,708.712960689513,73.90990162917727,45.73571173221363,21.137901755381296,0.5212777617171243,27.55497306511044,10.080021518742484,27.211822317283527,DESCENT,SENSOR_DRIFT,True,0.4685,1.0,DRIFT:cht,42,85.99,3600.0,10.351503,1.958509,0.286403,0.005728,-1.416794,0.069099
2026-01-01T00:25:38Z,AE300_CLASS-SIM-01,AE300_CLASS,LONG_ENDURANCE_LOITER,2494.3861408179337,-0.9581923489761368,1384.3621507587748,0.3640604019316836,49.02098549872304,709.8750683304639,72.90010172056297,45.88409315331532,21.07165187678971,0.4249142629661819,27.54685974306989,10.22853836252817,27.430951639116888,DESCENT,SENSOR_DRIFT,True,0.469,1.0,DRIFT:cht,42,85.97,3600.0,12.03123,2.834533,-0.739564,-0.036693,-5.443879,-0.027215
2026-01-01T00:25:39Z,AE300_CLASS-SIM-01,AE300_CLASS,LONG_ENDURANCE_LOITER,2481.0581148129936,-1.2989911196104034,1382.4664231653123,0.3640060603198494,46.66731703591302,706.2641167194909,74.85000392927253,45.599575598384476,21.104625627201578,0.40402043800135395,27.507751317920462,10.152788198658438,27.27787368027032,DESCENT,SENSOR_DRIFT,True,0.4695,1.0,DRIFT:cht,42,85.97,3600.0,10.08192,-0.414146,1.196694,0.000239,-7.83575,-0.048202
2026-01-01T00:25:40Z,AE300_CLASS-SIM-01,AE300_CLASS,LONG_ENDURANCE_LOITER,2468.427098889015,-1.0118633476896715,1414.7399055296748,0.3612775825915956,48.83230443707004,704.3812323321697,74.15018357064126,45.75093309248041,20.993387618139902,0.44184611352290964,27.61566765613764,10.316090257157308,27.12202811339307,DESCENT,SENSOR_DRIFT,True,0.47,1.0,DRIFT:cht,42,85.97,3600.0,12.325206,-2.096004,0.511532,-0.025719,24.970742,-0.009543
2026-01-01T00:25:41Z,AE300_CLASS-SIM-01,AE300_CLASS,LONG_ENDURANCE_LOITER,2451.5343788677355,-0.6503321532221241,1389.274129111951,0.362511289473543,49.789794315028814,703.1647417705426,73.26010640336915,45.18405623231199,21.10831622109864,0.5018703394181777,27.58953574101915,9.895366952281597,27.502583962205556,DESCENT,SENSOR_DRIFT,True,0.4705,1.0,DRIFT:cht,42,85.97,3600.0,12.879495,-3.833148,-0.381925,0.06175,-0.617911,0.050216
2026-01-01T00:25:42Z,AE300_CLASS-SIM-01,AE300_CLASS,LONG_ENDURANCE_LOITER,2437.4210321537435,-0.7420547981441442,1396.7275306332494,0.365260306801688,48.380207539332545,705.8895037702837,74.26297350290565,46.708120513332396,20.988427592816354,0.4061114021553235,27.609457225925834,9.441135606113027,27.07818938920689,DESCENT,SENSOR_DRIFT,True,0.471,1.0,DRIFT:cht,42,85.94,3600.0,11.320952,-1.466252,0.589318,-0.13626,5.685502,-0.046478
2026-01-01T00:25:43Z,AE300_CLASS-SIM-01,AE300_CLASS,LONG_ENDURANCE_LOITER,2422.6642239944554,-0.73359237597397,1382.1223525507437,0.3618326175656433,48.66878378210781,705.2898076269271,74.54746436777934,45.90531988122884,21.067742130695244,0.38566541318673525,27.498052875258693,10.038212949421046,27.59429941662441,DESCENT,SENSOR_DRIFT,True,0.47150000000000003,1.0,DRIFT:cht,42,85.91,3600.0,12.041236,-1.480858,0.881419,0.046731,-8.642931,-0.066
2026-01-01T00:25:44Z,AE300_CLASS-SIM-01,AE300_CLASS,LONG_ENDURANCE_LOITER,2406.8184296648774,-0.6326601696914886,1380.794979159848,0.35967386591268186,48.572656233207866,705.2657271957775,73.04213219757351,44.49439156465014,20.871886500239235,0.47249840254921505,27.58050042850309,10.07450200879671,27.178655609208093,DESCENT,SENSOR_DRIFT,True,0.472,1.0,DRIFT:cht,42,85.88,3600.0,12.174168,-1.186354,-0.599104,-0.075763,-9.06815,0.021655
2026-01-01T00:25:45Z,AE300_CLASS-SIM-01,AE300_CLASS,LONG_ENDURANCE_LOITER,2395.258926935864,-0.4533581998733883,1389.3902235622204,0.3605196758468149,47.47729514031176,707.1933001339205,74.35458848707499,46.67351104219251,20.954700033964283,0.4751472869493205,27.512490564211124,10.112299403145059,27.18936467731185,DESCENT,SENSOR_DRIFT,True,0.4725,1.0,DRIFT:cht,42,85.89,3600.0,10.881604,0.46975,0.722238,-0.008825,-0.149805,0.024245
2026-01-01T00:25:46Z,AE300_CLASS-SIM-01,AE300_CLASS,LONG_ENDURANCE_LOITER,2380.202050008584,-0.019222504762176795,1385.2474596591896,0.3664011621740316,48.958799192503605,704.5665671957508,73.2660772588202,47.79986065388711,20.98468913305422,0.4252896883429991,27.54835985916165,10.019056712776022,27.311646469616313,DESCENT,SENSOR_DRIFT,True,0.473,1.0,DRIFT:cht,42,85.85,3600.0,11.352055,-3.566958,-0.419671,-0.148637,-6.234281,-0.027504
2026-01-01T00:25:47Z,AE300_CLASS-SIM-01,AE300_CLASS,LONG_ENDURANCE_LOITER,2365.1021820527462,-0.10375003216853351,1381.2400095761388,0.3615670384333056,48.22632725766508,705.2785275556593,74.10371299177763,44.63084847340779,20.798172446450486,0.46072785407191785,27.55092154985528,9.48051598830911,27.05533306925113,DESCENT,SENSOR_DRIFT,True,0.4735,1.0,DRIFT:cht,42,85.82,3600.0,11.284436,-1.958057,0.422923,-0.193344,-10.061455,0.009153
2026-01-01T00:25:48Z,AE300_CLASS-SIM-01,AE300_CLASS,LONG_ENDURANCE_LOITER,2352.895950066505,-0.20554777280605907,1389.1714548540415,0.36439048981791894,49.65018894952665,711.6402286452524,73.08745393914238,44.921777720343066,20.962243085363596,0.4691336904962455,27.606385614890588,9.393681136327084,27.416416977691537,DESCENT,SENSOR_DRIFT,True,0.474,1.0,DRIFT:cht,42,85.78,3600.0,12.559934,4.049395,-0.619188,-0.10854,-3.070072,0.016665
2026-01-01T00:25:49Z,AE300_CLASS-SIM-01,AE300_CLASS,LONG_ENDURANCE_LOITER,2336.9005696167997,-0.03978252331164078,1386.0850771615583,0.3607594525654144,47.313858737923425,705.8764674506889,73.14630693764123,45.395279440574974,20.89583244619735,0.4282464849512928,27.525997807655866,9.489587767260643,27.604003202267748,DESCENT,SENSOR_DRIFT,True,0.47450000000000003,1.0,DRIFT:cht,42,85.76,3600.0,10.526204,-1.243483,-0.546399,-0.063759,-5.649683,-0.02318
2026-01-01T00:25:50Z,AE300_CLASS-SIM-01,AE300_CLASS,LONG_ENDURANCE_LOITER,2320.0824889184973,-0.035921830636986285,1376.517009099356,0.3621597427102633,48.540517943233155,705.4643942024217,73.41700637001055,46.86280427830302,20.718187570120044,0.41310740680689656,27.551536381421272,9.836834088124279,27.68459714259491,DESCENT,SENSOR_DRIFT,True,0.475,1.0,DRIFT:cht,42,85.74,3600.0,11.688307,-1.847635,-0.281348,-0.273926,-15.423163,-0.038647
2026-01-01T00:25:51Z,AE300_CLASS-SIM-01,AE300_CLASS,LONG_ENDURANCE_LOITER,2305.7436097943287,0.15790904880924314,1401.4091594409379,0.3605078948382435,47.44853444557103,703.121267796831,73.945447003439,47.60580908128546,20.91322569079219,0.5055587978727304,27.659927823749264,10.123781670046638,27.14266697581744,DESCENT,SENSOR_DRIFT,True,0.4755,1.0,DRIFT:cht,42,85.7,3600.0,10.654582,-4.072377,0.257091,-0.024256,9.832571,0.054341
2026-01-01T00:25:52Z,AE300_CLASS-SIM-01,AE300_CLASS,LONG_ENDURANCE_LOITER,2291.7432578149246,0.3096989456948316,1386.8837177737262,0.3619003000785148,48.23905292360709,707.6646596250191,73.44935888038023,46.426941322811686,20.8783208631753,0.377526823499014,27.538536354152235,9.499160370641027,27.245657214080314,DESCENT,SENSOR_DRIFT,True,0.476,1.0,DRIFT:cht,42,85.69,3600.0,11.216584,0.121725,-0.247178,-0.093345,-4.990365,-0.074054
2026-01-01T00:25:53Z,AE300_CLASS-SIM-01,AE300_CLASS,LONG_ENDURANCE_LOITER,2275.890587678838,0.3507315097686539,1395.686463332399,0.3597316994197781,46.679990969150126,706.4644269942415,72.99813671345096,46.24999520374844,20.889536907176264,0.494413539208883,27.575063957901115,10.243219114679361,27.344648602849794,DESCENT,SENSOR_DRIFT,True,0.4765,1.0,DRIFT:cht,42,85.72,3600.0,9.930416,-0.717859,-0.685408,-0.011889,4.284827,0.043525
2026-01-01T00:25:54Z,AE300_CLASS-SIM-01,AE300_CLASS,LONG_ENDURANCE_LOITER,2262.149659591987,0.42479907645489506,1394.7653536779264,0.35728498993668595,48.82276372669961,705.9259081831093,72.69768291586878,46.83320128554698,20.758149436993033,0.4643966237378133,27.49468793204133,9.646333805037298,27.2396070025474,DESCENT,SENSOR_DRIFT,True,0.477,1.0,DRIFT:cht,42,85.77,3600.0,12.347068,-0.862558,-0.953698,-0.061538,4.53333,0.014467
2026-01-01T00:25:55Z,AE300_CLASS-SIM-01,AE300_CLASS,LONG_ENDURANCE_LOITER,2249.719253822134,0.3085144076687759,1380.7924507007713,0.35878424571954276,48.05045990646954,708.9744002199968,73.14337832571684,46.722305816645175,20.969135421513407,0.43871672585378874,27.5635193542407,9.360479564370358,27.175661644243746,DESCENT,SENSOR_DRIFT,True,0.4774999999999999,1.0,DRIFT:cht,42,85.83,3600.0,11.610618,2.108064,-0.500186,0.115822,-9.155354,-0.01143
2026-01-01T00:25:56Z,AE300_CLASS-SIM-01,AE300_CLASS,LONG_ENDURANCE_LOITER,2234.0229143863985,0.43384867195799426,1392.515373148713,0.358627655149371,46.62181226745183,709.6145970398665,73.03668619213387,45.97691505558564,20.81988267341522,0.5198581140177925,27.51584497353031,9.89965611949339,27.325973357294785,DESCENT,SENSOR_DRIFT,True,0.478,1.0,DRIFT:cht,42,85.88,3600.0,10.157276,2.694241,-0.601622,-0.020754,2.758729,0.069856
2026-01-01T00:25:57Z,AE300_CLASS-SIM-01,AE300_CLASS,LONG_ENDURANCE_LOITER,2219.7360399666604,0.7557295824518526,1385.282778727362,0.35952369848252597,50.067679134624136,711.7777977483247,73.81892638819757,46.84498475471361,20.762802197701685,0.38354553021456783,27.544831711843404,9.885612671144797,27.285108224280368,DESCENT,SENSOR_DRIFT,True,0.4785,1.0,DRIFT:cht,42,85.9,3600.0,13.257443,4.419607,0.17368,-0.097804,-4.726164,-0.066691
2026-01-01T00:25:58Z,AE300_CLASS-SIM-01,AE300_CLASS,LONG_ENDURANCE_LOITER,2205.0632436558913,0.4547906755056743,1386.7343163893697,0.3612117612404829,49.63583428233633,708.5190808300104,73.76603081649857,46.48465396097035,20.67120826539319,0.4696286289921284,27.457962481537614,9.750806580498482,27.299945005294656,DESCENT,SENSOR_DRIFT,True,0.479,1.0,DRIFT:cht,42,85.92,3600.0,13.00934,1.196758,0.096643,-0.235337,-4.15252,0.018791
2026-01-01T00:25:59Z,AE300_CLASS-SIM-01,AE300_CLASS,LONG_ENDURANCE_LOITER,2188.912547680223,1.0934157923536179,1400.6752334904827,0.35901006791179796,47.1422099498864,712.1848116472604,73.86591904732717,46.07873609567054,20.763602240167817,0.4920516747552273,27.53189415684133,9.887196513955024,27.34692718402103,DESCENT,SENSOR_DRIFT,True,0.4795,1.0,DRIFT:cht,42,85.93,3600.0,10.180532,4.612328,0.197743,-0.07501,9.832469,0.041784
2026-01-01T00:26:00Z,AE300_CLASS-SIM-01,AE300_CLASS,LONG_ENDURANCE_LOITER,2173.348718697691,0.8219860728363102,1380.6231601418317,0.35840400269808015,47.16852462866725,707.6330632306407,72.95896833131907,46.00018271258357,20.675924632393457,0.4357429429054083,27.56301420651499,9.951028160712346,27.032582329307708,DESCENT,SENSOR_DRIFT,True,0.48,1.0,DRIFT:cht,42,85.96,3600.0,10.621771,0.472833,-0.704488,-0.137905,-10.047992,-0.014284
2026-01-01T00:26:01Z,AE300_CLASS-SIM-01,AE300_CLASS,LONG_ENDURANCE_LOITER,2160.1637075906233,0.844705850210144,1391.4370776988185,0.3558536162267304,48.24806062764953,704.7413838432258,74.35778174617496,45.95678189223156,20.70806328327064,0.45347382817410004,27.545694089180678,9.608987015336531,27.02562696636312,DESCENT,SENSOR_DRIFT,True,0.4804999999999999,1.0,DRIFT:cht,42,85.98,3600.0,12.023782,-1.96868,0.721404,-0.02318,1.750631,0.004368
2026-01-01T00:26:02Z,AE300_CLASS-SIM-01,AE300_CLASS,LONG_ENDURANCE_LOITER,2144.796069906998,0.9081756071081384,1399.3486958409653,0.36064050296830724,48.29153755722786,702.9052144755871,73.91095824909985,46.29816258969638,20.684318419343118,0.42019179483417973,27.535677781650545,9.728319383144099,27.09931612656749,DESCENT,SENSOR_DRIFT,True,0.481,1.0,DRIFT:cht,42,85.98,3600.0,11.578098,-4.624908,0.245307,-0.178466,8.597737,-0.030275
2026-01-01T00:26:03Z,AE300_CLASS-SIM-01,AE300_CLASS,LONG_ENDURANCE_LOITER,2130.196979507513,1.299866637179499,1387.2553853617917,0.35608396101631096,45.46035075936809,709.5036828758025,73.26749885789789,48.171734912563075,20.71175807659132,0.42305580235557855,27.48853585879436,10.483758301763872,27.415790454685602,DESCENT,SENSOR_DRIFT,True,0.4815,1.0,DRIFT:cht,42,86.0,3600.0,8.899732,2.363902,-0.377109,-0.014572,-2.730359,-0.026094
2026-01-01T00:26:04Z,AE300_CLASS-SIM-01,AE300_CLASS,LONG_ENDURANCE_LOITER,2117.9612782662007,1.5144908224845592,1388.954917541279,0.3582603556583191,47.7451121085528,708.9265283141017,73.28957996419,46.87239465322149,20.69356607834773,0.3911734914547384,27.568773779969057,9.734287512066448,26.99613123442655,DESCENT,SENSOR_DRIFT,True,0.482,1.0,DRIFT:cht,42,86.02,3600.0,10.808614,1.250137,-0.362477,-0.088651,-1.301703,-0.058514
2026-01-01T00:26:05Z,AE300_CLASS-SIM-01,AE300_CLASS,LONG_ENDURANCE_LOITER,2101.3968405046962,1.2847001278603187,1393.252051927875,0.35584817368276533,50.254239900365086,708.3290990473823,73.32097792692977,47.335409390468165,20.65211917055485,0.4700235107337449,27.557938999061523,9.635878946926507,27.294517384706758,DESCENT,SENSOR_DRIFT,True,0.4825,1.0,DRIFT:cht,42,86.06,3600.0,13.882822,1.32468,-0.31506,-0.052813,3.577953,0.021114
2026-01-01T00:26:06Z,AE300_CLASS-SIM-01,AE300_CLASS,LONG_ENDURANCE_LOITER,2088.191770998334,1.280286769254721,1389.3970093784346,0.35184263380769637,49.8153129561061,708.3604461949071,74.30057093732016,46.52027373361411,20.72627672266646,0.4900331788404239,27.548206066725836,9.708027091913536,27.129417407591756,DESCENT,SENSOR_DRIFT,True,0.483,1.0,DRIFT:cht,42,86.06,3600.0,13.953331,2.092112,0.714798,0.148993,1.550706,0.042625
2026-01-01T00:26:07Z,AE300_CLASS-SIM-01,AE300_CLASS,LONG_ENDURANCE_LOITER,2070.897952120085,1.4133565187456991,1378.283132524398,0.3579136671894035,46.431224848238784,707.3128590165289,73.76059026268183,47.857645098882884,20.670266062682057,0.4903694879015982,27.53760763066069,9.843859947916595,27.24711710667901,DESCENT,SENSOR_DRIFT,True,0.48349999999999993,1.0,DRIFT:cht,42,86.1,3600.0,9.902254,-0.031157,0.149936,-0.070913,-10.467935,0.041367
2026-01-01T00:26:08Z,AE300_CLASS-SIM-01,AE300_CLASS,LONG_ENDURANCE_LOITER,2060.2871217202114,1.9358132218545472,1378.61150172184,0.35038224275923585,49.1298625249963,709.9046715349842,74.44228833714348,48.26539043593636,20.71258629536959,0.5223426579971765,27.613984729390502,10.078518956330099,27.097781930504002,DESCENT,SENSOR_DRIFT,True,0.484,1.0,DRIFT:cht,42,86.08,3600.0,12.918006,3.319302,0.886448,0.194698,-8.146345,0.075681
2026-01-01T00:26:09Z,AE300_CLASS-SIM-01,AE300_CLASS,LONG_ENDURANCE_LOITER,2043.7374572162432,1.760630792858871,1386.1657081251599,0.35409045475096906,50.433763351930466,704.8002385744354,73.91834389112165,47.99159351078172,20.56268975465376,0.3990513626619184,27.48729004950619,9.95642135105296,27.279588686239173,DESCENT,SENSOR_DRIFT,True,0.4845,1.0,DRIFT:cht,42,86.06,3600.0,14.117079,-2.144737,0.364748,-0.048074,-0.510518,-0.048373
2026-01-01T00:26:10Z,AE300_CLASS-SIM-01,AE300_CLASS,LONG_ENDURANCE_LOITER,2027.9280005217026,1.5290008980012513,1389.7885503224034,0.3535414343016883,47.47521623756168,704.231859397772,73.44852946171972,48.20657010545023,20.579656551154816,0.39387330398386955,27.552966620446664,10.12099130776531,27.294077600437763,DESCENT,SENSOR_DRIFT,True,0.485,1.0,DRIFT:cht,42,86.05,3600.0,11.524994,-2.350322,-0.100127,-0.008011,3.291941,-0.053322
2026-01-01T00:26:11Z,AE300_CLASS-SIM-01,AE300_CLASS,LONG_ENDURANCE_LOITER,2014.6859686467767,1.8563579898165956,1380.4269861687249,0.35176531627840374,46.249533096987605,710.2504715150576,73.76110678239516,47.96166129477238,20.602515904156917,0.46249442363334914,27.525858665252322,9.706328578070222,27.215868222056148,DESCENT,SENSOR_DRIFT,True,0.4855,1.0,DRIFT:cht,42,86.07,3600.0,10.226343,3.677764,0.232092,0.073719,-5.355378,0.015957
2026-01-01T00:26:12Z,AE300_CLASS-SIM-01,AE300_CLASS,LONG_ENDURANCE_LOITER,2003.767136025315,2.1530303062183966,1387.7247274940707,0.35606530188359276,50.028737740496844,703.0895032065797,73.44982868977434,47.9621645978066,20.606809602386267,0.4369945927168201,27.551248102214018,9.66208421869543,27.44330186658367,DESCENT,SENSOR_DRIFT,True,0.486,1.0,DRIFT:cht,42,86.1,3600.0,13.317492,-4.465118,-0.108875,-0.041146,0.862792,-0.010803
2026-01-01T00:26:13Z,AE300_CLASS-SIM-01,AE300_CLASS,LONG_ENDURANCE_LOITER,1983.251656002575,2.030688450931565,1373.5385974639255,0.35099627666925903,48.83694663107187,707.9081995022171,73.40628279776092,49.015938143859785,20.63670906898095,0.44381775487821407,27.56515542249736,9.661308501999777,27.37895682377204,DESCENT,SENSOR_DRIFT,True,0.48649999999999993,1.0,DRIFT:cht,42,86.13,3600.0,12.860875,1.350363,-0.127135,0.14136,-12.403862,-0.002493
2026-01-01T00:26:14Z,AE300_CLASS-SIM-01,AE300_CLASS,LONG_ENDURANCE_LOITER,1969.0422426132975,2.458958554740219,1394.318862896638,0.35037992506989557,47.406637331374874,708.1585243998713,73.39210856992473,48.60798758837149,20.519262871830893,0.5154082859492353,27.555419080570854,10.519822716511099,27.374287036508505,DESCENT,SENSOR_DRIFT,True,0.487,1.0,DRIFT:cht,42,86.15,3600.0,11.150415,1.335772,-0.117933,0.052586,9.226444,0.069535
2026-01-01T00:26:15Z,AE300_CLASS-SIM-01,AE300_CLASS,LONG_ENDURANCE_LOITER,1954.2258934926294,2.5973494875209773,1393.924213523817,0.353260295250162,49.28100205129767,703.6618214570714,72.72945092344106,48.19413394278908,20.60892462012044,0.4644574797039838,27.62340228430527,10.186608126458845,27.285939125575084,DESCENT,SENSOR_DRIFT,True,0.4875,1.0,DRIFT:cht,42,86.16,3600.0,12.667777,-3.729305,-0.793835,0.067609,8.350162,0.017839
2026-01-01T00:26:16Z,AE300_CLASS-SIM-01,AE300_CLASS,LONG_ENDURANCE_LOITER,1943.44230204866,2.6075559745448618,1385.5665394138268,0.3517946711011326,48.6312524479372,700.2499992045473,73.66470921902282,48.92655203401351,20.520252406167295,0.4620198085488776,27.553244923583314,9.187722407546884,27.531199110733137,DESCENT,SENSOR_DRIFT,True,0.488,1.0,DRIFT:cht,42,86.15,3600.0,12.203117,-6.893486,0.144522,0.024008,0.105203,0.0158
2026-01-01T00:26:17Z,AE300_CLASS-SIM-01,AE300_CLASS,LONG_ENDURANCE_LOITER,1926.5315900622336,2.3812928142037886,1395.5279020611686,0.35390184538136693,48.81221099633679,709.1698292771567,73.01586087076944,48.32999278404859,20.5746637255153,0.41589700849749756,27.514999130985224,9.806998609138642,27.29608052292035,DESCENT,SENSOR_DRIFT,True,0.4885,1.0,DRIFT:cht,42,86.15,3600.0,12.469789,1.936535,-0.525558,0.023654,9.294476,-0.030974
2026-01-01T00:26:18Z,AE300_CLASS-SIM-01,AE300_CLASS,LONG_ENDURANCE_LOITER,1913.4713581497606,2.3620271344140513,1368.070451087384,0.3535091305215444,47.05817696818541,705.319938196895,72.5502364663259,49.352816152721225,20.50340351155866,0.46018612831352573,27.567019081236193,9.161958588533222,27.131959143459923,DESCENT,SENSOR_DRIFT,True,0.48899999999999993,1.0,DRIFT:cht,42,86.15,3600.0,10.822548,-1.821684,-1.005254,-0.034789,-18.674665,0.013293
2026-01-01T00:26:19Z,AE300_CLASS-SIM-01,AE300_CLASS,LONG_ENDURANCE_LOITER,1897.2390760009987,2.55123025099621,1383.909429406354,0.35188128829424653,49.783520344568004,702.8957213328475,73.52579935792232,49.17275345341312,20.412356371512608,0.4374089351285673,27.573491307003987,9.779961063715167,27.379825770265274,DESCENT,SENSOR_DRIFT,True,0.48949999999999994,1.0,DRIFT:cht,42,86.14,3600.0,13.594603,-4.13879,-0.026352,-0.073983,-2.714264,-0.009029
2026-01-01T00:26:20Z,AE300_CLASS-SIM-01,AE300_CLASS,LONG_ENDURANCE_LOITER,1883.4753805539094,2.7115539523836856,1377.4948190862006,0.35160544822393847,48.61448026630158,704.2728085948171,73.78877927386218,49.730290350155364,20.413625529171988,0.41320205211313904,27.5242115541817,9.26959246798533,27.57833041584785,DESCENT,SENSOR_DRIFT,True,0.49,1.0,DRIFT:cht,42,86.12,3600.0,12.359622,-2.841269,0.239965,-0.058432,-9.007527,-0.033093
2026-01-01T00:26:21Z,AE300_CLASS-SIM-01,AE300_CLASS,LONG_ENDURANCE_LOITER,1868.076671929229,2.7243568733878485,1377.7099939368002,0.35005739840054545,47.59037599685497,711.0918531424895,72.96199701257875,47.42942795407848,20.47177952116334,0.44098034736627,27.545807906365187,9.937675688907463,27.2971269554038,DESCENT,SENSOR_DRIFT,True,0.4905,1.0,DRIFT:cht,42,86.08,3600.0,11.556634,4.264156,-0.570905,0.052058,-8.213715,-0.004745
2026-01-01T00:26:22Z,AE300_CLASS-SIM-01,AE300_CLASS,LONG_ENDURANCE_LOITER,1854.0964402863763,2.73706975137812,1373.8142393282872,0.34915469879297445,47.09437293996946,707.8315987040194,72.71157818802034,48.441734873791965,20.413740962617773,0.4438793455489578,27.570632402691473,9.66841798890563,27.17545844474198,DESCENT,SENSOR_DRIFT,True,0.491,1.0,DRIFT:cht,42,86.08,3600.0,11.215833,1.191409,-0.802137,0.0291,-11.411764,-0.001391
2026-01-01T00:26:23Z,AE300_CLASS-SIM-01,AE300_CLASS,LONG_ENDURANCE_LOITER,1841.450053559009,2.994703430051453,1395.3181577088505,0.34962752327888913,48.49306194004591,706.7019684642895,73.62211511512375,48.54960072764971,20.41535814881022,0.5144097099814136,27.596575964872585,10.07969812949043,27.073254681795,DESCENT,SENSOR_DRIFT,True,0.4915,1.0,DRIFT:cht,42,86.08,3600.0,12.378,-0.227135,0.116408,0.025473,10.383343,0.06916
2026-01-01T00:26:24Z,AE300_CLASS-SIM-01,AE300_CLASS,LONG_ENDURANCE_LOITER,1823.2298200874498,3.1701626384135406,1390.672603458039,0.3489617288951171,47.617782548014816,711.0059243532088,73.82377404448495,49.89042259886083,20.368579264967266,0.4219814501368063,27.592525507028885,9.680756792241876,27.181877720270037,DESCENT,SENSOR_DRIFT,True,0.49199999999999994,1.0,DRIFT:cht,42,86.07,3600.0,11.483828,4.062129,0.328258,0.006973,6.108373,-0.02295
2026-01-01T00:26:25Z,AE300_CLASS-SIM-01,AE300_CLASS,LONG_ENDURANCE_LOITER,1809.046872012091,3.1555973957207155,1391.2960682012617,0.34670289250876635,49.353105959719834,705.1329186876076,73.41755311422479,48.95149856637004,20.367309419509514,0.432320983021308,27.53674356322982,9.584746263455202,27.470434296876714,DESCENT,SENSOR_DRIFT,True,0.49249999999999994,1.0,DRIFT:cht,42,86.09,3600.0,13.53688,-1.374488,-0.049449,0.079363,7.768725,-0.011752
2026-01-01T00:26:26Z,AE300_CLASS-SIM-01,AE300_CLASS,LONG_ENDURANCE_LOITER,1795.8709073074408,3.3081910893495743,1380.5508115957962,0.34862855680218313,47.712773855302146,709.2717265363309,73.17012337902526,47.25118257375031,20.369552066046467,0.4325285408435556,27.531034117558374,10.026241255283168,26.86140229573444,DESCENT,SENSOR_DRIFT,True,0.493,1.0,DRIFT:cht,42,86.09,3600.0,11.623691,2.347397,-0.296533,0.035798,-2.963952,-0.01193
2026-01-01T00:26:27Z,AE300_CLASS-SIM-01,AE300_CLASS,LONG_ENDURANCE_LOITER,1783.6143660974553,3.5800766640671218,1380.5597565030416,0.3482650981233007,49.21322121966145,708.6290636643655,73.22104672109145,47.870926170076494,20.478386251110383,0.48798616385815646,27.5606875406391,9.802108933006622,27.363589741192712,DESCENT,SENSOR_DRIFT,True,0.4935,1.0,DRIFT:cht,42,86.06,3600.0,12.944731,1.521091,-0.243431,0.160188,-2.875803,0.043672
2026-01-01T00:26:28Z,AE300_CLASS-SIM-01,AE300_CLASS,LONG_ENDURANCE_LOITER,1767.7782615957353,3.2037116650434636,1382.392624996105,0.34797922897648026,48.359137252556444,709.3128423847883,72.69780395456493,48.18312056920054,20.296182725110135,0.45176561753368416,27.587646144670074,10.23537665524036,27.226400985185755,DESCENT,SENSOR_DRIFT,True,0.494,1.0,DRIFT:cht,42,86.03,3600.0,12.568491,2.666164,-0.764399,-0.00698,-0.960205,0.00759
2026-01-01T00:26:29Z,AE300_CLASS-SIM-01,AE300_CLASS,LONG_ENDURANCE_LOITER,1753.3290546977726,3.717982705073185,1388.532862658948,0.34856254923143476,48.061356573720246,704.1845261011039,72.9911656217853,49.70962644152375,20.319356454932066,0.42598181167071747,27.58090109289258,9.682437479506463,27.131339146027894,DESCENT,SENSOR_DRIFT,True,0.4945,1.0,DRIFT:cht,42,86.02,3600.0,11.762757,-3.040254,-0.477282,0.005312,4.952945,-0.018346
2026-01-01T00:26:30Z,AE300_CLASS-SIM-01,AE300_CLASS,LONG_ENDURANCE_LOITER,1737.1002528964573,3.8293444770811838,1377.468885259231,0.3487518869684085,48.52070136226883,705.0504658635632,73.36541216150493,48.163401524621854,20.314746237569118,0.3831262677448554,27.597153791031257,9.711598429024502,27.181505848364836,DESCENT,SENSOR_DRIFT,True,0.49499999999999994,1.0,DRIFT:cht,42,85.99,3600.0,12.159692,-2.288574,-0.112033,0.000456,-6.438208,-0.061289
2026-01-01T00:26:31Z,AE300_CLASS-SIM-01,AE300_CLASS,LONG_ENDURANCE_LOITER,1724.6575056587544,3.6462643400329315,1379.2918462087514,0.3443970622314923,50.30738000706444,712.4379113103656,72.74133743992753,48.89066039853564,20.29791430662906,0.4211926755438559,27.552951183117568,9.700518022675698,27.327372525605696,DESCENT,SENSOR_DRIFT,True,0.49549999999999994,1.0,DRIFT:cht,42,85.92,3600.0,14.621746,6.028749,-0.700629,0.113812,-3.325132,-0.02183
2026-01-01T00:26:32Z,AE300_CLASS-SIM-01,AE300_CLASS,LONG_ENDURANCE_LOITER,1706.891885092403,3.924732280869967,1376.6047316446684,0.34695406194571465,46.35977160822504,706.0743707102487,73.23375273682981,50.47085383803383,20.27573920197364,0.44977126819140295,27.553253109485173,9.093673320980079,26.96565962739967,DESCENT,SENSOR_DRIFT,True,0.496,1.0,DRIFT:cht,42,85.9,3600.0,10.237089,-0.964838,-0.209699,0.030721,-6.066254,0.006219
2026-01-01T00:26:33Z,AE300_CLASS-SIM-01,AE300_CLASS,LONG_ENDURANCE_LOITER,1693.27198354993,4.032408998226064,1382.6654122691373,0.34577188205013315,48.317926640394134,706.3045489412062,73.83906184899696,50.36813213676745,20.231670901273837,0.4418717934454144,27.565146495296545,9.856409178807656,27.51205306814848,DESCENT,SENSOR_DRIFT,True,0.4965,1.0,DRIFT:cht,42,85.93,3600.0,12.266182,-0.616702,0.404513,0.026142,0.318199,-0.001278
2026-01-01T00:26:34Z,AE300_CLASS-SIM-01,AE300_CLASS,LONG_ENDURANCE_LOITER,1679.124445219656,4.2607283872976325,1376.0805794721878,0.34594687457312084,45.866805453952864,707.6573940603994,73.77691770761805,47.666250780129985,20.261765576925928,0.4711676637285612,27.575935286609006,9.366868723695614,27.379093104993235,DESCENT,SENSOR_DRIFT,True,0.497,1.0,DRIFT:cht,42,85.94,3600.0,9.636703,0.518706,0.345333,0.058354,-6.158881,0.028055
2026-01-01T00:26:35Z,AE300_CLASS-SIM-01,AE300_CLASS,LONG_ENDURANCE_LOITER,1664.5972900794138,4.268863976170796,1383.211694987553,0.34770651917855544,50.098684677392384,706.6758858480732,73.61039642014929,50.98540354999942,20.228078865494197,0.3931952348543715,27.581034692031587,10.152702852967586,27.455404354980153,DESCENT,SENSOR_DRIFT,True,0.4975,1.0,DRIFT:cht,42,85.94,3600.0,13.748474,-0.730036,0.161111,-0.020198,0.328585,-0.050454
2026-01-01T00:26:36Z,AE300_CLASS-SIM-01,AE300_CLASS,LONG_ENDURANCE_LOITER,1651.0724816494935,3.923376362386236,1379.5332565777205,0.3454974656913491,48.72856473257815,711.987765544157,72.99331862073336,51.91375290617862,20.198748939911763,0.40918741824016447,27.587748264991035,9.996144667345114,27.358540546398192,DESCENT,SENSOR_DRIFT,True,0.49799999999999994,1.0,DRIFT:cht,42,85.88,3600.0,12.994111,5.306703,-0.448931,0.016714,-3.093986,-0.033852
2026-01-01T00:26:37Z,AE300_CLASS-SIM-01,AE300_CLASS,LONG_ENDURANCE_LOITER,1634.2624834664587,4.445095885827522,1376.640412562419,0.3447943971609285,48.560718346089196,704.9782669106745,73.95030792271278,49.60122851906066,20.19408885197168,0.40394902046513903,27.59539150323169,9.51563041682139,27.43131181762948,DESCENT,SENSOR_DRIFT,True,0.49849999999999994,1.0,DRIFT:cht,42,85.83,3600.0,12.452613,-2.063508,0.518138,0.040341,-5.6203,-0.038773
2026-01-01T00:26:38Z,AE300_CLASS-SIM-01,AE300_CLASS,LONG_ENDURANCE_LOITER,1622.4361487112583,4.397692190691537,1383.9740676140336,0.34516369315797524,49.40755724756132,706.743250893306,73.28570950759794,50.21672171054381,20.09802255485693,0.44000478855616,27.57981854841903,9.753501246224227,27.40172023845936,DESCENT,SENSOR_DRIFT,True,0.499,1.0,DRIFT:cht,42,85.84,3600.0,13.367433,-0.276448,-0.144254,-0.059946,1.79359,-0.002738
2026-01-01T00:26:39Z,AE300_CLASS-SIM-01,AE300_CLASS,LONG_ENDURANCE_LOITER,1605.6840528682112,4.490481393151047,1375.8360806211913,0.34502184352623594,51.268102828223206,708.0729621714833,73.20708482823898,49.4070558859622,20.082694604149687,0.40591031591086557,27.584148693074983,9.580593121254713,27.114207549792262,DESCENT,SENSOR_DRIFT,True,0.4995,1.0,DRIFT:cht,42,85.83,3600.0,15.223175,1.022654,-0.222168,-0.064188,-6.318562,-0.036741
2026-01-01T00:26:40Z,AE300_CLASS-SIM-01,AE300_CLASS,LONG_ENDURANCE_LOITER,1590.3943909906181,4.7515887866576385,1382.9792367426296,0.3443011467271354,48.326115276727286,713.4916483109911,74.01640253582582,51.595423694723344,20.059142832582832,0.43633854141495193,27.527936195887328,9.868473727986276,27.415865857341718,DESCENT,SENSOR_DRIFT,True,0.5,1.0,DRIFT:cht,42,85.79,3600.0,12.158282,6.33389,0.592828,-0.060758,1.031078,-0.006044
2026-01-01T00:26:41Z,AE300_CLASS-SIM-01,AE300_CLASS,LONG_ENDURANCE_LOITER,1577.572972652714,4.618087826934412,1378.8115928754216,0.3465189195100435,49.677946316562526,707.7236416565073,73.52296978536387,50.47452038693232,20.16608916216172,0.47521655549686015,27.578881118980924,9.709017607197744,27.248498879796024,DESCENT,SENSOR_DRIFT,True,0.5005,1.0,DRIFT:cht,42,85.8,3600.0,13.481457,0.364306,0.079268,-0.011919,-3.868479,0.032166
2026-01-01T00:26:42Z,AE300_CLASS-SIM-01,AE300_CLASS,LONG_ENDURANCE_LOITER,1562.3690525363968,4.726700403370026,1377.7779399376152,0.34608791254960625,47.83020528163419,709.6218539588626,73.43844704706476,51.21340462710536,20.17384687717422,0.48079037612972,27.534566514705528,9.821233408616045,27.36550090902005,DESCENT,SENSOR_DRIFT,True,0.501,1.0,DRIFT:cht,42,85.81,3600.0,11.620847,2.237393,-0.018361,0.010608,-5.378705,0.037742
2026-01-01T00:26:43Z,AE300_CLASS-SIM-01,AE300_CLASS,LONG_ENDURANCE_LOITER,1545.5896766175695,5.193795683798984,1399.0811012375545,0.3466167988112179,49.81991539295804,709.0052919943944,73.31298931889677,50.50794469199281,20.179191306953772,0.3989240237421642,27.511139045868106,9.575987698782283,27.352217054493366,DESCENT,SENSOR_DRIFT,True,0.5015,1.0,DRIFT:cht,42,85.83,3600.0,13.154892,1.088453,-0.161607,0.00486,15.277603,-0.04438
2026-01-01T00:26:44Z,AE300_CLASS-SIM-01,AE300_CLASS,LONG_ENDURANCE_LOITER,1532.0344290959247,4.999520923295713,1382.3628352275857,0.3424207059671756,45.616158923577785,704.4965262986012,73.57291195533112,51.09966025712086,20.13669814364453,0.4700098732613519,27.528458426670092,9.439627882179574,27.308999094240296,DESCENT,SENSOR_DRIFT,True,0.502,1.0,DRIFT:cht,42,85.88,3600.0,9.607853,-2.518569,0.125665,0.085687,-0.446163,0.027971
2026-01-01T00:26:45Z,AE300_CLASS-SIM-01,AE300_CLASS,LONG_ENDURANCE_LOITER,1518.4323748946447,5.264186793381916,1385.669154975213,0.34673430779233244,48.19849739914479,710.3739155081997,74.36809150439562,50.8169765878295,20.12271580680478,0.4005657103608262,27.589222906612612,10.027153513981457,27.17753367683915,DESCENT,SENSOR_DRIFT,True,0.5025,1.0,DRIFT:cht,42,85.93,3600.0,11.574046,2.436256,0.895613,-0.042557,1.942647,-0.042656
2026-01-01T00:26:46Z,AE300_CLASS-SIM-01,AE300_CLASS,LONG_ENDURANCE_LOITER,1505.0459060232797,5.264987577493353,1385.6248530709606,0.34551292837041947,49.49435122508683,707.0097766216962,73.82444065101689,51.80123829719543,20.045238474985663,0.4422189402608665,27.482659278557996,9.860142196844297,27.434130495605277,DESCENT,SENSOR_DRIFT,True,0.503,1.0,DRIFT:cht,42,85.98,3600.0,13.031191,-0.723372,0.343319,-0.084096,1.584054,-0.000783
2026-01-01T00:26:47Z,AE300_CLASS-SIM-01,AE300_CLASS,LONG_ENDURANCE_LOITER,1489.1973904921008,5.337723757008529,1381.237641770693,0.34284331866335943,49.13794101914576,705.2172510975513,73.34054820627121,50.17216560201413,20.099579167330596,0.45292608367259357,27.536103741280748,9.692814398574141,27.21651521738952,DESCENT,SENSOR_DRIFT,True,0.5035,1.0,DRIFT:cht,42,86.04,3600.0,12.926892,-2.12082,-0.122143,0.051893,-2.132963,0.010762
2026-01-01T00:26:48Z,AE300_CLASS-SIM-01,AE300_CLASS,LONG_ENDURANCE_LOITER,1476.715842755861,5.346348152698473,1387.1138218277372,0.3419229187627168,49.911213290712695,710.3318383199698,73.93141177608467,52.27627953140758,20.067537402685478,0.4977284866646392,27.61826664501372,9.341704327690524,27.15809937104617,DESCENT,SENSOR_DRIFT,True,0.504,1.0,DRIFT:cht,42,86.03,3600.0,13.845822,3.183425,0.490343,0.054547,4.529515,0.056038
2026-01-01T00:26:49Z,AE300_CLASS-SIM-01,AE300_CLASS,LONG_ENDURANCE_LOITER,1458.1731156023936,5.666463285375367,1371.9981150458418,0.3394958708745942,47.44292577890694,702.5744262213261,73.56281173865435,50.18894317951104,19.934341560827132,0.439997151950508,27.553930038454258,9.114015636063518,27.140490940896274,DESCENT,SENSOR_DRIFT,True,0.5045,1.0,DRIFT:cht,42,86.02,3600.0,11.38569,-4.431132,0.160357,0.002193,-9.182039,-0.000687
2026-01-01T00:26:50Z,AE300_CLASS-SIM-01,AE300_CLASS,LONG_ENDURANCE_LOITER,1445.7213752053742,5.548559842312848,1380.1406302839987,0.34513635173525004,51.677124588462156,706.5788460949141,72.84244616435674,50.996305980927296,20.033195659984717,0.439344532431543,27.577619233606445,10.33515513212057,26.989538949096367,DESCENT,SENSOR_DRIFT,True,0.505,1.0,DRIFT:cht,42,86.02,3600.0,15.262302,-1.173908,-0.590233,-0.049267,-2.138629,-0.002867
2026-01-01T00:26:51Z,AE300_CLASS-SIM-01,AE300_CLASS,LONG_ENDURANCE_LOITER,1430.4893804994504,5.928046476604219,1378.6817034290427,0.34407898701114886,49.72411389239734,710.9337922698817,74.29524349952165,51.56371849958328,19.90257953323514,0.4100844088197987,27.640579655982442,9.243956066106158,27.319988957994433,DESCENT,SENSOR_DRIFT,True,0.5055,1.0,DRIFT:cht,42,86.01,3600.0,13.078515,2.977695,0.848212,-0.148996,-4.119459,-0.032001
2026-01-01T00:26:52Z,AE300_CLASS-SIM-01,AE300_CLASS,LONG_ENDURANCE_LOITER,1412.894902830566,5.588982589383229,1388.4334297329708,0.3422941440628818,48.432141107659,705.2048434441647,72.53273974815143,51.954914650378946,19.97614343607629,0.3729795128074339,27.55429097993465,9.839224122315722,27.21432774634752,DESCENT,SENSOR_DRIFT,True,0.506,1.0,DRIFT:cht,42,85.98,3600.0,12.364221,-2.094516,-0.90945,-0.019887,5.808359,-0.068606
2026-01-01T00:26:53Z,AE300_CLASS-SIM-01,AE300_CLASS,LONG_ENDURANCE_LOITER,1402.2573223583045,5.892177355656433,1377.1659878620153,0.34205296367104415,49.895115189861144,710.3966190816932,73.78395086923155,50.87660710414851,20.017119703508946,0.4622701977914951,27.52464085600006,9.522191458911292,27.345343522880825,DESCENT,SENSOR_DRIFT,True,0.5065,1.0,DRIFT:cht,42,85.95,3600.0,13.594615,2.861656,0.346375,0.033016,-5.291302,0.02082
2026-01-01T00:26:54Z,AE300_CLASS-SIM-01,AE300_CLASS,LONG_ENDURANCE_LOITER,1389.5653622292127,5.709499215302907,1393.48249870869,0.34399498601848305,49.21624946958963,706.840251593429,73.6007519782515,50.9908884656748,19.954111638572538,0.3748088075276667,27.483314002780272,10.357814083567852,27.251811526299708,DESCENT,SENSOR_DRIFT,True,0.507,1.0,DRIFT:cht,42,85.91,3600.0,12.965543,-0.800333,0.144901,-0.079945,10.360629,-0.067225
2026-01-01T00:26:55Z,AE300_CLASS-SIM-01,AE300_CLASS,LONG_ENDURANCE_LOITER,1373.2222001981709,6.07143174770003,1376.0960055905957,0.34077476466936235,49.094246843474274,706.9783771784296,73.08349542502893,52.02787087109559,19.961913330746505,0.45872673062031427,27.581122346643486,9.603602979740032,27.215977665055576,DESCENT,SENSOR_DRIFT,True,0.5075,1.0,DRIFT:cht,42,85.9,3600.0,12.85018,-0.477172,-0.35554,0.023266,-6.414375,0.017632
2026-01-01T00:26:56Z,AE300_CLASS-SIM-01,AE300_CLASS,LONG_ENDURANCE_LOITER,1360.557012176713,6.029231051996955,1368.6631897553627,0.3422221885152261,48.176095763423945,704.5271527819648,73.81726893749726,51.58219640565216,19.860647438250012,0.5279793654529101,27.488438656133706,9.625395940075299,26.956879876998453,DESCENT,SENSOR_DRIFT,True,0.508,1.0,DRIFT:cht,42,85.88,3600.0,11.896755,-3.080149,0.374299,-0.111539,-13.990263,0.086564
2026-01-01T00:26:57Z,AE300_CLASS-SIM-01,AE300_CLASS,LONG_ENDURANCE_LOITER,1344.1559873507806,6.169458694968423,1387.4015579545096,0.34079856056071994,50.76883291205316,706.355372506216,72.69378748153244,51.99209005152795,19.90716939124322,0.3589010531849389,27.510596367372603,9.426900269330517,27.47253936154226,DESCENT,SENSOR_DRIFT,True,0.5085,1.0,DRIFT:cht,42,85.83,3600.0,14.551686,-1.126863,-0.739912,-0.018609,5.085195,-0.082052
2026-01-01T00:26:58Z,AE300_CLASS-SIM-01,AE300_CLASS,LONG_ENDURANCE_LOITER,1330.2278353660242,6.308256392247739,1384.850578007299,0.33647663579583553,48.29769868004372,708.6962594700699,73.48716781007826,51.41670827770172,19.905897639259003,0.45584363673958744,27.552382702587163,9.902982972870886,27.285997549907954,DESCENT,SENSOR_DRIFT,True,0.509,1.0,DRIFT:cht,42,85.82,3600.0,12.419304,1.823944,0.102983,0.110574,4.334779,0.016411
2026-01-01T00:26:59Z,AE300_CLASS-SIM-01,AE300_CLASS,LONG_ENDURANCE_LOITER,1315.350194038978,6.712241551567845,1387.23472268431,0.34375969467053974,48.17786303354781,703.1296794356135,73.34653354890285,51.76837139291094,19.981645995046446,0.389637809056915,27.549547119736378,9.762878612817257,27.252167908204964,DESCENT,SENSOR_DRIFT,True,0.5095,1.0,DRIFT:cht,42,85.81,3600.0,11.287048,-5.259916,-0.077172,-0.007092,5.281785,-0.051768
2026-01-01T00:27:00Z,AE300_CLASS-SIM-01,AE300_CLASS,LONG_ENDURANCE_LOITER,1299.7427055291428,6.603785267980945,1388.88338243656,0.3430714909424453,49.11351677345213,705.3191009924905,74.09710706539686,51.12911485679654,19.987412629636253,0.500837002651931,27.61222345726698,9.84358630815894,26.919239242559446,DESCENT,SENSOR_DRIFT,True,0.51,1.0,DRIFT:cht,42,85.77,3600.0,12.437499,-2.856217,0.64817,0.01733,6.012927,0.05936
2026-01-01T00:27:01Z,AE300_CLASS-SIM-01,AE300_CLASS,LONG_ENDURANCE_LOITER,1283.857985420055,6.690824899770615,1376.4875223143215,0.3390916624655465,49.88727369292434,707.1426368950002,72.85490963891895,52.882895852056414,19.896780555947753,0.42900724459245737,27.581043298434047,9.663128646567682,27.434777058252635,DESCENT,SENSOR_DRIFT,True,0.5105,1.0,DRIFT:cht,42,85.75,3600.0,13.554473,-0.458464,-0.574484,0.041963,-5.672239,-0.011339
2026-01-01T00:27:02Z,AE300_CLASS-SIM-01,AE300_CLASS,LONG_ENDURANCE_LOITER,1271.0601451616715,6.9381724833204235,1367.988665141288,0.34036288249086816,48.593397688974385,705.228382899015,73.92169171253246,52.97080058243165,19.73141801852101,0.4722705643899679,27.576303636101553,9.414339776572747,27.1087373310373,DESCENT,SENSOR_DRIFT,True,0.511,1.0,DRIFT:cht,42,85.73,3600.0,11.955393,-2.781328,0.492178,-0.151246,-14.175479,0.031684
2026-01-01T00:27:03Z,AE300_CLASS-SIM-01,AE300_CLASS,LONG_ENDURANCE_LOITER,1253.8641371631052,6.783745215414437,1379.748835576826,0.34076066022738377,49.48104613259454,704.6812087147187,73.5047527757119,52.084135626453886,19.781649020292466,0.3684066814695642,27.577474828247265,9.761828295752043,27.316508231936954,DESCENT,SENSOR_DRIFT,True,0.5115,1.0,DRIFT:cht,42,85.7,3600.0,13.029154,-3.202748,0.068534,-0.10573,-2.659128,-0.072285
2026-01-01T00:27:04Z,AE300_CLASS-SIM-01,AE300_CLASS,LONG_ENDURANCE_LOITER,1240.5743000164298,6.954828645981927,1371.2505428806976,0.33691572326518515,49.19517517613606,708.3988307065991,72.66117947435691,51.48616683073016,19.801758741772797,0.48292914480920907,27.51990348246769,9.66673087623243,27.268761637361667,DESCENT,SENSOR_DRIFT,True,0.512,1.0,DRIFT:cht,42,85.66,3600.0,12.986755,0.994382,-0.742348,0.027739,-9.968649,0.043467
2026-01-01T00:27:05Z,AE300_CLASS-SIM-01,AE300_CLASS,LONG_ENDURANCE_LOITER,1226.7087955947493,7.064161339057242,1371.3503470776072,0.3372995367139872,51.036700170682934,711.8929397592915,73.77034536488732,53.40542643178412,19.7000831277255,0.3969658290149771,27.539928344375785,10.345901224687196,27.183949915654733,DESCENT,SENSOR_DRIFT,True,0.5125,1.0,DRIFT:cht,42,85.58,3600.0,14.757035,4.378683,0.385691,-0.073802,-9.182552,-0.042336
2026-01-01T00:27:06Z,AE300_CLASS-SIM-01,AE300_CLASS,LONG_ENDURANCE_LOITER,1213.6173564494366,7.175505804238216,1383.1441303705265,0.33828627208625894,47.63293545792661,700.1317599306649,73.9647389359148,52.031090803020795,19.683578205592333,0.4592267793447256,27.569068714659657,9.848227907190427,27.397229542687384,DESCENT,SENSOR_DRIFT,True,0.513,1.0,DRIFT:cht,42,85.51,3600.0,11.211921,-7.608238,0.582324,-0.109996,2.692691,0.019774
2026-01-01T00:27:07Z,AE300_CLASS-SIM-01,AE300_CLASS,LONG_ENDURANCE_LOITER,1196.5381871127497,7.082294410666399,1378.3066727404612,0.33969883592366595,46.480729329980385,708.0694825416886,73.80423870054551,53.39737036282924,19.824097664347153,0.4872149937637213,27.44237447743222,10.098553595940045,27.27839250909037,DESCENT,SENSOR_DRIFT,True,0.5135,1.0,DRIFT:cht,42,85.48,3600.0,10.089159,0.230533,0.40642,-0.002626,-2.704904,0.047342
2026-01-01T00:27:08Z,AE300_CLASS-SIM-01,AE300_CLASS,LONG_ENDURANCE_LOITER,1185.3353102408505,7.132138161796327,1368.146964619681,0.34135053314778907,48.03109898862758,706.8556788520176,73.61900778283267,53.3821321088444,19.83227967537274,0.4492938321299776,27.5100339801366,9.823156759201408,27.336174654224585,DESCENT,SENSOR_DRIFT,True,0.514,1.0,DRIFT:cht,42,85.48,3600.0,11.469818,-1.294693,0.190739,-0.039755,-13.971897,0.00877
2026-01-01T00:27:09Z,AE300_CLASS-SIM-01,AE300_CLASS,LONG_ENDURANCE_LOITER,1166.0274476632217,7.615927726247998,1362.9002069951316,0.3395688312731877,48.43288659912123,709.7170984036633,73.60810514016862,52.77866794239172,19.7806423836024,0.4352127965248522,27.580708861165856,10.263403680240863,27.025564775973304,DESCENT,SENSOR_DRIFT,True,0.5145,1.0,DRIFT:cht,42,85.52,3600.0,11.614779,1.383957,0.172321,-0.03874,-19.491952,-0.004944
2026-01-01T00:27:10Z,AE300_CLASS-SIM-01,AE300_CLASS,LONG_ENDURANCE_LOITER,1149.3844471747611,7.435565526624769,1376.8073649728015,0.3364670858714263,48.074745300776854,710.2001687021159,72.75377926733873,53.278432200885156,19.777899371664553,0.4532055303172666,27.571580953565586,9.889258708964569,27.23374469282177,DESCENT,SENSOR_DRIFT,True,0.5149999999999999,1.0,DRIFT:cht,42,85.57,3600.0,11.789404,2.580614,-0.657985,0.051502,-4.711334,0.014032
2026-01-01T00:27:11Z,AE300_CLASS-SIM-01,AE300_CLASS,LONG_ENDURANCE_LOITER,1139.0635884127473,7.665663899127048,1384.283745560953,0.338723806486882,47.07512530445439,707.2592110583089,72.89281677284508,53.45715230107201,19.769219998664955,0.42647761927544453,27.522868812776178,9.780225168552617,27.2046827239733,DESCENT,SENSOR_DRIFT,True,0.5155,1.0,DRIFT:cht,42,85.66,3600.0,10.403082,-0.912038,-0.525608,-0.012936,2.52283,-0.013227
2026-01-01T00:27:12Z,AE300_CLASS-SIM-01,AE300_CLASS,LONG_ENDURANCE_LOITER,1127.1396999931876,7.953442958122405,1386.9716198975639,0.33713198147876294,51.69683613450055,708.4629275476124,73.15344541963377,52.491359245505876,19.669445135493415,0.43840122355364347,27.57050722902213,9.173247793945011,27.156289246560654,DESCENT,SENSOR_DRIFT,True,0.516,1.0,DRIFT:cht,42,85.74,3600.0,14.928902,0.281521,-0.255263,-0.064249,5.564051,-0.000817
2026-01-01T00:27:13Z,AE300_CLASS-SIM-01,AE300_CLASS,LONG_ENDURANCE_LOITER,1110.735943187588,7.878835607040797,1379.6704683828777,0.3368779051565456,47.736094854580934,705.2517844303491,73.33854018352667,53.58444105873993,19.71158297730069,0.4003524837575489,27.542465415460303,10.04800633495128,27.304225825900268,DESCENT,SENSOR_DRIFT,True,0.5165,1.0,DRIFT:cht,42,85.83,3600.0,11.136363,-2.769402,-0.062537,-0.006967,-1.459605,-0.038679
2026-01-01T00:27:14Z,AE300_CLASS-SIM-01,AE300_CLASS,LONG_ENDURANCE_LOITER,1095.5895337682998,7.72320781907538,1374.7434387447518,0.3361242918355793,49.727722098189574,709.4043066621948,73.5373620185051,52.92085326977769,19.65309980860138,0.5305258464214487,27.5296132553631,9.203604865066438,26.97573831376282,DESCENT,SENSOR_DRIFT,True,0.517,1.0,DRIFT:cht,42,85.87,3600.0,13.41722,1.700662,0.147708,-0.037059,-5.971263,0.091826
2026-01-01T00:27:15Z,AE300_CLASS-SIM-01,AE300_CLASS,LONG_ENDURANCE_LOITER,1080.7202166693073,8.112872573100013,1375.5903348789584,0.3387883624172199,49.382572808629966,710.9434984950935,73.01862962973213,52.68975909500434,19.675301942401145,0.45998811874926204,27.54465762549252,9.675517932381135,27.30877756009321,DESCENT,SENSOR_DRIFT,True,0.5175,1.0,DRIFT:cht,42,85.91,3600.0,12.499738,2.460275,-0.392222,-0.082417,-5.895169,0.02053
2026-01-01T00:27:16Z,AE300_CLASS-SIM-01,AE300_CLASS,LONG_ENDURANCE_LOITER,1064.5359081470087,8.015526049288281,1375.8759457574276,0.33461531124031385,49.94425825020619,706.4393975670212,72.45414995887793,53.20469916187925,19.592059713361998,0.4604699563251055,27.583987675446387,8.931993141322657,27.103328473316466,DESCENT,SENSOR_DRIFT,True,0.5179999999999999,1.0,DRIFT:cht,42,85.94,3600.0,13.596114,-1.256479,-0.931757,-0.045438,-4.702485,0.022231
2026-01-01T00:27:17Z,AE300_CLASS-SIM-01,AE300_CLASS,LONG_ENDURANCE_LOITER,1052.6133928684624,7.950127063053098,1384.8699263682834,0.33737641084750225,49.228205082710204,705.7019927864425,72.31350532480671,54.18276578224032,19.762172948935525,0.518801225750772,27.543904648976632,9.253303731471632,27.344065417653837,DESCENT,SENSOR_DRIFT,True,0.5185,1.0,DRIFT:cht,42,85.93,3600.0,12.750678,-2.326228,-1.083931,0.055711,3.872226,0.079878
2026-01-01T00:27:18Z,AE300_CLASS-SIM-01,AE300_CLASS,LONG_ENDURANCE_LOITER,1037.309696835773,8.327969758546507,1381.394960321971,0.33518600692835965,50.7996307537773,710.869018350561,73.11487224784933,52.79131050803418,19.478182217285333,0.4222816114032408,27.50791429027118,9.703531401915662,27.16700012448523,DESCENT,SENSOR_DRIFT,True,0.519,1.0,DRIFT:cht,42,85.91,3600.0,14.19896,2.838502,-0.270749,-0.162748,0.826906,-0.015995
2026-01-01T00:27:19Z,AE300_CLASS-SIM-01,AE300_CLASS,LONG_ENDURANCE_LOITER,1022.575523691222,8.472836581029442,1381.9407001259365,0.3344888421023489,51.67888217202915,709.9682324425809,73.1597603433719,53.34551021895231,19.661552171685667,0.4468489258274472,27.506744527869067,9.84285319621405,27.404923254861,DESCENT,SENSOR_DRIFT,True,0.5195,1.0,DRIFT:cht,42,85.9,3600.0,15.060765,1.948196,-0.211764,0.04786,1.88527,0.008918
2026-01-01T00:27:20Z,AE300_CLASS-SIM-01,AE300_CLASS,LONG_ENDURANCE_LOITER,1010.1054166353441,8.67724568356049,1393.5283434268115,0.3379043625150903,49.953583059711626,707.3341503865598,72.52038804064662,53.755440107508505,19.631529563491736,0.43954279282995645,27.476005608445405,9.485121123012258,27.3120963693747,DESCENT,SENSOR_DRIFT,True,0.52,1.0,DRIFT:cht,42,85.91,3600.0,12.873273,-1.40279,-0.877873,-0.071062,12.500666,0.000626
2026-01-01T00:27:21Z,AE300_CLASS-SIM-01,AE300_CLASS,LONG_ENDURANCE_LOITER,992.2111274475568,8.565478686785562,1381.9492042583759,0.33640260194871824,51.761531056389245,706.8762336770138,73.4232057412419,54.014145735554784,19.62548769134036,0.4616281393995409,27.60847811505655,8.868387853869367,27.276957736069622,DESCENT,SENSOR_DRIFT,True,0.5205,1.0,DRIFT:cht,42,85.93,3600.0,14.984577,-1.495005,0.017663,-0.032676,0.656744,0.023013
2026-01-01T00:27:22Z,AE300_CLASS-SIM-01,AE300_CLASS,LONG_ENDURANCE_LOITER,979.8977831802033,8.60013228178717,1362.9634247550716,0.33376689666734166,48.636063096697534,712.6488852828595,73.5061971726174,53.24031689041484,19.44952209170487,0.4638849303617084,27.57926721649185,9.499714321478821,27.3037637820013,DESCENT,SENSOR_DRIFT,True,0.5209999999999999,1.0,DRIFT:cht,42,85.93,3600.0,12.108556,4.687459,0.120841,-0.131184,-17.59498,0.026092
2026-01-01T00:27:23Z,AE300_CLASS-SIM-01,AE300_CLASS,LONG_ENDURANCE_LOITER,964.0609275406395,8.89029062460855,1385.6437828604037,0.3303332603683053,47.77091686319731,713.6547277234312,73.75360055528746,52.928604748321256,19.464625376738365,0.446519057268196,27.505671900712553,9.466106819568006,27.205078337604636,DESCENT,SENSOR_DRIFT,True,0.5215,1.0,DRIFT:cht,42,85.9,3600.0,11.337305,6.00946,0.417163,-0.010437,6.864233,0.010033
2026-01-01T00:27:24Z,AE300_CLASS-SIM-01,AE300_CLASS,LONG_ENDURANCE_LOITER,949.8643424167047,8.993980742267363,1391.4215964868688,0.33237549762766905,48.13990904047289,709.0725021909806,74.06506937885645,53.74405288161956,19.59604889687466,0.399360437724398,27.55215855000685,9.209209162243296,27.21275265047825,DESCENT,SENSOR_DRIFT,True,0.522,1.0,DRIFT:cht,42,85.89,3600.0,11.497387,1.071995,0.742397,0.077481,13.142583,-0.037377
2026-01-01T00:27:25Z,AE300_CLASS-SIM-01,AE300_CLASS,LONG_ENDURANCE_LOITER,935.2419841985953,9.011010101540966,1390.907865009891,0.33227776471373693,47.03544266890757,707.4345014328242,73.46238235866907,54.34356555391728,19.521772978712065,0.5038409820967361,27.55669936672469,9.523026926883398,27.09342941470459,DESCENT,SENSOR_DRIFT,True,0.5225,1.0,DRIFT:cht,42,85.91,3600.0,10.447344,-0.523535,0.149062,0.013775,12.968948,0.067267
2026-01-01T00:27:26Z,AE300_CLASS-SIM-01,AE300_CLASS,LONG_ENDURANCE_LOITER,918.2132673023244,9.063968123781006,1380.0623065041102,0.3306591167079215,49.6029554086834,707.6143329945462,73.04344524715442,53.58280863913198,19.541726033625675,0.42659459874408134,27.52755404197317,9.2926393033075,27.18954493111206,DESCENT,SENSOR_DRIFT,True,0.523,1.0,DRIFT:cht,42,85.95,3600.0,13.177152,-0.092272,-0.2483,0.086901,2.907933,-0.009352
2026-01-01T00:27:27Z,AE300_CLASS-SIM-01,AE300_CLASS,LONG_ENDURANCE_LOITER,907.6367253533051,9.14037101113202,1376.5672904131168,0.3331169808491369,51.46011261575872,709.4070663261357,73.43833691729861,54.88505264205047,19.494154899625748,0.44490153786237296,27.531578479529593,9.082651160980825,27.259425288965755,DESCENT,SENSOR_DRIFT,True,0.5235,1.0,DRIFT:cht,42,85.99,3600.0,14.787375,1.272311,0.1357,-0.021644,-0.983137,0.008344
2026-01-01T00:27:28Z,AE300_CLASS-SIM-01,AE300_CLASS,LONG_ENDURANCE_LOITER,892.1866867933212,9.16100972292612,1385.3604707002262,0.330779015580499,47.40960808482251,706.0988380245881,72.62459470240199,54.71482083525839,19.44473744887576,0.4807919051451384,27.58963146949647,9.267002314121383,27.085740962590886,DESCENT,SENSOR_DRIFT,True,0.5239999999999999,1.0,DRIFT:cht,42,86.03,3600.0,10.978571,-1.660075,-0.664073,-0.001908,8.318017,0.04493
2026-01-01T00:27:29Z,AE300_CLASS-SIM-01,AE300_CLASS,LONG_ENDURANCE_LOITER,877.8849928123603,9.445934300550523,1363.9037722673686,0.3325077861845036,46.881758275763275,706.5318380094959,73.8069287686434,57.07098946765692,19.461770897372432,0.3802231273324491,27.530482561081907,9.560993968184226,27.105377745913128,DESCENT,SENSOR_DRIFT,True,0.5245,1.0,DRIFT:cht,42,86.02,3600.0,10.071139,-1.746107,0.508659,-0.025341,-13.487849,-0.056069
2026-01-01T00:27:30Z,AE300_CLASS-SIM-01,AE300_CLASS,LONG_ENDURANCE_LOITER,861.1127644860326,9.329722499029135,1380.6433648003544,0.33132784878855404,48.618982536567124,706.2084942138455,73.1253075609097,53.74837488903216,19.419921645445758,0.46516945696349865,27.54175204972889,9.01180662529848,27.35861303321127,DESCENT,SENSOR_DRIFT,True,0.525,1.0,DRIFT:cht,42,86.02,3600.0,12.087482,-1.738872,-0.170332,-0.029672,3.347373,0.029209
2026-01-01T00:27:31Z,AE300_CLASS-SIM-01,AE300_CLASS,LONG_ENDURANCE_LOITER,848.5417463963446,9.281071722104585,1375.1986917242655,0.32980469123077333,50.671705035756375,707.0610944598625,73.27555148084554,54.522282094587325,19.3598041050028,0.4993112041521215,27.577400639739125,9.31031841213146,27.232606667697333,DESCENT,SENSOR_DRIFT,True,0.5255,1.0,DRIFT:cht,42,86.01,3600.0,14.373013,-0.565362,-0.00393,-0.042277,-1.509736,0.063885
2026-01-01T00:27:32Z,AE300_CLASS-SIM-01,AE300_CLASS,LONG_ENDURANCE_LOITER,834.7945102056054,9.591694485246965,1388.5354577283892,0.33694681279494676,49.65465150624689,706.4877542886508,72.85981574318778,52.88677649831615,19.509774527468725,0.4200237392587117,27.585864125478068,9.854151047900645,27.04063834888661,DESCENT,SENSOR_DRIFT,True,0.526,1.0,DRIFT:cht,42,85.97,3600.0,12.466144,-2.54933,-0.484448,-0.083262,9.471336,-0.017578
2026-01-01T00:27:33Z,AE300_CLASS-SIM-01,AE300_CLASS,LONG_ENDURANCE_LOITER,817.3537787078836,9.939828033417555,1377.0293682335175,0.329512758259096,48.486986746579255,707.7399436693213,73.98034765719723,55.43616234131992,19.43207703106554,0.5072770316295238,27.606623268857913,9.628135085391529,27.61815818640602,DESCENT,SENSOR_DRIFT,True,0.5265,1.0,DRIFT:cht,42,85.94,3600.0,11.643677,-0.481766,0.662434,0.041516,-1.076574,0.0716
2026-01-01T00:27:34Z,AE300_CLASS-SIM-01,AE300_CLASS,LONG_ENDURANCE_LOITER,803.7955319332785,9.937620941240532,1374.6503054934115,0.3323612524283944,49.55013048436522,709.4450988454807,74.37409640698657,55.74784676969032,19.43607904351797,0.4007946361939573,27.55826368536976,9.222181815179418,27.333742892917602,DESCENT,SENSOR_DRIFT,True,0.5269999999999999,1.0,DRIFT:cht,42,85.92,3600.0,12.519343,0.823478,1.044256,-0.024151,-3.889359,-0.035578
2026-01-01T00:27:35Z,AE300_CLASS-SIM-01,AE300_CLASS,LONG_ENDURANCE_LOITER,790.8761497928709,9.840763016446276,1388.927274049581,0.33332356991651785,50.09511512966553,709.7540118413922,73.03046438081486,54.792659525343204,19.329097223190985,0.4139938140748901,27.546501165498622,9.023157649646219,27.286174586277646,DESCENT,SENSOR_DRIFT,True,0.5275,1.0,DRIFT:cht,42,85.91,3600.0,13.116692,1.090353,-0.320477,-0.155067,9.620323,-0.02277
2026-01-01T00:27:36Z,AE300_CLASS-SIM-01,AE300_CLASS,LONG_ENDURANCE_LOITER,776.5331924057899,9.9613123397636,1358.2829344900674,0.3294940144711698,48.116931551193744,706.4810259949778,73.94537113000911,53.03995864204863,19.33111686883151,0.4727123718908152,27.522541765812417,9.284425139568487,27.503469309034482,DESCENT,SENSOR_DRIFT,True,0.528,1.0,DRIFT:cht,42,85.86,3600.0,11.399153,-1.68196,0.616617,-0.044872,-20.217229,0.037046
2026-01-01T00:27:37Z,AE300_CLASS-SIM-01,AE300_CLASS,LONG_ENDURANCE_LOITER,760.9842477567837,10.197437028321456,1380.5072054052673,0.3300456170054198,51.59954284561066,713.540373821391,72.53114161187928,55.16449635322375,19.36383945694492,0.4159270683660996,27.58980323364231,9.591707974206587,27.486385049419678,DESCENT,SENSOR_DRIFT,True,0.5285,1.0,DRIFT:cht,42,85.81,3600.0,14.66524,5.106547,-0.788842,-0.01794,2.325975,-0.019719
2026-01-01T00:27:38Z,AE300_CLASS-SIM-01,AE300_CLASS,LONG_ENDURANCE_LOITER,747.4837329472795,10.356788699001644,1368.531065421955,0.3278322725964104,49.04370558099978,711.927645487381,72.85021408269179,54.482534807894694,19.285494647744617,0.5589936171331995,27.544813436986086,9.670296655364641,27.025427098281114,DESCENT,SENSOR_DRIFT,True,0.529,1.0,DRIFT:cht,42,85.71,3600.0,12.199039,3.723376,-0.44174,-0.028498,-8.630884,0.124156
2026-01-01T00:27:39Z,AE300_CLASS-SIM-01,AE300_CLASS,LONG_ENDURANCE_LOITER,732.6888875998823,9.980825006213612,1369.952701804514,0.3277039188677227,50.29744807252451,706.0198573550517,73.96795647356826,55.79278918321626,19.297756189749972,0.47986305268861373,27.534713142167956,9.330888940942646,27.329847457468095,DESCENT,SENSOR_DRIFT,True,0.5295,1.0,DRIFT:cht,42,85.63,3600.0,13.908124,-1.730995,0.696501,-0.002549,-6.463858,0.045313
2026-01-01T00:27:40Z,AE300_CLASS-SIM-01,AE300_CLASS,LONG_ENDURANCE_LOITER,712.9874298028342,10.451889226675975,1371.69437137369,0.3274596742815842,52.58711969620621,706.7707325599083,73.70902754540569,55.687685490750056,19.348480113103005,0.42355881804099865,27.53827762300418,9.96310722820384,27.333999371227364,DESCENT,SENSOR_DRIFT,True,0.5299999999999999,1.0,DRIFT:cht,42,85.57,3600.0,15.829611,-1.352645,0.452853,0.0656,-4.166538,-0.01072
2026-01-01T00:27:41Z,AE300_CLASS-SIM-01,AE300_CLASS,LONG_ENDURANCE_LOITER,701.3338118954324,10.279576912229917,1372.4748399400783,0.3305741016512127,51.60268302379896,709.8296763974693,72.54802237298414,56.17632525851853,19.39009543594311,0.44250624298443425,27.62951998952954,9.105111387291837,27.296106573205694,DESCENT,SENSOR_DRIFT,True,0.5305,1.0,DRIFT:cht,42,85.52,3600.0,14.794397,1.422038,-0.731158,0.028068,-4.222618,0.007356
2026-01-01T00:27:42Z,AE300_CLASS-SIM-01,AE300_CLASS,LONG_ENDURANCE_LOITER,685.9696679623069,10.690031286269553,1380.7361098070674,0.3319360449668588,50.7490617691446,707.1623889683603,73.05128570937474,55.40825551278436,19.267629231396718,0.49517912414275184,27.601294928407384,9.049125313900136,27.198094382853615,DESCENT,SENSOR_DRIFT,True,0.531,1.0,DRIFT:cht,42,85.48,3600.0,13.454182,-1.863029,-0.262051,-0.130178,2.796609,0.059424
2026-01-01T00:27:43Z,AE300_CLASS-SIM-01,AE300_CLASS,LONG_ENDURANCE_LOITER,673.0104039418685,10.508847374396558,1379.393567480621,0.33097725723121163,51.28806343600603,712.0832343426754,72.94564945085182,55.73723846143552,19.238737583359843,0.44519663877319365,27.563388869251437,9.782740999265702,27.388318885499338,DESCENT,SENSOR_DRIFT,True,0.5315,1.0,DRIFT:cht,42,85.47,3600.0,14.286819,3.38513,-0.385424,-0.133478,0.809067,0.009497
2026-01-01T00:27:44Z,AE300_CLASS-SIM-01,AE300_CLASS,LONG_ENDURANCE_LOITER,659.3667990792544,10.591807853907184,1366.7401476038647,0.3288178178391885,52.108874049366406,708.2599281715273,72.57832020365383,57.563557665011714,19.300456329560266,0.4419867619549813,27.503433327610452,9.496349598250696,27.293282305463283,DESCENT,SENSOR_DRIFT,True,0.532,1.0,DRIFT:cht,42,85.44,3600.0,15.252747,-0.167033,-0.745393,-0.010027,-11.576698,0.006865
2026-01-01T00:27:45Z,AE300_CLASS-SIM-01,AE300_CLASS,LONG_ENDURANCE_LOITER,644.5045310808308,10.713641930777133,1375.685243412201,0.3262679865959265,52.351304637709525,710.8529606914309,73.02637856993502,54.883631700247335,19.27418841817875,0.41197176220073917,27.533361152773658,9.147616705049067,27.03749277174659,DESCENT,SENSOR_DRIFT,True,0.5325,1.0,DRIFT:cht,42,85.39,3600.0,15.651942,2.746022,-0.266918,0.0407,-1.525544,-0.022244
2026-01-01T00:27:46Z,AE300_CLASS-SIM-01,AE300_CLASS,LONG_ENDURANCE_LOITER,629.4106718955082,10.87038489949036,1393.4394489757024,0.32841072908755786,48.72060136469333,704.0655657561706,73.43818295241897,55.62481725043232,19.323847313222533,0.4466956112195587,27.470733757206304,9.17905094584471,27.086865994789186,DESCENT,SENSOR_DRIFT,True,0.5329999999999999,1.0,DRIFT:cht,42,85.36,3600.0,11.74769,-4.47809,0.143079,0.041954,16.16293,0.01205
2026-01-01T00:27:47Z,AE300_CLASS-SIM-01,AE300_CLASS,LONG_ENDURANCE_LOITER,615.2463887408873,10.84729546885601,1376.9125227741636,0.32427214480201966,50.255968643228215,709.419519250977,73.91335663226356,56.256224324897,19.18140587215452,0.5010602037742473,27.542648502712744,9.713646629084575,27.095177981646515,DESCENT,SENSOR_DRIFT,True,0.5335,1.0,DRIFT:cht,42,85.34,3600.0,13.713496,1.581033,0.658688,0.018222,1.106377,0.06776
2026-01-01T00:27:48Z,AE300_CLASS-SIM-01,AE300_CLASS,LONG_ENDURANCE_LOITER,600.1361673898409,10.979809809813293,1377.9773734786054,0.3282743228569939,49.6350224463798,706.8587891616826,73.4129109275657,55.43156013845043,19.125796348096795,0.44963209255847386,27.5456086956509,9.439618214045966,27.264226772895817,DESCENT,SENSOR_DRIFT,True,0.534,1.0,DRIFT:cht,42,85.34,3600.0,12.688179,-1.676176,0.144291,-0.135122,1.663913,0.015382
2026-01-01T00:27:49Z,AE300_CLASS-SIM-01,AE300_CLASS,LONG_ENDURANCE_LOITER,586.4077921953153,11.170641382928569,1367.7414243294306,0.3251117152825467,51.06925936026197,708.8017692295102,73.0016113149868,55.551441263320285,19.240417192053123,0.4236272167217998,27.57996611610151,9.738777269576614,27.13809392869234,DESCENT,SENSOR_DRIFT,True,0.5345,1.0,DRIFT:cht,42,85.36,3600.0,14.245227,0.590358,-0.246053,0.069065,-7.810012,-0.009693
2026-01-01T00:27:50Z,AE300_CLASS-SIM-01,AE300_CLASS,LONG_ENDURANCE_LOITER,572.257804560588,11.31034479650262,1377.3527757734314,0.3217336129208872,49.07736358270415,705.8713935941863,73.10226324795282,56.400721762420595,19.199149551401263,0.44632355106689553,27.522400426907435,9.679086980885032,27.45536665331586,DESCENT,SENSOR_DRIFT,True,0.535,1.0,DRIFT:cht,42,85.41,3600.0,12.463624,-1.898995,-0.095651,0.12889,3.610454,0.014281
2026-01-01T00:27:51Z,AE300_CLASS-SIM-01,AE300_CLASS,LONG_ENDURANCE_LOITER,555.7200126688276,11.284824774884944,1370.5593042226346,0.32600426898639434,49.68703395691708,703.6115799136032,72.58676889962204,57.25604622143822,19.253240739097475,0.5053233755310262,27.558791056781093,9.171109059806962,27.117224272857317,DESCENT,SENSOR_DRIFT,True,0.5355,1.0,DRIFT:cht,42,85.41,3600.0,12.81531,-4.726075,-0.621149,0.080267,-3.546785,0.072322
2026-01-01T00:27:52Z,AE300_CLASS-SIM-01,AE300_CLASS,LONG_ENDURANCE_LOITER,539.429585214199,11.249682868235357,1377.0214251458135,0.32663357865436965,52.947585496580324,708.2422647407665,72.62792545486403,56.37062104207987,19.14589596781812,0.4110863662257264,27.563429433356603,9.100742629421827,27.20148802937716,DESCENT,SENSOR_DRIFT,True,0.5359999999999999,1.0,DRIFT:cht,42,85.43,3600.0,16.108557,-0.135992,-0.59669,-0.039982,2.308133,-0.022176
2026-01-01T00:27:53Z,AE300_CLASS-SIM-01,AE300_CLASS,LONG_ENDURANCE_LOITER,528.060678231915,11.786918998868112,1377.284975964807,0.32736401867881637,49.856017480661876,707.6414069077275,73.8421206566398,55.39378294190987,19.1251773849253,0.48383536496462665,27.541175455942135,9.376108506554433,27.141032924836672,DESCENT,SENSOR_DRIFT,True,0.5365,1.0,DRIFT:cht,42,85.43,3600.0,12.448205,-1.382013,0.595359,-0.07927,1.766371,0.050219
2026-01-01T00:27:54Z,AE300_CLASS-SIM-01,AE300_CLASS,LONG_ENDURANCE_LOITER,512.6757276622709,11.831662576287885,1381.4595235321458,0.3250229144829979,51.884777953844036,709.4689985412086,73.61882640537617,55.77089955556319,19.24021311250141,0.44282839982459005,27.439627926651788,9.956353044596717,27.180543716385664,DESCENT,SENSOR_DRIFT,True,0.537,1.0,DRIFT:cht,42,85.43,3600.0,14.673937,0.77963,0.377895,0.101796,6.152927,0.009813
2026-01-01T00:27:55Z,AE300_CLASS-SIM-01,AE300_CLASS,LONG_ENDURANCE_LOITER,497.3234257249403,11.672689206888581,1377.943772262637,0.3229454443843477,49.746492363272296,706.9825437799949,73.09733845786364,56.292478073323544,19.17361480587374,0.44498018894981156,27.565222047918486,9.638382378000042,27.16477387494026,DESCENT,SENSOR_DRIFT,True,0.5375,1.0,DRIFT:cht,42,85.46,3600.0,12.927006,-1.184968,-0.119276,0.09846,3.521415,0.012702
2026-01-01T00:27:56Z,AE300_CLASS-SIM-01,AE300_CLASS,LONG_ENDURANCE_LOITER,481.80286933964913,12.129109205239855,1381.2371558042466,0.32767009847231565,51.87337556923747,707.2602524349552,72.16888129135263,55.77107217367973,19.14719515618631,0.42806734320319195,27.53264676338618,8.703243526252779,27.175721266829335,DESCENT,SENSOR_DRIFT,True,0.5379999999999999,1.0,DRIFT:cht,42,85.47,3600.0,14.261757,-2.052238,-1.081926,-0.047306,5.571427,-0.00552
2026-01-01T00:27:57Z,AE300_CLASS-SIM-01,AE300_CLASS,LONG_ENDURANCE_LOITER,467.12733217462335,11.8444676128851,1380.57209306145,0.3221083827584987,49.34689073540296,709.0876728561583,73.61465046176316,56.558910747886785,19.183606500894967,0.3749695422732128,27.49121861428399,8.986832677940493,26.928814932902867,DESCENT,SENSOR_DRIFT,True,0.5385,1.0,DRIFT:cht,42,85.48,3600.0,12.524313,0.93082,0.395039,0.140599,6.040755,-0.057076
2026-01-01T00:27:58Z,AE300_CLASS-SIM-01,AE300_CLASS,LONG_ENDURANCE_LOITER,454.67149011440944,11.901248268758273,1364.6267654816004,0.32464848227916016,51.664237863380336,711.5292727130269,73.61257608988639,56.2062370113667,19.0987206473242,0.4547325732094198,27.53032548996686,9.494754043604718,26.98785170212058,DESCENT,SENSOR_DRIFT,True,0.5389999999999999,1.0,DRIFT:cht,42,85.47,3600.0,14.628144,2.971225,0.387722,-0.003908,-10.095213,0.022133
2026-01-01T00:27:59Z,AE300_CLASS-SIM-01,AE300_CLASS,LONG_ENDURANCE_LOITER,438.64193306919265,12.198476429171542,1384.9274540992635,0.3259139903377548,51.484842119591825,708.8289162711211,73.18144929592901,55.84158677123058,19.01861828177814,0.39610862183045326,27.57225107443949,9.725523709665053,27.28503218439709,DESCENT,SENSOR_DRIFT,True,0.5395,1.0,DRIFT:cht,42,85.45,3600.0,14.096684,-0.197613,-0.063282,-0.113502,9.482676,-0.036919
2026-01-01T00:28:00Z,AE300_CLASS-SIM-01,AE300_CLASS,LONG_ENDURANCE_LOITER,426.7739996571056,12.248338632728965,1367.370482935951,0.32323346754063487,49.71626483348243,710.4667168089122,73.05031300949415,57.07372420902594,19.096971365256934,0.39875162630231176,27.58775954757193,9.034472465640222,27.219480345162644,DESCENT,SENSOR_DRIFT,True,0.54,1.0,DRIFT:cht,42,85.46,3600.0,12.534532,1.815817,-0.182626,0.038924,-7.645469,-0.033554
2026-01-01T00:28:01Z,AE300_CLASS-SIM-01,AE300_CLASS,LONG_ENDURANCE_LOITER,410.28031817068444,12.456392936130253,1364.5065097406011,0.31999397330997315,51.666641851837454,707.5491452234882,73.16763505882967,56.68212622674624,19.09673988704593,0.44542941870813624,27.55876672994423,9.0845782474459,27.247674852950702,DESCENT,SENSOR_DRIFT,True,0.5405,1.0,DRIFT:cht,42,85.48,3600.0,14.610306,-0.759164,-0.02411,0.134566,-9.011491,0.014283
2026-01-01T00:28:02Z,AE300_CLASS-SIM-01,AE300_CLASS,LONG_ENDURANCE_LOITER,394.34501395519953,12.328300379181126,1364.4456210024446,0.322464694828609,52.10863408632448,709.2975573054423,73.00626459511494,57.42113189304691,19.034817212265445,0.43480164065352755,27.556173125564587,9.12018011847982,27.187380883307995,DESCENT,SENSOR_DRIFT,True,0.5409999999999999,1.0,DRIFT:cht,42,85.52,3600.0,15.047153,0.801,-0.182956,0.017956,-8.980578,0.003209
2026-01-01T00:28:03Z,AE300_CLASS-SIM-01,AE300_CLASS,LONG_ENDURANCE_LOITER,378.6171274460499,12.608218541260594,1366.1595307752991,0.32485519566031784,47.579449456033224,713.3703510286001,72.4640170112134,56.393865177426925,19.033184784566828,0.45953462541667545,27.537683812562364,9.696675293628248,27.05086788789594,DESCENT,SENSOR_DRIFT,True,0.5415,1.0,DRIFT:cht,42,85.55,3600.0,10.09218,4.254008,-0.751216,-0.042449,-8.212572,0.027214
2026-01-01T00:28:04Z,AE300_CLASS-SIM-01,AE300_CLASS,LONG_ENDURANCE_LOITER,366.06712874649435,12.571354975294307,1369.985517211488,0.3183538650734398,50.759829670626246,708.3791567602399,73.6834251696849,56.40621652985852,18.963529791624882,0.4857134979824044,27.560690164366584,9.590423450030432,27.23731675082248,DESCENT,SENSOR_DRIFT,True,0.5419999999999999,1.0,DRIFT:cht,42,85.56,3600.0,13.880919,0.315278,0.516253,0.064434,-2.638941,0.055293
2026-01-01T00:28:05Z,AE300_CLASS-SIM-01,AE300_CLASS,LONG_ENDURANCE_LOITER,352.7701408044867,12.984615832560475,1374.2703779180924,0.319921757890759,51.65617581191725,707.134113460668,73.14534217669811,57.89939038828023,18.93927772309762,0.40845711124550627,27.567931831760077,9.257733128415587,27.314259969069035,DESCENT,SENSOR_DRIFT,True,0.5425,1.0,DRIFT:cht,42,85.58,3600.0,14.301026,-1.516956,-0.004061,0.010185,2.292078,-0.022067
2026-01-01T00:28:06Z,AE300_CLASS-SIM-01,AE300_CLASS,LONG_ENDURANCE_LOITER,336.0207636032083,12.657821343538249,1386.8470808147435,0.3186062137834808,50.82505123749855,713.9239600457732,73.17851281669287,58.81496644272432,19.01438410870044,0.4309603123891659,27.543611255856696,8.783249476904126,27.119335667700334,DESCENT,SENSOR_DRIFT,True,0.543,1.0,DRIFT:cht,42,85.57,3600.0,13.969687,5.853654,0.054278,0.129642,15.784003,0.001021
2026-01-01T00:28:07Z,AE300_CLASS-SIM-01,AE300_CLASS,LONG_ENDURANCE_LOITER,323.26499442541603,12.935791103120536,1390.640588199994,0.32195080502118795,51.71321616994134,712.0211150409268,73.43116395493522,57.68255208925597,18.957052896217025,0.41536900785150516,27.5665445829602,9.364667568401758,27.259892898762836,DESCENT,SENSOR_DRIFT,True,0.5435,1.0,DRIFT:cht,42,85.56,3600.0,14.357242,3.201007,0.288272,-0.009415,18.899057,-0.015427
2026-01-01T00:28:08Z,AE300_CLASS-SIM-01,AE300_CLASS,LONG_ENDURANCE_LOITER,306.81970236783894,13.017860602094629,1384.1187253521693,0.3206618641164215,53.324374239202996,709.2369769089743,73.15906330134804,57.94030953070745,18.929939150288284,0.34188753868588617,27.583922109370057,10.07029781600965,27.23716663049539,DESCENT,SENSOR_DRIFT,True,0.5439999999999999,1.0,DRIFT:cht,42,85.52,3600.0,16.03803,0.550586,0.013411,0.001188,12.276831,-0.088621
2026-01-01T00:28:09Z,AE300_CLASS-SIM-01,AE300_CLASS,LONG_ENDURANCE_LOITER,294.5619814420356,13.063236097166294,1381.2332444063823,0.32075479009641383,51.3105029292346,704.415635225633,72.9428359780406,58.2389315743446,18.989769545648443,0.47294899244700783,27.485486749126558,8.965871011357384,27.25167237908033,DESCENT,SENSOR_DRIFT,True,0.5445,1.0,DRIFT:cht,42,85.48,3600.0,14.01005,-4.308889,-0.207721,0.062463,9.212988,0.042405
2026-01-01T00:28:10Z,AE300_CLASS-SIM-01,AE300_CLASS,LONG_ENDURANCE_LOITER,278.0464540846611,13.319605557572922,1361.591798625202,0.3203587356680887,50.95345288694376,710.1631594870504,72.71355984417548,56.340437128843874,18.932337394502564,0.45443024818381417,27.588890952078984,9.298361516389424,27.279353405943368,DESCENT,SENSOR_DRIFT,True,0.5449999999999999,1.0,DRIFT:cht,42,85.42,3600.0,13.481008,1.271887,-0.438903,0.020843,-10.497747,0.023996
2026-01-01T00:28:11Z,AE300_CLASS-SIM-01,AE300_CLASS,LONG_ENDURANCE_LOITER,265.31199399566793,13.47856909499047,1372.489304163944,0.3168179791721897,50.94504585741478,709.0851898038092,73.4073054474263,56.79491934115793,18.89007441939696,0.4696697680807362,27.54436800011959,9.310929753989134,27.447899235074885,DESCENT,SENSOR_DRIFT,True,0.5455,1.0,DRIFT:cht,42,85.37,3600.0,13.644934,0.607264,0.289635,0.078129,1.66494,0.040372
2026-01-01T00:28:12Z,AE300_CLASS-SIM-01,AE300_CLASS,LONG_ENDURANCE_LOITER,248.3949937197554,13.559973206497629,1379.8995986786304,0.31954966707676613,51.0254866009543,708.7551851691279,73.25252487986114,57.67785956035176,18.869856188036056,0.414484264354129,27.535538071363355,9.306147239817696,26.824775440221995,DESCENT,SENSOR_DRIFT,True,0.546,1.0,DRIFT:cht,42,85.36,3600.0,13.491688,-0.162443,0.129392,-0.004032,8.876578,-0.015391
2026-01-01T00:28:13Z,AE300_CLASS-SIM-01,AE300_CLASS,LONG_ENDURANCE_LOITER,247.83165881707944,13.310926129273206,1343.564848637296,0.2783739720442523,47.27268484829776,706.1560880849055,72.48474099040574,58.76668193634494,17.887099678081757,0.38917477216925156,27.53872116786328,9.599858142609584,27.0858136226089,LANDING,SENSOR_DRIFT,True,0.5465,1.0,DRIFT:cht,42,85.34,3600.0,13.322112,3.793631,-0.19898,0.107934,-11.47954,-0.027678
2026-01-01T00:28:14Z,AE300_CLASS-SIM-01,AE300_CLASS,LONG_ENDURANCE_LOITER,245.93099513347397,13.344004503997342,1348.8399891166625,0.2780688629207771,45.146624609795104,701.1086378018887,71.84841196025111,58.30518143435899,17.66278563121107,0.43526673795733994,27.53627501914173,8.606226271017658,26.929536564094654,LANDING,SENSOR_DRIFT,True,0.5469999999999999,1.0,DRIFT:cht,42,85.37,3600.0,11.377457,-0.887845,-0.498312,-0.047081,6.050026,0.021873
2026-01-01T00:28:15Z,AE300_CLASS-SIM-01,AE300_CLASS,LONG_ENDURANCE_LOITER,243.98639960800247,13.592337844260982,1327.7842094144064,0.2750273412323403,49.867024150559985,701.673029020256,72.14894286681128,57.58810304710783,17.658124454470894,0.48800637804493185,27.53982387031833,9.220199582712029,26.969682638579382,LANDING,SENSOR_DRIFT,True,0.5475,1.0,DRIFT:cht,42,85.37,3600.0,16.236276,0.153311,0.090863,0.074156,-4.509609,0.078115
2026-01-01T00:28:16Z,AE300_CLASS-SIM-01,AE300_CLASS,LONG_ENDURANCE_LOITER,239.2020359548052,13.332699684791235,1318.378034794816,0.27673186946346984,48.75600670829536,701.8083688511828,71.75207105722001,57.54921745026142,17.604381385298154,0.3527604203863987,27.48043898644538,9.106513014321237,26.893166703719103,LANDING,SENSOR_DRIFT,True,0.5479999999999999,1.0,DRIFT:cht,42,85.35,3600.0,15.38435,0.530538,-0.10562,0.017392,-6.628901,-0.055474
2026-01-01T00:28:17Z,AE300_CLASS-SIM-01,AE300_CLASS,LONG_ENDURANCE_LOITER,237.97974463640097,13.42487157903457,1324.9287044063537,0.2757013757164192,46.057300435714374,699.0804122800324,71.62800932594497,58.47884363993165,17.526679157934552,0.400955252915453,27.5245597422632,8.773223486542566,26.793016849283003,LANDING,SENSOR_DRIFT,True,0.5485,1.0,DRIFT:cht,42,85.38,3600.0,12.760922,-1.976747,-0.066434,-0.005987,5.858033,-0.005456
2026-01-01T00:28:18Z,AE300_CLASS-SIM-01,AE300_CLASS,LONG_ENDURANCE_LOITER,237.77168747961943,13.392931059499002,1315.5700708503227,0.2703237739523678,46.6202701004052,697.7187468024094,71.13274219601252,60.28061513956975,17.495542081021803,0.4601349984409646,27.554397095608913,9.035692405075268,26.859834370271834,LANDING,SENSOR_DRIFT,True,0.549,1.0,DRIFT:cht,42,85.35,3600.0,13.841752,-2.386949,-0.379694,0.1225,3.117849,0.056584
2026-01-01T00:28:19Z,AE300_CLASS-SIM-01,AE300_CLASS,LONG_ENDURANCE_LOITER,236.20589931416382,13.607327168860547,1310.6641734756267,0.27404509776743385,46.61286868411553,700.7074692481998,71.43568746156876,58.544522787440364,17.54129161405502,0.3493822685235204,27.563789759353647,8.593707082721183,27.063088928002635,LANDING,SENSOR_DRIFT,True,0.5495,1.0,DRIFT:cht,42,85.35,3600.0,13.410734,-0.014197,0.021266,0.098559,1.776118,-0.053944
2026-01-01T00:28:20Z,AE300_CLASS-SIM-01,AE300_CLASS,LONG_ENDURANCE_LOITER,230.98131343696056,13.557283421851407,1305.6496007843516,0.26913140834583626,48.95251543614651,697.7050701806712,71.39368882698312,57.32309521941466,17.31646405883402,0.3932338699820625,27.492595589425463,8.322174508104625,26.8527945717202,LANDING,SENSOR_DRIFT,True,0.5499999999999999,1.0,DRIFT:cht,42,85.34,3600.0,16.233517,-2.1637,0.106077,0.013164,1.372817,-0.00787
2026-01-01T00:28:21Z,AE300_CLASS-SIM-01,AE300_CLASS,LONG_ENDURANCE_LOITER,226.94380658202036,13.529237736428842,1302.771642965134,0.2667058545976643,45.921103572914646,701.4551153675087,70.79213494596777,58.649321142481874,17.38507588143882,0.35563917208223383,27.514335874120754,8.892894789182664,26.714035595403985,LANDING,SENSOR_DRIFT,True,0.5505,1.0,DRIFT:cht,42,85.33,3600.0,13.478096,2.070925,-0.373446,0.161074,2.932336,-0.043793
2026-01-01T00:28:22Z,AE300_CLASS-SIM-01,AE300_CLASS,LONG_ENDURANCE_LOITER,226.54313601548,13.697998830660133,1294.9520573665616,0.271659057312345,45.11366366842741,699.5032532874574,71.39730277160484,56.16648484787936,17.291499324087972,0.4198441687435139,27.522542520732394,8.464254049745561,26.6686599340016,LANDING,SENSOR_DRIFT,True,0.5509999999999999,1.0,DRIFT:cht,42,85.32,3600.0,12.172876,-0.674768,0.270999,-0.041002,-3.459001,0.01982
2026-01-01T00:28:23Z,AE300_CLASS-SIM-01,AE300_CLASS,LONG_ENDURANCE_LOITER,225.4797343603286,13.492148248630984,1302.362652576948,0.2705752610858499,45.85515112425736,702.7763536505662,70.86256868503621,59.21778305231699,17.368817251306247,0.4469483332476947,27.50511261857205,9.362936259539175,26.84708105562235,LANDING,SENSOR_DRIFT,True,0.5515,1.0,DRIFT:cht,42,85.29,3600.0,13.222045,2.993681,-0.22233,0.069223,5.457242,0.047541
2026-01-01T00:28:24Z,AE300_CLASS-SIM-01,AE300_CLASS,LONG_ENDURANCE_LOITER,222.5838069404922,13.552246353769837,1288.4523906659692,0.2714790353636585,45.61647412364418,702.1741073491783,71.59171968889083,58.71392129185572,17.215180021629084,0.38357543063282495,27.404188277436226,8.543448291097004,26.93551097994139,LANDING,SENSOR_DRIFT,True,0.552,1.0,DRIFT:cht,42,85.28,3600.0,12.87858,2.236909,0.528178,-0.10077,-7.676391,-0.015796
2026-01-01T00:28:25Z,AE300_CLASS-SIM-01,AE300_CLASS,LONG_ENDURANCE_LOITER,219.5511497887849,13.482089808013251,1292.263594097681,0.27039369490360116,46.21651763203717,704.6325886742538,70.75773504337917,58.38066461366978,17.198757422259302,0.4915536867901961,27.517479326049948,9.197706092232323,26.74352623230642,LANDING,SENSOR_DRIFT,True,0.5525,1.0,DRIFT:cht,42,85.23,3600.0,13.648324,4.944225,-0.278248,-0.086139,-2.86305,0.092669
2026-01-01T00:28:26Z,AE300_CLASS-SIM-01,AE300_CLASS,LONG_ENDURANCE_LOITER,219.8839613563752,13.603348653989173,1298.321772804955,0.264597615081219,46.66888772031224,696.2721348677769,71.0784859305035,56.900087519436454,17.187878324850345,0.44681806124327705,27.531276505455555,8.170998454191587,26.513715636168673,LANDING,SENSOR_DRIFT,True,0.5529999999999999,1.0,DRIFT:cht,42,85.16,3600.0,14.431489,-2.678862,0.126014,0.052023,6.231893,0.049874
2026-01-01T00:28:27Z,AE300_CLASS-SIM-01,AE300_CLASS,LONG_ENDURANCE_LOITER,216.02319464846903,13.837874263748205,1283.933875922762,0.2703059192674639,46.13795092452488,693.6196998890351,70.2113450394524,58.83970850281396,17.170601185154794,0.4635565775051623,27.46058078235927,8.559400113659839,26.791786635181975,LANDING,SENSOR_DRIFT,True,0.5535,1.0,DRIFT:cht,42,85.06,3600.0,13.275016,-6.320369,-0.739719,-0.096186,-8.104821,0.065518
2026-01-01T00:28:28Z,AE300_CLASS-SIM-01,AE300_CLASS,LONG_ENDURANCE_LOITER,212.74844117837733,13.55834965644369,1286.4340513310785,0.26553447683374604,46.471515689635396,699.6520541492733,71.40945042040403,57.15856716078014,17.023853476096377,0.4419821382022177,27.469932781231044,8.393264809872772,26.691538425011096,LANDING,SENSOR_DRIFT,True,0.5539999999999999,1.0,DRIFT:cht,42,84.97,3600.0,14.259879,0.686324,0.510533,-0.122285,-3.708383,0.045386
2026-01-01T00:28:29Z,AE300_CLASS-SIM-01,AE300_CLASS,LONG_ENDURANCE_LOITER,209.69787966501082,13.412047431303296,1283.3347342406869,0.26555792148381846,46.005870162702024,700.200200468193,70.59810235340763,58.941374654153755,17.072114046573688,0.30071179457806985,27.51953451634201,8.721029678846069,26.692263074207137,LANDING,SENSOR_DRIFT,True,0.5545,1.0,DRIFT:cht,42,84.88,3600.0,13.967316,1.421682,-0.261811,-0.066887,-5.389381,-0.095507
2026-01-01T00:28:30Z,AE300_CLASS-SIM-01,AE300_CLASS,LONG_ENDURANCE_LOITER,210.1321427344464,13.518229505177606,1290.4082690423693,0.26682288521764785,45.992397762620854,697.9976887950729,70.72956023322486,59.55223140242333,17.097109931446123,0.49147654293910964,27.517256474263224,8.278728860498695,26.681581924414633,LANDING,SENSOR_DRIFT,True,0.555,1.0,DRIFT:cht,42,84.78,3600.0,13.766277,-1.040119,-0.114308,-0.068473,2.267604,0.095165
2026-01-01T00:28:31Z,AE300_CLASS-SIM-01,AE300_CLASS,LONG_ENDURANCE_LOITER,206.110929416758,13.354681237234177,1280.8128239866628,0.2615018117393079,46.19072979483809,703.9144275630248,70.75845562298608,56.528086649430755,16.988650228940383,0.4061905070859541,27.509039043945823,8.94652617275697,26.906203196173916,LANDING,SENSOR_DRIFT,True,0.5555,1.0,DRIFT:cht,42,84.66,3600.0,14.547268,5.82306,-0.016281,-0.040989,-4.81396,0.011587
2026-01-01T00:28:32Z,AE300_CLASS-SIM-01,AE300_CLASS,LONG_ENDURANCE_LOITER,205.09887691437044,13.64335596210305,1290.2810424241327,0.259689635229087,47.07271193003688,697.5330684246921,70.03955083444538,58.66072131774647,17.09805453996375,0.3754980531030317,27.56707466939603,7.946937069106596,26.57585130435997,LANDING,SENSOR_DRIFT,True,0.5559999999999999,1.0,DRIFT:cht,42,84.58,3600.0,15.306847,-0.534373,-0.663207,0.122689,7.271663,-0.018063
2026-01-01T00:28:33Z,AE300_CLASS-SIM-01,AE300_CLASS,LONG_ENDURANCE_LOITER,201.16879982626094,13.635357639333067,1276.3855351431084,0.26082291099319216,45.06216870483563,697.1660567867132,70.77431667490954,57.58315570508414,16.978704078897298,0.3641593027581952,27.455593498593505,8.657522531799929,27.00479074595512,LANDING,SENSOR_DRIFT,True,0.5565,1.0,DRIFT:cht,42,84.55,3600.0,13.256833,-0.996034,0.113555,-0.014433,-5.09672,-0.029213
2026-01-01T00:28:34Z,AE300_CLASS-SIM-01,AE300_CLASS,LONG_ENDURANCE_LOITER,200.6709320666853,13.755775930797713,1275.0472847528347,0.2590557921812643,47.05928362203156,691.6310783149942,70.4438274549524,58.76863091904898,16.887755250492745,0.41167906866639326,27.51815893688029,7.976932876997131,26.754975129388566,LANDING,SENSOR_DRIFT,True,0.5569999999999999,1.0,DRIFT:cht,42,84.5,3600.0,15.283969,-6.367134,-0.165999,-0.056028,-4.582785,0.019136
2026-01-01T00:28:35Z,AE300_CLASS-SIM-01,AE300_CLASS,LONG_ENDURANCE_LOITER,195.83309135725744,13.783479616197342,1282.7197725527803,0.2595015815712502,45.71570684808282,698.6767496541282,70.0366301331552,58.112550046473466,16.879356714676945,0.4384675598704947,27.529675179266093,8.602275717376658,26.99230156081925,LANDING,SENSOR_DRIFT,True,0.5575,1.0,DRIFT:cht,42,84.5,3600.0,13.91092,0.632233,-0.539881,-0.067599,4.30119,0.046166
2026-01-01T00:28:36Z,AE300_CLASS-SIM-01,AE300_CLASS,LONG_ENDURANCE_LOITER,193.94947824724403,13.653760008279484,1274.0574023006327,0.2545733049621014,43.577181709763174,699.4562069055719,69.89683402723125,57.21906295780862,16.89223006389889,0.37292277279588065,27.537041979473653,8.40129848445167,26.60888967310039,LANDING,SENSOR_DRIFT,True,0.558,1.0,DRIFT:cht,42,84.51,3600.0,12.288375,2.269936,-0.601361,0.071751,-1.513324,-0.01768
2026-01-01T00:28:37Z,AE300_CLASS-SIM-01,AE300_CLASS,LONG_ENDURANCE_LOITER,193.58707914424446,13.860476115133224,1265.1631935247353,0.257356385141172,44.56503537173322,695.4907846802769,71.32488373125382,58.23241725552263,16.856552695934994,0.3947229628349622,27.535858691773296,8.15775048681894,26.642439876688243,LANDING,SENSOR_DRIFT,True,0.5585,1.0,DRIFT:cht,42,84.56,3600.0,12.892572,-2.239778,0.85611,-0.022517,-9.337669,0.003863
2026-01-01T00:28:38Z,AE300_CLASS-SIM-01,AE300_CLASS,LONG_ENDURANCE_LOITER,190.7998220020346,13.538745310130148,1280.4874920753405,0.25271556645627896,45.112203823468526,692.9402117477595,69.96736920482635,59.2238542980781,16.903621074740517,0.4421388418394442,27.442204964263528,8.038042190476261,26.76647521805045,LANDING,SENSOR_DRIFT,True,0.5589999999999999,1.0,DRIFT:cht,42,84.57,3600.0,14.125453,-3.785002,-0.429252,0.143243,8.610358,0.052861
2026-01-01T00:28:39Z,AE300_CLASS-SIM-01,AE300_CLASS,LONG_ENDURANCE_LOITER,188.5729762352694,13.661322947235204,1268.0150425712745,0.2527373047078829,47.524738049375074,695.9376100415099,70.41593757347549,58.185993128171425,16.87871070582777,0.3468992534791519,27.546171994812077,7.954916777575305,26.88379457496877,LANDING,SENSOR_DRIFT,True,0.5595,1.0,DRIFT:cht,42,84.58,3600.0,16.446423,-0.857978,0.073656,0.127419,-1.886089,-0.041866
2026-01-01T00:28:40Z,AE300_CLASS-SIM-01,AE300_CLASS,LONG_ENDURANCE_LOITER,182.6122358075281,13.78061294851608,1281.963462761226,0.2554685862905654,45.85419274479438,694.1828512672313,70.03043800088014,59.251699607303614,16.8122007857675,0.42925387176606816,27.501671600531587,8.239227615942173,26.8173899444699,LANDING,SENSOR_DRIFT,True,0.5599999999999999,1.0,DRIFT:cht,42,84.57,3600.0,14.488565,-3.070013,-0.300754,0.00231,12.465564,0.040081
2026-01-01T00:28:41Z,AE300_CLASS-SIM-01,AE300_CLASS,LONG_ENDURANCE_LOITER,183.25939992205448,13.785848592429385,1259.2070973908815,0.2550559647427874,45.81640086192894,695.2721738096815,70.85105526699107,58.31028480734648,16.77121515107535,0.42840168231270176,27.524747292812677,8.397098546754133,26.667566570949717,LANDING,SENSOR_DRIFT,True,0.5605,1.0,DRIFT:cht,42,84.57,3600.0,14.478877,-1.92048,0.532825,-0.027323,-9.819441,0.039429
2026-01-01T00:28:42Z,AE300_CLASS-SIM-01,AE300_CLASS,LONG_ENDURANCE_LOITER,183.5310517869076,13.716318765759285,1272.8480179007593,0.2520545038894777,45.77350609057885,700.2749392849779,70.13951062112857,58.60870169093416,16.742956909087777,0.3592027243780523,27.547602812484044,8.507632921947742,26.624143038340165,LANDING,SENSOR_DRIFT,True,0.561,1.0,DRIFT:cht,42,84.58,3600.0,14.732432,3.584545,-0.136407,0.019526,5.360103,-0.028797
2026-01-01T00:28:43Z,AE300_CLASS-SIM-01,AE300_CLASS,LONG_ENDURANCE_LOITER,179.89613140659822,13.716722237674228,1265.9456787496133,0.2504378486271842,46.09731283274933,695.3302290518549,70.58039341385222,58.596546335793455,16.676180389192883,0.46983457600142464,27.46674974654175,7.85688105766906,26.811217727346826,LANDING,SENSOR_DRIFT,True,0.5615,1.0,DRIFT:cht,42,84.56,3600.0,15.199955,-1.097195,0.353677,-0.001495,0.246911,0.082614
2026-01-01T00:28:44Z,AE300_CLASS-SIM-01,AE300_CLASS,LONG_ENDURANCE_LOITER,172.7018140147452,14.080254005431074,1265.3831394494664,0.2475164002207601,43.826045092198655,691.9502166222352,70.37074604234559,56.95751232772277,16.700550771473342,0.37321719552509375,27.476825158648662,8.41772387103947,26.76981192031147,LANDING,SENSOR_DRIFT,True,0.5619999999999999,1.0,DRIFT:cht,42,84.56,3600.0,12.81579,-4.384873,0.212165,0.102079,2.162027,-0.012792
2026-01-01T00:28:45Z,AE300_CLASS-SIM-01,AE300_CLASS,LONG_ENDURANCE_LOITER,175.32981541917937,13.776461027343183,1262.9852556219919,0.24817379017938168,45.20958388177846,694.1991042174446,69.96698932244178,57.723394571401634,16.659814351768027,0.38650520037414554,27.515372582702007,8.218180306402,26.58280888844559,LANDING,SENSOR_DRIFT,True,0.5625,1.0,DRIFT:cht,42,84.6,3600.0,14.473928,-1.880008,-0.146611,0.053015,1.399775,0.000786
2026-01-01T00:28:46Z,AE300_CLASS-SIM-01,AE300_CLASS,LONG_ENDURANCE_LOITER,171.58322064218268,13.748996482565447,1265.7013314247315,0.24794758814258894,45.20243360083861,696.8473563405425,70.83791920261609,58.39806980001259,16.61844947463089,0.35465438657186205,27.526496838336346,8.1545999337639,26.43443990577084,LANDING,SENSOR_DRIFT,True,0.563,1.0,DRIFT:cht,42,84.64,3600.0,14.536211,0.864549,0.760517,0.02364,5.432148,-0.030677
2026-01-01T00:28:47Z,AE300_CLASS-SIM-01,AE300_CLASS,LONG_ENDURANCE_LOITER,168.68884914808976,13.9303438395256,1254.5111073806622,0.24735623198237325,44.78269392396199,695.9280407046898,70.63220664113831,56.95310252328962,16.707983900042816,0.38377319910721835,27.516890851504154,8.25941689801715,26.39785162241452,LANDING,SENSOR_DRIFT,True,0.5635,1.0,DRIFT:cht,42,84.7,3600.0,13.998616,-0.12368,0.588375,0.132721,-4.53733,-0.001126
2026-01-01T00:28:48Z,AE300_CLASS-SIM-01,AE300_CLASS,LONG_ENDURANCE_LOITER,165.0818001841882,13.838025284720995,1265.7201237149714,0.24389802439516742,43.70242973398787,696.3997761002215,70.24879773867652,58.43846815256713,16.498870175464564,0.3127817352869259,27.514525766244493,8.636428989605893,26.598455872733776,LANDING,SENSOR_DRIFT,True,0.564,1.0,DRIFT:cht,42,84.76,3600.0,13.284624,0.952023,0.267458,0.012452,8.944127,-0.070872
2026-01-01T00:28:49Z,AE300_CLASS-SIM-01,AE300_CLASS,LONG_ENDURANCE_LOITER,162.63482212512582,13.867230914593236,1260.0459030044253,0.24527445442718748,46.58370926583005,698.3820379601806,70.07835741703704,56.39523642252593,16.488384361783492,0.35947172341656475,27.462379691512176,8.249184755705134,26.675465833006,LANDING,SENSOR_DRIFT,True,0.5645,1.0,DRIFT:cht,42,84.77,3600.0,16.064405,2.760112,0.129349,-0.023169,4.445615,-0.024138
2026-01-01T00:28:50Z,AE300_CLASS-SIM-01,AE300_CLASS,LONG_ENDURANCE_LOITER,159.52592473480436,14.06744896856843,1255.9235962774815,0.2455300976418321,45.66230236019053,693.4988446752449,70.52130264435505,57.930169643703884,16.592737414229347,0.3433479591510305,27.549055089482966,7.906210061899845,27.0195673577666,LANDING,SENSOR_DRIFT,True,0.565,1.0,DRIFT:cht,42,84.79,3600.0,14.942994,-2.331963,0.593748,0.079714,1.103418,-0.040105
2026-01-01T00:28:51Z,AE300_CLASS-SIM-01,AE300_CLASS,LONG_ENDURANCE_LOITER,158.2944715771463,14.120293563623862,1251.7970781578906,0.2453189336562221,44.581216858338266,692.4454673780995,68.65560696661221,60.17645197776851,16.478484939099097,0.25055905387224703,27.502910386976243,8.369768140531042,26.523490769024246,LANDING,SENSOR_DRIFT,True,0.5655,1.0,DRIFT:cht,42,84.71,3600.0,13.835132,-3.39205,-1.2535,-0.026518,-2.352274,-0.13268
2026-01-01T00:28:52Z,AE300_CLASS-SIM-01,AE300_CLASS,LONG_ENDURANCE_LOITER,156.3448756005523,13.973875574795851,1261.2749138575693,0.24316288320260915,46.47616381282669,698.5231903758771,69.77060759324286,56.70440256382356,16.432676491916727,0.4061533937253115,27.49248250633835,8.338726174712386,26.75377056076156,LANDING,SENSOR_DRIFT,True,0.566,1.0,DRIFT:cht,42,84.62,3600.0,16.044823,3.147586,-0.10138,-0.017547,8.475367,0.023671
2026-01-01T00:28:53Z,AE300_CLASS-SIM-01,AE300_CLASS,LONG_ENDURANCE_LOITER,155.88888042271682,13.950598865040297,1255.0186391759903,0.2465080055000951,42.57739864410011,696.5753569250792,70.65733648667886,57.035318191240336,16.47857024051807,0.43296852346913195,27.43029354051372,8.347633314662877,26.57706672032335,LANDING,SENSOR_DRIFT,True,0.5665,1.0,DRIFT:cht,42,84.56,3600.0,11.940108,0.784318,0.777324,-0.047793,1.927269,0.049779
2026-01-01T00:28:54Z,AE300_CLASS-SIM-01,AE300_CLASS,LONG_ENDURANCE_LOITER,152.68710908301304,13.95820123566149,1259.09074414326,0.24088686907031231,43.852404934794095,693.8165864627597,69.63885733368838,57.11051747492046,16.362457832263786,0.3866467210596363,27.504823148522604,8.480681916773841,26.64741927450095,LANDING,SENSOR_DRIFT,True,0.567,1.0,DRIFT:cht,42,84.55,3600.0,13.620995,-1.202208,-0.186809,-0.028518,7.975616,0.00503
2026-01-01T00:28:55Z,AE300_CLASS-SIM-01,AE300_CLASS,LONG_ENDURANCE_LOITER,149.75125836856782,13.870334741668497,1250.4855448703538,0.2399504436236696,44.28576955065283,695.6573166039866,69.98538884593958,58.251832280849094,16.352890510903073,0.34473552246319583,27.463416884509858,8.35951273401524,26.54124457719566,LANDING,SENSOR_DRIFT,True,0.5675,1.0,DRIFT:cht,42,84.56,3600.0,14.236183,0.897394,0.210829,-0.008374,1.228839,-0.036228
2026-01-01T00:28:56Z,AE300_CLASS-SIM-01,AE300_CLASS,LONG_ENDURANCE_LOITER,146.12908395949225,14.21097323926387,1240.3494429760729,0.23932975346687343,44.97476212580111,694.7873513439955,68.59585548852624,58.348939095345855,16.41509914266517,0.41563854219827023,27.402248772682047,8.7287917479128,26.399416552071408,LANDING,SENSOR_DRIFT,True,0.568,1.0,DRIFT:cht,42,84.58,3600.0,14.655727,-0.187525,-1.13355,0.075686,-7.265316,0.035215
2026-01-01T00:28:57Z,AE300_CLASS-SIM-01,AE300_CLASS,LONG_ENDURANCE_LOITER,144.2157041438669,14.169364972363924,1248.6376694063383,0.23849400354381312,43.537088620676705,698.3611543247351,69.6526672967958,56.68057962288768,16.38189308486215,0.38956007557591443,27.531088926013304,8.247985688908747,26.9505511361592,LANDING,SENSOR_DRIFT,True,0.5685,1.0,DRIFT:cht,42,84.6,3600.0,13.340371,3.576649,-0.03359,0.06832,2.591949,0.009695
2026-01-01T00:28:58Z,AE300_CLASS-SIM-01,AE300_CLASS,LONG_ENDURANCE_LOITER,143.05356311083065,14.06954361582781,1249.0280052921821,0.2367998228357942,45.26201064254174,686.2387239789815,69.59695028145119,57.91851358609322,16.272099874422988,0.3396789664071103,27.52201356296733,7.910509215455928,26.615363967400388,LANDING,SENSOR_DRIFT,True,0.569,1.0,DRIFT:cht,42,84.59,3600.0,15.305224,-8.181565,-0.038307,0.004427,4.836836,-0.039398
2026-01-01T00:28:59Z,AE300_CLASS-SIM-01,AE300_CLASS,LONG_ENDURANCE_LOITER,141.14795824413227,14.157230557103995,1252.5270477306196,0.23687168919190826,45.25386071840073,694.7541514754574,69.36133017153612,57.88030015702919,16.235991879248722,0.40415717144264285,27.489314586384193,7.809203693063164,26.545545176680964,LANDING,SENSOR_DRIFT,True,0.5695,1.0,DRIFT:cht,42,84.61,3600.0,15.226323,0.273223,-0.236155,-0.026967,9.709414,0.025417
2026-01-01T00:29:00Z,AE300_CLASS-SIM-01,AE300_CLASS,LONG_ENDURANCE_LOITER,136.60001384027495,14.069531743924658,1241.040310654792,0.23917245195632753,45.85469313200602,691.3104498015039,69.63915340213451,58.18163890137773,16.211783732961113,0.3705388557947625,27.47017023197657,8.594954806799931,26.509930199160117,LANDING,SENSOR_DRIFT,True,0.57,1.0,DRIFT:cht,42,84.64,3600.0,15.772396,-3.367758,0.044966,-0.100588,-1.657427,-0.008594
2026-01-01T00:29:01Z,AE300_CLASS-SIM-01,AE300_CLASS,LONG_ENDURANCE_LOITER,137.08547978947325,13.732913998459143,1245.316708936992,0.23699813924413465,42.67592502983877,692.6302286254953,69.71084916601968,58.00640237177066,16.226251604128088,0.36456472240796123,27.558138414561874,7.817898151202933,26.96961396644424,LANDING,SENSOR_DRIFT,True,0.5705,1.0,DRIFT:cht,42,84.71,3600.0,13.086863,-1.410633,0.14276,-0.033932,3.568013,-0.013922
2026-01-01T00:29:02Z,AE300_CLASS-SIM-01,AE300_CLASS,LONG_ENDURANCE_LOITER,136.12214513528338,14.252132107922462,1230.7886585309775,0.23552306847109383,44.77074023753073,687.9865643566168,68.83490991596612,58.288515094039255,16.162984791003392,0.35370054844572807,27.526045203520848,7.739383026051757,26.49111313371128,LANDING,SENSOR_DRIFT,True,0.571,1.0,DRIFT:cht,42,84.74,3600.0,14.779733,-6.352017,-0.697481,-0.058746,-9.661919,-0.024182
2026-01-01T00:29:03Z,AE300_CLASS-SIM-01,AE300_CLASS,LONG_ENDURANCE_LOITER,130.97389976241905,14.21888649979307,1224.5557756543096,0.231782434074077,41.688279152106475,692.9036931695879,69.75165158834994,58.608999203992376,16.100094101690622,0.40039381978200933,27.47475999398821,8.39855757596754,26.533427948787285,LANDING,SENSOR_DRIFT,True,0.5715,1.0,DRIFT:cht,42,84.8,3600.0,12.022021,-0.858366,0.286333,-0.027295,-13.455814,0.023832
2026-01-01T00:29:04Z,AE300_CLASS-SIM-01,AE300_CLASS,LONG_ENDURANCE_LOITER,125.17005858620496,14.291609558714052,1231.897977807115,0.23130345194755306,44.30702542689781,689.6491423777223,69.41916509424459,58.428301003776326,16.13841495453913,0.34889545599334826,27.521122962395633,7.676717181381794,26.45261881839041,LANDING,SENSOR_DRIFT,True,0.572,1.0,DRIFT:cht,42,84.84,3600.0,14.637548,-4.068388,0.009383,0.031433,-4.094116,-0.027061
2026-01-01T00:29:05Z,AE300_CLASS-SIM-01,AE300_CLASS,LONG_ENDURANCE_LOITER,127.11081266152435,14.21677395759448,1231.3592651857339,0.23338309972392923,44.196845142694436,693.7090558521883,69.46191565299664,58.591725796418096,16.103892566140054,0.2938729015262478,27.52430504874547,7.997620984370353,26.642701248270576,LANDING,SENSOR_DRIFT,True,0.5725,1.0,DRIFT:cht,42,84.87,3600.0,14.46883,-0.183564,0.072026,-0.046484,-3.909446,-0.082294
2026-01-01T00:29:06Z,AE300_CLASS-SIM-01,AE300_CLASS,LONG_ENDURANCE_LOITER,124.39108471095061,13.913492518086962,1216.1978035702414,0.2281112644212846,44.428300771299305,696.9905062058104,69.44001675138162,57.069175727191194,16.015327455859257,0.435990961556661,27.427572326664638,8.57802128051885,26.81490679583135,LANDING,SENSOR_DRIFT,True,0.573,1.0,DRIFT:cht,42,84.84,3600.0,15.391777,4.13666,0.122053,-0.007374,-16.45541,0.061462
2026-01-01T00:29:07Z,AE300_CLASS-SIM-01,AE300_CLASS,LONG_ENDURANCE_LOITER,125.88726828999044,14.259651519418961,1228.2783053520536,0.22978676660637734,44.88002081510045,691.3937459097768,68.7678554675474,57.717072579331315,15.989019127717562,0.4300509432028506,27.454625104913553,7.961971354349442,26.67448665840235,LANDING,SENSOR_DRIFT,True,0.5735,1.0,DRIFT:cht,42,84.81,3600.0,15.399569,-1.989356,-0.513432,-0.065475,-3.041254,0.05554
2026-01-01T00:29:08Z,AE300_CLASS-SIM-01,AE300_CLASS,LONG_ENDURANCE_LOITER,122.29013383588922,14.2488764848708,1231.8775660846857,0.22611416689314126,44.9720729244491,696.613599355134,68.3809971591922,59.451808637222456,15.966354570192673,0.4004255377311162,27.48166333487081,7.900974129817521,26.489583868733625,LANDING,SENSOR_DRIFT,True,0.574,1.0,DRIFT:cht,42,84.76,3600.0,15.782907,3.768561,-0.833018,0.003409,3.004278,0.02721
2026-01-01T00:29:09Z,AE300_CLASS-SIM-01,AE300_CLASS,LONG_ENDURANCE_LOITER,116.56671055752041,14.311213090486085,1225.7033979016853,0.22460337757957352,42.24002875628119,689.3170094687844,68.94584129339592,58.36056190415406,15.938817449349568,0.41701888060820164,27.473070723368057,7.818091814836988,26.51660893558164,LANDING,SENSOR_DRIFT,True,0.5745,1.0,DRIFT:cht,42,84.72,3600.0,13.129527,-3.335369,-0.20128,0.020182,-0.737389,0.044695
2026-01-01T00:29:10Z,AE300_CLASS-SIM-01,AE300_CLASS,LONG_ENDURANCE_LOITER,117.83347313837552,14.041984381393837,1237.818202027291,0.22821661651414568,43.50101351340434,696.1087645395211,68.99603713031887,58.18601380455198,15.922143903180327,0.41607302256083395,27.448827371101284,7.875347768895885,26.60949906860759,LANDING,SENSOR_DRIFT,True,0.575,1.0,DRIFT:cht,42,84.7,3600.0,14.42428,3.278048,-0.139261,-0.074179,11.807347,0.043185
2026-01-01T00:29:11Z,AE300_CLASS-SIM-01,AE300_CLASS,LONG_ENDURANCE_LOITER,114.9982103881586,14.139558225216147,1230.0132277521393,0.22340640020811817,40.677565402788204,690.5624568959038,69.47598164215749,57.92779958843704,15.895726980605053,0.3745365613817158,27.477291730972432,8.063190859337903,26.259407450345517,LANDING,SENSOR_DRIFT,True,0.5754999999999999,1.0,DRIFT:cht,42,84.74,3600.0,11.852496,-1.704426,0.401491,0.014219,6.213574,0.003089
2026-01-01T00:29:12Z,AE300_CLASS-SIM-01,AE300_CLASS,LONG_ENDURANCE_LOITER,110.95758167585936,14.296419368509005,1213.700999860428,0.22168627960197518,42.942899340156345,692.5419544456038,69.06503196397871,57.46032168491023,15.865238709786807,0.35371626618210233,27.487614619118425,8.235889129379219,26.16164166674977,LANDING,SENSOR_DRIFT,True,0.576,1.0,DRIFT:cht,42,84.8,3600.0,14.110123,0.393562,0.054977,0.031557,-7.755534,-0.016831
2026-01-01T00:29:13Z,AE300_CLASS-SIM-01,AE300_CLASS,LONG_ENDURANCE_LOITER,109.73079947824915,14.27615132489505,1225.4556817185623,0.22588960519304055,42.37957736132542,695.023499741338,68.45451041920136,58.03674854857352,15.859833544120788,0.37304170790457647,27.435390237667313,7.97946770932816,26.72618311715469,LANDING,SENSOR_DRIFT,True,0.5765,1.0,DRIFT:cht,42,84.88,3600.0,13.295429,2.371712,-0.552258,-0.064718,4.118645,0.001752
2026-01-01T00:29:14Z,AE300_CLASS-SIM-01,AE300_CLASS,LONG_ENDURANCE_LOITER,105.02369617525713,14.336317198619852,1226.2834760291653,0.22199911113626178,45.07416907632007,691.0379883132857,68.92570739855488,57.079216917153865,15.855339572472309,0.37055586315127,27.49966537496049,7.643458987163198,26.379481077598857,LANDING,SENSOR_DRIFT,True,0.577,1.0,DRIFT:cht,42,84.96,3600.0,16.213558,-1.142344,-0.036884,0.023095,6.552889,0.000386
2026-01-01T00:29:15Z,AE300_CLASS-SIM-01,AE300_CLASS,LONG_ENDURANCE_LOITER,104.86040484351697,14.532495240177848,1223.2118778967833,0.22536149116388907,43.97217093001209,693.557113516165,69.24292396579403,59.18348950488501,15.895411789101628,0.32106177663482877,27.505530172418737,7.899864128630522,26.44621712870308,LANDING,SENSOR_DRIFT,True,0.5775,1.0,DRIFT:cht,42,85.01,3600.0,14.694461,0.756661,0.27744,-0.010405,3.376083,-0.049752
2026-01-01T00:29:16Z,AE300_CLASS-SIM-01,AE300_CLASS,LONG_ENDURANCE_LOITER,99.19245811866614,14.106938826423919,1214.7736810333638,0.21781155772387142,42.74819609049711,693.9655356920755,68.635005822734,57.98467165688738,15.730427732571352,0.3827880594317098,27.493109739903588,7.37933149752251,26.35608296181347,LANDING,SENSOR_DRIFT,True,0.578,1.0,DRIFT:cht,42,85.08,3600.0,14.434838,2.609396,-0.251406,0.001466,-2.186743,0.014075
2026-01-01T00:29:17Z,AE300_CLASS-SIM-01,AE300_CLASS,LONG_ENDURANCE_LOITER,97.63628163592607,14.429391478781938,1216.9888462266958,0.2197153912263437,42.973318368885266,692.7319148720095,69.00990517973374,57.487709460645966,15.730010135188932,0.3661517504809633,27.46447221118401,8.4103892293886,26.404826795676808,LANDING,SENSOR_DRIFT,True,0.5784999999999999,1.0,DRIFT:cht,42,85.16,3600.0,14.23326,0.849447,0.162785,-0.034319,1.457199,-0.002558
2026-01-01T00:29:18Z,AE300_CLASS-SIM-01,AE300_CLASS,LONG_ENDURANCE_LOITER,97.65672019039394,14.437944528798027,1224.1600222809025,0.2172665197053967,44.82682651406398,691.2781723070707,69.94040504012247,58.21242199835693,15.667985115038967,0.3593981650106966,27.524789519734952,7.802637854379375,26.4470138402659,LANDING,SENSOR_DRIFT,True,0.579,1.0,DRIFT:cht,42,85.23,3600.0,16.261561,-0.261073,1.149704,-0.035296,10.68,-0.008362
2026-01-01T00:29:19Z,AE300_CLASS-SIM-01,AE300_CLASS,LONG_ENDURANCE_LOITER,95.98590315320921,14.331352198251716,1211.3964750783025,0.21607361394309998,45.27814675139072,688.1307813797357,68.8502291978851,58.307409739952384,15.714530538641105,0.3113110190847895,27.43066517810279,7.9209396581372244,26.332523974286946,LANDING,SENSOR_DRIFT,True,0.5795,1.0,DRIFT:cht,42,85.26,3600.0,16.923731,-3.105991,0.115175,0.045259,-0.060038,-0.055736
2026-01-01T00:29:20Z,AE300_CLASS-SIM-01,AE300_CLASS,LONG_ENDURANCE_LOITER,89.48456675886025,14.45619489656651,1205.2790977378597,0.2182994755841777,42.71416275889056,690.7181402626243,68.75663773079032,56.92712436390978,15.639504984924335,0.3555035710793889,27.424118871376677,7.964357052913985,26.3969488066437,LANDING,SENSOR_DRIFT,True,0.58,1.0,DRIFT:cht,42,85.29,3600.0,14.110697,-0.897974,0.039073,-0.073873,-5.541455,-0.011784
2026-01-01T00:29:21Z,AE300_CLASS-SIM-01,AE300_CLASS,LONG_ENDURANCE_LOITER,88.10362287530144,14.32934009762609,1210.6096443791246,0.21521893020408733,43.441816998196806,692.8887471466743,69.77304885085735,58.868265215936674,15.56458633283471,0.3504557688393762,27.458503641169745,7.908778271612018,26.296569089906875,LANDING,SENSOR_DRIFT,True,0.5805,1.0,DRIFT:cht,42,85.31,3600.0,15.187032,1.821962,1.102054,-0.075462,1.482568,-0.015856
2026-01-01T00:29:22Z,AE300_CLASS-SIM-01,AE300_CLASS,LONG_ENDURANCE_LOITER,87.16608471666557,14.241578959354342,1204.199730240216,0.21405525409068107,42.46112975578039,687.823349045411,69.09334031610845,58.28701157433878,15.549628967097334,0.36730185952821626,27.40583565748039,8.124996989366084,26.672276166630642,LANDING,SENSOR_DRIFT,True,0.581,1.0,DRIFT:cht,42,85.32,3600.0,14.391167,-2.971596,0.47027,-0.058466,-3.184646,0.001626
2026-01-01T00:29:23Z,AE300_CLASS-SIM-01,AE300_CLASS,LONG_ENDURANCE_LOITER,85.56454220731554,14.315390261933835,1202.279771660929,0.21335177509470774,42.6753378182632,694.8473478079178,69.04058638087677,58.70643402169715,15.62063746399436,0.3136881657116577,27.436919999348902,7.726617933544911,26.243549369328125,LANDING,SENSOR_DRIFT,True,0.5814999999999999,1.0,DRIFT:cht,42,85.3,3600.0,14.5983,4.102858,0.461411,0.034123,-3.508427,-0.051471
2026-01-01T00:29:24Z,AE300_CLASS-SIM-01,AE300_CLASS,LONG_ENDURANCE_LOITER,83.78930775916182,14.579101861544885,1209.2608440348768,0.21434371227917012,40.33441651698701,694.6081858484081,67.86437082449272,57.746732076543395,15.621413206693363,0.3812059676157997,27.415885084938207,7.365003126639283,26.460331163174512,LANDING,SENSOR_DRIFT,True,0.582,1.0,DRIFT:cht,42,85.31,3600.0,11.942447,3.4973,-0.692385,0.017094,4.287913,0.016067
2026-01-01T00:29:25Z,AE300_CLASS-SIM-01,AE300_CLASS,LONG_ENDURANCE_LOITER,81.78478603917317,14.307299052937703,1206.7050467079919,0.20937686044801945,43.51885543659715,688.2650980660186,68.5650457575322,57.797807948132544,15.627891669763871,0.37543408574206966,27.442310589302842,7.78849582945396,26.73219000412955,LANDING,SENSOR_DRIFT,True,0.5825,1.0,DRIFT:cht,42,85.33,3600.0,15.751326,-1.901392,0.079027,0.140312,4.304362,0.011818
2026-01-01T00:29:26Z,AE300_CLASS-SIM-01,AE300_CLASS,LONG_ENDURANCE_LOITER,79.813888085634,14.479550873865872,1196.6347819072153,0.21024849848026606,43.53790022239563,688.1249822309425,68.4891369419166,59.08963755100108,15.54128121709959,0.3154472294057447,27.5526645582075,8.19548762631726,26.479563662626642,LANDING,SENSOR_DRIFT,True,0.583,1.0,DRIFT:cht,42,85.31,3600.0,15.563817,-2.284343,0.047226,0.04147,-4.161993,-0.047937
2026-01-01T00:29:27Z,AE300_CLASS-SIM-01,AE300_CLASS,LONG_ENDURANCE_LOITER,78.30252200589766,14.463425270052076,1206.0541309698217,0.2097084759451941,40.83882436835386,697.7282957180768,67.814088984739,58.116189829891894,15.523469523160937,0.38669910713890865,27.461239109170283,7.6291311874564585,26.418709661411018,LANDING,SENSOR_DRIFT,True,0.5835,1.0,DRIFT:cht,42,85.27,3600.0,12.934348,7.434281,-0.588588,0.040884,6.684052,0.023758
2026-01-01T00:29:28Z,AE300_CLASS-SIM-01,AE300_CLASS,LONG_ENDURANCE_LOITER,74.79387679608551,14.518246064303982,1199.0170008946936,0.20698740974375096,45.16579994071842,691.8368616984241,68.50013508776223,57.3281106552502,15.420213121812791,0.40164971233487423,27.457707675198932,7.8253963731145575,26.188687665510038,LANDING,SENSOR_DRIFT,True,0.584,1.0,DRIFT:cht,42,85.23,3600.0,17.41111,1.873052,0.156469,0.004475,1.792769,0.039719
2026-01-01T00:29:29Z,AE300_CLASS-SIM-01,AE300_CLASS,LONG_ENDURANCE_LOITER,74.07954152522456,14.66877143012623,1197.440371647015,0.20963895454054965,43.458661439117336,686.4596589008237,69.12023688977467,58.26536067143606,15.412350687965894,0.31307593464493644,27.502861626070985,7.688613437523417,26.457464166519998,LANDING,SENSOR_DRIFT,True,0.5844999999999999,1.0,DRIFT:cht,42,85.17,3600.0,15.391731,-3.967242,0.792566,-0.057623,0.797806,-0.049192
2026-01-01T00:29:30Z,AE300_CLASS-SIM-01,AE300_CLASS,LONG_ENDURANCE_LOITER,69.4844412762793,14.398199557734701,1200.0801188205276,0.20738270749947704,42.41469444675586,696.7254210590996,68.71537545499747,58.638058528436936,15.592048862898126,0.37920139137865155,27.46744141867795,7.4077099469038235,26.310756658936544,LANDING,SENSOR_DRIFT,True,0.585,1.0,DRIFT:cht,42,85.09,3600.0,14.785583,6.87991,0.423908,0.176054,4.754032,0.017662
2026-01-01T00:29:31Z,AE300_CLASS-SIM-01,AE300_CLASS,LONG_ENDURANCE_LOITER,64.05897397980739,14.682220908228393,1186.1630332406746,0.2086573238157634,42.3346902056259,690.2952955957193,68.26430013753583,59.024229747282085,15.475658462781453,0.3600692329394163,27.425968209921063,7.87486311888782,26.22602015934837,LANDING,SENSOR_DRIFT,True,0.5855,1.0,DRIFT:cht,42,85.04,3600.0,14.355608,0.026203,-0.014022,0.035492,-8.685034,-0.001576
2026-01-01T00:29:32Z,AE300_CLASS-SIM-01,AE300_CLASS,LONG_ENDURANCE_LOITER,62.482522878137736,14.65345618397686,1202.0722976639945,0.20511575559033826,42.86442199506522,688.6400708934664,68.56732588272135,58.772638467851685,15.361648247848372,0.3146017545015035,27.40292225954629,7.861644884231355,26.195289959218716,LANDING,SENSOR_DRIFT,True,0.586,1.0,DRIFT:cht,42,84.98,3600.0,15.161872,-1.127111,0.337305,0.003602,8.980612,-0.045985
2026-01-01T00:29:33Z,AE300_CLASS-SIM-01,AE300_CLASS,LONG_ENDURANCE_LOITER,63.058036361803836,14.710361060266376,1188.5448450324275,0.20466757829964022,43.58542419028278,687.4085499850268,67.7921136277474,57.63846609840071,15.428476951271406,0.432802117817484,27.456527128384174,7.356561534348645,26.51896221352639,LANDING,SENSOR_DRIFT,True,0.5865,1.0,DRIFT:cht,42,84.92,3600.0,15.869961,-2.329553,-0.396277,0.085347,-3.032986,0.072655
2026-01-01T00:29:34Z,AE300_CLASS-SIM-01,AE300_CLASS,LONG_ENDURANCE_LOITER,57.68124181269485,14.645937924418508,1190.2573549074682,0.20666172976112301,44.04850413303288,686.9002562924036,68.23598574254066,57.348559022074895,15.308638368277839,0.38757776214739104,27.446357504709464,7.614652998467204,26.49650749406874,LANDING,SENSOR_DRIFT,True,0.587,1.0,DRIFT:cht,42,84.87,3600.0,16.284365,-3.003517,0.057057,-0.074374,-0.976404,0.027164
2026-01-01T00:29:35Z,AE300_CLASS-SIM-01,AE300_CLASS,LONG_ENDURANCE_LOITER,60.1431129560643,14.66714461431401,1189.8996016086696,0.20093356782918448,44.24502383904286,690.7954515421044,68.18087050940221,57.90177732515064,15.322366826304657,0.3940027500541666,27.494849965992405,8.026010908877895,26.38289315339244,LANDING,SENSOR_DRIFT,True,0.5874999999999999,1.0,DRIFT:cht,42,84.84,3600.0,16.846037,1.619897,0.07159,0.069382,1.198474,0.035212
2026-01-01T00:29:36Z,AE300_CLASS-SIM-01,AE300_CLASS,LONG_ENDURANCE_LOITER,58.18685738445379,14.797547380811272,1187.164519543113,0.19888747476533564,42.24341598316475,693.6396873264216,67.72973116975125,57.89553022712288,15.285184143360562,0.40114551255925274,27.44279001283504,7.268267803497553,26.425564967064172,LANDING,SENSOR_DRIFT,True,0.588,1.0,DRIFT:cht,42,84.81,3600.0,14.876001,4.641189,-0.304576,0.08557,1.18972,0.043368
2026-01-01T00:29:37Z,AE300_CLASS-SIM-01,AE300_CLASS,LONG_ENDURANCE_LOITER,52.125660212184584,14.378609382363868,1198.9779398069822,0.2031503576205715,44.52948160471631,691.5919547153019,68.34378596400126,58.13553249167544,15.23870648490465,0.3812730224448628,27.43544756005821,7.194644342838479,26.283807098259754,LANDING,SENSOR_DRIFT,True,0.5885,1.0,DRIFT:cht,42,84.77,3600.0,17.326387,2.508461,0.319576,-0.048305,13.370307,0.022831
2026-01-01T00:29:38Z,AE300_CLASS-SIM-01,AE300_CLASS,LONG_ENDURANCE_LOITER,52.863164362953356,14.48412047844269,1176.0893185007858,0.20155298869579616,41.49056074481358,690.3731832715908,68.44207155839639,58.20975879465605,15.186584399857672,0.4154394306052121,27.486536006114207,7.509809165403888,26.323981434008747,LANDING,SENSOR_DRIFT,True,0.589,1.0,DRIFT:cht,42,84.74,3600.0,14.291284,1.396442,0.442961,-0.063599,-8.605599,0.057497
2026-01-01T00:29:39Z,AE300_CLASS-SIM-01,AE300_CLASS,LONG_ENDURANCE_LOITER,49.17209992032703,14.63723022273903,1171.6958024324051,0.20094475993696798,42.877407575794024,682.4401991742025,68.18544573482052,59.306534940040095,15.131565563645669,0.3538892569388065,27.44884590027416,7.986249621394426,26.48894035661702,LANDING,SENSOR_DRIFT,True,0.5895,1.0,DRIFT:cht,42,84.67,3600.0,15.579757,-6.592464,0.211672,-0.101722,-12.077778,-0.003721
2026-01-01T00:29:40Z,AE300_CLASS-SIM-01,AE300_CLASS,LONG_ENDURANCE_LOITER,44.978672076527715,14.750391852577854,1197.7419419020628,0.19726910272023626,41.914413212783025,690.1906996462137,67.64011446946964,59.30835308697197,15.145622272248502,0.29416151308622923,27.43439985992737,7.670414785589145,26.194653183360785,LANDING,SENSOR_DRIFT,True,0.59,1.0,DRIFT:cht,42,84.58,3600.0,14.764878,1.539152,-0.274848,-0.001861,16.106953,-0.062285
2026-01-01T00:29:41Z,AE300_CLASS-SIM-01,AE300_CLASS,LONG_ENDURANCE_LOITER,44.434780564782294,14.79850293639162,1171.6694017268114,0.1964651881574042,42.332239502506546,690.5896371385995,67.6311755416922,57.934782258423,15.131758473575129,0.38890285372665984,27.475449487872684,7.348864029869175,26.379728440190387,LANDING,SENSOR_DRIFT,True,0.5904999999999999,1.0,DRIFT:cht,42,84.52,3600.0,15.206342,2.027102,-0.230403,0.008075,-8.024346,0.033055
2026-01-01T00:29:42Z,AE300_CLASS-SIM-01,AE300_CLASS,LONG_ENDURANCE_LOITER,41.047769108977896,14.797770959820136,1181.939406171562,0.2014087597238038,41.39129337578095,688.0976437876354,67.54135524956267,56.92405979117507,15.096273067795957,0.38556140296083496,27.48344506372208,7.536030487891382,26.25718124850122,LANDING,SENSOR_DRIFT,True,0.591,1.0,DRIFT:cht,42,84.49,3600.0,13.956647,-1.068317,-0.333703,-0.13222,1.755468,0.028727
2026-01-01T00:29:43Z,AE300_CLASS-SIM-01,AE300_CLASS,LONG_ENDURANCE_LOITER,38.611789372956004,14.606688386393657,1173.2502366906763,0.19315048462247633,43.54369953312455,693.5078407303334,66.92044413310401,58.04405698701632,15.114942031833229,0.3645113165497829,27.429510341884132,7.740515716837996,26.356703251396027,LANDING,SENSOR_DRIFT,True,0.5915,1.0,DRIFT:cht,42,84.45,3600.0,16.851992,5.59193,-0.875306,0.070226,-4.049782,0.00982
2026-01-01T00:29:44Z,AE300_CLASS-SIM-01,AE300_CLASS,LONG_ENDURANCE_LOITER,38.588219667982784,14.648632462347338,1165.9739769415144,0.19568462587397886,40.47689873303548,691.1876250299689,66.79356746431873,57.39618577613534,15.036598786692378,0.33964179540102374,27.462937444340707,7.539084608700463,26.384679529319843,LANDING,SENSOR_DRIFT,True,0.592,1.0,DRIFT:cht,42,84.44,3600.0,13.597106,2.947845,-0.969462,-0.057038,-10.13619,-0.015219
2026-01-01T00:29:45Z,AE300_CLASS-SIM-01,AE300_CLASS,LONG_ENDURANCE_LOITER,35.85470176865676,14.74857671545479,1188.9246948391446,0.19666306955680293,41.27357503694222,687.7227378986883,67.55963201173287,58.099549141558924,14.99026517441176,0.31855415594595293,27.36507205280258,7.287085541201107,26.442021556343033,LANDING,SENSOR_DRIFT,True,0.5925,1.0,DRIFT:cht,42,84.44,3600.0,14.242667,-0.721613,-0.189419,-0.121504,13.322828,-0.036357
2026-01-01T00:29:46Z,AE300_CLASS-SIM-01,AE300_CLASS,LONG_ENDURANCE_LOITER,32.179255877183415,14.774927560629902,1174.6180870265778,0.1909584880973728,41.662658106342676,690.470453455725,67.80640518301409,58.61852482417079,15.09951046658313,0.38338525272015067,27.422505097198858,7.289929965193611,26.565621353153123,LANDING,SENSOR_DRIFT,True,0.593,1.0,DRIFT:cht,42,84.44,3600.0,14.994436,2.742581,0.129675,0.116668,1.646075,0.0301
2026-01-01T00:29:47Z,AE300_CLASS-SIM-01,AE300_CLASS,LONG_ENDURANCE_LOITER,30.563845362585642,14.831541636614007,1165.158167251595,0.19185411472580652,42.51189005658206,687.8909540084894,67.39367156675806,57.53918490487544,15.070306938280524,0.38310499634628437,27.471674317139843,7.511939482181616,26.092035434196905,LANDING,SENSOR_DRIFT,True,0.5934999999999999,1.0,DRIFT:cht,42,84.47,3600.0,15.750654,0.032814,-0.23798,0.074697,-6.174619,0.030046
2026-01-01T00:29:48Z,AE300_CLASS-SIM-01,AE300_CLASS,LONG_ENDURANCE_LOITER,28.186301407902068,14.97964556602896,1167.8580422854427,0.19306596723583294,42.24040942565306,690.0390336386918,67.60924497848525,58.533478076619,14.88610514607981,0.3540333383014567,27.478106086722608,7.455086205603646,26.427426935495642,LANDING,SENSOR_DRIFT,True,0.594,1.0,DRIFT:cht,42,84.52,3600.0,15.267461,1.904973,-0.001542,-0.131665,-2.716027,0.000941
2026-01-01T00:29:49Z,AE300_CLASS-SIM-01,AE300_CLASS,LONG_ENDURANCE_LOITER,25.2273147251688,14.752372449789982,1156.7172792676708,0.18963925218443942,42.154754232049804,689.7248456786573,66.9156136054545,58.775362785441644,14.89076317168187,0.34657781065638676,27.426105475504663,7.477910030360455,26.270789609603835,LANDING,SENSOR_DRIFT,True,0.5945,1.0,DRIFT:cht,42,84.55,3600.0,15.646136,2.269575,-0.642308,-0.048636,-11.934414,-0.005462
2026-01-01T00:29:50Z,AE300_CLASS-SIM-01,AE300_CLASS,LONG_ENDURANCE_LOITER,24.165100981203054,15.126107729215693,1169.4817834316218,0.18810589998199082,42.03360033959733,692.9131923823708,67.79951556203883,58.57667095282132,14.828909964084783,0.36892748530898933,27.437409913505164,7.135253503538165,26.246927373351745,LANDING,SENSOR_DRIFT,True,0.595,1.0,DRIFT:cht,42,84.56,3600.0,15.250274,5.308667,0.298358,-0.07153,2.894232,0.017635
2026-01-01T00:29:51Z,AE300_CLASS-SIM-01,AE300_CLASS,LONG_ENDURANCE_LOITER,20.99628430527932,14.770924548034536,1166.5217748946282,0.18798635913773568,42.29896651665053,687.9771011783923,67.63223504724427,58.60184499992554,14.933171782546857,0.350733397466688,27.363925972434973,7.479982405923745,26.107084602886363,LANDING,SENSOR_DRIFT,True,0.5955,1.0,DRIFT:cht,42,84.58,3600.0,15.9177,0.776353,0.175239,0.041189,1.540089,-0.000162
2026-01-01T00:29:52Z,AE300_CLASS-SIM-01,AE300_CLASS,LONG_ENDURANCE_LOITER,18.389161781468434,14.935286677418596,1173.039144708993,0.191092053010308,40.13998903675862,683.5288731746298,67.56854111855156,57.972001548579385,14.803165505591195,0.34975008247915224,27.470576809363585,6.94340865462874,26.08828497023167,LANDING,SENSOR_DRIFT,True,0.596,1.0,DRIFT:cht,42,84.63,3600.0,13.40666,-4.204293,0.111083,-0.152662,8.040668,-0.001689
2026-01-01T00:29:53Z,AE300_CLASS-SIM-01,AE300_CLASS,LONG_ENDURANCE_LOITER,15.237463800660771,14.862836888575412,1167.0708554917242,0.18582852013433115,41.36145284790061,693.3762932197426,66.95051938395518,57.20750519561598,14.891420763149155,0.3944499594695118,27.46253926170473,7.841751692464326,26.278692404876242,LANDING,SENSOR_DRIFT,True,0.5964999999999999,1.0,DRIFT:cht,42,84.63,3600.0,15.050853,6.386057,-0.45029,0.051957,4.132318,0.04441
2026-01-01T00:29:54Z,AE300_CLASS-SIM-01,AE300_CLASS,LONG_ENDURANCE_LOITER,10.92473336362426,14.924271575339326,1156.7209833538545,0.18832317905326681,42.495711637012704,682.5098756403951,67.94738451848417,58.55766271153332,14.806778818167334,0.34594970501226835,27.50090621771904,6.694232153880666,26.291486505488944,LANDING,SENSOR_DRIFT,True,0.597,1.0,DRIFT:cht,42,84.6,3600.0,15.982585,-4.823354,0.562097,-0.081506,-5.653112,-0.004389
2026-01-01T00:29:55Z,AE300_CLASS-SIM-01,AE300_CLASS,LONG_ENDURANCE_LOITER,13.214188526761825,14.911461563911713,1163.7577514710056,0.18483593870274534,40.17479977814469,684.5700487284342,67.61898369674347,57.21553881925827,14.710336545308774,0.35447988208119485,27.423967642601475,6.912594623204444,26.22904326399973,LANDING,SENSOR_DRIFT,True,0.5975,1.0,DRIFT:cht,42,84.61,3600.0,13.903234,-2.303442,0.28365,-0.100417,3.200159,0.005163
2026-01-01T00:29:56Z,AE300_CLASS-SIM-01,AE300_CLASS,LONG_ENDURANCE_LOITER,10.410174369390045,14.942837324443525,1150.2629110510863,0.18466731082851093,42.492295577228305,692.906459830934,67.9063112323171,56.8980632391718,14.828914959754702,0.36000864460041343,27.397678550386434,7.344123951017259,26.499688551976746,LANDING,SENSOR_DRIFT,True,0.598,1.0,DRIFT:cht,42,84.58,3600.0,16.218208,6.051754,0.610534,0.026886,-8.856249,0.011055
2026-01-01T00:29:57Z,AE300_CLASS-SIM-01,AE300_CLASS,LONG_ENDURANCE_LOITER,8.738240760523583,14.802843640175613,1156.326531957143,0.18376112663839161,38.85044990749127,681.8376782561794,67.28592159441999,57.891908908597955,14.64277318915416,0.3654177807842551,27.486512496318902,7.180170177173717,26.21446626714058,LANDING,SENSOR_DRIFT,True,0.5985,1.0,DRIFT:cht,42,84.58,3600.0,12.788653,-4.740562,0.029927,-0.135563,-1.345983,0.016956
2026-01-01T00:29:58Z,AE300_CLASS-SIM-01,AE300_CLASS,LONG_ENDURANCE_LOITER,5.486747204656018,15.035761798851516,1143.0537683728608,0.1800416094676246,40.53763816988111,684.0498364879118,67.83532428601018,58.28549582262252,14.66224486402155,0.33780854394027304,27.487520998957915,7.038481083559704,26.32684108268031,LANDING,SENSOR_DRIFT,True,0.599,1.0,DRIFT:cht,42,84.59,3600.0,14.495288,-2.270054,0.64978,-0.030826,-12.056929,-0.009418
2026-01-01T00:29:59Z,AE300_CLASS-SIM-01,AE300_CLASS,LONG_ENDURANCE_LOITER,4.389584350655905,15.167374848400687,1154.5002693256265,0.18342797592055654,40.32645188182047,693.2961766172526,67.24241190226789,58.71781138838487,14.682887651227619,0.3694227651256315,27.463315031900873,6.940411923738871,26.048947557479643,LANDING,SENSOR_DRIFT,True,0.5994999999999999,1.0,DRIFT:cht,42,84.58,3600.0,13.934604,6.456795,0.073446,-0.077477,-0.007571,0.021748
